{
    "html_attributions": [],
    "results": [
        {
            "business_status": "OPERATIONAL",
            "geometry": {
                "location": {
                    "lat": 35.6825434,
                    "lng": 139.7642869
                },
                "viewport": {
                    "northeast": {
                        "lat": 35.6838806802915,
                        "lng": 139.7653468302915
                    },
                    "southwest": {
                        "lat": 35.6811827197085,
                        "lng": 139.7626488697085
                    }
                }
            },
            "icon": "https://maps.gstatic.com/mapfiles/place_api/icons/v1/png_71/cafe-71.png",
            "icon_background_color": "#FF9E67",
            "icon_mask_base_uri": "https://maps.gstatic.com/mapfiles/place_api/icons/v2/cafe_pinlet",
            "name": "スターバックス コーヒー 新丸ビル店",
            "opening_hours": {
                "open_now": true
            },
            "photos": [
                {
                    "height": 3024,
                    "html_attributions": [
                        "<a href=\"https://maps.google.com/maps/contrib/107705833309561868785\">スタバカ</a>"
                    ],
                    "photo_reference": "Aap_uEAMchdh6jlSTkXNxAgvIECYAvW9R50en-Fb2-hvM2XPiQq9rjx5OBDosWliVDEc_nml36P1bo_R_Xr0zQ4NrNnLAnFjEsiDu5RSD11J56wNw3ob9JMtKmUOW2DE8fQHiu9xs1hV0ciEmlfEvaF89-_vGg4f3KJSXurFyzevjM2shp1J",
                    "width": 4032
                }
            ],
            "place_id": "ChIJBbzatvmLGGARaid6ClriOSM",
            "plus_code": {
                "compound_code": "MQM7+2P 日本、東京都千代田区",
                "global_code": "8Q7XMQM7+2P"
            },
            "price_level": 2,
            "rating": 3.6,
            "reference": "ChIJBbzatvmLGGARaid6ClriOSM",
            "scope": "GOOGLE",
            "types": [
                "cafe",
                "food",
                "point_of_interest",
                "store",
                "establishment"
            ],
            "user_ratings_total": 303,
            "vicinity": "千代田区丸の内１丁目５−１ 新丸の内ビル"
        },
        {
            "business_status": "OPERATIONAL",
            "geometry": {
                "location": {
                    "lat": 35.6827314,
                    "lng": 139.7639987
                },
                "viewport": {
                    "northeast": {
                        "lat": 35.6839812802915,
                        "lng": 139.7652269302915
                    },
                    "southwest": {
                        "lat": 35.6812833197085,
                        "lng": 139.7625289697085
                    }
                }
            },
            "icon": "https://maps.gstatic.com/mapfiles/place_api/icons/v1/png_71/shopping-71.png",
            "icon_background_color": "#4B96F3",
            "icon_mask_base_uri": "https://maps.gstatic.com/mapfiles/place_api/icons/v2/shopping_pinlet",
            "name": "ショコラティエ パレ ド オール 東京",
            "opening_hours": {
                "open_now": false
            },
            "photos": [
                {
                    "height": 1153,
                    "html_attributions": [
                        "<a href=\"https://maps.google.com/maps/contrib/110412405909648332797\">しろねこやの女将</a>"
                    ],
                    "photo_reference": "Aap_uED9lqOODCAE-zBwOAsTXKxEFFDlEreWLtIPkAsCBJoC6mZ8OkJa21Nzq_mpwiFTvt9fWhb3g8P7Cx2k2FzMbhSijhR2Fvg-c0DUq6t-FD3z-XHQOrbfhOKXLkzdVgfycgMThYiJCHdwqNbr2M4fk_Ch8A31E_MuGVGR9v3NDWQQG8Yf",
                    "width": 2048
                }
            ],
            "place_id": "ChIJN4zgs_mLGGARXqUyHIyqsUs",
            "plus_code": {
                "compound_code": "MQM7+3H 日本、東京都千代田区",
                "global_code": "8Q7XMQM7+3H"
            },
            "rating": 4.2,
            "reference": "ChIJN4zgs_mLGGARXqUyHIyqsUs",
            "scope": "GOOGLE",
            "types": [
                "cafe",
                "food",
                "point_of_interest",
                "store",
                "establishment"
            ],
            "user_ratings_total": 373,
            "vicinity": "千代田区丸の内１丁目５−１ 新丸ビル"
        },
        {
            "business_status": "OPERATIONAL",
            "geometry": {
                "location": {
                    "lat": 35.682407,
                    "lng": 139.7641687
                },
                "viewport": {
                    "northeast": {
                        "lat": 35.68377663029149,
                        "lng": 139.7652666802915
                    },
                    "southwest": {
                        "lat": 35.68107866970849,
                        "lng": 139.7625687197085
                    }
                }
            },
            "icon": "https://maps.gstatic.com/mapfiles/place_api/icons/v1/png_71/cafe-71.png",
            "icon_background_color": "#FF9E67",
            "icon_mask_base_uri": "https://maps.gstatic.com/mapfiles/place_api/icons/v2/cafe_pinlet",
            "name": "カフェ アパショナート 新丸ビル店",
            "opening_hours": {
                "open_now": true
            },
            "photos": [
                {
                    "height": 4032,
                    "html_attributions": [
                        "<a href=\"https://maps.google.com/maps/contrib/112286089662014578719\">Satoko Miura</a>"
                    ],
                    "photo_reference": "Aap_uEALK8a7YXVt_XDopCptrua37P_l7kv1pL3fbx6mdiGcI9zo0zka1SenEwm7sN--CqUwjeSAVcwQhp_ZrnxDUk04zVL3SW8zkOuuTeeEJOtbQKdYLovpx-0_agzlFEGDlQtRSv3rgzl4T8LxsXSk5wIMvAS3wPOM2dEz4QfBpeQ29fCl",
                    "width": 3024
                }
            ],
            "place_id": "ChIJN4zgs_mLGGARRZbiI7IYMSc",
            "plus_code": {
                "compound_code": "MQJ7+XM 日本、東京都千代田区",
                "global_code": "8Q7XMQJ7+XM"
            },
            "price_level": 2,
            "rating": 4,
            "reference": "ChIJN4zgs_mLGGARRZbiI7IYMSc",
            "scope": "GOOGLE",
            "types": [
                "cafe",
                "food",
                "point_of_interest",
                "store",
                "establishment"
            ],
            "user_ratings_total": 80,
            "vicinity": "千代田区丸の内１丁目５−１ 新丸の内ビルディング 地下1階"
        },
        {
            "business_status": "OPERATIONAL",
            "geometry": {
                "location": {
                    "lat": 35.6823905,
                    "lng": 139.7639638
                },
                "viewport": {
                    "northeast": {
                        "lat": 35.6837689302915,
                        "lng": 139.7651865802915
                    },
                    "southwest": {
                        "lat": 35.68107096970851,
                        "lng": 139.7624886197085
                    }
                }
            },
            "icon": "https://maps.gstatic.com/mapfiles/place_api/icons/v1/png_71/cafe-71.png",
            "icon_background_color": "#FF9E67",
            "icon_mask_base_uri": "https://maps.gstatic.com/mapfiles/place_api/icons/v2/cafe_pinlet",
            "name": "アフタヌーンティー・ティールーム 丸の内新丸ビル",
            "opening_hours": {
                "open_now": false
            },
            "photos": [
                {
                    "height": 1416,
                    "html_attributions": [
                        "<a href=\"https://maps.google.com/maps/contrib/116184588991981609882\">アフタヌーンティー・ティールーム 丸の内新丸ビル</a>"
                    ],
                    "photo_reference": "Aap_uECFGxoxnBCpk1N2SES2vBgmLTEPAn3h8iQt5oTfDUvqyyZ4uK7GIIyMSoHNTzCZ3zVap2_4KscNKBbTBR-p49Hh7FsYmLVk-hU-D-j8f1k1RvF8YeiXt4ade-FGC3U2G5Yg-msidV_MX4bzMIZQw8hx_fpb8ieAoeGXp8DdGYQqlBHB",
                    "width": 1894
                }
            ],
            "place_id": "ChIJN4zgs_mLGGARrryUU5RUo60",
            "plus_code": {
                "compound_code": "MQJ7+XH 日本、東京都千代田区",
                "global_code": "8Q7XMQJ7+XH"
            },
            "price_level": 2,
            "rating": 4.1,
            "reference": "ChIJN4zgs_mLGGARrryUU5RUo60",
            "scope": "GOOGLE",
            "types": [
                "cafe",
                "food",
                "point_of_interest",
                "establishment"
            ],
            "user_ratings_total": 145,
            "vicinity": "千代田区丸の内１丁目５−１ 新丸の内ビルディング 4階"
        },
        {
            "business_status": "OPERATIONAL",
            "geometry": {
                "location": {
                    "lat": 35.6836009,
                    "lng": 139.7642973
                },
                "viewport": {
                    "northeast": {
                        "lat": 35.6848618802915,
                        "lng": 139.7654815302915
                    },
                    "southwest": {
                        "lat": 35.6821639197085,
                        "lng": 139.7627835697085
                    }
                }
            },
            "icon": "https://maps.gstatic.com/mapfiles/place_api/icons/v1/png_71/cafe-71.png",
            "icon_background_color": "#FF9E67",
            "icon_mask_base_uri": "https://maps.gstatic.com/mapfiles/place_api/icons/v2/cafe_pinlet",
            "name": "DEAN & DELUCA カフェ丸の内",
            "opening_hours": {
                "open_now": true
            },
            "photos": [
                {
                    "height": 300,
                    "html_attributions": [
                        "<a href=\"https://maps.google.com/maps/contrib/110345926397600972619\">DEAN &amp; DELUCA カフェ 丸の内</a>"
                    ],
                    "photo_reference": "Aap_uED5hGXf0mq9uvF3UDZ-oLh0NVawOrTSZ8f-2C2DUyJZ2LQKU3Z0ecwpzOhZ0f9TqtfsqRTrA_f4jL2H0CmdT67CWi_CPUAj9JXqYcX7ndCN2XiKP9eiAFFn4cWxnYqKY0X008EwIB_JVhgGfBKA4RprKSkVR62t8URxoIUYwkgF-ZSh",
                    "width": 450
                }
            ],
            "place_id": "ChIJMf7kSPiLGGARwIv5ehQzZZE",
            "plus_code": {
                "compound_code": "MQM7+CP 日本、東京都千代田区",
                "global_code": "8Q7XMQM7+CP"
            },
            "price_level": 2,
            "rating": 3.9,
            "reference": "ChIJMf7kSPiLGGARwIv5ehQzZZE",
            "scope": "GOOGLE",
            "types": [
                "cafe",
                "food",
                "point_of_interest",
                "establishment"
            ],
            "user_ratings_total": 439,
            "vicinity": "1F, 千代田区 丸の内 １丁目 ４−５ 三菱UFJ信託銀行本店ビル"
        },
        {
            "business_status": "OPERATIONAL",
            "geometry": {
                "location": {
                    "lat": 35.6823706,
                    "lng": 139.7643291
                },
                "viewport": {
                    "northeast": {
                        "lat": 35.6837586802915,
                        "lng": 139.7653466802915
                    },
                    "southwest": {
                        "lat": 35.6810607197085,
                        "lng": 139.7626487197085
                    }
                }
            },
            "icon": "https://maps.gstatic.com/mapfiles/place_api/icons/v1/png_71/cafe-71.png",
            "icon_background_color": "#FF9E67",
            "icon_mask_base_uri": "https://maps.gstatic.com/mapfiles/place_api/icons/v2/cafe_pinlet",
            "name": "TWG Tea 丸の内",
            "opening_hours": {
                "open_now": false
            },
            "photos": [
                {
                    "height": 2268,
                    "html_attributions": [
                        "<a href=\"https://maps.google.com/maps/contrib/105094993167695032451\">Happy Otto</a>"
                    ],
                    "photo_reference": "Aap_uECWtpLUe5iMv-EfAkuYn3mcN1luSOLSUIqPlqOlbK6dIWKg46ORf38mZYsWwR7NP2V-n9W9KE73FVfoIRSnNMyHCctprMXHaKmiVbXJO69rENsulLV-6crbMcrn2tOMB1O3u7iTYGm7hjpREt8dnZEkMI6XhayLg558W8utO3U9-x79",
                    "width": 4032
                }
            ],
            "place_id": "ChIJ7TltuvmLGGAR3TLLA3lOe2Q",
            "plus_code": {
                "compound_code": "MQJ7+WP 日本、東京都千代田区",
                "global_code": "8Q7XMQJ7+WP"
            },
            "rating": 4.2,
            "reference": "ChIJ7TltuvmLGGAR3TLLA3lOe2Q",
            "scope": "GOOGLE",
            "types": [
                "cafe",
                "food",
                "point_of_interest",
                "store",
                "establishment"
            ],
            "user_ratings_total": 55,
            "vicinity": "千代田区丸の内１丁目５−１ 新丸の内ビルディング B1階"
        },
        {
            "business_status": "OPERATIONAL",
            "geometry": {
                "location": {
                    "lat": 35.68258220000001,
                    "lng": 139.7644643
                },
                "viewport": {
                    "northeast": {
                        "lat": 35.6841767302915,
                        "lng": 139.7660000802915
                    },
                    "southwest": {
                        "lat": 35.68147876970851,
                        "lng": 139.7633021197085
                    }
                }
            },
            "icon": "https://maps.gstatic.com/mapfiles/place_api/icons/v1/png_71/cafe-71.png",
            "icon_background_color": "#FF9E67",
            "icon_mask_base_uri": "https://maps.gstatic.com/mapfiles/place_api/icons/v2/cafe_pinlet",
            "name": "エスプレッサメンテイリー 新丸の内ビル店",
            "opening_hours": {
                "open_now": true
            },
            "photos": [
                {
                    "height": 3024,
                    "html_attributions": [
                        "<a href=\"https://maps.google.com/maps/contrib/105808743517828215140\">ぱむの落書き帳</a>"
                    ],
                    "photo_reference": "Aap_uEAHY5skHxShIpiiCAVzVdxh2Z2jdfugfsMnx67-uxOQTtAdTWbuBd7S5EawPcvdEWbnuQINfzzh6ZMUYpYGCODKft_auabapwzhEUseWwnK8R9LvF9eqvtqCbZhxtZkxO-m49MwiIt7GCbh5bgjOEdEriucfVtNHcg91tSGGgAJY8c9",
                    "width": 4032
                }
            ],
            "place_id": "ChIJN4zgs_mLGGARTGNQJH0v79k",
            "plus_code": {
                "compound_code": "MQM7+2Q 日本、東京都千代田区",
                "global_code": "8Q7XMQM7+2Q"
            },
            "rating": 3.4,
            "reference": "ChIJN4zgs_mLGGARTGNQJH0v79k",
            "scope": "GOOGLE",
            "types": [
                "cafe",
                "food",
                "point_of_interest",
                "store",
                "establishment"
            ],
            "user_ratings_total": 15,
            "vicinity": "千代田区丸の内１丁目５−１"
        },
        {
            "business_status": "OPERATIONAL",
            "geometry": {
                "location": {
                    "lat": 35.68298169999999,
                    "lng": 139.7642194
                },
                "viewport": {
                    "northeast": {
                        "lat": 35.6843926802915,
                        "lng": 139.7655228802915
                    },
                    "southwest": {
                        "lat": 35.6816947197085,
                        "lng": 139.7628249197085
                    }
                }
            },
            "icon": "https://maps.gstatic.com/mapfiles/place_api/icons/v1/png_71/cafe-71.png",
            "icon_background_color": "#FF9E67",
            "icon_mask_base_uri": "https://maps.gstatic.com/mapfiles/place_api/icons/v2/cafe_pinlet",
            "name": "ザ・ペニンシュラ ブティック&カフェ 新丸ビル店",
            "opening_hours": {
                "open_now": false
            },
            "photos": [
                {
                    "height": 2002,
                    "html_attributions": [
                        "<a href=\"https://maps.google.com/maps/contrib/107949424905488307405\">ザ・ペニンシュラ ブティック&amp;カフェ 新丸ビル店 The Peninsula Boutique &amp; Cafe Shinmaru Building</a>"
                    ],
                    "photo_reference": "Aap_uEAjm36wjsKGNX1zLokOArIph7l0ztl-9Njh-nTsSn26FrCu8wfrtNV-p_RafREx6sfaBY7AG9N5DrV5Z0pXzwGt0HGWHdnmX6P0aQGYN4y5jRl-dzqR79Jj52ooJt6YjDFEpDAlkekm8DbJJ0kE2S84tIk7fw-rbS0VDQdJ8gV3vzjk",
                    "width": 3000
                }
            ],
            "place_id": "ChIJUeo2SFmLGGARhupz3MVNFf8",
            "plus_code": {
                "compound_code": "MQM7+5M 日本、東京都千代田区",
                "global_code": "8Q7XMQM7+5M"
            },
            "rating": 4.1,
            "reference": "ChIJUeo2SFmLGGARhupz3MVNFf8",
            "scope": "GOOGLE",
            "types": [
                "cafe",
                "food",
                "point_of_interest",
                "establishment"
            ],
            "user_ratings_total": 15,
            "vicinity": "千代田区丸の内１丁目５−１ 地下1階 新丸ビル"
        },
        {
            "business_status": "OPERATIONAL",
            "geometry": {
                "location": {
                    "lat": 35.6827589,
                    "lng": 139.7639519
                },
                "viewport": {
                    "northeast": {
                        "lat": 35.6840935802915,
                        "lng": 139.7653661302915
                    },
                    "southwest": {
                        "lat": 35.6813956197085,
                        "lng": 139.7626681697085
                    }
                }
            },
            "icon": "https://maps.gstatic.com/mapfiles/place_api/icons/v1/png_71/cafe-71.png",
            "icon_background_color": "#FF9E67",
            "icon_mask_base_uri": "https://maps.gstatic.com/mapfiles/place_api/icons/v2/cafe_pinlet",
            "name": "一◯八抹茶茶廊 新丸の内ビル店",
            "opening_hours": {
                "open_now": false
            },
            "photos": [
                {
                    "height": 2160,
                    "html_attributions": [
                        "<a href=\"https://maps.google.com/maps/contrib/109099987218626527192\">MCZ Archives</a>"
                    ],
                    "photo_reference": "Aap_uECn0USLvKJ0TEeT5ZY1fRS0Q2ozVkpfn-ivsLyv7608Oy7g3keH6LBD6QpGao7fuyeqyygpR29Fj-bc0tkm7yR0mIMR-nkn4s-m80saK60AMpOvhktRVnQA4BNs5gij4tUARxqae0-pCIr0xXvS0RjIwhioHZ_25sZrSyjG5IEpdzGA",
                    "width": 3840
                }
            ],
            "place_id": "ChIJ8emNp26LGGARQ506nHYrUsA",
            "plus_code": {
                "compound_code": "MQM7+4H 日本、東京都千代田区",
                "global_code": "8Q7XMQM7+4H"
            },
            "rating": 3.4,
            "reference": "ChIJ8emNp26LGGARQ506nHYrUsA",
            "scope": "GOOGLE",
            "types": [
                "cafe",
                "food",
                "point_of_interest",
                "establishment"
            ],
            "user_ratings_total": 10,
            "vicinity": "千代田区丸の内１丁目５−１ 新丸の内ビルディング B1F"
        },
        {
            "business_status": "OPERATIONAL",
            "geometry": {
                "location": {
                    "lat": 35.68311,
                    "lng": 139.763295
                },
                "viewport": {
                    "northeast": {
                        "lat": 35.6846552302915,
                        "lng": 139.7643994302915
                    },
                    "southwest": {
                        "lat": 35.68195726970851,
                        "lng": 139.7617014697085
                    }
                }
            },
            "icon": "https://maps.gstatic.com/mapfiles/place_api/icons/v1/png_71/cafe-71.png",
            "icon_background_color": "#FF9E67",
            "icon_mask_base_uri": "https://maps.gstatic.com/mapfiles/place_api/icons/v2/cafe_pinlet",
            "name": "斜里丸の内コーヒーハウスＳＨＡＲＩ",
            "opening_hours": {
                "open_now": false
            },
            "place_id": "ChIJU4vhL_iLGGARmpVP41QL8XY",
            "plus_code": {
                "compound_code": "MQM7+68 日本、東京都千代田区",
                "global_code": "8Q7XMQM7+68"
            },
            "rating": 5,
            "reference": "ChIJU4vhL_iLGGARmpVP41QL8XY",
            "scope": "GOOGLE",
            "types": [
                "cafe",
                "food",
                "point_of_interest",
                "store",
                "establishment"
            ],
            "user_ratings_total": 1,
            "vicinity": "千代田区丸の内１丁目２−１"
        },
        {
            "business_status": "OPERATIONAL",
            "geometry": {
                "location": {
                    "lat": 35.6831099,
                    "lng": 139.7632949
                },
                "viewport": {
                    "northeast": {
                        "lat": 35.68465518029149,
                        "lng": 139.7643993802915
                    },
                    "southwest": {
                        "lat": 35.68195721970849,
                        "lng": 139.7617014197085
                    }
                }
            },
            "icon": "https://maps.gstatic.com/mapfiles/place_api/icons/v1/png_71/cafe-71.png",
            "icon_background_color": "#FF9E67",
            "icon_mask_base_uri": "https://maps.gstatic.com/mapfiles/place_api/icons/v2/cafe_pinlet",
            "name": "東京海上談話室",
            "opening_hours": {
                "open_now": false
            },
            "place_id": "ChIJS7ECMPiLGGARPsV2TbrcCgE",
            "plus_code": {
                "compound_code": "MQM7+68 日本、東京都千代田区",
                "global_code": "8Q7XMQM7+68"
            },
            "rating": 4,
            "reference": "ChIJS7ECMPiLGGARPsV2TbrcCgE",
            "scope": "GOOGLE",
            "types": [
                "cafe",
                "food",
                "point_of_interest",
                "establishment"
            ],
            "user_ratings_total": 1,
            "vicinity": "千代田区丸の内１丁目２−１"
        },
        {
            "business_status": "OPERATIONAL",
            "geometry": {
                "location": {
                    "lat": 35.6837984,
                    "lng": 139.7643357
                },
                "viewport": {
                    "northeast": {
                        "lat": 35.6850938302915,
                        "lng": 139.7655494802915
                    },
                    "southwest": {
                        "lat": 35.6823958697085,
                        "lng": 139.7628515197085
                    }
                }
            },
            "icon": "https://maps.gstatic.com/mapfiles/place_api/icons/v1/png_71/restaurant-71.png",
            "icon_background_color": "#FF9E67",
            "icon_mask_base_uri": "https://maps.gstatic.com/mapfiles/place_api/icons/v2/restaurant_pinlet",
            "name": "HIGASHIYA man 丸の内",
            "opening_hours": {
                "open_now": false
            },
            "photos": [
                {
                    "height": 4184,
                    "html_attributions": [
                        "<a href=\"https://maps.google.com/maps/contrib/112794528806558117076\">HIGASHIYA man 丸の内</a>"
                    ],
                    "photo_reference": "Aap_uED9vO0cOWsV2_cHdDuS4vLFTBe6uNMAlk9FFLDp7mQhw0d8Jek-zO-sL1UUQqPiBO5B1TXs0XkiSj-J50XctfYdiqKRcgyYZWnQk-HHE0_hvJl1heid0Acecm7qmuQuBqjJOQ6gX5nzSvUUbcsB97_RNJfSyiYzULgXFqEcW7oQdkoo",
                    "width": 6418
                }
            ],
            "place_id": "ChIJ1zMZcHKLGGARvToNp0Dts7Q",
            "plus_code": {
                "compound_code": "MQM7+GP 日本、東京都千代田区",
                "global_code": "8Q7XMQM7+GP"
            },
            "rating": 4.1,
            "reference": "ChIJ1zMZcHKLGGARvToNp0Dts7Q",
            "scope": "GOOGLE",
            "types": [
                "cafe",
                "restaurant",
                "food",
                "point_of_interest",
                "store",
                "establishment"
            ],
            "user_ratings_total": 43,
            "vicinity": "千代田区丸の内１丁目４−５ 三菱UFJ信託銀行本店ビル1F"
        }
    ],
    "status": "OK"
}