{
    "html_attributions": [],
    "results": [
        {
            "business_status": "OPERATIONAL",
            "geometry": {
                "location": {
                    "lat": 35.67971259999999,
                    "lng": 139.7653322
                },
                "viewport": {
                    "northeast": {
                        "lat": 35.6812951802915,
                        "lng": 139.7665688302915
                    },
                    "southwest": {
                        "lat": 35.6785972197085,
                        "lng": 139.7638708697085
                    }
                }
            },
            "icon": "https://maps.gstatic.com/mapfiles/place_api/icons/v1/png_71/generic_business-71.png",
            "icon_background_color": "#7B9EB0",
            "icon_mask_base_uri": "https://maps.gstatic.com/mapfiles/place_api/icons/v2/generic_pinlet",
            "name": "REAL by ArtSticker",
            "place_id": "ChIJ1VLv9T2LGGAREoNv2BkyP0U",
            "plus_code": {
                "compound_code": "MQH8+V4 日本、東京都千代田区",
                "global_code": "8Q7XMQH8+V4"
            },
            "reference": "ChIJ1VLv9T2LGGAREoNv2BkyP0U",
            "scope": "GOOGLE",
            "types": [
                "art_gallery",
                "point_of_interest",
                "establishment"
            ],
            "vicinity": "千代田区丸の内２丁目７−２"
        }
    ],
    "status": "OK"
}