{
    "html_attributions": [],
    "results": [
        {
            "business_status": "OPERATIONAL",
            "geometry": {
                "location": {
                    "lat": 35.6799054,
                    "lng": 139.7688632
                },
                "viewport": {
                    "northeast": {
                        "lat": 35.68207095,
                        "lng": 139.7705257802915
                    },
                    "southwest": {
                        "lat": 35.67916635,
                        "lng": 139.7678278197085
                    }
                }
            },
            "icon": "https://maps.gstatic.com/mapfiles/place_api/icons/v1/png_71/generic_business-71.png",
            "icon_background_color": "#7B9EB0",
            "icon_mask_base_uri": "https://maps.gstatic.com/mapfiles/place_api/icons/v2/generic_pinlet",
            "name": "ギャラリー八重洲・東京",
            "opening_hours": {
                "open_now": false
            },
            "photos": [
                {
                    "height": 1536,
                    "html_attributions": [
                        "<a href=\"https://maps.google.com/maps/contrib/111212002279322334490\">Joshua</a>"
                    ],
                    "photo_reference": "Aap_uECekHsyA13MBtvG-XkLZ9i1ozLQGEgZq0BJ-MsvEnakA_zwH3H8QiRE1w2GVCBmslhf8fxLJyeIfIHrFlov_l_n9TAZ1BPKv-YgYAkG7Ah6jjjdy6s7gBt9Y96CtRG5neAY3fP_u3mH_WJpBtQPg9NA9QG8Q_hOWcnCrEcvFYpCmj_Z",
                    "width": 2048
                }
            ],
            "place_id": "ChIJZxF5jPyLGGARb7rBUu7JZeM",
            "plus_code": {
                "compound_code": "MQH9+XG 日本、東京都中央区",
                "global_code": "8Q7XMQH9+XG"
            },
            "rating": 4.2,
            "reference": "ChIJZxF5jPyLGGARb7rBUu7JZeM",
            "scope": "GOOGLE",
            "types": [
                "art_gallery",
                "point_of_interest",
                "establishment"
            ],
            "user_ratings_total": 19,
            "vicinity": "中央区八重洲２丁目１"
        }
    ],
    "status": "OK"
}