{
    "html_attributions": [],
    "results": [
        {
            "business_status": "OPERATIONAL",
            "geometry": {
                "location": {
                    "lat": 35.6810403,
                    "lng": 139.7638027
                },
                "viewport": {
                    "northeast": {
                        "lat": 35.6825157802915,
                        "lng": 139.7651137302915
                    },
                    "southwest": {
                        "lat": 35.6798178197085,
                        "lng": 139.7624157697085
                    }
                }
            },
            "icon": "https://maps.gstatic.com/mapfiles/place_api/icons/v1/png_71/generic_business-71.png",
            "icon_background_color": "#7B9EB0",
            "icon_mask_base_uri": "https://maps.gstatic.com/mapfiles/place_api/icons/v2/generic_pinlet",
            "name": "丸の内ビルディング",
            "opening_hours": {
                "open_now": true
            },
            "photos": [
                {
                    "height": 4608,
                    "html_attributions": [
                        "<a href=\"https://maps.google.com/maps/contrib/101920776391725999669\">y. ka</a>"
                    ],
                    "photo_reference": "Aap_uEBU7LjbeAeRMNbrgtELpnBLSgveHxn8l_KGuj1_kKP-5CDh3Ao-jcqINX_ieH10Pk4xzUmZM8g9P_lIYKjhQiMsl-Zow-aMuWhlBSJqVz4e1mL69DX9ciKFdO8xnxIjxy07VmtJfoke-4VUKV0mE4N8c2m9KHaqnj6_58S7zrkEW750",
                    "width": 3456
                }
            ],
            "place_id": "ChIJI0jDkvmLGGAR0bCkdXpX7SE",
            "plus_code": {
                "compound_code": "MQJ7+CG 日本、東京都千代田区",
                "global_code": "8Q7XMQJ7+CG"
            },
            "rating": 4,
            "reference": "ChIJI0jDkvmLGGAR0bCkdXpX7SE",
            "scope": "GOOGLE",
            "types": [
                "tourist_attraction",
                "point_of_interest",
                "establishment"
            ],
            "user_ratings_total": 9687,
            "vicinity": "千代田区丸の内２丁目４−１"
        },
        {
            "business_status": "OPERATIONAL",
            "geometry": {
                "location": {
                    "lat": 35.6818924,
                    "lng": 139.763679
                },
                "viewport": {
                    "northeast": {
                        "lat": 35.6833434802915,
                        "lng": 139.7650357802915
                    },
                    "southwest": {
                        "lat": 35.6806455197085,
                        "lng": 139.7623378197085
                    }
                }
            },
            "icon": "https://maps.gstatic.com/mapfiles/place_api/icons/v1/png_71/generic_business-71.png",
            "icon_background_color": "#13B5C7",
            "icon_mask_base_uri": "https://maps.gstatic.com/mapfiles/place_api/icons/v2/generic_pinlet",
            "name": "行幸通り",
            "opening_hours": {
                "open_now": true
            },
            "photos": [
                {
                    "height": 3024,
                    "html_attributions": [
                        "<a href=\"https://maps.google.com/maps/contrib/102711601730059116113\">宇戸幸長</a>"
                    ],
                    "photo_reference": "Aap_uEBvSXXoTKatQVVognarcTI5iusv9D0fDkQq84JSRP4NOQxdm_QjmNDMBoJSXwjOqRKAbKSwClaskAJruDaR_PEJVz0niU7RZn0hSro6SNIdQjpNGZRiUbigUnwQVl2YmKooo55pL6YbWFF-i4SWhYkk7rxMjQdlxjnd3R_VFyCGgYvl",
                    "width": 4032
                }
            ],
            "place_id": "ChIJu-2mxfmLGGARNPrUq-ATwbM",
            "plus_code": {
                "compound_code": "MQJ7+QF 日本、東京都千代田区",
                "global_code": "8Q7XMQJ7+QF"
            },
            "rating": 4,
            "reference": "ChIJu-2mxfmLGGARNPrUq-ATwbM",
            "scope": "GOOGLE",
            "types": [
                "tourist_attraction",
                "point_of_interest",
                "establishment"
            ],
            "user_ratings_total": 896,
            "vicinity": "千代田区丸の内２丁目２"
        },
        {
            "business_status": "OPERATIONAL",
            "geometry": {
                "location": {
                    "lat": 35.6817099,
                    "lng": 139.7644454
                },
                "viewport": {
                    "northeast": {
                        "lat": 35.6830588802915,
                        "lng": 139.7657943802915
                    },
                    "southwest": {
                        "lat": 35.68036091970851,
                        "lng": 139.7630964197085
                    }
                }
            },
            "icon": "https://maps.gstatic.com/mapfiles/place_api/icons/v1/png_71/generic_business-71.png",
            "icon_background_color": "#13B5C7",
            "icon_mask_base_uri": "https://maps.gstatic.com/mapfiles/place_api/icons/v2/generic_pinlet",
            "name": "東京ミチテラス2021",
            "opening_hours": {
                "open_now": false
            },
            "photos": [
                {
                    "height": 4032,
                    "html_attributions": [
                        "<a href=\"https://maps.google.com/maps/contrib/109261527317763167266\">神田橋</a>"
                    ],
                    "photo_reference": "Aap_uEAPugtoBWE59e81WCMouPxmy6BKtxblX1LNnMEkYmOhNcxr3ba-NbrwrvLaCaPNc0ubtAdJ7N2fJom2DJJUGOnwlAq1CPz06girfX6mhuHZ9FXXzCgj4nHolMPPlJokA_dEcRb5Y5vEKsuzwEJWwBmCa0KWSnPDm3pqjP3AvEDHc-Sw",
                    "width": 3024
                }
            ],
            "place_id": "ChIJp6w2dtaLGGARgpTLuJzl_Dc",
            "plus_code": {
                "compound_code": "MQJ7+MQ 日本、東京都千代田区",
                "global_code": "8Q7XMQJ7+MQ"
            },
            "rating": 5,
            "reference": "ChIJp6w2dtaLGGARgpTLuJzl_Dc",
            "scope": "GOOGLE",
            "types": [
                "tourist_attraction",
                "point_of_interest",
                "establishment"
            ],
            "user_ratings_total": 1,
            "vicinity": "千代田区丸の内１丁目９ 東京駅"
        }
    ],
    "status": "OK"
}