{
    "html_attributions": [],
    "results": [
        {
            "business_status": "OPERATIONAL",
            "geometry": {
                "location": {
                    "lat": 35.6832109,
                    "lng": 139.7686824
                },
                "viewport": {
                    "northeast": {
                        "lat": 35.6846555802915,
                        "lng": 139.7701248802915
                    },
                    "southwest": {
                        "lat": 35.6819576197085,
                        "lng": 139.7674269197085
                    }
                }
            },
            "icon": "https://maps.gstatic.com/mapfiles/place_api/icons/v1/png_71/cafe-71.png",
            "icon_background_color": "#FF9E67",
            "icon_mask_base_uri": "https://maps.gstatic.com/mapfiles/place_api/icons/v2/cafe_pinlet",
            "name": "スターバックス コーヒー ＪＲ東京駅日本橋口店",
            "opening_hours": {
                "open_now": true
            },
            "photos": [
                {
                    "height": 2322,
                    "html_attributions": [
                        "<a href=\"https://maps.google.com/maps/contrib/102650881737802389761\">Lena Nayashkova</a>"
                    ],
                    "photo_reference": "Aap_uEA76hG_am7m9YkJw_h3iEagRBqNvwYTBpAlfCSSei5SVFOoX-DICgRkd2ya0L1bkYfG7Pd2Upfi58wbHKTF-EXMZ-NtWr_8xVcQHwV4CS46MUCc4M4IXGfE7lL8oV3vv2jXBlma5D2YmXwwl-VWiMluOQnZrzxvnEmYyi4Num0nN-hW",
                    "width": 4128
                }
            ],
            "place_id": "ChIJCwv5vP6LGGARF_H3bkyjkpI",
            "plus_code": {
                "compound_code": "MQM9+7F 日本、東京都千代田区",
                "global_code": "8Q7XMQM9+7F"
            },
            "price_level": 2,
            "rating": 3.8,
            "reference": "ChIJCwv5vP6LGGARF_H3bkyjkpI",
            "scope": "GOOGLE",
            "types": [
                "cafe",
                "food",
                "point_of_interest",
                "store",
                "establishment"
            ],
            "user_ratings_total": 514,
            "vicinity": "千代田区丸の内１丁目９−１ 丸の内中央ビル"
        },
        {
            "business_status": "OPERATIONAL",
            "geometry": {
                "location": {
                    "lat": 35.6838724,
                    "lng": 139.7683862
                },
                "viewport": {
                    "northeast": {
                        "lat": 35.6851615302915,
                        "lng": 139.7700346802915
                    },
                    "southwest": {
                        "lat": 35.6824635697085,
                        "lng": 139.7673367197085
                    }
                }
            },
            "icon": "https://maps.gstatic.com/mapfiles/place_api/icons/v1/png_71/cafe-71.png",
            "icon_background_color": "#FF9E67",
            "icon_mask_base_uri": "https://maps.gstatic.com/mapfiles/place_api/icons/v2/cafe_pinlet",
            "name": "スターバックス コーヒー 東京ステーションシティ サピアタワー店",
            "opening_hours": {
                "open_now": true
            },
            "photos": [
                {
                    "height": 3024,
                    "html_attributions": [
                        "<a href=\"https://maps.google.com/maps/contrib/105333139267263191714\">Ezaki Ryo</a>"
                    ],
                    "photo_reference": "Aap_uEBA6osCkRGSv26Ln7Fh08D7fcYoNj1zLUKoForDs4rojQvQfaP9eLVpoSP09lqbLXqAv8GVmFSMnPpEsRh_C5aUm5bb1bhAmtXs2ZldTA-HtHVEfTjikdzRaDxnjGrEu2tve_fMG6MBna5UFYLWmVnHzkbw0VON3S1J8IAUiG7QBRoi",
                    "width": 4032
                }
            ],
            "place_id": "ChIJvwz4xv6LGGARhwRMR7PuUx4",
            "plus_code": {
                "compound_code": "MQM9+G9 日本、東京都千代田区",
                "global_code": "8Q7XMQM9+G9"
            },
            "price_level": 2,
            "rating": 3.9,
            "reference": "ChIJvwz4xv6LGGARhwRMR7PuUx4",
            "scope": "GOOGLE",
            "types": [
                "cafe",
                "food",
                "point_of_interest",
                "store",
                "establishment"
            ],
            "user_ratings_total": 318,
            "vicinity": "千代田区丸の内１丁目７−１２"
        },
        {
            "business_status": "OPERATIONAL",
            "geometry": {
                "location": {
                    "lat": 35.683481,
                    "lng": 139.768342
                },
                "viewport": {
                    "northeast": {
                        "lat": 35.6847390302915,
                        "lng": 139.7700385302915
                    },
                    "southwest": {
                        "lat": 35.6820410697085,
                        "lng": 139.7673405697085
                    }
                }
            },
            "icon": "https://maps.gstatic.com/mapfiles/place_api/icons/v1/png_71/cafe-71.png",
            "icon_background_color": "#FF9E67",
            "icon_mask_base_uri": "https://maps.gstatic.com/mapfiles/place_api/icons/v2/cafe_pinlet",
            "name": "ビアテリア プロント 東京駅店",
            "opening_hours": {
                "open_now": false
            },
            "photos": [
                {
                    "height": 1152,
                    "html_attributions": [
                        "<a href=\"https://maps.google.com/maps/contrib/110144014193510094862\">Kazuaki E.</a>"
                    ],
                    "photo_reference": "Aap_uEDGZrYyS4MG7ZhamVv9nrWF_lcpaz_SBdLA9WX2S7pcK5QFqQAsv3lb16i6V8DOAZRY281405fFoTbfwkLYVJLdl_gGyGLt6ewwXJOr_ZMBtmRoRjlYgSbOzxOcCd1J5-UDoPbI5suCxOPnlwq5x8-f3w3yArudiDcu_0DMUVWvvC0Y",
                    "width": 2048
                }
            ],
            "place_id": "ChIJGeYlX_mLGGAR_ONs7502sEQ",
            "plus_code": {
                "compound_code": "MQM9+98 日本、東京都千代田区",
                "global_code": "8Q7XMQM9+98"
            },
            "price_level": 2,
            "rating": 3.6,
            "reference": "ChIJGeYlX_mLGGAR_ONs7502sEQ",
            "scope": "GOOGLE",
            "types": [
                "cafe",
                "bar",
                "restaurant",
                "food",
                "point_of_interest",
                "establishment"
            ],
            "user_ratings_total": 177,
            "vicinity": "千代田区丸の内１丁目９−１ 東京駅八重洲北口 1階 キッチンストリート"
        }
    ],
    "status": "OK"
}