{
    "html_attributions": [],
    "results": [
        {
            "business_status": "OPERATIONAL",
            "geometry": {
                "location": {
                    "lat": 35.6836182,
                    "lng": 139.766453
                },
                "viewport": {
                    "northeast": {
                        "lat": 35.68485868029149,
                        "lng": 139.7681277802915
                    },
                    "southwest": {
                        "lat": 35.68216071970849,
                        "lng": 139.7654298197085
                    }
                }
            },
            "icon": "https://maps.gstatic.com/mapfiles/place_api/icons/v1/png_71/restaurant-71.png",
            "icon_background_color": "#FF9E67",
            "icon_mask_base_uri": "https://maps.gstatic.com/mapfiles/place_api/icons/v2/restaurant_pinlet",
            "name": "ポム・ダダン",
            "opening_hours": {
                "open_now": true
            },
            "photos": [
                {
                    "height": 4032,
                    "html_attributions": [
                        "<a href=\"https://maps.google.com/maps/contrib/110355743139885681271\">マンダリンオリエント</a>"
                    ],
                    "photo_reference": "Aap_uEAZcPDGm4uhOIebn3_OoqXiolqZaAjAc4sQlQWnKIdxbUdBlCrvOd1GUOfkjW0KK7ogWdnYV4h7j3D8RDtyH4dow0Zrs-wknp57tMMDZNq-zf2Dk0OFjMJT7CYK2UC8yr8_3WHLgGMSGb4_6OUQkheHT48DKvE5Exlx8UF_9IlVud3w",
                    "width": 3024
                }
            ],
            "place_id": "ChIJaW5dH_mLGGARfVjbMgyVuT4",
            "plus_code": {
                "compound_code": "MQM8+CH 日本、東京都千代田区",
                "global_code": "8Q7XMQM8+CH"
            },
            "price_level": 3,
            "rating": 4.1,
            "reference": "ChIJaW5dH_mLGGARfVjbMgyVuT4",
            "scope": "GOOGLE",
            "types": [
                "cafe",
                "restaurant",
                "food",
                "point_of_interest",
                "establishment"
            ],
            "user_ratings_total": 142,
            "vicinity": "千代田区丸の内１丁目６−３"
        },
        {
            "business_status": "OPERATIONAL",
            "geometry": {
                "location": {
                    "lat": 35.6835155,
                    "lng": 139.7666676
                },
                "viewport": {
                    "northeast": {
                        "lat": 35.68483208029151,
                        "lng": 139.7680058802915
                    },
                    "southwest": {
                        "lat": 35.68213411970851,
                        "lng": 139.7653079197085
                    }
                }
            },
            "icon": "https://maps.gstatic.com/mapfiles/place_api/icons/v1/png_71/shopping-71.png",
            "icon_background_color": "#4B96F3",
            "icon_mask_base_uri": "https://maps.gstatic.com/mapfiles/place_api/icons/v2/shopping_pinlet",
            "name": "丸善 丸の内本店",
            "opening_hours": {
                "open_now": false
            },
            "photos": [
                {
                    "height": 3464,
                    "html_attributions": [
                        "<a href=\"https://maps.google.com/maps/contrib/108238395249474372075\">Kusakabe Mike</a>"
                    ],
                    "photo_reference": "Aap_uED5U69pyxMr_UQVaJP2Zc4stZbORCrLSeUzI-jkOqM0Gq1UPUR7-go6nc97DetYqevZgbZf6d3ZwlB6GGCGnUSSxUMBW-AEWrBGv1KBZeXrhdG4EhIf83iQHdIyUTT9r2vlu7YI5zE-bsZOtW1xrQIgyVe8VOtuPrgn5ujnGpD0sDH2",
                    "width": 4618
                }
            ],
            "place_id": "ChIJ2TZSCfmLGGAR26O97vWyYcE",
            "plus_code": {
                "compound_code": "MQM8+CM 日本、東京都千代田区",
                "global_code": "8Q7XMQM8+CM"
            },
            "rating": 4.3,
            "reference": "ChIJ2TZSCfmLGGAR26O97vWyYcE",
            "scope": "GOOGLE",
            "types": [
                "book_store",
                "art_gallery",
                "cafe",
                "food",
                "point_of_interest",
                "store",
                "establishment"
            ],
            "user_ratings_total": 5457,
            "vicinity": "千代田区丸の内１丁目６−４ 1階～4階 丸の内オアゾ"
        },
        {
            "business_status": "OPERATIONAL",
            "geometry": {
                "location": {
                    "lat": 35.6833383,
                    "lng": 139.7664225
                },
                "viewport": {
                    "northeast": {
                        "lat": 35.68451333029149,
                        "lng": 139.7678920802915
                    },
                    "southwest": {
                        "lat": 35.6818153697085,
                        "lng": 139.7651941197085
                    }
                }
            },
            "icon": "https://maps.gstatic.com/mapfiles/place_api/icons/v1/png_71/cafe-71.png",
            "icon_background_color": "#FF9E67",
            "icon_mask_base_uri": "https://maps.gstatic.com/mapfiles/place_api/icons/v2/cafe_pinlet",
            "name": "イルバール 丸の内オアゾ店",
            "opening_hours": {
                "open_now": false
            },
            "photos": [
                {
                    "height": 3024,
                    "html_attributions": [
                        "<a href=\"https://maps.google.com/maps/contrib/110424239104529790352\">keiji</a>"
                    ],
                    "photo_reference": "Aap_uEAgBtIgA-Ej0Bx8cU1-ow3_Vjna8g5yNAF-m7EZ-fVApXNZn7gLQivh-WjrEb10e2gUBcEvqPft5NHQXbbGaBH7wY90ZUaggENqk_re413pqAy46fSAGewnA8-Id2SABZajna0hr7NT-qeIbaK2RLd_69_npTZUNSErpzNMbiw3Jlhl",
                    "width": 3024
                }
            ],
            "place_id": "ChIJkTi6GPmLGGARL2Xm_6_ffNk",
            "plus_code": {
                "compound_code": "MQM8+8H 日本、東京都千代田区",
                "global_code": "8Q7XMQM8+8H"
            },
            "price_level": 2,
            "rating": 3.5,
            "reference": "ChIJkTi6GPmLGGARL2Xm_6_ffNk",
            "scope": "GOOGLE",
            "types": [
                "cafe",
                "bar",
                "food",
                "point_of_interest",
                "establishment"
            ],
            "user_ratings_total": 47,
            "vicinity": "千代田区丸の内１丁目６−４ 丸の内オアゾB1"
        },
        {
            "business_status": "OPERATIONAL",
            "geometry": {
                "location": {
                    "lat": 35.6836024,
                    "lng": 139.766406
                },
                "viewport": {
                    "northeast": {
                        "lat": 35.68495138029149,
                        "lng": 139.7677549802915
                    },
                    "southwest": {
                        "lat": 35.6822534197085,
                        "lng": 139.7650570197085
                    }
                }
            },
            "icon": "https://maps.gstatic.com/mapfiles/place_api/icons/v1/png_71/cafe-71.png",
            "icon_background_color": "#FF9E67",
            "icon_mask_base_uri": "https://maps.gstatic.com/mapfiles/place_api/icons/v2/cafe_pinlet",
            "name": "M&C Café 丸の内店",
            "opening_hours": {
                "open_now": false
            },
            "photos": [
                {
                    "height": 1000,
                    "html_attributions": [
                        "<a href=\"https://maps.google.com/maps/contrib/100258594591844861309\">M&amp;C Café 丸の内店</a>"
                    ],
                    "photo_reference": "Aap_uEA3ETjpgKnJY2Ie0ttfa_kV0m-PDh0eIvu_O4KSyH7z-qDZCtM0JT_IVEiMIHPzHLJCo_qhxgv4AYBlWEIRT9Nt-m1xcXTbrvn1u4dJVg6T6QR5a7PfVmWoawj5gyagl7WigbPtwFMZQ6B6ZvbMwY0_BKFdhyjjEuD4tnoAzLqpgWKb",
                    "width": 1402
                }
            ],
            "place_id": "ChIJ2TZSCfmLGGAR2qH_fSmt604",
            "plus_code": {
                "compound_code": "MQM8+CH 日本、東京都千代田区",
                "global_code": "8Q7XMQM8+CH"
            },
            "price_level": 2,
            "rating": 3.8,
            "reference": "ChIJ2TZSCfmLGGAR2qH_fSmt604",
            "scope": "GOOGLE",
            "types": [
                "cafe",
                "food",
                "point_of_interest",
                "establishment"
            ],
            "user_ratings_total": 280,
            "vicinity": "千代田区丸の内１丁目６−４ 丸の内オアゾ ４階"
        },
        {
            "business_status": "OPERATIONAL",
            "geometry": {
                "location": {
                    "lat": 35.6836024,
                    "lng": 139.766406
                },
                "viewport": {
                    "northeast": {
                        "lat": 35.68495138029149,
                        "lng": 139.7677549802915
                    },
                    "southwest": {
                        "lat": 35.6822534197085,
                        "lng": 139.7650570197085
                    }
                }
            },
            "icon": "https://maps.gstatic.com/mapfiles/place_api/icons/v1/png_71/cafe-71.png",
            "icon_background_color": "#FF9E67",
            "icon_mask_base_uri": "https://maps.gstatic.com/mapfiles/place_api/icons/v2/cafe_pinlet",
            "name": "Café 1869 by MARUZEN",
            "opening_hours": {
                "open_now": false
            },
            "photos": [
                {
                    "height": 1000,
                    "html_attributions": [
                        "<a href=\"https://maps.google.com/maps/contrib/107502660134133634242\">Café 1869 丸の内店</a>"
                    ],
                    "photo_reference": "Aap_uED7gY3xzM8dmn02v3A_L6luK57KRRcMcu4POrU12LxIbB5zuphf1XJQYsf7UZBU2tAV46670wy5gvpb_zTCyakWNLUFKMa4X29wCM5TBNvGRJxv5fIFIp74aQp8KYbo9FdquGx3wGvSswG5gj6-VbaDjxj9i93YV5x0AnyNO7ONCaUk",
                    "width": 1402
                }
            ],
            "place_id": "ChIJ93i5JPmLGGARhZdQQk_JPBg",
            "plus_code": {
                "compound_code": "MQM8+CH 日本、東京都千代田区",
                "global_code": "8Q7XMQM8+CH"
            },
            "price_level": 2,
            "rating": 4,
            "reference": "ChIJ93i5JPmLGGARhZdQQk_JPBg",
            "scope": "GOOGLE",
            "types": [
                "cafe",
                "food",
                "point_of_interest",
                "establishment"
            ],
            "user_ratings_total": 122,
            "vicinity": "千代田区丸の内１丁目６−４ 丸の内オアゾ ３階"
        },
        {
            "business_status": "OPERATIONAL",
            "geometry": {
                "location": {
                    "lat": 35.6836695,
                    "lng": 139.7661956
                },
                "viewport": {
                    "northeast": {
                        "lat": 35.6843984802915,
                        "lng": 139.7677001302915
                    },
                    "southwest": {
                        "lat": 35.6817005197085,
                        "lng": 139.7650021697085
                    }
                }
            },
            "icon": "https://maps.gstatic.com/mapfiles/place_api/icons/v1/png_71/cafe-71.png",
            "icon_background_color": "#FF9E67",
            "icon_mask_base_uri": "https://maps.gstatic.com/mapfiles/place_api/icons/v2/cafe_pinlet",
            "name": "スターバックス コーヒー 丸の内オアゾ店",
            "opening_hours": {
                "open_now": true
            },
            "photos": [
                {
                    "height": 3088,
                    "html_attributions": [
                        "<a href=\"https://maps.google.com/maps/contrib/112727478841411566017\">m. zumi</a>"
                    ],
                    "photo_reference": "Aap_uED7dm0jSf64spo_gJkw9yG-2uyfaBVRXHDj2Du6Hm1CHqtDoaCbw_N4UiiYCAmUfXwb28r-6UPy_iLGQgjskQsDxXnfrAtUlaB7ZFDFJIpqPcLsK6ppgHARHy6xCSlLdH8-f1ILEwaly8d2xEVv9FNoMSqdP2IRzH1Oc43e9sSgIxDl",
                    "width": 4416
                }
            ],
            "place_id": "ChIJWykzpmaLGGARTpSDny2pdQY",
            "plus_code": {
                "compound_code": "MQM8+FF 日本、東京都千代田区",
                "global_code": "8Q7XMQM8+FF"
            },
            "price_level": 2,
            "rating": 4.1,
            "reference": "ChIJWykzpmaLGGARTpSDny2pdQY",
            "scope": "GOOGLE",
            "types": [
                "cafe",
                "food",
                "point_of_interest",
                "store",
                "establishment"
            ],
            "user_ratings_total": 93,
            "vicinity": "千代田区丸の内１丁目６−４ OAZO"
        }
    ],
    "status": "OK"
}