{
    "html_attributions": [],
    "results": [
        {
            "business_status": "OPERATIONAL",
            "geometry": {
                "location": {
                    "lat": 35.677141,
                    "lng": 139.7642619
                },
                "viewport": {
                    "northeast": {
                        "lat": 35.6784899802915,
                        "lng": 139.7656108802915
                    },
                    "southwest": {
                        "lat": 35.6757920197085,
                        "lng": 139.7629129197085
                    }
                }
            },
            "icon": "https://maps.gstatic.com/mapfiles/place_api/icons/v1/png_71/park-71.png",
            "icon_background_color": "#4DB546",
            "icon_mask_base_uri": "https://maps.gstatic.com/mapfiles/place_api/icons/v2/tree_pinlet",
            "name": "東京国際フォーラム前広場",
            "opening_hours": {
                "open_now": true
            },
            "photos": [
                {
                    "height": 2240,
                    "html_attributions": [
                        "<a href=\"https://maps.google.com/maps/contrib/106603790792247199501\">Yung-sunce Kiyah</a>"
                    ],
                    "photo_reference": "Aap_uECx6RLzX0gRUHgcINVTaUEkbLzg_vVEMmeYj34_7wjgRjJLkzHGsQoTR8qccl-B5hT2kieWATnmx9px5A0qG8YdgN01QgjFafcFmZ2Q0vGt0t_GVJrDzPF8X6tTGQhUusvaj54qAocSmmck3c8iWGrxdwBG8qfyMBY2HUZ8DWoPdYfo",
                    "width": 3360
                }
            ],
            "place_id": "ChIJY7AhwvqLGGAReWjZgb1Jg_0",
            "plus_code": {
                "compound_code": "MQG7+VP 日本、東京都千代田区",
                "global_code": "8Q7XMQG7+VP"
            },
            "rating": 3.9,
            "reference": "ChIJY7AhwvqLGGAReWjZgb1Jg_0",
            "scope": "GOOGLE",
            "types": [
                "park",
                "point_of_interest",
                "establishment"
            ],
            "user_ratings_total": 19,
            "vicinity": "千代田区丸の内３丁目５"
        }
    ],
    "status": "OK"
}