{
    "html_attributions": [],
    "results": [
        {
            "business_status": "OPERATIONAL",
            "geometry": {
                "location": {
                    "lat": 35.6771653,
                    "lng": 139.7700955
                },
                "viewport": {
                    "northeast": {
                        "lat": 35.6785142802915,
                        "lng": 139.7714444802915
                    },
                    "southwest": {
                        "lat": 35.6758163197085,
                        "lng": 139.7687465197085
                    }
                }
            },
            "icon": "https://maps.gstatic.com/mapfiles/place_api/icons/v1/png_71/park-71.png",
            "icon_background_color": "#4DB546",
            "icon_mask_base_uri": "https://maps.gstatic.com/mapfiles/place_api/icons/v2/tree_pinlet",
            "name": "京橋中央広場",
            "photos": [
                {
                    "height": 3120,
                    "html_attributions": [
                        "<a href=\"https://maps.google.com/maps/contrib/115402438431389646479\">斉藤恵子</a>"
                    ],
                    "photo_reference": "Aap_uEDR9bUXBggJ7NH7G03tAgXx0wjnzuroKWONxFCxXrmXx-a73hRBEB0O9XpiBJxA508Gcg6Bn54Fpja04oA_8_m3CWrILlzI8jiJKEynSnAX4ppy0JBXOYq46kaLHoqPtwTsIwIlsMSpaUJjTT1_lbJ3AT470zMuxtk9GSUAh9nk4Yib",
                    "width": 4160
                }
            ],
            "place_id": "ChIJTwGFVPKLGGARZZERYDi28_8",
            "plus_code": {
                "compound_code": "MQGC+V2 日本、東京都中央区",
                "global_code": "8Q7XMQGC+V2"
            },
            "rating": 4,
            "reference": "ChIJTwGFVPKLGGARZZERYDi28_8",
            "scope": "GOOGLE",
            "types": [
                "park",
                "point_of_interest",
                "establishment"
            ],
            "user_ratings_total": 1,
            "vicinity": "中央区京橋２丁目２−１ エドグランSENQ京橋"
        }
    ],
    "status": "OK"
}