{
    "html_attributions": [],
    "results": [
        {
            "business_status": "OPERATIONAL",
            "geometry": {
                "location": {
                    "lat": 35.6833904,
                    "lng": 139.7646865
                },
                "viewport": {
                    "northeast": {
                        "lat": 35.6846908802915,
                        "lng": 139.7658364302915
                    },
                    "southwest": {
                        "lat": 35.6819929197085,
                        "lng": 139.7631384697085
                    }
                }
            },
            "icon": "https://maps.gstatic.com/mapfiles/place_api/icons/v1/png_71/museum-71.png",
            "icon_background_color": "#13B5C7",
            "icon_mask_base_uri": "https://maps.gstatic.com/mapfiles/place_api/icons/v2/museum_pinlet",
            "name": "三菱UFJ信託銀行 信託博物館",
            "opening_hours": {
                "open_now": false
            },
            "photos": [
                {
                    "height": 4032,
                    "html_attributions": [
                        "<a href=\"https://maps.google.com/maps/contrib/105434609792925556108\">つやつや</a>"
                    ],
                    "photo_reference": "Aap_uECGywvbIK6waw8UCSkUwVORuthlZ4bhp9H4bkrnD3uxD8wlokCAo_vttQV5i4O0CqNIHOsLZU3w2h2FIn3s1hJAZKDPmks6t9kdblH05Ms1yqbrnlQMC50X9fPAr34yOJfdrwgQpHytFOXiUHMt9cvI3rRa9j1DQh7K1kclGIwHZwP4",
                    "width": 2268
                }
            ],
            "place_id": "ChIJvQWmVviLGGARWUVZ75YS5Jw",
            "plus_code": {
                "compound_code": "MQM7+9V 日本、東京都千代田区",
                "global_code": "8Q7XMQM7+9V"
            },
            "rating": 3.8,
            "reference": "ChIJvQWmVviLGGARWUVZ75YS5Jw",
            "scope": "GOOGLE",
            "types": [
                "museum",
                "tourist_attraction",
                "point_of_interest",
                "establishment"
            ],
            "user_ratings_total": 31,
            "vicinity": "千代田区丸の内１丁目４−６ 日本工業倶楽部会館 1階"
        }
    ],
    "status": "OK"
}