{
    "html_attributions": [],
    "results": [
        {
            "business_status": "OPERATIONAL",
            "geometry": {
                "location": {
                    "lat": 35.67991079999999,
                    "lng": 139.7636102
                },
                "viewport": {
                    "northeast": {
                        "lat": 35.68129098029149,
                        "lng": 139.7649691802915
                    },
                    "southwest": {
                        "lat": 35.67859301970849,
                        "lng": 139.7622712197085
                    }
                }
            },
            "icon": "https://maps.gstatic.com/mapfiles/place_api/icons/v1/png_71/cafe-71.png",
            "icon_background_color": "#FF9E67",
            "icon_mask_base_uri": "https://maps.gstatic.com/mapfiles/place_api/icons/v2/cafe_pinlet",
            "name": "スターバックス コーヒー 丸の内三菱ビル店",
            "opening_hours": {
                "open_now": false
            },
            "photos": [
                {
                    "height": 3072,
                    "html_attributions": [
                        "<a href=\"https://maps.google.com/maps/contrib/116130672865564514904\">hi t</a>"
                    ],
                    "photo_reference": "Aap_uEC1vQ9-cT5gSEYAs1e3dQu1GwMkF91VtLRWy2WnWIg-efLAcSmuyTk-c3tzvSIrg6yLI1tdA1PcZWhzWAIrOY9xVOWHAVpUjjvDWmqry43WsT_oddccAsVo1dfWHEvkfGkyKNtG-faBNmfXIU7TmVDPqSGjkIsHbsYn8EJ4ygEcnfv5",
                    "width": 4080
                }
            ],
            "place_id": "ChIJnVsdGvqLGGARpayV-81ql6g",
            "plus_code": {
                "compound_code": "MQH7+XC 日本、東京都千代田区",
                "global_code": "8Q7XMQH7+XC"
            },
            "price_level": 2,
            "rating": 3.9,
            "reference": "ChIJnVsdGvqLGGARpayV-81ql6g",
            "scope": "GOOGLE",
            "types": [
                "meal_takeaway",
                "cafe",
                "restaurant",
                "food",
                "point_of_interest",
                "store",
                "establishment"
            ],
            "user_ratings_total": 195,
            "vicinity": "千代田区丸の内２丁目５−２ 三菱ビル"
        },
        {
            "business_status": "OPERATIONAL",
            "geometry": {
                "location": {
                    "lat": 35.6797462,
                    "lng": 139.7647843
                },
                "viewport": {
                    "northeast": {
                        "lat": 35.6813077802915,
                        "lng": 139.7663542802915
                    },
                    "southwest": {
                        "lat": 35.6786098197085,
                        "lng": 139.7636563197085
                    }
                }
            },
            "icon": "https://maps.gstatic.com/mapfiles/place_api/icons/v1/png_71/generic_business-71.png",
            "icon_background_color": "#7B9EB0",
            "icon_mask_base_uri": "https://maps.gstatic.com/mapfiles/place_api/icons/v2/generic_pinlet",
            "name": "東京シティアイ",
            "opening_hours": {
                "open_now": false
            },
            "photos": [
                {
                    "height": 464,
                    "html_attributions": [
                        "<a href=\"https://maps.google.com/maps/contrib/118078483373870433281\">東京シティアイ</a>"
                    ],
                    "photo_reference": "Aap_uEAstpp8OwJsgtbTtiUtEtyyOSR5Cm8R9COZt7SXOpby9GWRQhn6CsjU9mDZDQQPftmUrXrQSM4buSkkYmSXjMOZ7zi6njItoPtUXpE-IV983zexPBCQ7CUwmZzL741M1Yv-8ntKq6WycUNTWO500cVzqCl-qJRh_FUmEVLzTv_TulCi",
                    "width": 750
                }
            ],
            "place_id": "ChIJuzydSvqLGGARk15_d8-dwSM",
            "plus_code": {
                "compound_code": "MQH7+VW 日本、東京都千代田区",
                "global_code": "8Q7XMQH7+VW"
            },
            "rating": 4.1,
            "reference": "ChIJuzydSvqLGGARk15_d8-dwSM",
            "scope": "GOOGLE",
            "types": [
                "cafe",
                "travel_agency",
                "food",
                "point_of_interest",
                "establishment"
            ],
            "user_ratings_total": 62,
            "vicinity": "千代田区丸の内２丁目７−２ ＫＩＴＴＥ地下 一階"
        },
        {
            "business_status": "OPERATIONAL",
            "geometry": {
                "location": {
                    "lat": 35.67984529999999,
                    "lng": 139.7647288
                },
                "viewport": {
                    "northeast": {
                        "lat": 35.6813615302915,
                        "lng": 139.7663450302915
                    },
                    "southwest": {
                        "lat": 35.6786635697085,
                        "lng": 139.7636470697085
                    }
                }
            },
            "icon": "https://maps.gstatic.com/mapfiles/place_api/icons/v1/png_71/cafe-71.png",
            "icon_background_color": "#FF9E67",
            "icon_mask_base_uri": "https://maps.gstatic.com/mapfiles/place_api/icons/v2/cafe_pinlet",
            "name": "スターバックスコーヒー KITTE丸の内店",
            "opening_hours": {
                "open_now": true
            },
            "photos": [
                {
                    "height": 3096,
                    "html_attributions": [
                        "<a href=\"https://maps.google.com/maps/contrib/101858745948056805809\">渡り鳥貘</a>"
                    ],
                    "photo_reference": "Aap_uECCVRLsBBdXXYCdRdNC_dTQRXM5VmnQvXcn_yMSPqLij_W7iKBIqww-y7GEdX5zwI69o0HbxRMS4vwRjQ_rmoP--H61TyGcKHowxhMlpxeCXUlO5ufklM3pshFV5zkMHpXJxEsmdS14N7sJbQj5BfVEucQmBQ5yGWX3SKOuGWq6NQYT",
                    "width": 5504
                }
            ],
            "place_id": "ChIJV4wnWcSLGGARpb6dfmJIOEQ",
            "plus_code": {
                "compound_code": "MQH7+WV 日本、東京都千代田区",
                "global_code": "8Q7XMQH7+WV"
            },
            "price_level": 2,
            "rating": 4,
            "reference": "ChIJV4wnWcSLGGARpb6dfmJIOEQ",
            "scope": "GOOGLE",
            "types": [
                "cafe",
                "food",
                "point_of_interest",
                "store",
                "establishment"
            ],
            "user_ratings_total": 149,
            "vicinity": "千代田区丸の内２丁目７−２"
        },
        {
            "business_status": "OPERATIONAL",
            "geometry": {
                "location": {
                    "lat": 35.67990470000001,
                    "lng": 139.7647951
                },
                "viewport": {
                    "northeast": {
                        "lat": 35.68138253029149,
                        "lng": 139.7663781802915
                    },
                    "southwest": {
                        "lat": 35.67868456970849,
                        "lng": 139.7636802197085
                    }
                }
            },
            "icon": "https://maps.gstatic.com/mapfiles/place_api/icons/v1/png_71/cafe-71.png",
            "icon_background_color": "#FF9E67",
            "icon_mask_base_uri": "https://maps.gstatic.com/mapfiles/place_api/icons/v2/cafe_pinlet",
            "name": "BURDIGALA STAND",
            "opening_hours": {
                "open_now": false
            },
            "photos": [
                {
                    "height": 3024,
                    "html_attributions": [
                        "<a href=\"https://maps.google.com/maps/contrib/110669926124170268872\">town shion</a>"
                    ],
                    "photo_reference": "Aap_uEBVrA3IbSHTm1wJCEINaS_L6MQoNOC0yzm8xB_VQ3Jeo4t1RnimPTrG4n2aURK8On-RG16VeALB-HjL7L7xCWSj53yO3ZLM5NINw54kFv5bE8qJ7zKOdT5Ap4D4jS4mFowJCXeitrn4_rdUCEch8DP7-yi8RhKjlz6DjV4jkolyRZBR",
                    "width": 4032
                }
            ],
            "place_id": "ChIJGbfzNvqLGGAR4Dk6fHHYcdE",
            "plus_code": {
                "compound_code": "MQH7+XW 日本、東京都千代田区",
                "global_code": "8Q7XMQH7+XW"
            },
            "price_level": 2,
            "rating": 3.5,
            "reference": "ChIJGbfzNvqLGGAR4Dk6fHHYcdE",
            "scope": "GOOGLE",
            "types": [
                "cafe",
                "food",
                "point_of_interest",
                "establishment"
            ],
            "user_ratings_total": 37,
            "vicinity": "千代田区丸の内２丁目７−２ １F JPタワーKITTE内"
        },
        {
            "business_status": "OPERATIONAL",
            "geometry": {
                "location": {
                    "lat": 35.6790281,
                    "lng": 139.7631236
                },
                "viewport": {
                    "northeast": {
                        "lat": 35.6805824302915,
                        "lng": 139.7645552302915
                    },
                    "southwest": {
                        "lat": 35.6778844697085,
                        "lng": 139.7618572697085
                    }
                }
            },
            "icon": "https://maps.gstatic.com/mapfiles/place_api/icons/v1/png_71/cafe-71.png",
            "icon_background_color": "#FF9E67",
            "icon_mask_base_uri": "https://maps.gstatic.com/mapfiles/place_api/icons/v2/cafe_pinlet",
            "name": "Common Cafe",
            "place_id": "ChIJq6qq6vuLGGARkq3EuTc7fzs",
            "plus_code": {
                "compound_code": "MQH7+J6 日本、東京都千代田区",
                "global_code": "8Q7XMQH7+J6"
            },
            "reference": "ChIJq6qq6vuLGGARkq3EuTc7fzs",
            "scope": "GOOGLE",
            "types": [
                "cafe",
                "food",
                "point_of_interest",
                "establishment"
            ],
            "vicinity": "千代田区丸の内２丁目６−１"
        },
        {
            "business_status": "OPERATIONAL",
            "geometry": {
                "location": {
                    "lat": 35.67956249999999,
                    "lng": 139.7649617
                },
                "viewport": {
                    "northeast": {
                        "lat": 35.68122013029149,
                        "lng": 139.7664614802915
                    },
                    "southwest": {
                        "lat": 35.6785221697085,
                        "lng": 139.7637635197085
                    }
                }
            },
            "icon": "https://maps.gstatic.com/mapfiles/place_api/icons/v1/png_71/cafe-71.png",
            "icon_background_color": "#FF9E67",
            "icon_mask_base_uri": "https://maps.gstatic.com/mapfiles/place_api/icons/v2/cafe_pinlet",
            "name": "日本橋 千疋屋総本店 フルーツパーラー",
            "opening_hours": {
                "open_now": false
            },
            "photos": [
                {
                    "height": 1504,
                    "html_attributions": [
                        "<a href=\"https://maps.google.com/maps/contrib/105094993167695032451\">Happy Otto</a>"
                    ],
                    "photo_reference": "Aap_uEDhxs-rBEhbKCIbGbTNhtpapAnrFrPd7DoMgBT2_sxF5CKCXi7Rk3uHaernPoJfUKxid19EMenVHL_KAcBdDfJPoHmeywBDUyRwYYFk_rweZN9FNfp_OWUq01Tz0qLOmY4NL-6sq31Nwn9l4DdoH5amsxUtmT6Q-EbwQ5VZO9gb9rVH",
                    "width": 2674
                }
            ],
            "place_id": "ChIJT2LrS_qLGGARnHzdatFn-Kk",
            "plus_code": {
                "compound_code": "MQH7+RX 日本、東京都千代田区",
                "global_code": "8Q7XMQH7+RX"
            },
            "rating": 4.6,
            "reference": "ChIJT2LrS_qLGGARnHzdatFn-Kk",
            "scope": "GOOGLE",
            "types": [
                "cafe",
                "food",
                "point_of_interest",
                "establishment"
            ],
            "user_ratings_total": 8,
            "vicinity": "千代田区丸の内２丁目７"
        }
    ],
    "status": "OK"
}