{
    "html_attributions": [],
    "results": [
        {
            "business_status": "OPERATIONAL",
            "geometry": {
                "location": {
                    "lat": 35.6821899,
                    "lng": 139.7685242
                },
                "viewport": {
                    "northeast": {
                        "lat": 35.68307148029149,
                        "lng": 139.7703453302915
                    },
                    "southwest": {
                        "lat": 35.6803735197085,
                        "lng": 139.7676473697085
                    }
                }
            },
            "icon": "https://maps.gstatic.com/mapfiles/place_api/icons/v1/png_71/shopping-71.png",
            "icon_background_color": "#4B96F3",
            "icon_mask_base_uri": "https://maps.gstatic.com/mapfiles/place_api/icons/v2/shopping_pinlet",
            "name": "東京キャラクターストリート",
            "opening_hours": {
                "open_now": false
            },
            "photos": [
                {
                    "height": 3456,
                    "html_attributions": [
                        "<a href=\"https://maps.google.com/maps/contrib/112228717848982338439\">t s</a>"
                    ],
                    "photo_reference": "Aap_uEC2WOrhu-9hUB5dLZC13ur-BDxeKKY-jTmmQUEAc4boCW5C9VVDNS7g0PARZoVBtzbKCcrxi2k5468-51HVSjf_Un5ztjatcX197yZRqMYWdqsWdbEpdmBy1oPjEIHt1T12mzPj1dOqj-UaCk0NznvZs1VEGkjh1mptYkR0bWwMjx-x",
                    "width": 5184
                }
            ],
            "place_id": "ChIJGeYlX_mLGGARx_4HVNDXOxA",
            "plus_code": {
                "compound_code": "MQJ9+VC 日本、東京都千代田区",
                "global_code": "8Q7XMQJ9+VC"
            },
            "rating": 4.1,
            "reference": "ChIJGeYlX_mLGGARx_4HVNDXOxA",
            "scope": "GOOGLE",
            "types": [
                "shopping_mall",
                "tourist_attraction",
                "food",
                "point_of_interest",
                "store",
                "establishment"
            ],
            "user_ratings_total": 5178,
            "vicinity": "千代田区丸の内１丁目９−１ 東京駅一番街 B1"
        },
        {
            "business_status": "OPERATIONAL",
            "geometry": {
                "location": {
                    "lat": 35.68122859999999,
                    "lng": 139.7673953
                },
                "viewport": {
                    "northeast": {
                        "lat": 35.6827717302915,
                        "lng": 139.7703663
                    },
                    "southwest": {
                        "lat": 35.6800737697085,
                        "lng": 139.7641875
                    }
                }
            },
            "icon": "https://maps.gstatic.com/mapfiles/place_api/icons/v1/png_71/generic_business-71.png",
            "icon_background_color": "#13B5C7",
            "icon_mask_base_uri": "https://maps.gstatic.com/mapfiles/place_api/icons/v2/generic_pinlet",
            "name": "銀の鈴",
            "photos": [
                {
                    "height": 4000,
                    "html_attributions": [
                        "<a href=\"https://maps.google.com/maps/contrib/113788015522190608876\">大橋慶三</a>"
                    ],
                    "photo_reference": "Aap_uEDaVr1r79vpIzuIwCP1drn6t0ms4HbTLD-JHBXNOCHypdJ-bDIQYD6Y97iCAvJ-HxSZIX2VQEuL1bWJc4o-pZepW2NJiktoi-GLr5VAKrTEU-LMBmFTmjuekYpud92rAUzAo5DRJDT3mO60mRMovVXKLVsXNt5-Nlo61Izw6dPAlmyB",
                    "width": 2252
                }
            ],
            "place_id": "ChIJ9-LJdPyLGGARZeSwNOHJv3I",
            "plus_code": {
                "compound_code": "MQJ8+FX 日本、東京都千代田区",
                "global_code": "8Q7XMQJ8+FX"
            },
            "rating": 3.6,
            "reference": "ChIJ9-LJdPyLGGARZeSwNOHJv3I",
            "scope": "GOOGLE",
            "types": [
                "tourist_attraction",
                "point_of_interest",
                "establishment"
            ],
            "user_ratings_total": 1192,
            "vicinity": "千代田区丸の内１丁目９−１ B1"
        },
        {
            "business_status": "OPERATIONAL",
            "geometry": {
                "location": {
                    "lat": 35.6813626,
                    "lng": 139.7672475
                },
                "viewport": {
                    "northeast": {
                        "lat": 35.6827115802915,
                        "lng": 139.7685964802915
                    },
                    "southwest": {
                        "lat": 35.6800136197085,
                        "lng": 139.7658985197085
                    }
                }
            },
            "icon": "https://maps.gstatic.com/mapfiles/place_api/icons/v1/png_71/generic_business-71.png",
            "icon_background_color": "#13B5C7",
            "icon_mask_base_uri": "https://maps.gstatic.com/mapfiles/place_api/icons/v2/generic_pinlet",
            "name": "浜口首相遭難現場",
            "opening_hours": {
                "open_now": true
            },
            "photos": [
                {
                    "height": 3024,
                    "html_attributions": [
                        "<a href=\"https://maps.google.com/maps/contrib/101381669742694016612\">hiroshi akiike</a>"
                    ],
                    "photo_reference": "Aap_uECXchnlKZL0IAwio_oPEtEz9nTdPp5tg-_mlmnzQgaRfeEbiFsbBsI31td7ScvOsClz6fTlTL8Jk3oXyeBlh60GliBENr5b2K56RSiCiEoFHacoav03tIH_124VUcSLp5VIWM06WaDA7lTAHGihuJlf9HzgQ_AAhRzK-riptHukaYVQ",
                    "width": 4032
                }
            ],
            "place_id": "ChIJN5fy-vuLGGARnxKvge5h-F4",
            "plus_code": {
                "compound_code": "MQJ8+GV 日本、東京都千代田区",
                "global_code": "8Q7XMQJ8+GV"
            },
            "rating": 4.3,
            "reference": "ChIJN5fy-vuLGGARnxKvge5h-F4",
            "scope": "GOOGLE",
            "types": [
                "tourist_attraction",
                "point_of_interest",
                "establishment"
            ],
            "user_ratings_total": 12,
            "vicinity": "千代田区丸の内１丁目９"
        }
    ],
    "status": "OK"
}