{
    "html_attributions": [],
    "results": [
        {
            "business_status": "OPERATIONAL",
            "geometry": {
                "location": {
                    "lat": 35.68139439999999,
                    "lng": 139.7690966
                },
                "viewport": {
                    "northeast": {
                        "lat": 35.6827195302915,
                        "lng": 139.7706581802915
                    },
                    "southwest": {
                        "lat": 35.6800215697085,
                        "lng": 139.7679602197085
                    }
                }
            },
            "icon": "https://maps.gstatic.com/mapfiles/place_api/icons/v1/png_71/generic_business-71.png",
            "icon_background_color": "#7B9EB0",
            "icon_mask_base_uri": "https://maps.gstatic.com/mapfiles/place_api/icons/v2/generic_pinlet",
            "name": "アートステーション",
            "place_id": "ChIJD1r2P_yLGGARHCeA9mYuOQY",
            "plus_code": {
                "compound_code": "MQJ9+HJ 日本、東京都千代田区",
                "global_code": "8Q7XMQJ9+HJ"
            },
            "reference": "ChIJD1r2P_yLGGARHCeA9mYuOQY",
            "scope": "GOOGLE",
            "types": [
                "art_gallery",
                "point_of_interest",
                "establishment"
            ],
            "vicinity": "千代田区丸の内１丁目９−１"
        }
    ],
    "status": "OK"
}