{
    "html_attributions": [],
    "results": [
        {
            "business_status": "CLOSED_TEMPORARILY",
            "geometry": {
                "location": {
                    "lat": 35.6818718,
                    "lng": 139.7658469
                },
                "viewport": {
                    "northeast": {
                        "lat": 35.68322078029149,
                        "lng": 139.7671958802915
                    },
                    "southwest": {
                        "lat": 35.6805228197085,
                        "lng": 139.7644979197085
                    }
                }
            },
            "icon": "https://maps.gstatic.com/mapfiles/place_api/icons/v1/png_71/generic_business-71.png",
            "icon_background_color": "#7B9EB0",
            "icon_mask_base_uri": "https://maps.gstatic.com/mapfiles/place_api/icons/v2/generic_pinlet",
            "name": "行幸地下ギャラリー",
            "permanently_closed": true,
            "photos": [
                {
                    "height": 3492,
                    "html_attributions": [
                        "<a href=\"https://maps.google.com/maps/contrib/112354762675280237883\">2731 zair</a>"
                    ],
                    "photo_reference": "Aap_uECyrQBwjWgZPBN7-EVMtbQgBe3__PxmjZUWWjD2BR4-0RfctucIPfNWvk-CHT4wCnjLSS0k07-kGmWa6F_6tTRIGLisPi_DOSYYL_2PB8PCNFhdo70tBE0RynsesFVBfu161yB6NxwpjCQwp7LLJ5B50kxNQAnT9Qd07tmBYfFjMxQ8",
                    "width": 4656
                }
            ],
            "place_id": "ChIJ559ElvmLGGARsjVhmBcNi3k",
            "rating": 3.9,
            "reference": "ChIJ559ElvmLGGARsjVhmBcNi3k",
            "scope": "GOOGLE",
            "types": [
                "art_gallery",
                "point_of_interest",
                "establishment"
            ],
            "user_ratings_total": 283,
            "vicinity": "千代田区丸の内１"
        },
        {
            "business_status": "OPERATIONAL",
            "geometry": {
                "location": {
                    "lat": 35.6818375,
                    "lng": 139.7667106
                },
                "viewport": {
                    "northeast": {
                        "lat": 35.68317888029149,
                        "lng": 139.7680910302915
                    },
                    "southwest": {
                        "lat": 35.68048091970849,
                        "lng": 139.7653930697085
                    }
                }
            },
            "icon": "https://maps.gstatic.com/mapfiles/place_api/icons/v1/png_71/generic_business-71.png",
            "icon_background_color": "#7B9EB0",
            "icon_mask_base_uri": "https://maps.gstatic.com/mapfiles/place_api/icons/v2/generic_pinlet",
            "name": "VINYL TOKYO（ビニール トーキョー）",
            "opening_hours": {
                "open_now": true
            },
            "photos": [
                {
                    "height": 1124,
                    "html_attributions": [
                        "<a href=\"https://maps.google.com/maps/contrib/102437288841237516242\">VINYL TOKYO（ビニール トーキョー）</a>"
                    ],
                    "photo_reference": "Aap_uEDUgeyyB_mXvVwDg65gjBmPPerjksUXlHionQPUbrdhKEvOHVgBdYqxAM74g9PCVggruU4l3Bq1yjhDuC6_MAp9mfMnvgiH7vh2_6emReJgoRWvDXTrDiKqiA3zYmpvbbMnpK4TKCGsfuDb_Yl6cle-79T05G186OW--ucCfiUcjUlM",
                    "width": 2000
                }
            ],
            "place_id": "ChIJ8_nGYy6LGGARKCtkzBY_rK8",
            "plus_code": {
                "compound_code": "MQJ8+PM 日本、東京都千代田区",
                "global_code": "8Q7XMQJ8+PM"
            },
            "rating": 4.6,
            "reference": "ChIJ8_nGYy6LGGARKCtkzBY_rK8",
            "scope": "GOOGLE",
            "types": [
                "art_gallery",
                "food",
                "point_of_interest",
                "store",
                "establishment"
            ],
            "user_ratings_total": 11,
            "vicinity": "千代田区丸の内１丁目９−１ JR東日本東京駅構内1F グランスタ東京"
        }
    ],
    "status": "OK"
}