{
    "html_attributions": [],
    "results": [
        {
            "business_status": "OPERATIONAL",
            "geometry": {
                "location": {
                    "lat": 35.6795419,
                    "lng": 139.7650118
                },
                "viewport": {
                    "northeast": {
                        "lat": 35.6812098302915,
                        "lng": 139.7664865302915
                    },
                    "southwest": {
                        "lat": 35.6785118697085,
                        "lng": 139.7637885697085
                    }
                }
            },
            "icon": "https://maps.gstatic.com/mapfiles/place_api/icons/v1/png_71/generic_business-71.png",
            "icon_background_color": "#7B9EB0",
            "icon_mask_base_uri": "https://maps.gstatic.com/mapfiles/place_api/icons/v2/generic_pinlet",
            "name": "KITTEガーデン",
            "opening_hours": {
                "open_now": false
            },
            "photos": [
                {
                    "height": 3000,
                    "html_attributions": [
                        "<a href=\"https://maps.google.com/maps/contrib/107569015831052927385\">James Chen</a>"
                    ],
                    "photo_reference": "Aap_uEDfDKog6lexzH9OFfikwnLcb0NoCUyGlw-Bq3jWLMA_dBdEymRVVu50gZrKYZroiFVVh2UXX2qHfuhtSICvrI6-KOQTr_L4p3UHinCixMXrGCy8glF5iLyww9MOpld1wYXDsN9TYHXttnGAAfbxXwsfltTQkn18_uqqAEJf1HYGJRzr",
                    "width": 5333
                }
            ],
            "place_id": "ChIJtZRvRvqLGGARdS57rQP2NEk",
            "plus_code": {
                "compound_code": "MQH8+R2 日本、東京都千代田区",
                "global_code": "8Q7XMQH8+R2"
            },
            "rating": 4.3,
            "reference": "ChIJtZRvRvqLGGARdS57rQP2NEk",
            "scope": "GOOGLE",
            "types": [
                "tourist_attraction",
                "point_of_interest",
                "establishment"
            ],
            "user_ratings_total": 379,
            "vicinity": "千代田区丸の内２丁目７−２ KITTE丸の内 6F"
        }
    ],
    "status": "OK"
}