{
    "html_attributions": [],
    "results": [
        {
            "business_status": "OPERATIONAL",
            "geometry": {
                "location": {
                    "lat": 35.6824361,
                    "lng": 139.7665257
                },
                "viewport": {
                    "northeast": {
                        "lat": 35.6840845302915,
                        "lng": 139.7679506802915
                    },
                    "southwest": {
                        "lat": 35.6813865697085,
                        "lng": 139.7652527197085
                    }
                }
            },
            "icon": "https://maps.gstatic.com/mapfiles/place_api/icons/v1/png_71/museum-71.png",
            "icon_background_color": "#13B5C7",
            "icon_mask_base_uri": "https://maps.gstatic.com/mapfiles/place_api/icons/v2/museum_pinlet",
            "name": "東京ステーションギャラリー",
            "opening_hours": {
                "open_now": false
            },
            "photos": [
                {
                    "height": 3024,
                    "html_attributions": [
                        "<a href=\"https://maps.google.com/maps/contrib/109479853249297871656\">Kikuchi Tomonori</a>"
                    ],
                    "photo_reference": "Aap_uEDFRLYckhWbQ_49KgJ1KpMxyYOMu9ZzMo63waN2zj8ndavkBuMdQGfzODryIqDblOyLFa23x6vUCPOkeOb0Oc3LJgb5MUfM_8J_EKGVxrg-8pfQw7W-wp5cTAyUFYcA59sU1S2_5tTLBYCiVLuNvxnXb1XxMjkDpqgTUL01rl6UPoWd",
                    "width": 4032
                }
            ],
            "place_id": "ChIJtxODuv6LGGAR4xf7X3WayX0",
            "plus_code": {
                "compound_code": "MQJ8+XJ 日本、東京都千代田区",
                "global_code": "8Q7XMQJ8+XJ"
            },
            "rating": 4.2,
            "reference": "ChIJtxODuv6LGGAR4xf7X3WayX0",
            "scope": "GOOGLE",
            "types": [
                "art_gallery",
                "tourist_attraction",
                "museum",
                "point_of_interest",
                "establishment"
            ],
            "user_ratings_total": 1562,
            "vicinity": "千代田区丸の内１丁目９−１"
        },
        {
            "business_status": "OPERATIONAL",
            "geometry": {
                "location": {
                    "lat": 35.68346439999999,
                    "lng": 139.7663783
                },
                "viewport": {
                    "northeast": {
                        "lat": 35.6845809302915,
                        "lng": 139.7678982302915
                    },
                    "southwest": {
                        "lat": 35.6818829697085,
                        "lng": 139.7652002697085
                    }
                }
            },
            "icon": "https://maps.gstatic.com/mapfiles/place_api/icons/v1/png_71/museum-71.png",
            "icon_background_color": "#13B5C7",
            "icon_mask_base_uri": "https://maps.gstatic.com/mapfiles/place_api/icons/v2/museum_pinlet",
            "name": "丸善 ギャラリー",
            "photos": [
                {
                    "height": 4037,
                    "html_attributions": [
                        "<a href=\"https://maps.google.com/maps/contrib/112945089264151221647\">福井良佑</a>"
                    ],
                    "photo_reference": "Aap_uEB1uupnDdVVGrSS2rGbg1i9eY5mn2-2p9bhteSyCYgzz3yBQj_q6N4EhRGOvhlMq-T8z9uqup40zYOV-6OAQ3nUOSzOlWM0Wx8oz_BOJfeJSPq7227Iqza7N9Zl8WVcwOAQkYN1HotbkNsY1uIsYHM3kFEtKDRZTb35nVmRlc2AzW-f",
                    "width": 2336
                }
            ],
            "place_id": "ChIJIzV_7M-LGGARzZbI02K2Q08",
            "plus_code": {
                "compound_code": "MQM8+9H 日本、東京都千代田区",
                "global_code": "8Q7XMQM8+9H"
            },
            "reference": "ChIJIzV_7M-LGGARzZbI02K2Q08",
            "scope": "GOOGLE",
            "types": [
                "museum",
                "point_of_interest",
                "establishment"
            ],
            "vicinity": "千代田区丸の内１丁目６−４"
        }
    ],
    "status": "OK"
}