{
    "html_attributions": [],
    "results": [
        {
            "business_status": "OPERATIONAL",
            "geometry": {
                "location": {
                    "lat": 35.6776778,
                    "lng": 139.7620879
                },
                "viewport": {
                    "northeast": {
                        "lat": 35.6790220302915,
                        "lng": 139.7634598802915
                    },
                    "southwest": {
                        "lat": 35.6763240697085,
                        "lng": 139.7607619197085
                    }
                }
            },
            "icon": "https://maps.gstatic.com/mapfiles/place_api/icons/v1/png_71/park-71.png",
            "icon_background_color": "#4DB546",
            "icon_mask_base_uri": "https://maps.gstatic.com/mapfiles/place_api/icons/v2/tree_pinlet",
            "name": "丸の内ストリートパーク",
            "opening_hours": {
                "open_now": true
            },
            "photos": [
                {
                    "height": 2251,
                    "html_attributions": [
                        "<a href=\"https://maps.google.com/maps/contrib/114014430533432266990\">Savoir Aimer</a>"
                    ],
                    "photo_reference": "Aap_uEDXHywftgnMCZAXpBooAgq_Zn37Geuehc6Sm3PwtAShcmPW0wNLpq5yftDW5V1ai3D84UU0f6WvTmwLrNyarn_m4WjZC_G8w9B1XA_xAQoGAGNb1YhdTYDz3qvJKNmlbDjUUUpvz7Wqkv4eRlZcahZMOQhBI2yUchfevL99Sw59I-xH",
                    "width": 3001
                }
            ],
            "place_id": "ChIJuYvAIqeLGGARSxtxLTb7EdA",
            "plus_code": {
                "compound_code": "MQH6+3R 日本、東京都千代田区",
                "global_code": "8Q7XMQH6+3R"
            },
            "rating": 4.9,
            "reference": "ChIJuYvAIqeLGGARSxtxLTb7EdA",
            "scope": "GOOGLE",
            "types": [
                "park",
                "point_of_interest",
                "establishment"
            ],
            "user_ratings_total": 13,
            "vicinity": "千代田区丸の内３丁目３−１ 新東京ビル"
        },
        {
            "business_status": "OPERATIONAL",
            "geometry": {
                "location": {
                    "lat": 35.6785426,
                    "lng": 139.7630456
                },
                "viewport": {
                    "northeast": {
                        "lat": 35.6798915802915,
                        "lng": 139.7643945802915
                    },
                    "southwest": {
                        "lat": 35.6771936197085,
                        "lng": 139.7616966197085
                    }
                }
            },
            "icon": "https://maps.gstatic.com/mapfiles/place_api/icons/v1/png_71/park-71.png",
            "icon_background_color": "#4DB546",
            "icon_mask_base_uri": "https://maps.gstatic.com/mapfiles/place_api/icons/v2/tree_pinlet",
            "name": "Garden",
            "photos": [
                {
                    "height": 3024,
                    "html_attributions": [
                        "<a href=\"https://maps.google.com/maps/contrib/103007638873893186244\">カメレオンマン</a>"
                    ],
                    "photo_reference": "Aap_uEDGrlJIneqqQAmeleskXMSzeCS4VCUmMtd1wlrUtoFBo0_S5uTY4kABXvbC1TO75-RJUDUVvame8xffGYWegxdCkVVPAZDnRdRJgKlRhsiTIa6IQWXnn0cUZmvmAYaIvUMUMd2TmFCb1VfQ6gT0d_e4gEWKHJwZ0kFv4UZI7ro4lGQ",
                    "width": 4032
                }
            ],
            "place_id": "ChIJdy7ymC2LGGARPwP8zGhbWj8",
            "plus_code": {
                "compound_code": "MQH7+C6 日本、東京都千代田区",
                "global_code": "8Q7XMQH7+C6"
            },
            "rating": 4.3,
            "reference": "ChIJdy7ymC2LGGARPwP8zGhbWj8",
            "scope": "GOOGLE",
            "types": [
                "park",
                "point_of_interest",
                "establishment"
            ],
            "user_ratings_total": 4,
            "vicinity": "丸の内ブリックスクエアB1F, ２丁目-６-1 丸の内, 千代田区"
        },
        {
            "business_status": "OPERATIONAL",
            "geometry": {
                "location": {
                    "lat": 35.67857310000001,
                    "lng": 139.7630256
                },
                "viewport": {
                    "northeast": {
                        "lat": 35.67992208029151,
                        "lng": 139.7643745802915
                    },
                    "southwest": {
                        "lat": 35.67722411970851,
                        "lng": 139.7616766197085
                    }
                }
            },
            "icon": "https://maps.gstatic.com/mapfiles/place_api/icons/v1/png_71/park-71.png",
            "icon_background_color": "#4DB546",
            "icon_mask_base_uri": "https://maps.gstatic.com/mapfiles/place_api/icons/v2/tree_pinlet",
            "name": "一号館広場",
            "photos": [
                {
                    "height": 1536,
                    "html_attributions": [
                        "<a href=\"https://maps.google.com/maps/contrib/101155099468361376728\">黄昏の夢追人</a>"
                    ],
                    "photo_reference": "Aap_uEC3pqMr3ZoV9vVdX1Uskr8kQJeRpdZmj5XwVDRA6MtQcGwWZQdlovLnm33Hp7Tvnx46XFdqJccyNPMGybMK9tYwPjLH2L7_d4K5-5qi8quxdSZnK0M1IeWZPZSoShC07ewRAE9Ro4Ux59AkJmNzbxI_bDmhmThrtvJ6fAjyO22pYnTr",
                    "width": 2048
                }
            ],
            "place_id": "ChIJK5qJIiSLGGARhjon5qqPUS0",
            "plus_code": {
                "compound_code": "MQH7+C6 日本、東京都千代田区",
                "global_code": "8Q7XMQH7+C6"
            },
            "rating": 4.8,
            "reference": "ChIJK5qJIiSLGGARhjon5qqPUS0",
            "scope": "GOOGLE",
            "types": [
                "park",
                "point_of_interest",
                "establishment"
            ],
            "user_ratings_total": 6,
            "vicinity": "千代田区丸の内 Garden, 丸の内ブリックスクエア1F, ２丁目-６-1"
        }
    ],
    "status": "OK"
}