{
    "html_attributions": [],
    "results": [
        {
            "business_status": "OPERATIONAL",
            "geometry": {
                "location": {
                    "lat": 35.6835155,
                    "lng": 139.7666676
                },
                "viewport": {
                    "northeast": {
                        "lat": 35.68483208029151,
                        "lng": 139.7680058802915
                    },
                    "southwest": {
                        "lat": 35.68213411970851,
                        "lng": 139.7653079197085
                    }
                }
            },
            "icon": "https://maps.gstatic.com/mapfiles/place_api/icons/v1/png_71/shopping-71.png",
            "icon_background_color": "#4B96F3",
            "icon_mask_base_uri": "https://maps.gstatic.com/mapfiles/place_api/icons/v2/shopping_pinlet",
            "name": "丸善 丸の内本店",
            "opening_hours": {
                "open_now": false
            },
            "photos": [
                {
                    "height": 3464,
                    "html_attributions": [
                        "<a href=\"https://maps.google.com/maps/contrib/108238395249474372075\">Kusakabe Mike</a>"
                    ],
                    "photo_reference": "Aap_uECV7jpuxwcnzQpiJxcYsr3H1T00aRsHIV0Fyt_OFa5fwpuW_E_A2IM81rEbidi1soPjkB0jWYJZYMbvzLQAsqZ0UsZg4udFwTsaIckeg19kTYBx1OXZvx2M9Y_cxGqybAIjOeLOwxU11N-d5rtM-2ezwBsvbK1Oe3WSe8L78IsakeEz",
                    "width": 4618
                }
            ],
            "place_id": "ChIJ2TZSCfmLGGAR26O97vWyYcE",
            "plus_code": {
                "compound_code": "MQM8+CM 日本、東京都千代田区",
                "global_code": "8Q7XMQM8+CM"
            },
            "rating": 4.3,
            "reference": "ChIJ2TZSCfmLGGAR26O97vWyYcE",
            "scope": "GOOGLE",
            "types": [
                "book_store",
                "art_gallery",
                "cafe",
                "food",
                "point_of_interest",
                "store",
                "establishment"
            ],
            "user_ratings_total": 5457,
            "vicinity": "千代田区丸の内１丁目６−４ 1階～4階 丸の内オアゾ"
        },
        {
            "business_status": "OPERATIONAL",
            "geometry": {
                "location": {
                    "lat": 35.6824361,
                    "lng": 139.7665257
                },
                "viewport": {
                    "northeast": {
                        "lat": 35.6840845302915,
                        "lng": 139.7679506802915
                    },
                    "southwest": {
                        "lat": 35.6813865697085,
                        "lng": 139.7652527197085
                    }
                }
            },
            "icon": "https://maps.gstatic.com/mapfiles/place_api/icons/v1/png_71/museum-71.png",
            "icon_background_color": "#13B5C7",
            "icon_mask_base_uri": "https://maps.gstatic.com/mapfiles/place_api/icons/v2/museum_pinlet",
            "name": "東京ステーションギャラリー",
            "opening_hours": {
                "open_now": false
            },
            "photos": [
                {
                    "height": 3024,
                    "html_attributions": [
                        "<a href=\"https://maps.google.com/maps/contrib/109479853249297871656\">Kikuchi Tomonori</a>"
                    ],
                    "photo_reference": "Aap_uEDWMNDzuKKQqyWifVFu0LxDQyoyV1ikZxVPfpsVB1wpDcOiP-InWEcc8tXH30pFGYJBeHF000nSpfe5YhhPNpCpzfTvQpJsDm3pcKdOWBQaoFEL0iazIJZItxxq4-rNDaZBTOMUKsYhdNNq7EXtPGvVwIcCDQDK_mKaOcHeBDAUCkiC",
                    "width": 4032
                }
            ],
            "place_id": "ChIJtxODuv6LGGAR4xf7X3WayX0",
            "plus_code": {
                "compound_code": "MQJ8+XJ 日本、東京都千代田区",
                "global_code": "8Q7XMQJ8+XJ"
            },
            "rating": 4.2,
            "reference": "ChIJtxODuv6LGGAR4xf7X3WayX0",
            "scope": "GOOGLE",
            "types": [
                "art_gallery",
                "tourist_attraction",
                "museum",
                "point_of_interest",
                "establishment"
            ],
            "user_ratings_total": 1562,
            "vicinity": "千代田区丸の内１丁目９−１"
        }
    ],
    "status": "OK"
}