{
    "html_attributions": [],
    "results": [
        {
            "business_status": "OPERATIONAL",
            "geometry": {
                "location": {
                    "lat": 35.679713,
                    "lng": 139.7677172
                },
                "viewport": {
                    "northeast": {
                        "lat": 35.6810497802915,
                        "lng": 139.7691133802915
                    },
                    "southwest": {
                        "lat": 35.6783518197085,
                        "lng": 139.7664154197085
                    }
                }
            },
            "icon": "https://maps.gstatic.com/mapfiles/place_api/icons/v1/png_71/restaurant-71.png",
            "icon_background_color": "#FF9E67",
            "icon_mask_base_uri": "https://maps.gstatic.com/mapfiles/place_api/icons/v2/restaurant_pinlet",
            "name": "マクドナルド ＪＲ東京駅店",
            "opening_hours": {
                "open_now": true
            },
            "photos": [
                {
                    "height": 1536,
                    "html_attributions": [
                        "<a href=\"https://maps.google.com/maps/contrib/104154304986172892841\">Aomakigami Andalucia blue</a>"
                    ],
                    "photo_reference": "Aap_uEAg9NMYe9oPu4c-i7Zg641pn3MFcWTZqI5Pe33w_vSH6IF65ga-XDCywajk7ADe0IRqsfM45rnqFoDT0yk51pw662OyrfWOALQwlBugEYf7OAsaMsieqKQM8RA6FzRhOLS6ak6QN45DjWz6auRGK2zYsQAR2fOfIfYzoDrrN4ABpn0G",
                    "width": 2048
                }
            ],
            "place_id": "ChIJtxODuv6LGGARVMOLXTt57_A",
            "plus_code": {
                "compound_code": "MQH9+V3 日本、東京都千代田区",
                "global_code": "8Q7XMQH9+V3"
            },
            "price_level": 1,
            "rating": 3.5,
            "reference": "ChIJtxODuv6LGGARVMOLXTt57_A",
            "scope": "GOOGLE",
            "types": [
                "cafe",
                "restaurant",
                "food",
                "point_of_interest",
                "store",
                "establishment"
            ],
            "user_ratings_total": 1554,
            "vicinity": "千代田区丸の内１丁目９−１ 東京駅一番街"
        },
        {
            "business_status": "OPERATIONAL",
            "geometry": {
                "location": {
                    "lat": 35.67929340000001,
                    "lng": 139.7676161
                },
                "viewport": {
                    "northeast": {
                        "lat": 35.6806371802915,
                        "lng": 139.7689842302915
                    },
                    "southwest": {
                        "lat": 35.6779392197085,
                        "lng": 139.7662862697085
                    }
                }
            },
            "icon": "https://maps.gstatic.com/mapfiles/place_api/icons/v1/png_71/restaurant-71.png",
            "icon_background_color": "#FF9E67",
            "icon_mask_base_uri": "https://maps.gstatic.com/mapfiles/place_api/icons/v2/restaurant_pinlet",
            "name": "ウォルプタス",
            "opening_hours": {
                "open_now": true
            },
            "photos": [
                {
                    "height": 720,
                    "html_attributions": [
                        "<a href=\"https://maps.google.com/maps/contrib/117785614354478612170\">ウォルプタス</a>"
                    ],
                    "photo_reference": "Aap_uEDI8e0BQjgIwa_XLA8C21ZK8pzsT90jiezwcieRVRFbP-qTfSnKuE0G0DxzO3e0CvvimuHFHvWwieCb3nAe2VA3sfEwgIDBhWB6FhvQRuH1HcfsMAW_W8NvjvEdplS_Lsz86JJFT7zuAIvvCYY294ARSS90cmIldn5ov0bCVYja_zZL",
                    "width": 900
                }
            ],
            "place_id": "ChIJGeYlX_mLGGAR0b18Rd_Wz1Q",
            "plus_code": {
                "compound_code": "MQH9+P2 日本、東京都千代田区",
                "global_code": "8Q7XMQH9+P2"
            },
            "price_level": 2,
            "rating": 3.6,
            "reference": "ChIJGeYlX_mLGGAR0b18Rd_Wz1Q",
            "scope": "GOOGLE",
            "types": [
                "meal_takeaway",
                "cafe",
                "bar",
                "restaurant",
                "food",
                "point_of_interest",
                "establishment"
            ],
            "user_ratings_total": 339,
            "vicinity": "千代田区丸の内１丁目９−１ グランルーフ 2F"
        },
        {
            "business_status": "OPERATIONAL",
            "geometry": {
                "location": {
                    "lat": 35.679958,
                    "lng": 139.769022
                },
                "viewport": {
                    "northeast": {
                        "lat": 35.6813004802915,
                        "lng": 139.7703644302915
                    },
                    "southwest": {
                        "lat": 35.67860251970851,
                        "lng": 139.7676664697085
                    }
                }
            },
            "icon": "https://maps.gstatic.com/mapfiles/place_api/icons/v1/png_71/cafe-71.png",
            "icon_background_color": "#FF9E67",
            "icon_mask_base_uri": "https://maps.gstatic.com/mapfiles/place_api/icons/v2/cafe_pinlet",
            "name": "星乃珈琲店 八重洲地下街",
            "opening_hours": {
                "open_now": false
            },
            "photos": [
                {
                    "height": 3024,
                    "html_attributions": [
                        "<a href=\"https://maps.google.com/maps/contrib/111644383337241800093\">かわこもこ</a>"
                    ],
                    "photo_reference": "Aap_uEBEa4V6KKXfSK6XI7qlry2y-W5jVfs5AlEGUp0o8bMjv3qgSaCjcu_wsjfFjCrVzaIyF3ZxTcGUDDtU03mwf6FRX48QP-nwkN3lLUUe4WUUMxPuFG7DWA_CQD9TVv8DPO_KPQ8U-RAevYWQp5bQlq3njJLzT5fWLCluAF9eqDSH2I5I",
                    "width": 4032
                }
            ],
            "place_id": "ChIJd7QjMjCLGGARvZIKIxVKuUo",
            "plus_code": {
                "compound_code": "MQH9+XJ 日本、東京都中央区",
                "global_code": "8Q7XMQH9+XJ"
            },
            "price_level": 2,
            "rating": 3.7,
            "reference": "ChIJd7QjMjCLGGARvZIKIxVKuUo",
            "scope": "GOOGLE",
            "types": [
                "cafe",
                "food",
                "point_of_interest",
                "store",
                "establishment"
            ],
            "user_ratings_total": 15,
            "vicinity": "中央区八重洲２丁目１"
        },
        {
            "business_status": "OPERATIONAL",
            "geometry": {
                "location": {
                    "lat": 35.68023459999999,
                    "lng": 139.7689626
                },
                "viewport": {
                    "northeast": {
                        "lat": 35.6814314802915,
                        "lng": 139.7703519302915
                    },
                    "southwest": {
                        "lat": 35.6787335197085,
                        "lng": 139.7676539697085
                    }
                }
            },
            "icon": "https://maps.gstatic.com/mapfiles/place_api/icons/v1/png_71/cafe-71.png",
            "icon_background_color": "#FF9E67",
            "icon_mask_base_uri": "https://maps.gstatic.com/mapfiles/place_api/icons/v2/cafe_pinlet",
            "name": "2foods 八重洲地下街店",
            "opening_hours": {
                "open_now": false
            },
            "photos": [
                {
                    "height": 3630,
                    "html_attributions": [
                        "<a href=\"https://maps.google.com/maps/contrib/104826805931168041350\">2foods 八重洲地下街店</a>"
                    ],
                    "photo_reference": "Aap_uEC8scvV2sjzEPmVEDF49wzBh8q1WCy34ylAtf3O_aUI6PPF4ke8ZwB7KROcLisvn02M44-OYczYvVyg6Vtz-oS9IspkO3LKTM7tlqFqloTW0SwBMVrUYFHVVfBwUea2x1pJjW9dVTA20b6_AmDxHtNFUPg7R1I4EHrrxc-pErAJDRhl",
                    "width": 5444
                }
            ],
            "place_id": "ChIJa-tZ8Z6LGGARbccvhSkbW6k",
            "plus_code": {
                "compound_code": "MQJ9+3H 日本、東京都中央区",
                "global_code": "8Q7XMQJ9+3H"
            },
            "rating": 4.5,
            "reference": "ChIJa-tZ8Z6LGGARbccvhSkbW6k",
            "scope": "GOOGLE",
            "types": [
                "cafe",
                "restaurant",
                "food",
                "point_of_interest",
                "store",
                "establishment"
            ],
            "user_ratings_total": 11,
            "vicinity": "中央区八重洲2−１ 八重洲地下街北 1号"
        }
    ],
    "status": "OK"
}