{
    "html_attributions": [],
    "results": [
        {
            "business_status": "OPERATIONAL",
            "geometry": {
                "location": {
                    "lat": 35.6807398,
                    "lng": 139.7639401
                },
                "viewport": {
                    "northeast": {
                        "lat": 35.6821084302915,
                        "lng": 139.7654431802915
                    },
                    "southwest": {
                        "lat": 35.6794104697085,
                        "lng": 139.7627452197085
                    }
                }
            },
            "icon": "https://maps.gstatic.com/mapfiles/place_api/icons/v1/png_71/shopping-71.png",
            "icon_background_color": "#4B96F3",
            "icon_mask_base_uri": "https://maps.gstatic.com/mapfiles/place_api/icons/v2/shopping_pinlet",
            "name": "アッシュ・ペー・フランス ビジュー 丸の内店",
            "opening_hours": {
                "open_now": false
            },
            "photos": [
                {
                    "height": 3024,
                    "html_attributions": [
                        "<a href=\"https://maps.google.com/maps/contrib/106511590425246088754\">Ins Hyd</a>"
                    ],
                    "photo_reference": "Aap_uEAivYEZxLYbXGU5OOdYGbmP3Oe04vQkrkpNC6qBrM-xnIphmY3CF8O9LDQHGbwz2k2cvCf24WQbojrXKq4Nd_I8e4KxcOy0wnVd9lXFBBse-e79pfzm0EIyWfPpdqIPNtvEKv6rKIZeXVmVwDeLsUTSADjMz92vLNAiNPEY06QzfQFq",
                    "width": 4032
                }
            ],
            "place_id": "ChIJH8vQ7fmLGGARnTQblsXfxJQ",
            "plus_code": {
                "compound_code": "MQJ7+7H 日本、東京都千代田区",
                "global_code": "8Q7XMQJ7+7H"
            },
            "rating": 3.5,
            "reference": "ChIJH8vQ7fmLGGARnTQblsXfxJQ",
            "scope": "GOOGLE",
            "types": [
                "art_gallery",
                "jewelry_store",
                "point_of_interest",
                "store",
                "establishment"
            ],
            "user_ratings_total": 11,
            "vicinity": "千代田区丸の内２丁目４−１ 丸の内ビルディング １F"
        }
    ],
    "status": "OK"
}