{
    "html_attributions": [],
    "results": [
        {
            "business_status": "OPERATIONAL",
            "geometry": {
                "location": {
                    "lat": 35.682449,
                    "lng": 139.7609187
                },
                "viewport": {
                    "northeast": {
                        "lat": 35.68379798029149,
                        "lng": 139.7622676802915
                    },
                    "southwest": {
                        "lat": 35.6811000197085,
                        "lng": 139.7595697197085
                    }
                }
            },
            "icon": "https://maps.gstatic.com/mapfiles/place_api/icons/v1/png_71/park-71.png",
            "icon_background_color": "#4DB546",
            "icon_mask_base_uri": "https://maps.gstatic.com/mapfiles/place_api/icons/v2/tree_pinlet",
            "name": "行幸通り中央車線広場",
            "photos": [
                {
                    "height": 3024,
                    "html_attributions": [
                        "<a href=\"https://maps.google.com/maps/contrib/113888576464099713132\">makei koda</a>"
                    ],
                    "photo_reference": "Aap_uEAD2zr5Ej3LdXI7Hs8t413wUI0eWJ_5bKpxSn4lfKCHmaK5e5sHRazG_X0X5aY-l9k0QD85ywwIarMJHr6AgAKsJdah4-KhsEiSZ4rIKKscaB0KDnDTJ8qyJgA7CRsQB_UG-kpjyAczqdKeeEf4Hm5Klr7dft_aLz9gqndNNSZbfXeD",
                    "width": 4032
                }
            ],
            "place_id": "ChIJUdkOkGGLGGAR1CxW3yzjnwY",
            "plus_code": {
                "compound_code": "MQJ6+X9 日本、東京都千代田区",
                "global_code": "8Q7XMQJ6+X9"
            },
            "rating": 4.5,
            "reference": "ChIJUdkOkGGLGGAR1CxW3yzjnwY",
            "scope": "GOOGLE",
            "types": [
                "park",
                "point_of_interest",
                "establishment"
            ],
            "user_ratings_total": 15,
            "vicinity": "千代田区皇居外苑２−１"
        }
    ],
    "status": "OK"
}