{
    "html_attributions": [],
    "results": [
        {
            "business_status": "OPERATIONAL",
            "geometry": {
                "location": {
                    "lat": 35.6795419,
                    "lng": 139.7650118
                },
                "viewport": {
                    "northeast": {
                        "lat": 35.6812098302915,
                        "lng": 139.7664865302915
                    },
                    "southwest": {
                        "lat": 35.6785118697085,
                        "lng": 139.7637885697085
                    }
                }
            },
            "icon": "https://maps.gstatic.com/mapfiles/place_api/icons/v1/png_71/generic_business-71.png",
            "icon_background_color": "#7B9EB0",
            "icon_mask_base_uri": "https://maps.gstatic.com/mapfiles/place_api/icons/v2/generic_pinlet",
            "name": "KITTEガーデン",
            "opening_hours": {
                "open_now": false
            },
            "photos": [
                {
                    "height": 3000,
                    "html_attributions": [
                        "<a href=\"https://maps.google.com/maps/contrib/107569015831052927385\">James Chen</a>"
                    ],
                    "photo_reference": "Aap_uECqQVkdTEJNRTQhvtWIt48D5QXCwKk863_Tz6qVOC_VCU_h4lN77lSFHUhr1pLHfAiW3fB0RwJ2PZXiT9FrCX_q56akORGflpNG1SG_rqX9ZDHFQlpWXRv9fJBJN_qLO_fqBp-CoqVoW7LC64hFc1kTbMjoppIxaGwz804Tv5XUxWc-",
                    "width": 5333
                }
            ],
            "place_id": "ChIJtZRvRvqLGGARdS57rQP2NEk",
            "plus_code": {
                "compound_code": "MQH8+R2 日本、東京都千代田区",
                "global_code": "8Q7XMQH8+R2"
            },
            "rating": 4.3,
            "reference": "ChIJtZRvRvqLGGARdS57rQP2NEk",
            "scope": "GOOGLE",
            "types": [
                "tourist_attraction",
                "point_of_interest",
                "establishment"
            ],
            "user_ratings_total": 379,
            "vicinity": "千代田区丸の内２丁目７−２ KITTE丸の内 6F"
        },
        {
            "business_status": "OPERATIONAL",
            "geometry": {
                "location": {
                    "lat": 35.6803719,
                    "lng": 139.7658154
                },
                "viewport": {
                    "northeast": {
                        "lat": 35.6820461802915,
                        "lng": 139.7670446302915
                    },
                    "southwest": {
                        "lat": 35.6793482197085,
                        "lng": 139.7643466697085
                    }
                }
            },
            "icon": "https://maps.gstatic.com/mapfiles/place_api/icons/v1/png_71/generic_business-71.png",
            "icon_background_color": "#13B5C7",
            "icon_mask_base_uri": "https://maps.gstatic.com/mapfiles/place_api/icons/v2/generic_pinlet",
            "name": "駅のスタンプ",
            "photos": [
                {
                    "height": 4032,
                    "html_attributions": [
                        "<a href=\"https://maps.google.com/maps/contrib/101693676589355617479\">R M</a>"
                    ],
                    "photo_reference": "Aap_uEBN_aqyGwxa81jyh2ULpDlFo3uE1mQ1C1rfzyT1ceueYmR4Ns5TzYOD75L175Swj4rkVTXArNrDwLzdmWHZEpBqGGAmi7wfX6llx4eEtuajfNu9bNJ6Q6UjNS3DUaVV8FiwRob5TRkrUyXwoU3cN6M9gLbt40n62Zd_kdfTe-xXnXtv",
                    "width": 3024
                }
            ],
            "place_id": "ChIJ7SoAaZiLGGAR8blYE9CodwM",
            "plus_code": {
                "compound_code": "MQJ8+48 日本、東京都千代田区",
                "global_code": "8Q7XMQJ8+48"
            },
            "reference": "ChIJ7SoAaZiLGGAR8blYE9CodwM",
            "scope": "GOOGLE",
            "types": [
                "tourist_attraction",
                "point_of_interest",
                "establishment"
            ],
            "vicinity": "千代田区丸の内１丁目９"
        }
    ],
    "status": "OK"
}