{
    "html_attributions": [],
    "results": [
        {
            "business_status": "OPERATIONAL",
            "geometry": {
                "location": {
                    "lat": 35.6710693,
                    "lng": 139.7626123
                },
                "viewport": {
                    "northeast": {
                        "lat": 35.6725117302915,
                        "lng": 139.7640134302915
                    },
                    "southwest": {
                        "lat": 35.6698137697085,
                        "lng": 139.7613154697085
                    }
                }
            },
            "icon": "https://maps.gstatic.com/mapfiles/place_api/icons/v1/png_71/school-71.png",
            "icon_background_color": "#7B9EB0",
            "icon_mask_base_uri": "https://maps.gstatic.com/mapfiles/place_api/icons/v2/school_pinlet",
            "name": "Upgrade",
            "place_id": "ChIJbfbrVe-LGGAR08Na3VVQekY",
            "plus_code": {
                "compound_code": "MQC7+C2 日本、東京都中央区",
                "global_code": "8Q7XMQC7+C2"
            },
            "reference": "ChIJbfbrVe-LGGAR08Na3VVQekY",
            "scope": "GOOGLE",
            "types": [
                "electronics_store",
                "amusement_park",
                "home_goods_store",
                "point_of_interest",
                "store",
                "establishment"
            ],
            "vicinity": "中央区銀座６丁目６−１"
        },
        {
            "business_status": "OPERATIONAL",
            "geometry": {
                "location": {
                    "lat": 35.6941673,
                    "lng": 139.7761688
                },
                "viewport": {
                    "northeast": {
                        "lat": 35.6955542302915,
                        "lng": 139.7776489802915
                    },
                    "southwest": {
                        "lat": 35.6928562697085,
                        "lng": 139.7749510197085
                    }
                }
            },
            "icon": "https://maps.gstatic.com/mapfiles/place_api/icons/v1/png_71/generic_business-71.png",
            "icon_background_color": "#7B9EB0",
            "icon_mask_base_uri": "https://maps.gstatic.com/mapfiles/place_api/icons/v2/generic_pinlet",
            "name": "（株）ファーム 東京支店",
            "place_id": "ChIJ5_rz2quOGGARL6Ksuvgsxzo",
            "plus_code": {
                "compound_code": "MQVG+MF 日本、東京都千代田区",
                "global_code": "8Q7XMQVG+MF"
            },
            "reference": "ChIJ5_rz2quOGGARL6Ksuvgsxzo",
            "scope": "GOOGLE",
            "types": [
                "amusement_park",
                "point_of_interest",
                "establishment"
            ],
            "vicinity": "千代田区岩本町２丁目５−１０"
        }
    ],
    "status": "OK"
}