{
    "html_attributions": [],
    "results": [
        {
            "business_status": "OPERATIONAL",
            "geometry": {
                "location": {
                    "lat": 35.6775946,
                    "lng": 139.7717774
                },
                "viewport": {
                    "northeast": {
                        "lat": 35.6790291302915,
                        "lng": 139.7731394302915
                    },
                    "southwest": {
                        "lat": 35.6763311697085,
                        "lng": 139.7704414697085
                    }
                }
            },
            "icon": "https://maps.gstatic.com/mapfiles/place_api/icons/v1/png_71/movies-71.png",
            "icon_background_color": "#13B5C7",
            "icon_mask_base_uri": "https://maps.gstatic.com/mapfiles/place_api/icons/v2/movie_pinlet",
            "name": "京橋テアトル試写室",
            "photos": [
                {
                    "height": 3000,
                    "html_attributions": [
                        "<a href=\"https://maps.google.com/maps/contrib/101761250918210094898\">masala0517</a>"
                    ],
                    "photo_reference": "Aap_uEA_eJuBObgrFihNCEiLYa35Bm1sr2QLvUJBIB7ZE6DZ5wNbXhdtfApqnOJXSREjzcyPtQ--sll2QWn_GDbsEpe_ruu3k8ARVo7tqjQCNRBYFNQKUO5mL0yScmRwAX5zrXXXpl1gWJmUmcrfWcBp9XonT9K-Dow2uUQV2Mc108s6Ahhp",
                    "width": 4000
                }
            ],
            "place_id": "ChIJq6qek-KLGGARCy0Ap9znw8o",
            "plus_code": {
                "compound_code": "MQHC+2P 日本、東京都中央区",
                "global_code": "8Q7XMQHC+2P"
            },
            "rating": 3.6,
            "reference": "ChIJq6qek-KLGGARCy0Ap9znw8o",
            "scope": "GOOGLE",
            "types": [
                "movie_theater",
                "point_of_interest",
                "establishment"
            ],
            "user_ratings_total": 40,
            "vicinity": "中央区京橋１丁目６−１３ ファーストスクエア B1"
        }
    ],
    "status": "OK"
}