{
    "html_attributions": [],
    "results": [
        {
            "business_status": "OPERATIONAL",
            "geometry": {
                "location": {
                    "lat": 35.68069029999999,
                    "lng": 139.7640846
                },
                "viewport": {
                    "northeast": {
                        "lat": 35.68206318029149,
                        "lng": 139.7654766302915
                    },
                    "southwest": {
                        "lat": 35.67936521970849,
                        "lng": 139.7627786697085
                    }
                }
            },
            "icon": "https://maps.gstatic.com/mapfiles/place_api/icons/v1/png_71/restaurant-71.png",
            "icon_background_color": "#FF9E67",
            "icon_mask_base_uri": "https://maps.gstatic.com/mapfiles/place_api/icons/v2/restaurant_pinlet",
            "name": "CITA・CITA",
            "opening_hours": {
                "open_now": true
            },
            "photos": [
                {
                    "height": 3024,
                    "html_attributions": [
                        "<a href=\"https://maps.google.com/maps/contrib/112132758458726528068\">CITA・CITA</a>"
                    ],
                    "photo_reference": "Aap_uEChJuyegyJn2N00CivwtHuHPQfm28YbMoFsnu4UPe7J14hQSnStKTrAevrVqeJaVbuzYeydf2NRfz0NPWQih_lf5dDEr8ZOD4LA91pxHonu2Z_uvSIxS5C6HBn6eXo6_frN6C348eLbtPIKlfistOhtGQ5QWx_Qdt9XIk3Tn7oOiAYF",
                    "width": 3678
                }
            ],
            "place_id": "ChIJH8vQ7fmLGGARgn61xUcws9I",
            "plus_code": {
                "compound_code": "MQJ7+7J 日本、東京都千代田区",
                "global_code": "8Q7XMQJ7+7J"
            },
            "price_level": 2,
            "rating": 3.7,
            "reference": "ChIJH8vQ7fmLGGARgn61xUcws9I",
            "scope": "GOOGLE",
            "types": [
                "cafe",
                "restaurant",
                "food",
                "point_of_interest",
                "establishment"
            ],
            "user_ratings_total": 145,
            "vicinity": "千代田区丸の内２丁目４−１ 丸の内ビルディング ５F"
        },
        {
            "business_status": "OPERATIONAL",
            "geometry": {
                "location": {
                    "lat": 35.6809759,
                    "lng": 139.7637838
                },
                "viewport": {
                    "northeast": {
                        "lat": 35.6822293802915,
                        "lng": 139.7654050802915
                    },
                    "southwest": {
                        "lat": 35.6795314197085,
                        "lng": 139.7627071197085
                    }
                }
            },
            "icon": "https://maps.gstatic.com/mapfiles/place_api/icons/v1/png_71/cafe-71.png",
            "icon_background_color": "#FF9E67",
            "icon_mask_base_uri": "https://maps.gstatic.com/mapfiles/place_api/icons/v2/cafe_pinlet",
            "name": "スターバックス コーヒー 丸の内ビル店",
            "opening_hours": {
                "open_now": true
            },
            "photos": [
                {
                    "height": 1800,
                    "html_attributions": [
                        "<a href=\"https://maps.google.com/maps/contrib/112727478841411566017\">m. zumi</a>"
                    ],
                    "photo_reference": "Aap_uEDIK_lWjMGrIemzSD9Ni59mrtDRJjGOKfNBygSq2ypMjt0Wlpek5qfCsSazQHdteSCRPEcWvcO5shdwEI4qw-pAosYJA5E-czS0X1vwI7jWTSxZjiVraUR4kvx9JRaH3w78PK7Iz1lbWMk5C_S0cf37gtIWIZYRiFcKCZ9C61zwHwXd",
                    "width": 2822
                }
            ],
            "place_id": "ChIJbbGC8vmLGGARuzclTWky3Q0",
            "plus_code": {
                "compound_code": "MQJ7+9G 日本、東京都千代田区",
                "global_code": "8Q7XMQJ7+9G"
            },
            "price_level": 2,
            "rating": 3.9,
            "reference": "ChIJbbGC8vmLGGARuzclTWky3Q0",
            "scope": "GOOGLE",
            "types": [
                "cafe",
                "food",
                "point_of_interest",
                "store",
                "establishment"
            ],
            "user_ratings_total": 376,
            "vicinity": "千代田区丸の内２丁目４−１ 丸の内ビルディング"
        },
        {
            "business_status": "OPERATIONAL",
            "geometry": {
                "location": {
                    "lat": 35.6813398,
                    "lng": 139.7635188
                },
                "viewport": {
                    "northeast": {
                        "lat": 35.68248953029151,
                        "lng": 139.7647341802915
                    },
                    "southwest": {
                        "lat": 35.67979156970851,
                        "lng": 139.7620362197085
                    }
                }
            },
            "icon": "https://maps.gstatic.com/mapfiles/place_api/icons/v1/png_71/cafe-71.png",
            "icon_background_color": "#FF9E67",
            "icon_mask_base_uri": "https://maps.gstatic.com/mapfiles/place_api/icons/v2/cafe_pinlet",
            "name": "ハーブス 丸ビル店",
            "opening_hours": {
                "open_now": false
            },
            "photos": [
                {
                    "height": 4032,
                    "html_attributions": [
                        "<a href=\"https://maps.google.com/maps/contrib/101619317509321735230\">wing law</a>"
                    ],
                    "photo_reference": "Aap_uEDk86nx50A-JJvWimzwqzskb01a71GagStVZUOyRqpIIjwIljnWb6xIhvRGz6SHFHcMluIF68MuRX88S39EQuVGui0c9k6LK4mR7wDJcx2l1r33avnz4uSuOJL8k9bm1jDConsfKxp8R9bwqd_RGT8uxvIxAVTXdKQfp8mqRQuo0gx_",
                    "width": 2268
                }
            ],
            "place_id": "ChIJH8vQ7fmLGGARClefgCoAs9M",
            "plus_code": {
                "compound_code": "MQJ7+GC 日本、東京都千代田区",
                "global_code": "8Q7XMQJ7+GC"
            },
            "price_level": 2,
            "rating": 4.2,
            "reference": "ChIJH8vQ7fmLGGARClefgCoAs9M",
            "scope": "GOOGLE",
            "types": [
                "cafe",
                "food",
                "point_of_interest",
                "establishment"
            ],
            "user_ratings_total": 359,
            "vicinity": "千代田区丸の内２丁目４−１ 丸ビル 3F"
        },
        {
            "business_status": "OPERATIONAL",
            "geometry": {
                "location": {
                    "lat": 35.6811336,
                    "lng": 139.7635047
                },
                "viewport": {
                    "northeast": {
                        "lat": 35.6824131802915,
                        "lng": 139.7646929302915
                    },
                    "southwest": {
                        "lat": 35.67971521970851,
                        "lng": 139.7619949697085
                    }
                }
            },
            "icon": "https://maps.gstatic.com/mapfiles/place_api/icons/v1/png_71/restaurant-71.png",
            "icon_background_color": "#FF9E67",
            "icon_mask_base_uri": "https://maps.gstatic.com/mapfiles/place_api/icons/v2/restaurant_pinlet",
            "name": "グリル満天星 丸ビル店",
            "opening_hours": {
                "open_now": false
            },
            "photos": [
                {
                    "height": 2160,
                    "html_attributions": [
                        "<a href=\"https://maps.google.com/maps/contrib/101896561775810879514\">清水やえか</a>"
                    ],
                    "photo_reference": "Aap_uECekiPxBiZpLCbOOfPj5Lw2MQ43Xih9KI_LDAWm_3sSMhrLI4fUkFoCUV6ZgVK1HukmrWvv0wXRnX6vpfOXHihWLYAGxpxVjiYKrgk4XVpvVTLrVo5HB2wgGCToeR7QDdqb-4GX_UjU8Sr8HE6Dz8Wgo7UUnEfdz4_63vSrC17d-39V",
                    "width": 3840
                }
            ],
            "place_id": "ChIJH8vQ7fmLGGARmKzrvU4oJDc",
            "plus_code": {
                "compound_code": "MQJ7+FC 日本、東京都千代田区",
                "global_code": "8Q7XMQJ7+FC"
            },
            "price_level": 2,
            "rating": 3.5,
            "reference": "ChIJH8vQ7fmLGGARmKzrvU4oJDc",
            "scope": "GOOGLE",
            "types": [
                "meal_delivery",
                "meal_takeaway",
                "cafe",
                "restaurant",
                "food",
                "point_of_interest",
                "establishment"
            ],
            "user_ratings_total": 279,
            "vicinity": "千代田区丸の内２丁目４−１ 丸の内ビルディング 5F"
        },
        {
            "business_status": "OPERATIONAL",
            "geometry": {
                "location": {
                    "lat": 35.6809553,
                    "lng": 139.7641198
                },
                "viewport": {
                    "northeast": {
                        "lat": 35.6822860802915,
                        "lng": 139.7656049802915
                    },
                    "southwest": {
                        "lat": 35.67958811970851,
                        "lng": 139.7629070197085
                    }
                }
            },
            "icon": "https://maps.gstatic.com/mapfiles/place_api/icons/v1/png_71/cafe-71.png",
            "icon_background_color": "#FF9E67",
            "icon_mask_base_uri": "https://maps.gstatic.com/mapfiles/place_api/icons/v2/cafe_pinlet",
            "name": "椿屋茶房 丸ビル店",
            "opening_hours": {
                "open_now": true
            },
            "photos": [
                {
                    "height": 2448,
                    "html_attributions": [
                        "<a href=\"https://maps.google.com/maps/contrib/108084357719651702906\">能勢靖</a>"
                    ],
                    "photo_reference": "Aap_uED8ho5JJNybGJM5yIj03ukMSmlXy6aP7nLt4XkWZ1xehdkYMTYCEC02f02BVIcljLUmOWtjJKEsK5lnyWqPEilKBXZlnHx13cP88wM_X6qbzPKgCaLjBr1sZU6NJBEw3gQ_x9UshUuTZifmjaHzqtGgho5Ff31zETVVk10IfzggsO4h",
                    "width": 3264
                }
            ],
            "place_id": "ChIJH8vQ7fmLGGARnEIxGw2IY44",
            "plus_code": {
                "compound_code": "MQJ7+9J 日本、東京都千代田区",
                "global_code": "8Q7XMQJ7+9J"
            },
            "price_level": 3,
            "rating": 3.7,
            "reference": "ChIJH8vQ7fmLGGARnEIxGw2IY44",
            "scope": "GOOGLE",
            "types": [
                "cafe",
                "food",
                "point_of_interest",
                "store",
                "establishment"
            ],
            "user_ratings_total": 156,
            "vicinity": "千代田区丸の内２丁目４−１ 丸ビル 5Ｆ"
        },
        {
            "business_status": "OPERATIONAL",
            "geometry": {
                "location": {
                    "lat": 35.68134709999999,
                    "lng": 139.7637578
                },
                "viewport": {
                    "northeast": {
                        "lat": 35.6824897802915,
                        "lng": 139.7648099302915
                    },
                    "southwest": {
                        "lat": 35.6797918197085,
                        "lng": 139.7621119697085
                    }
                }
            },
            "icon": "https://maps.gstatic.com/mapfiles/place_api/icons/v1/png_71/cafe-71.png",
            "icon_background_color": "#FF9E67",
            "icon_mask_base_uri": "https://maps.gstatic.com/mapfiles/place_api/icons/v2/cafe_pinlet",
            "name": "hotel chocolat",
            "place_id": "ChIJzTz3ATqLGGAR4PMRzmWMo0E",
            "plus_code": {
                "compound_code": "MQJ7+GG 日本、東京都千代田区",
                "global_code": "8Q7XMQJ7+GG"
            },
            "reference": "ChIJzTz3ATqLGGAR4PMRzmWMo0E",
            "scope": "GOOGLE",
            "types": [
                "cafe",
                "food",
                "point_of_interest",
                "store",
                "establishment"
            ],
            "vicinity": "丸の内ビルディング"
        },
        {
            "business_status": "OPERATIONAL",
            "geometry": {
                "location": {
                    "lat": 35.6811829,
                    "lng": 139.7637704
                },
                "viewport": {
                    "northeast": {
                        "lat": 35.6824108302915,
                        "lng": 139.7648398302915
                    },
                    "southwest": {
                        "lat": 35.6797128697085,
                        "lng": 139.7621418697085
                    }
                }
            },
            "icon": "https://maps.gstatic.com/mapfiles/place_api/icons/v1/png_71/cafe-71.png",
            "icon_background_color": "#FF9E67",
            "icon_mask_base_uri": "https://maps.gstatic.com/mapfiles/place_api/icons/v2/cafe_pinlet",
            "name": "カフェ レクセル 丸の内ビルディング店",
            "opening_hours": {
                "open_now": false
            },
            "photos": [
                {
                    "height": 4112,
                    "html_attributions": [
                        "<a href=\"https://maps.google.com/maps/contrib/110414556811447074717\">Takashi SEKIGUCHI</a>"
                    ],
                    "photo_reference": "Aap_uEDU-k7u2yYY6pQSkdZ51IpkxnlMMJRqlp-gOqoSVu8oDPMynwXXsEAKUOlQyR0JKFxu6BKYtzqNGJsljLii2RLNv10zyxT_aHH3f-hyjQJ-LpIoz2oq8QJrHhRRQmcroXQa-2fCwlr5lAlyLwCVR_kwUfqOqVkPabpri0ReLFGp6nYa",
                    "width": 5488
                }
            ],
            "place_id": "ChIJgVgLjPmLGGAR-ReVDLUSPvE",
            "plus_code": {
                "compound_code": "MQJ7+FG 日本、東京都千代田区",
                "global_code": "8Q7XMQJ7+FG"
            },
            "price_level": 2,
            "rating": 4.1,
            "reference": "ChIJgVgLjPmLGGAR-ReVDLUSPvE",
            "scope": "GOOGLE",
            "types": [
                "cafe",
                "food",
                "point_of_interest",
                "establishment"
            ],
            "user_ratings_total": 199,
            "vicinity": "千代田区丸の内２丁目４−１ 丸の内ビルディング ４Ｆ"
        },
        {
            "business_status": "OPERATIONAL",
            "geometry": {
                "location": {
                    "lat": 35.6810403,
                    "lng": 139.7638027
                },
                "viewport": {
                    "northeast": {
                        "lat": 35.6823385302915,
                        "lng": 139.7648576302915
                    },
                    "southwest": {
                        "lat": 35.6796405697085,
                        "lng": 139.7621596697085
                    }
                }
            },
            "icon": "https://maps.gstatic.com/mapfiles/place_api/icons/v1/png_71/shopping-71.png",
            "icon_background_color": "#4B96F3",
            "icon_mask_base_uri": "https://maps.gstatic.com/mapfiles/place_api/icons/v2/shopping_pinlet",
            "name": "ホテルショコラ 丸ビル店",
            "opening_hours": {
                "open_now": false
            },
            "photos": [
                {
                    "height": 3024,
                    "html_attributions": [
                        "<a href=\"https://maps.google.com/maps/contrib/116444761310232176956\">おすぬ</a>"
                    ],
                    "photo_reference": "Aap_uEB9eeDZLXFb98nbsbiIYzznvAbh7qok-wvgrdxTPK7JTrb49BRA4U14FJiqxGMZjTNkPPJDvsXNp0t9P5Z_utmaaVjRdxTGFzhiHSusu0IY6zz3T3ZDVcn9rc7kpkEMSBzqmNBXxyO4LpsNV-oXuRQIOT6aX-JWLaFmRDFPeEcjmRIy",
                    "width": 4032
                }
            ],
            "place_id": "ChIJHe1prJOLGGAR6UCDnyyVVpQ",
            "plus_code": {
                "compound_code": "MQJ7+CG 日本、東京都千代田区",
                "global_code": "8Q7XMQJ7+CG"
            },
            "rating": 3.8,
            "reference": "ChIJHe1prJOLGGAR6UCDnyyVVpQ",
            "scope": "GOOGLE",
            "types": [
                "cafe",
                "food",
                "point_of_interest",
                "store",
                "establishment"
            ],
            "user_ratings_total": 5,
            "vicinity": "千代田区丸の内２丁目４−１ 丸の内ビルディング B1F"
        },
        {
            "business_status": "OPERATIONAL",
            "geometry": {
                "location": {
                    "lat": 35.6809326,
                    "lng": 139.7638475
                },
                "viewport": {
                    "northeast": {
                        "lat": 35.6822268302915,
                        "lng": 139.7654393802915
                    },
                    "southwest": {
                        "lat": 35.67952886970851,
                        "lng": 139.7627414197085
                    }
                }
            },
            "icon": "https://maps.gstatic.com/mapfiles/place_api/icons/v1/png_71/bar-71.png",
            "icon_background_color": "#FF9E67",
            "icon_mask_base_uri": "https://maps.gstatic.com/mapfiles/place_api/icons/v2/bar_pinlet",
            "name": "ラウンジ",
            "opening_hours": {
                "open_now": false
            },
            "place_id": "ChIJ8_bd8vmLGGARsAu79Ww7TWk",
            "plus_code": {
                "compound_code": "MQJ7+9G 日本、東京都千代田区",
                "global_code": "8Q7XMQJ7+9G"
            },
            "rating": 4,
            "reference": "ChIJ8_bd8vmLGGARsAu79Ww7TWk",
            "scope": "GOOGLE",
            "types": [
                "night_club",
                "cafe",
                "bar",
                "food",
                "point_of_interest",
                "establishment"
            ],
            "user_ratings_total": 2,
            "vicinity": "千代田区丸の内２丁目４−１ 丸ビル 35階"
        },
        {
            "business_status": "OPERATIONAL",
            "geometry": {
                "location": {
                    "lat": 35.6809441,
                    "lng": 139.7634859
                },
                "viewport": {
                    "northeast": {
                        "lat": 35.6822997802915,
                        "lng": 139.7647159802915
                    },
                    "southwest": {
                        "lat": 35.6796018197085,
                        "lng": 139.7620180197085
                    }
                }
            },
            "icon": "https://maps.gstatic.com/mapfiles/place_api/icons/v1/png_71/restaurant-71.png",
            "icon_background_color": "#FF9E67",
            "icon_mask_base_uri": "https://maps.gstatic.com/mapfiles/place_api/icons/v2/restaurant_pinlet",
            "name": "Wise Sons Tokyo",
            "opening_hours": {
                "open_now": false
            },
            "photos": [
                {
                    "height": 4000,
                    "html_attributions": [
                        "<a href=\"https://maps.google.com/maps/contrib/114141660804897183712\">Yanyong Yamasaki</a>"
                    ],
                    "photo_reference": "Aap_uEA__jx7kVWxYN7jAf1CFZFFGddguz-t_Ad1DDJ8JiAHyGcwAkOmzWdP5NH71WEt6CMxj2DezMUKJG2aXhtffJaV-k4vYdFqVOd6vbeUX9FI-skEG4Gd8KhS9XLKLVb1Mu_b8jWnQbZKB21zlRNwZsPE-EutT-BFJoJdsO0R5olOusuw",
                    "width": 6000
                }
            ],
            "place_id": "ChIJIS_f8fmLGGAROWZta-yzZDc",
            "plus_code": {
                "compound_code": "MQJ7+99 日本、東京都千代田区",
                "global_code": "8Q7XMQJ7+99"
            },
            "rating": 3.8,
            "reference": "ChIJIS_f8fmLGGAROWZta-yzZDc",
            "scope": "GOOGLE",
            "types": [
                "bakery",
                "cafe",
                "food",
                "point_of_interest",
                "store",
                "establishment"
            ],
            "user_ratings_total": 159,
            "vicinity": "千代田区丸の内２丁目４−１ 丸ビル B1F"
        },
        {
            "business_status": "OPERATIONAL",
            "geometry": {
                "location": {
                    "lat": 35.6807172,
                    "lng": 139.7639848
                },
                "viewport": {
                    "northeast": {
                        "lat": 35.6820976802915,
                        "lng": 139.7655080302915
                    },
                    "southwest": {
                        "lat": 35.6793997197085,
                        "lng": 139.7628100697085
                    }
                }
            },
            "icon": "https://maps.gstatic.com/mapfiles/place_api/icons/v1/png_71/cafe-71.png",
            "icon_background_color": "#FF9E67",
            "icon_mask_base_uri": "https://maps.gstatic.com/mapfiles/place_api/icons/v2/cafe_pinlet",
            "name": "ROUTE CAFE AND THINGS",
            "opening_hours": {
                "open_now": false
            },
            "photos": [
                {
                    "height": 3024,
                    "html_attributions": [
                        "<a href=\"https://maps.google.com/maps/contrib/108645476202600755110\">wako kudeken</a>"
                    ],
                    "photo_reference": "Aap_uEDhQoFPDUtGtXot0NJmila3o-0h2E9HnxnuLaQW-0QnizPKFLurPAt39hTTHNCOiwKnlnXHSNrFsJe0qbnzasfiYSqaOa8gF9azwL2zGMTmaw0a5-J9N4i6SkfhUxoWdGCa7WsVJeZuQDvFzpJ_JaI-vmgOdb50o4mFdg8sKuBY-OTg",
                    "width": 4032
                }
            ],
            "place_id": "ChIJ917mWOaLGGARCPbYJpdh1Cs",
            "plus_code": {
                "compound_code": "MQJ7+7H 日本、東京都千代田区",
                "global_code": "8Q7XMQJ7+7H"
            },
            "rating": 4.2,
            "reference": "ChIJ917mWOaLGGARCPbYJpdh1Cs",
            "scope": "GOOGLE",
            "types": [
                "cafe",
                "food",
                "point_of_interest",
                "establishment"
            ],
            "user_ratings_total": 33,
            "vicinity": "千代田区丸の内２丁目４−１ 丸の内ビルディング 4Ｆ"
        },
        {
            "business_status": "OPERATIONAL",
            "geometry": {
                "location": {
                    "lat": 35.68071940000001,
                    "lng": 139.7636488
                },
                "viewport": {
                    "northeast": {
                        "lat": 35.6821967302915,
                        "lng": 139.7647554302915
                    },
                    "southwest": {
                        "lat": 35.6794987697085,
                        "lng": 139.7620574697085
                    }
                }
            },
            "icon": "https://maps.gstatic.com/mapfiles/place_api/icons/v1/png_71/cafe-71.png",
            "icon_background_color": "#FF9E67",
            "icon_mask_base_uri": "https://maps.gstatic.com/mapfiles/place_api/icons/v2/cafe_pinlet",
            "name": "Eat in",
            "place_id": "ChIJLfv58_mLGGARIjREPIGxXAI",
            "plus_code": {
                "compound_code": "MQJ7+7F 日本、東京都千代田区",
                "global_code": "8Q7XMQJ7+7F"
            },
            "reference": "ChIJLfv58_mLGGARIjREPIGxXAI",
            "scope": "GOOGLE",
            "types": [
                "cafe",
                "food",
                "point_of_interest",
                "establishment"
            ],
            "vicinity": "千代田区丸の内２丁目４−１ 丸の内ビルディング B1"
        }
    ],
    "status": "OK"
}