{
    "html_attributions": [],
    "results": [
        {
            "business_status": "OPERATIONAL",
            "geometry": {
                "location": {
                    "lat": 35.6809394,
                    "lng": 139.7652836
                },
                "viewport": {
                    "northeast": {
                        "lat": 35.6822926302915,
                        "lng": 139.7665852802915
                    },
                    "southwest": {
                        "lat": 35.6795946697085,
                        "lng": 139.7638873197085
                    }
                }
            },
            "icon": "https://maps.gstatic.com/mapfiles/place_api/icons/v1/png_71/park-71.png",
            "icon_background_color": "#4DB546",
            "icon_mask_base_uri": "https://maps.gstatic.com/mapfiles/place_api/icons/v2/tree_pinlet",
            "name": "東京駅前丸の内第2広場",
            "photos": [
                {
                    "height": 2448,
                    "html_attributions": [
                        "<a href=\"https://maps.google.com/maps/contrib/112290800190781055439\">媛媛日記</a>"
                    ],
                    "photo_reference": "Aap_uECvrugefd_XaiSO2cHVPjaQVdYRY_mvyZoJRvu0d4yz2j_3qYJgdE4Pt_70l5V9dOTv7Mp3mj9RF8OdjON7SY6HRe_5x-JpAbB9IS3w0yxg61t6tCMfTkGFiEPWKD9HHAjlqV4CFAwLy16SUxbBzNij5on2_0dFfISFyyz9VjxWJmT_",
                    "width": 3264
                }
            ],
            "place_id": "ChIJUdGQm_-LGGAREwIrGqQO_oY",
            "plus_code": {
                "compound_code": "MQJ8+94 日本、東京都千代田区",
                "global_code": "8Q7XMQJ8+94"
            },
            "rating": 5,
            "reference": "ChIJUdGQm_-LGGAREwIrGqQO_oY",
            "scope": "GOOGLE",
            "types": [
                "park",
                "point_of_interest",
                "establishment"
            ],
            "user_ratings_total": 1,
            "vicinity": "千代田区丸の内１丁目９"
        }
    ],
    "status": "OK"
}