{
    "html_attributions": [],
    "results": [
        {
            "business_status": "OPERATIONAL",
            "geometry": {
                "location": {
                    "lat": 35.6861167,
                    "lng": 139.7699928
                },
                "viewport": {
                    "northeast": {
                        "lat": 35.6874092302915,
                        "lng": 139.7713678302915
                    },
                    "southwest": {
                        "lat": 35.6847112697085,
                        "lng": 139.7686698697085
                    }
                }
            },
            "icon": "https://maps.gstatic.com/mapfiles/place_api/icons/v1/png_71/park-71.png",
            "icon_background_color": "#4DB546",
            "icon_mask_base_uri": "https://maps.gstatic.com/mapfiles/place_api/icons/v2/tree_pinlet",
            "name": "常盤橋公園",
            "opening_hours": {
                "open_now": true
            },
            "photos": [
                {
                    "height": 2736,
                    "html_attributions": [
                        "<a href=\"https://maps.google.com/maps/contrib/114011157212548726748\">池田泰彦</a>"
                    ],
                    "photo_reference": "Aap_uECOjMkGfERyh2efZWxoTv3qRcTs_aKOcy9xjkSKabqJYIrRcf6TRCFQLcpxqKkCRwjbtwK9sQUd67CGAmGZXt4NaB-Vd0qwEck4HKDVrBgkpGXkKx36_gZPw3I2dSeHys11Gd-u2aGrIvJ5dievoHHlIcII7iWlxHlQ3PuGdbowEZx_",
                    "width": 3648
                }
            ],
            "place_id": "ChIJ0ScADP-LGGARxJhUvIw338M",
            "plus_code": {
                "compound_code": "MQP9+CX 日本、東京都千代田区",
                "global_code": "8Q7XMQP9+CX"
            },
            "rating": 3.7,
            "reference": "ChIJ0ScADP-LGGARxJhUvIw338M",
            "scope": "GOOGLE",
            "types": [
                "park",
                "point_of_interest",
                "establishment"
            ],
            "user_ratings_total": 43,
            "vicinity": "千代田区大手町２丁目７−２"
        },
        {
            "business_status": "OPERATIONAL",
            "geometry": {
                "location": {
                    "lat": 35.6844512,
                    "lng": 139.7700093
                },
                "viewport": {
                    "northeast": {
                        "lat": 35.6858001802915,
                        "lng": 139.7713582802915
                    },
                    "southwest": {
                        "lat": 35.6831022197085,
                        "lng": 139.7686603197085
                    }
                }
            },
            "icon": "https://maps.gstatic.com/mapfiles/place_api/icons/v1/png_71/park-71.png",
            "icon_background_color": "#4DB546",
            "icon_mask_base_uri": "https://maps.gstatic.com/mapfiles/place_api/icons/v2/tree_pinlet",
            "name": "TOKYO TORCH Park",
            "photos": [
                {
                    "height": 1536,
                    "html_attributions": [
                        "<a href=\"https://maps.google.com/maps/contrib/115747082700618349156\">えりお</a>"
                    ],
                    "photo_reference": "Aap_uECNsdEAQszlUr7gOu0Dd5EaKlkLjUuIViW6DWftha9IV6fAoF2SDo4UGCJ5yfZCbJSW4xpXMlDvtrdVK2PPIZ76oys8XGSXfe25pkyb8P_HL6UKmlR1hB1xw99I1f2TRERQJWUV9KPUTd74whkiWRRfbkfX1mVNfPi8g5uMSwKxL0HE",
                    "width": 2048
                }
            ],
            "place_id": "ChIJod2E2UyLGGAR_s4swlNdMg8",
            "plus_code": {
                "compound_code": "MQMC+Q2 日本、東京都千代田区",
                "global_code": "8Q7XMQMC+Q2"
            },
            "rating": 4.2,
            "reference": "ChIJod2E2UyLGGAR_s4swlNdMg8",
            "scope": "GOOGLE",
            "types": [
                "park",
                "point_of_interest",
                "establishment"
            ],
            "user_ratings_total": 6,
            "vicinity": "千代田区大手町２丁目６−４"
        }
    ],
    "status": "OK"
}