{
    "html_attributions": [],
    "results": [
        {
            "business_status": "OPERATIONAL",
            "geometry": {
                "location": {
                    "lat": 35.68062929999999,
                    "lng": 139.7655404
                },
                "viewport": {
                    "northeast": {
                        "lat": 35.6821698802915,
                        "lng": 139.7669949302915
                    },
                    "southwest": {
                        "lat": 35.6794719197085,
                        "lng": 139.7642969697085
                    }
                }
            },
            "icon": "https://maps.gstatic.com/mapfiles/place_api/icons/v1/png_71/shopping-71.png",
            "icon_background_color": "#4B96F3",
            "icon_mask_base_uri": "https://maps.gstatic.com/mapfiles/place_api/icons/v2/shopping_pinlet",
            "name": "TORAYA TOKYO",
            "opening_hours": {
                "open_now": false
            },
            "photos": [
                {
                    "height": 3024,
                    "html_attributions": [
                        "<a href=\"https://maps.google.com/maps/contrib/115441485890985215919\">mthr 110</a>"
                    ],
                    "photo_reference": "Aap_uEAtbEpUfpbFLt-FDH7pSCr7KpvTxs9E8M7MuXtt2hDhmr2tdDwdlliCB1xOPTWUXUIMW8Ko9IqttPJwuzU2K5-SQBWcqt_NuEdROQfl6ps_b1SptZ7AmU6Bi7i__ZgMrJ7FEfUbGqaubokNHjqPdwPAd7A7y243cJ5t5NIlzx9p6QOs",
                    "width": 4032
                }
            ],
            "place_id": "ChIJF85czvuLGGARRv11tB6VP-Y",
            "plus_code": {
                "compound_code": "MQJ8+76 日本、東京都千代田区",
                "global_code": "8Q7XMQJ8+76"
            },
            "price_level": 2,
            "rating": 4.2,
            "reference": "ChIJF85czvuLGGARRv11tB6VP-Y",
            "scope": "GOOGLE",
            "types": [
                "cafe",
                "restaurant",
                "food",
                "point_of_interest",
                "store",
                "establishment"
            ],
            "user_ratings_total": 345,
            "vicinity": "千代田区丸の内１丁目９−１ 東京ステーションホテル 2F"
        },
        {
            "business_status": "OPERATIONAL",
            "geometry": {
                "location": {
                    "lat": 35.6817299,
                    "lng": 139.7661852
                },
                "viewport": {
                    "northeast": {
                        "lat": 35.68310223029149,
                        "lng": 139.7702346
                    },
                    "southwest": {
                        "lat": 35.6804042697085,
                        "lng": 139.7648354
                    }
                }
            },
            "icon": "https://maps.gstatic.com/mapfiles/place_api/icons/v1/png_71/generic_business-71.png",
            "icon_background_color": "#7B9EB0",
            "icon_mask_base_uri": "https://maps.gstatic.com/mapfiles/place_api/icons/v2/generic_pinlet",
            "name": "京橋千疋屋 東京駅一番街店",
            "opening_hours": {
                "open_now": false
            },
            "photos": [
                {
                    "height": 1196,
                    "html_attributions": [
                        "<a href=\"https://maps.google.com/maps/contrib/100622858364741175993\">京橋千疋屋 東京駅一番街店</a>"
                    ],
                    "photo_reference": "Aap_uEBofneRGTNO6QhbhsvSrw-6oMJCELkjCUmgt3AmwAKH2cLDt-6IjPwaBjZdhejyoVAtwfS6uqvO23VLF1lQcoQBHqKQrG9rhl8bi6jzzbrKl6oXi4seb8qw8EleHJsFCeBMnwwcLYrcMrF29I0NWIPG9cwvz24ZB2NUVtzccwlRXXm8",
                    "width": 2048
                }
            ],
            "place_id": "ChIJtxODuv6LGGARKgOG1QcKCa0",
            "plus_code": {
                "compound_code": "MQJ8+MF 日本、東京都千代田区",
                "global_code": "8Q7XMQJ8+MF"
            },
            "price_level": 3,
            "rating": 3.8,
            "reference": "ChIJtxODuv6LGGARKgOG1QcKCa0",
            "scope": "GOOGLE",
            "types": [
                "cafe",
                "food",
                "point_of_interest",
                "establishment"
            ],
            "user_ratings_total": 436,
            "vicinity": "千代田区丸の内１丁目９−１ 東京駅一番街 地下１階"
        },
        {
            "business_status": "OPERATIONAL",
            "geometry": {
                "location": {
                    "lat": 35.6814986,
                    "lng": 139.7653028
                },
                "viewport": {
                    "northeast": {
                        "lat": 35.68286438029151,
                        "lng": 139.7661983802915
                    },
                    "southwest": {
                        "lat": 35.68016641970851,
                        "lng": 139.7635004197085
                    }
                }
            },
            "icon": "https://maps.gstatic.com/mapfiles/place_api/icons/v1/png_71/cafe-71.png",
            "icon_background_color": "#FF9E67",
            "icon_mask_base_uri": "https://maps.gstatic.com/mapfiles/place_api/icons/v2/cafe_pinlet",
            "name": "5 CROSSTIES COFFEE グランスタ店",
            "opening_hours": {
                "open_now": true
            },
            "photos": [
                {
                    "height": 2686,
                    "html_attributions": [
                        "<a href=\"https://maps.google.com/maps/contrib/111519802063070487980\">Tomo Kitami</a>"
                    ],
                    "photo_reference": "Aap_uEDenFYSPSwAer8UTG96YovFvnpW-vZ2X_ELxbulIqIXinZ8hWyZfoMZGy0sRJxoFbvb1NsW1mADSrapA2AHR6qSh_PKPokXRmvo_xp5NKc-GlMNFrfkha1kqhn4vSzsnNWnjhxOWxQCLEBdZElSgVn_aBA1_KIfzJpIF1eTPFWrVlRG",
                    "width": 3687
                }
            ],
            "place_id": "ChIJ6QPHefmLGGARw6xF7LuKUJM",
            "plus_code": {
                "compound_code": "MQJ8+H4 日本、東京都千代田区",
                "global_code": "8Q7XMQJ8+H4"
            },
            "price_level": 2,
            "rating": 3.7,
            "reference": "ChIJ6QPHefmLGGARw6xF7LuKUJM",
            "scope": "GOOGLE",
            "types": [
                "cafe",
                "food",
                "point_of_interest",
                "store",
                "establishment"
            ],
            "user_ratings_total": 363,
            "vicinity": "千代田区丸の内１丁目９−１ GRANSTA MARUNOUCHI 内"
        },
        {
            "business_status": "OPERATIONAL",
            "geometry": {
                "location": {
                    "lat": 35.6810016,
                    "lng": 139.7670361
                },
                "viewport": {
                    "northeast": {
                        "lat": 35.6823311802915,
                        "lng": 139.7684321802915
                    },
                    "southwest": {
                        "lat": 35.6796332197085,
                        "lng": 139.7657342197085
                    }
                }
            },
            "icon": "https://maps.gstatic.com/mapfiles/place_api/icons/v1/png_71/shopping-71.png",
            "icon_background_color": "#4B96F3",
            "icon_mask_base_uri": "https://maps.gstatic.com/mapfiles/place_api/icons/v2/shopping_pinlet",
            "name": "STANDBY TOKYO 東京駅店",
            "opening_hours": {
                "open_now": false
            },
            "photos": [
                {
                    "height": 1704,
                    "html_attributions": [
                        "<a href=\"https://maps.google.com/maps/contrib/100473650365238018440\">よしのたつや</a>"
                    ],
                    "photo_reference": "Aap_uEAWwjBEjL8uQSECQlTxtG30c-1cpvcUKA7vEhPzJHrGLLUnRzJbckSRdQqIhAOoa0cxh_7hUtdgdKyYtEdk1c6P8bibsY-Bz4fp7LnNALT0oVHfjCuXItX_FTcoB5qfZya0KvR8uWdqFEDsmRamdQpe2T3_82km-ImZViAcFCCHfnGM",
                    "width": 2272
                }
            ],
            "place_id": "ChIJqX2t7fuLGGARt-hJ327I_AY",
            "plus_code": {
                "compound_code": "MQJ8+CR 日本、東京都千代田区",
                "global_code": "8Q7XMQJ8+CR"
            },
            "price_level": 2,
            "rating": 3.6,
            "reference": "ChIJqX2t7fuLGGARt-hJ327I_AY",
            "scope": "GOOGLE",
            "types": [
                "cafe",
                "food",
                "point_of_interest",
                "store",
                "establishment"
            ],
            "user_ratings_total": 505,
            "vicinity": "千代田区丸の内１丁目９−１ １Ｆ 新幹線南乗換改札前 JR 東京駅"
        },
        {
            "business_status": "OPERATIONAL",
            "geometry": {
                "location": {
                    "lat": 35.6810704,
                    "lng": 139.7662419
                },
                "viewport": {
                    "northeast": {
                        "lat": 35.6823931802915,
                        "lng": 139.7675820802915
                    },
                    "southwest": {
                        "lat": 35.6796952197085,
                        "lng": 139.7648841197085
                    }
                }
            },
            "icon": "https://maps.gstatic.com/mapfiles/place_api/icons/v1/png_71/shopping-71.png",
            "icon_background_color": "#4B96F3",
            "icon_mask_base_uri": "https://maps.gstatic.com/mapfiles/place_api/icons/v2/shopping_pinlet",
            "name": "ブックコンパス",
            "opening_hours": {
                "open_now": true
            },
            "photos": [
                {
                    "height": 3024,
                    "html_attributions": [
                        "<a href=\"https://maps.google.com/maps/contrib/108931117854162852148\">Miotai Cam</a>"
                    ],
                    "photo_reference": "Aap_uECcBLDY3e9APruf2beFfca_VOrnW5rAH_qJ-krbTNjFYRIUhP0GhyQ9OrTbRgW8wP0RiJ9ScPIJqInotPRVYp_hBJTI0PyzzLH8LVSQjwXGIC28y320wWYAcz0QjwpeE0XtFMhYB4uv_n0KWE-Jj1cOQMyF3z7MkNYsHkNz43lx4Kd8",
                    "width": 4032
                }
            ],
            "place_id": "ChIJtxODuv6LGGARGVOvknmb8E0",
            "plus_code": {
                "compound_code": "MQJ8+CF 日本、東京都千代田区",
                "global_code": "8Q7XMQJ8+CF"
            },
            "rating": 3.8,
            "reference": "ChIJtxODuv6LGGARGVOvknmb8E0",
            "scope": "GOOGLE",
            "types": [
                "book_store",
                "cafe",
                "food",
                "point_of_interest",
                "store",
                "establishment"
            ],
            "user_ratings_total": 215,
            "vicinity": "千代田区丸の内１丁目９−１ JR 東京駅 １Ｆ エキュート東京内"
        },
        {
            "business_status": "OPERATIONAL",
            "geometry": {
                "location": {
                    "lat": 35.6821994,
                    "lng": 139.7657746
                },
                "viewport": {
                    "northeast": {
                        "lat": 35.6838280302915,
                        "lng": 139.7669086302915
                    },
                    "southwest": {
                        "lat": 35.6811300697085,
                        "lng": 139.7642106697085
                    }
                }
            },
            "icon": "https://maps.gstatic.com/mapfiles/place_api/icons/v1/png_71/cafe-71.png",
            "icon_background_color": "#FF9E67",
            "icon_mask_base_uri": "https://maps.gstatic.com/mapfiles/place_api/icons/v2/cafe_pinlet",
            "name": "スターバックス コーヒー グランスタ丸の内店",
            "opening_hours": {
                "open_now": true
            },
            "photos": [
                {
                    "height": 3000,
                    "html_attributions": [
                        "<a href=\"https://maps.google.com/maps/contrib/110144014193510094862\">Kazuaki E.</a>"
                    ],
                    "photo_reference": "Aap_uEB89aKMUuE-z72kRuk1e2bEDPSCSAk-8FRr-4GbKzTMM1I1oa3enTgMv_ri7GcXeb9qVpzObCh5PURXkMq4Ilex8SwK6AagE8wjk8R4dxBvXLqZuyB4MCGllFrcuwtBqHrAdBKSiS89M6YrB049zXpi9vUoSqHRiYPblhR9l9E8ag7P",
                    "width": 5333
                }
            ],
            "place_id": "ChIJDze0X_mLGGARyHmRDIRJzxc",
            "plus_code": {
                "compound_code": "MQJ8+V8 日本、東京都千代田区",
                "global_code": "8Q7XMQJ8+V8"
            },
            "price_level": 2,
            "rating": 3.9,
            "reference": "ChIJDze0X_mLGGARyHmRDIRJzxc",
            "scope": "GOOGLE",
            "types": [
                "cafe",
                "food",
                "point_of_interest",
                "store",
                "establishment"
            ],
            "user_ratings_total": 71,
            "vicinity": "千代田区丸の内１丁目９−１ 東京駅構内地下1階改札外 JR東日本"
        },
        {
            "business_status": "OPERATIONAL",
            "geometry": {
                "location": {
                    "lat": 35.6810391,
                    "lng": 139.7661922
                },
                "viewport": {
                    "northeast": {
                        "lat": 35.6823880802915,
                        "lng": 139.7675411802915
                    },
                    "southwest": {
                        "lat": 35.6796901197085,
                        "lng": 139.7648432197085
                    }
                }
            },
            "icon": "https://maps.gstatic.com/mapfiles/place_api/icons/v1/png_71/cafe-71.png",
            "icon_background_color": "#FF9E67",
            "icon_mask_base_uri": "https://maps.gstatic.com/mapfiles/place_api/icons/v2/cafe_pinlet",
            "name": "HINT INDEX CAFE エキュート東京",
            "opening_hours": {
                "open_now": false
            },
            "photos": [
                {
                    "height": 2268,
                    "html_attributions": [
                        "<a href=\"https://maps.google.com/maps/contrib/100139170262783531010\">Koh Oh</a>"
                    ],
                    "photo_reference": "Aap_uEDv46D726fYbExJI4XuN5_TYirPxVua8LBn6_vwOjEpEKP5_o83bfOmrnDOXAkuW4ExyF96apLsaiTCs0Y09h39baN7Puc3J2jPEtvggWk9h01IGa0ttWV3x4EwYsWTjNK2HymN-clvtXOsXl458cf0tiJkseXMJZVWvuMW2EHp032k",
                    "width": 4032
                }
            ],
            "place_id": "ChIJGVVgAN-LGGARrnHjjuuh3pg",
            "plus_code": {
                "compound_code": "MQJ8+CF 日本、東京都千代田区",
                "global_code": "8Q7XMQJ8+CF"
            },
            "rating": 3.3,
            "reference": "ChIJGVVgAN-LGGARrnHjjuuh3pg",
            "scope": "GOOGLE",
            "types": [
                "cafe",
                "food",
                "point_of_interest",
                "establishment"
            ],
            "user_ratings_total": 4,
            "vicinity": "千代田区丸の内１丁目９−１ JR 東京駅 １Ｆ エキュート東京内"
        },
        {
            "business_status": "OPERATIONAL",
            "geometry": {
                "location": {
                    "lat": 35.681832,
                    "lng": 139.766775
                },
                "viewport": {
                    "northeast": {
                        "lat": 35.6832929802915,
                        "lng": 139.7676257802915
                    },
                    "southwest": {
                        "lat": 35.6805950197085,
                        "lng": 139.7649278197085
                    }
                }
            },
            "icon": "https://maps.gstatic.com/mapfiles/place_api/icons/v1/png_71/cafe-71.png",
            "icon_background_color": "#FF9E67",
            "icon_mask_base_uri": "https://maps.gstatic.com/mapfiles/place_api/icons/v2/cafe_pinlet",
            "name": "茶辻",
            "opening_hours": {
                "open_now": false
            },
            "place_id": "ChIJpdXQXvmLGGAR67W2zI1XYfo",
            "plus_code": {
                "compound_code": "MQJ8+PP 日本、東京都千代田区",
                "global_code": "8Q7XMQJ8+PP"
            },
            "reference": "ChIJpdXQXvmLGGAR67W2zI1XYfo",
            "scope": "GOOGLE",
            "types": [
                "cafe",
                "food",
                "point_of_interest",
                "establishment"
            ],
            "vicinity": "千代田区丸の内１丁目９−１"
        },
        {
            "business_status": "OPERATIONAL",
            "geometry": {
                "location": {
                    "lat": 35.6812009,
                    "lng": 139.7670236
                },
                "viewport": {
                    "northeast": {
                        "lat": 35.68255798029151,
                        "lng": 139.7683312802915
                    },
                    "southwest": {
                        "lat": 35.67986001970851,
                        "lng": 139.7656333197085
                    }
                }
            },
            "icon": "https://maps.gstatic.com/mapfiles/place_api/icons/v1/png_71/restaurant-71.png",
            "icon_background_color": "#FF9E67",
            "icon_mask_base_uri": "https://maps.gstatic.com/mapfiles/place_api/icons/v2/restaurant_pinlet",
            "name": "BURDIGALA TOKYO",
            "opening_hours": {
                "open_now": false
            },
            "photos": [
                {
                    "height": 3024,
                    "html_attributions": [
                        "<a href=\"https://maps.google.com/maps/contrib/104797328537983104230\">M T</a>"
                    ],
                    "photo_reference": "Aap_uECduNC1KjBC4ZFM6i21BAlyKm0d5PF4qKqNYNHAxPHVU52SHb8bvHPZ26HBmNEXBTvN4aPt0GNYAcez35ttVyILf-5vO9lsaV2vqkR20p5dMdjcLPbPEE01v_q_nk35Bw1EJcQgixLNFcEH1T1v7jRNy1Neot2iYkqVEmXHNXRwoMUG",
                    "width": 4032
                }
            ],
            "place_id": "ChIJtxODuv6LGGARhYmJxezNQEs",
            "plus_code": {
                "compound_code": "MQJ8+FR 日本、東京都千代田区",
                "global_code": "8Q7XMQJ8+FR"
            },
            "price_level": 2,
            "rating": 3.8,
            "reference": "ChIJtxODuv6LGGARhYmJxezNQEs",
            "scope": "GOOGLE",
            "types": [
                "bakery",
                "cafe",
                "food",
                "point_of_interest",
                "store",
                "establishment"
            ],
            "user_ratings_total": 453,
            "vicinity": "千代田区丸の内１丁目９−１ JR東日本東京駅構内 B1"
        },
        {
            "business_status": "OPERATIONAL",
            "geometry": {
                "location": {
                    "lat": 35.6816287,
                    "lng": 139.7651934
                },
                "viewport": {
                    "northeast": {
                        "lat": 35.6831609802915,
                        "lng": 139.7661691302915
                    },
                    "southwest": {
                        "lat": 35.6804630197085,
                        "lng": 139.7634711697085
                    }
                }
            },
            "icon": "https://maps.gstatic.com/mapfiles/place_api/icons/v1/png_71/cafe-71.png",
            "icon_background_color": "#FF9E67",
            "icon_mask_base_uri": "https://maps.gstatic.com/mapfiles/place_api/icons/v2/cafe_pinlet",
            "name": "PEARL LADY 茶BAR",
            "opening_hours": {
                "open_now": true
            },
            "photos": [
                {
                    "height": 3024,
                    "html_attributions": [
                        "<a href=\"https://maps.google.com/maps/contrib/107945071981686897250\">mari san</a>"
                    ],
                    "photo_reference": "Aap_uEBZqDNpJgU8ZF9gqgV0uJ9eHQeAIWtFBg5CmC4I_4kWdGpkDJHeXIlyv0h2PanwILYgy0nlZtamIsKqEEnHHdRSkpKjdP19Abre1wdVankZ9tUsZvUO9xFctQONwNCXAH38djoeFai8jh9dBwuNysiSUFrRCi4U_tGNPUhUPfUVi2EE",
                    "width": 4032
                }
            ],
            "place_id": "ChIJJyPsuUuLGGART2V9aWkO1is",
            "plus_code": {
                "compound_code": "MQJ8+M3 日本、東京都千代田区",
                "global_code": "8Q7XMQJ8+M3"
            },
            "price_level": 1,
            "rating": 4.6,
            "reference": "ChIJJyPsuUuLGGART2V9aWkO1is",
            "scope": "GOOGLE",
            "types": [
                "cafe",
                "food",
                "point_of_interest",
                "establishment"
            ],
            "user_ratings_total": 13,
            "vicinity": "千代田区丸の内１−９ 東日本東京駅構内 グランスタ丸の内 改札外B1F 1JR"
        },
        {
            "business_status": "OPERATIONAL",
            "geometry": {
                "location": {
                    "lat": 35.6815633,
                    "lng": 139.7650613
                },
                "viewport": {
                    "northeast": {
                        "lat": 35.6828680302915,
                        "lng": 139.7660166802915
                    },
                    "southwest": {
                        "lat": 35.6801700697085,
                        "lng": 139.7633187197085
                    }
                }
            },
            "icon": "https://maps.gstatic.com/mapfiles/place_api/icons/v1/png_71/cafe-71.png",
            "icon_background_color": "#FF9E67",
            "icon_mask_base_uri": "https://maps.gstatic.com/mapfiles/place_api/icons/v2/cafe_pinlet",
            "name": "Jamba Kitchen Labo グランスタ丸の内",
            "opening_hours": {
                "open_now": false
            },
            "photos": [
                {
                    "height": 2667,
                    "html_attributions": [
                        "<a href=\"https://maps.google.com/maps/contrib/112788938715855582939\">Jamba Kitchen Labo グランスタ丸の内</a>"
                    ],
                    "photo_reference": "Aap_uECpDWmr-8QJiXyMx3ud1rko4clqrwwcm3EqnT5_XL44DT3oBTMsoTEOFSS_3ktlBWmjHFOY8j9ZHXER0dYlt9g-kq6kAaKw5pdP5rDVUAA_pZn6hkt0hAsWrAhynenqN6W8Co6nr42UtgCiOKh-tGDcCBfl5lI8nfDJVOUFowdnJNsp",
                    "width": 4000
                }
            ],
            "place_id": "ChIJKdfe4IuLGGARArvrMr4r-6g",
            "plus_code": {
                "compound_code": "MQJ8+J2 日本、東京都千代田区",
                "global_code": "8Q7XMQJ8+J2"
            },
            "rating": 4.3,
            "reference": "ChIJKdfe4IuLGGARArvrMr4r-6g",
            "scope": "GOOGLE",
            "types": [
                "cafe",
                "meal_takeaway",
                "restaurant",
                "food",
                "point_of_interest",
                "establishment"
            ],
            "user_ratings_total": 24,
            "vicinity": "千代田区丸の内１丁目９−１ 東京駅構内 地下1階 改札外 JR東日本"
        }
    ],
    "status": "OK"
}