{
    "html_attributions": [],
    "results": [
        {
            "business_status": "OPERATIONAL",
            "geometry": {
                "location": {
                    "lat": 35.4682141,
                    "lng": 139.6250375
                },
                "viewport": {
                    "northeast": {
                        "lat": 35.4695996302915,
                        "lng": 139.6263098302915
                    },
                    "southwest": {
                        "lat": 35.46690166970851,
                        "lng": 139.6236118697085
                    }
                }
            },
            "icon": "https://maps.gstatic.com/mapfiles/place_api/icons/v1/png_71/cafe-71.png",
            "icon_background_color": "#FF9E67",
            "icon_mask_base_uri": "https://maps.gstatic.com/mapfiles/place_api/icons/v2/cafe_pinlet",
            "name": "12.Cafe 横浜 トゥエルブドットカフェYOKOHAMA",
            "opening_hours": {
                "open_now": true
            },
            "photos": [
                {
                    "height": 1266,
                    "html_attributions": [
                        "<a href=\"https://maps.google.com/maps/contrib/116785198747866593087\">12.Cafe 横浜 トゥエルブドットカフェYOKOHAMA</a>"
                    ],
                    "photo_reference": "Aap_uEBwvZ9XEWk51FixjlVKBBmCh9TVtVrF8n8U1IYFet0yAxYJzHVhb7guRoPVXiGjAvWpWjaLp1nlfm54JjibrYyLljP5CjUdqH86oB26Y8JMoJHSeuThkBrQ16MtY7QY94lGqT64_CdRdwtBHFfe4uz4l2UaMrGeabf2DAr3IGsJWxoc",
                    "width": 1899
                }
            ],
            "place_id": "ChIJ8fbz9xNcGGARMuCwetV1X1U",
            "plus_code": {
                "compound_code": "FJ9G+72 日本、神奈川県横浜市",
                "global_code": "8Q7XFJ9G+72"
            },
            "price_level": 2,
            "rating": 3.7,
            "reference": "ChIJ8fbz9xNcGGARMuCwetV1X1U",
            "scope": "GOOGLE",
            "types": [
                "cafe",
                "food",
                "point_of_interest",
                "establishment"
            ],
            "user_ratings_total": 77,
            "vicinity": "横浜市神奈川区金港町５−１４ クアドリフォリオ 1F"
        },
        {
            "business_status": "OPERATIONAL",
            "geometry": {
                "location": {
                    "lat": 35.46780090000001,
                    "lng": 139.6245537
                },
                "viewport": {
                    "northeast": {
                        "lat": 35.4691727302915,
                        "lng": 139.6259191802915
                    },
                    "southwest": {
                        "lat": 35.4664747697085,
                        "lng": 139.6232212197085
                    }
                }
            },
            "icon": "https://maps.gstatic.com/mapfiles/place_api/icons/v1/png_71/cafe-71.png",
            "icon_background_color": "#FF9E67",
            "icon_mask_base_uri": "https://maps.gstatic.com/mapfiles/place_api/icons/v2/cafe_pinlet",
            "name": "プロント 横浜京急EXイン店",
            "opening_hours": {
                "open_now": false
            },
            "photos": [
                {
                    "height": 1536,
                    "html_attributions": [
                        "<a href=\"https://maps.google.com/maps/contrib/102952576046311988265\">もりげんさん</a>"
                    ],
                    "photo_reference": "Aap_uEDAz52ga_b1AyTBj_SyBTiNVOHDCApty7caxikXs6tXC46FvKMWkyVonIQbm7ZTje7TTC9VYOFrWGv6XaVwPu34vJMkuf2lDv1e9pz50DZ6M8YUG6qlnqHo-M86T7ZVypD0mQVHDsq4Rm5nDzcrAdyOhI-WKlSiQ_Yq3i_oj8JSSbdh",
                    "width": 2048
                }
            ],
            "place_id": "ChIJFVwO9xNcGGARO7E_8auG1Jw",
            "plus_code": {
                "compound_code": "FJ9F+4R 日本、神奈川県横浜市",
                "global_code": "8Q7XFJ9F+4R"
            },
            "price_level": 2,
            "rating": 3.4,
            "reference": "ChIJFVwO9xNcGGARO7E_8auG1Jw",
            "scope": "GOOGLE",
            "types": [
                "cafe",
                "food",
                "point_of_interest",
                "store",
                "establishment"
            ],
            "user_ratings_total": 187,
            "vicinity": "横浜市神奈川区金港町５−７"
        },
        {
            "business_status": "OPERATIONAL",
            "geometry": {
                "location": {
                    "lat": 35.46810249999999,
                    "lng": 139.6248606
                },
                "viewport": {
                    "northeast": {
                        "lat": 35.46945148029149,
                        "lng": 139.6262095802915
                    },
                    "southwest": {
                        "lat": 35.46675351970849,
                        "lng": 139.6235116197085
                    }
                }
            },
            "icon": "https://maps.gstatic.com/mapfiles/place_api/icons/v1/png_71/cafe-71.png",
            "icon_background_color": "#FF9E67",
            "icon_mask_base_uri": "https://maps.gstatic.com/mapfiles/place_api/icons/v2/cafe_pinlet",
            "name": "ベックスコーヒーショップ 相鉄フレッサイン横浜駅東口店",
            "opening_hours": {
                "open_now": false
            },
            "photos": [
                {
                    "height": 3024,
                    "html_attributions": [
                        "<a href=\"https://maps.google.com/maps/contrib/103863441429299258474\">yuuchi</a>"
                    ],
                    "photo_reference": "Aap_uEAB87toSEDWNg4Ls0pmFYc9Oin9Uo0K3fPSU6NYL5wwmlZIZ0h-yYexfTldOnnKG_hDQUDLyr50eSo4IK8MDJNBqBz5lXUcA7QPgZPr8GDPHRMFchkcPPhD-Y-addqzAGrneaf8XZFGAE4pfrdRcZfkI-NUqu9QTt86pf1Wurao0hF0",
                    "width": 4032
                }
            ],
            "place_id": "ChIJXxgToNJdGGARVe7eDvPDAxQ",
            "plus_code": {
                "compound_code": "FJ9F+6W 日本、神奈川県横浜市",
                "global_code": "8Q7XFJ9F+6W"
            },
            "rating": 3.8,
            "reference": "ChIJXxgToNJdGGARVe7eDvPDAxQ",
            "scope": "GOOGLE",
            "types": [
                "cafe",
                "food",
                "point_of_interest",
                "establishment"
            ],
            "user_ratings_total": 27,
            "vicinity": "横浜市神奈川区金港町５−１０"
        }
    ],
    "status": "OK"
}