{
    "html_attributions": [],
    "results": [
        {
            "business_status": "OPERATIONAL",
            "geometry": {
                "location": {
                    "lat": 35.465245,
                    "lng": 139.6228644
                },
                "viewport": {
                    "northeast": {
                        "lat": 35.4663882802915,
                        "lng": 139.6241977302915
                    },
                    "southwest": {
                        "lat": 35.4636903197085,
                        "lng": 139.6214997697085
                    }
                }
            },
            "icon": "https://maps.gstatic.com/mapfiles/place_api/icons/v1/png_71/cafe-71.png",
            "icon_background_color": "#FF9E67",
            "icon_mask_base_uri": "https://maps.gstatic.com/mapfiles/place_api/icons/v2/cafe_pinlet",
            "name": "アフタヌーンティー・ラブアンドテーブル ルミネ横浜",
            "opening_hours": {
                "open_now": false
            },
            "photos": [
                {
                    "height": 1836,
                    "html_attributions": [
                        "<a href=\"https://maps.google.com/maps/contrib/116294440148452064123\">akko</a>"
                    ],
                    "photo_reference": "Aap_uEBAVwiRTQwo9atFve029ty2ABmyBfY6dllzGcZUd2jN_xZPx69FGHmKzHg-uhqRKzQ3Jl6SGPBuhAXRr6dnXTHNqBw8umf25aREiR8uiGV0rm8IyDQMDgBMDqyp3ceMZvx7a-KPYtQQ5jvpzYf0hXSERD-vkfCVDe2TCo1py7n0N_Fe",
                    "width": 3264
                }
            ],
            "place_id": "ChIJ1b0luxNcGGARVtpX9FsVRWs",
            "plus_code": {
                "compound_code": "FJ8F+34 日本、神奈川県横浜市",
                "global_code": "8Q7XFJ8F+34"
            },
            "price_level": 2,
            "rating": 3.8,
            "reference": "ChIJ1b0luxNcGGARVtpX9FsVRWs",
            "scope": "GOOGLE",
            "types": [
                "cafe",
                "food",
                "point_of_interest",
                "establishment"
            ],
            "user_ratings_total": 86,
            "vicinity": "横浜市西区高島２丁目１６−１ ルミネ横浜 5階"
        },
        {
            "business_status": "OPERATIONAL",
            "geometry": {
                "location": {
                    "lat": 35.4640595,
                    "lng": 139.6223546
                },
                "viewport": {
                    "northeast": {
                        "lat": 35.4655219302915,
                        "lng": 139.6236971302915
                    },
                    "southwest": {
                        "lat": 35.4628239697085,
                        "lng": 139.6209991697085
                    }
                }
            },
            "icon": "https://maps.gstatic.com/mapfiles/place_api/icons/v1/png_71/cafe-71.png",
            "icon_background_color": "#FF9E67",
            "icon_mask_base_uri": "https://maps.gstatic.com/mapfiles/place_api/icons/v2/cafe_pinlet",
            "name": "ドトールコーヒーショップ 横浜東口店",
            "opening_hours": {
                "open_now": false
            },
            "photos": [
                {
                    "height": 2056,
                    "html_attributions": [
                        "<a href=\"https://maps.google.com/maps/contrib/101726073194227937874\">Atsushi Shinozaki</a>"
                    ],
                    "photo_reference": "Aap_uEAaODeUfGmSVeC2-c3Ik93hnyip4pVLpp4dnCdP5HLddIfDgEsQPS2govRTyq8wsnvKItvm5uIw9fgM0ayoFw1bvdmOXtaQyZS-rZhdJkZa3p0rS2f9vrEpmxRqV_wehDhhWyIO99pR7ycd0f2M5gH3HOBeYSKG5Yx8qhcOYJ4RjX_n",
                    "width": 3648
                }
            ],
            "place_id": "ChIJvRIxIBNcGGARPuRtQM8nvj4",
            "plus_code": {
                "compound_code": "FJ7C+JW 日本、神奈川県横浜市",
                "global_code": "8Q7XFJ7C+JW"
            },
            "price_level": 1,
            "rating": 3.5,
            "reference": "ChIJvRIxIBNcGGARPuRtQM8nvj4",
            "scope": "GOOGLE",
            "types": [
                "cafe",
                "food",
                "point_of_interest",
                "establishment"
            ],
            "user_ratings_total": 396,
            "vicinity": "横浜市西区高島２丁目１４−１４"
        },
        {
            "business_status": "OPERATIONAL",
            "geometry": {
                "location": {
                    "lat": 35.4647898,
                    "lng": 139.6235903
                },
                "viewport": {
                    "northeast": {
                        "lat": 35.4661343802915,
                        "lng": 139.6252136802915
                    },
                    "southwest": {
                        "lat": 35.4634364197085,
                        "lng": 139.6225157197085
                    }
                }
            },
            "icon": "https://maps.gstatic.com/mapfiles/place_api/icons/v1/png_71/cafe-71.png",
            "icon_background_color": "#FF9E67",
            "icon_mask_base_uri": "https://maps.gstatic.com/mapfiles/place_api/icons/v2/cafe_pinlet",
            "name": "スターバックス コーヒー 横浜ポルタ店",
            "opening_hours": {
                "open_now": true
            },
            "photos": [
                {
                    "height": 2268,
                    "html_attributions": [
                        "<a href=\"https://maps.google.com/maps/contrib/117017618241179075128\">Ko Ma</a>"
                    ],
                    "photo_reference": "Aap_uEDXDzTNfyd_pnKgaLOyOZO7jbJPAsGcmNhDNv_KWaGrrohTwlgYkSQ4kS1ayrJlZBifGguA0PkYMv9ngusPYxyaCcPs49ZoYWolqEYqv6HJxjiwK1bihVL27VVXQZGcUlMJtXN31LAouKlGfAW4PlbGbIH4v0POecywhpCGdSAQJq_q",
                    "width": 4032
                }
            ],
            "place_id": "ChIJIUmUchNcGGARqo3DzSMkWus",
            "plus_code": {
                "compound_code": "FJ7F+WC 日本、神奈川県横浜市",
                "global_code": "8Q7XFJ7F+WC"
            },
            "price_level": 2,
            "rating": 3.8,
            "reference": "ChIJIUmUchNcGGARqo3DzSMkWus",
            "scope": "GOOGLE",
            "types": [
                "cafe",
                "food",
                "point_of_interest",
                "store",
                "establishment"
            ],
            "user_ratings_total": 302,
            "vicinity": "横浜市西区高島２丁目１６−B1 横浜ポルタ"
        },
        {
            "business_status": "OPERATIONAL",
            "geometry": {
                "location": {
                    "lat": 35.463735,
                    "lng": 139.6221324
                },
                "viewport": {
                    "northeast": {
                        "lat": 35.4654732802915,
                        "lng": 139.6235324302915
                    },
                    "southwest": {
                        "lat": 35.4627753197085,
                        "lng": 139.6208344697085
                    }
                }
            },
            "icon": "https://maps.gstatic.com/mapfiles/place_api/icons/v1/png_71/cafe-71.png",
            "icon_background_color": "#FF9E67",
            "icon_mask_base_uri": "https://maps.gstatic.com/mapfiles/place_api/icons/v2/cafe_pinlet",
            "name": "横浜キューバサンド",
            "opening_hours": {
                "open_now": false
            },
            "photos": [
                {
                    "height": 3120,
                    "html_attributions": [
                        "<a href=\"https://maps.google.com/maps/contrib/108649210652415073337\">kurosiro chobi</a>"
                    ],
                    "photo_reference": "Aap_uEBIiwIQuhNpvPC05ueUBY7kvrsMpZXQEgayZy8Jo2YDY6uKb7eQ0JTxiYiBVqZ6Ys4WDxI3aB_HjR0HYkTTkT3a74SJbZyFl3G4M8O9lL3FH-J-FYPmsOkzd43euzzbKO10EhqxXa31Lngn3m-nP7zfi6C1RcG3haMlz7JoXGEJxM_Y",
                    "width": 4160
                }
            ],
            "place_id": "ChIJtU5d-vtcGGARcaJ-yY4Rg9s",
            "plus_code": {
                "compound_code": "FJ7C+FV 日本、神奈川県横浜市",
                "global_code": "8Q7XFJ7C+FV"
            },
            "price_level": 2,
            "rating": 4.2,
            "reference": "ChIJtU5d-vtcGGARcaJ-yY4Rg9s",
            "scope": "GOOGLE",
            "types": [
                "cafe",
                "meal_takeaway",
                "bar",
                "restaurant",
                "food",
                "point_of_interest",
                "establishment"
            ],
            "user_ratings_total": 40,
            "vicinity": "横浜市西区高島２丁目１４−９"
        },
        {
            "business_status": "OPERATIONAL",
            "geometry": {
                "location": {
                    "lat": 35.465264,
                    "lng": 139.622848
                },
                "viewport": {
                    "northeast": {
                        "lat": 35.4663981802915,
                        "lng": 139.6241808802915
                    },
                    "southwest": {
                        "lat": 35.4637002197085,
                        "lng": 139.6214829197085
                    }
                }
            },
            "icon": "https://maps.gstatic.com/mapfiles/place_api/icons/v1/png_71/cafe-71.png",
            "icon_background_color": "#FF9E67",
            "icon_mask_base_uri": "https://maps.gstatic.com/mapfiles/place_api/icons/v2/cafe_pinlet",
            "name": "24/7 coffee&roaster 横浜",
            "opening_hours": {
                "open_now": false
            },
            "photos": [
                {
                    "height": 850,
                    "html_attributions": [
                        "<a href=\"https://maps.google.com/maps/contrib/103198479567403165302\">24/7 coffee&amp;roaster 横浜</a>"
                    ],
                    "photo_reference": "Aap_uECEoZPF3OE-U0Nf5x38erxmFB1Nj6CZ_BTB_HbM4Lxwt79MCyLy-o8jf8zc_nNE87taM8zMyy4gNC3Tpto5z65a39hDnEE1smadnViRNhxLdbJqfwvYFBs0sFPGP2rciwdW7cqYPVr9Z1ZQ3PNysKOMOnplibcqhLrwaRrya_qB5SG0",
                    "width": 2160
                }
            ],
            "place_id": "ChIJZeYyBhNcGGAR3MNu90QDHuc",
            "plus_code": {
                "compound_code": "FJ8F+44 日本、神奈川県横浜市",
                "global_code": "8Q7XFJ8F+44"
            },
            "price_level": 2,
            "rating": 3.8,
            "reference": "ChIJZeYyBhNcGGAR3MNu90QDHuc",
            "scope": "GOOGLE",
            "types": [
                "cafe",
                "food",
                "point_of_interest",
                "store",
                "establishment"
            ],
            "user_ratings_total": 55,
            "vicinity": "横浜市西区高島２丁目１６−１ ルミネ横浜店 3F"
        },
        {
            "business_status": "OPERATIONAL",
            "geometry": {
                "location": {
                    "lat": 35.46512299999999,
                    "lng": 139.6230732
                },
                "viewport": {
                    "northeast": {
                        "lat": 35.46619388029149,
                        "lng": 139.6244961802915
                    },
                    "southwest": {
                        "lat": 35.46349591970849,
                        "lng": 139.6217982197085
                    }
                }
            },
            "icon": "https://maps.gstatic.com/mapfiles/place_api/icons/v1/png_71/restaurant-71.png",
            "icon_background_color": "#FF9E67",
            "icon_mask_base_uri": "https://maps.gstatic.com/mapfiles/place_api/icons/v2/restaurant_pinlet",
            "name": "春水堂 横浜ポルタ店",
            "opening_hours": {
                "open_now": true
            },
            "photos": [
                {
                    "height": 3024,
                    "html_attributions": [
                        "<a href=\"https://maps.google.com/maps/contrib/108873716386299944475\">ヴィラセゾンR</a>"
                    ],
                    "photo_reference": "Aap_uECJQBvC-VkNN5MJnn9XSdmOJelSASTUSoGOlz-aZLOj_SnUrITc1QIeYCzaaydFSkdOZf_guVx8TZjmaSHTH6im0sB0Z5IDpu5Lrtp0zb5jtwsYVcgqDdWrBQ3XtZ3iuV98uFXwUOYeqhRvL4Qk-uleSBbyvwZAf1c4-hFd2vLVc93T",
                    "width": 4032
                }
            ],
            "place_id": "ChIJXTzoDRNcGGARD6xkSqfdDMs",
            "plus_code": {
                "compound_code": "FJ8F+26 日本、神奈川県横浜市",
                "global_code": "8Q7XFJ8F+26"
            },
            "price_level": 2,
            "rating": 3.7,
            "reference": "ChIJXTzoDRNcGGARD6xkSqfdDMs",
            "scope": "GOOGLE",
            "types": [
                "cafe",
                "restaurant",
                "food",
                "point_of_interest",
                "establishment"
            ],
            "user_ratings_total": 358,
            "vicinity": "横浜駅東口地下街ポルタ B1, 2 Chome-16 Takashima, Yokohama, Nishi Ward"
        },
        {
            "business_status": "OPERATIONAL",
            "geometry": {
                "location": {
                    "lat": 35.464294,
                    "lng": 139.623001
                },
                "viewport": {
                    "northeast": {
                        "lat": 35.4656884802915,
                        "lng": 139.6242741802915
                    },
                    "southwest": {
                        "lat": 35.4629905197085,
                        "lng": 139.6215762197085
                    }
                }
            },
            "icon": "https://maps.gstatic.com/mapfiles/place_api/icons/v1/png_71/cafe-71.png",
            "icon_background_color": "#FF9E67",
            "icon_mask_base_uri": "https://maps.gstatic.com/mapfiles/place_api/icons/v2/cafe_pinlet",
            "name": "アボリータム",
            "opening_hours": {
                "open_now": false
            },
            "photos": [
                {
                    "height": 4032,
                    "html_attributions": [
                        "<a href=\"https://maps.google.com/maps/contrib/110204577553158103546\">北幸代</a>"
                    ],
                    "photo_reference": "Aap_uEDGhmVUiisQocpqeikr1z2PBMQNkNfrnE6LdVE3bakxFxiWxzmFXNT5AKf1Pm5t5mlmq4z-lzKVNxOA-qxUn_sjsqDKLVuCOQG5NKnghjJ0Q-mBSAMJCctCt0HfjSDwgyUx2qXYLbkj9k1UDiRJ3jEoG1pWifzRlGEA3WovFhkTDlS9",
                    "width": 3024
                }
            ],
            "place_id": "ChIJk5JlPRNcGGAR2wUQvN4cyeo",
            "plus_code": {
                "compound_code": "FJ7F+P6 日本、神奈川県横浜市",
                "global_code": "8Q7XFJ7F+P6"
            },
            "price_level": 2,
            "rating": 4,
            "reference": "ChIJk5JlPRNcGGAR2wUQvN4cyeo",
            "scope": "GOOGLE",
            "types": [
                "cafe",
                "food",
                "point_of_interest",
                "establishment"
            ],
            "user_ratings_total": 172,
            "vicinity": "横浜市西区高島２−１３−１２"
        },
        {
            "business_status": "OPERATIONAL",
            "geometry": {
                "location": {
                    "lat": 35.4650577,
                    "lng": 139.6231666
                },
                "viewport": {
                    "northeast": {
                        "lat": 35.46638078029149,
                        "lng": 139.6245613802915
                    },
                    "southwest": {
                        "lat": 35.4636828197085,
                        "lng": 139.6218634197085
                    }
                }
            },
            "icon": "https://maps.gstatic.com/mapfiles/place_api/icons/v1/png_71/cafe-71.png",
            "icon_background_color": "#FF9E67",
            "icon_mask_base_uri": "https://maps.gstatic.com/mapfiles/place_api/icons/v2/cafe_pinlet",
            "name": "PRONTO プロント 横浜店",
            "opening_hours": {
                "open_now": true
            },
            "photos": [
                {
                    "height": 3456,
                    "html_attributions": [
                        "<a href=\"https://maps.google.com/maps/contrib/109925742846507395682\">小林慶一</a>"
                    ],
                    "photo_reference": "Aap_uEBAtSbtro3yaCJvuP5eZEajurExdLOIjBXoiwiSpR9Hvw6RKORvUlEgMzPv3OmdPP3jhw9iYRNXI2MTQWfrhmAgiyWRl8CiAF8J5C74boCMHsfM_EY5qqIONurTDlOO468MlHAZV8fzBTas_RGTmqBCGowVi-Z9-PjlWxEHdjzqEJ30",
                    "width": 4608
                }
            ],
            "place_id": "ChIJyboGBRNcGGARYc11UAwBdtc",
            "plus_code": {
                "compound_code": "FJ8F+27 日本、神奈川県横浜市",
                "global_code": "8Q7XFJ8F+27"
            },
            "price_level": 2,
            "rating": 3.5,
            "reference": "ChIJyboGBRNcGGARYc11UAwBdtc",
            "scope": "GOOGLE",
            "types": [
                "cafe",
                "food",
                "point_of_interest",
                "store",
                "establishment"
            ],
            "user_ratings_total": 403,
            "vicinity": "横浜市西区高島２丁目１６−地下街 ポルタ内 B1"
        },
        {
            "business_status": "OPERATIONAL",
            "geometry": {
                "location": {
                    "lat": 35.4648754,
                    "lng": 139.6230223
                },
                "viewport": {
                    "northeast": {
                        "lat": 35.46607008029149,
                        "lng": 139.6244455802915
                    },
                    "southwest": {
                        "lat": 35.4633721197085,
                        "lng": 139.6217476197085
                    }
                }
            },
            "icon": "https://maps.gstatic.com/mapfiles/place_api/icons/v1/png_71/cafe-71.png",
            "icon_background_color": "#FF9E67",
            "icon_mask_base_uri": "https://maps.gstatic.com/mapfiles/place_api/icons/v2/cafe_pinlet",
            "name": "三本珈琲店 ポルタ店",
            "opening_hours": {
                "open_now": false
            },
            "photos": [
                {
                    "height": 1836,
                    "html_attributions": [
                        "<a href=\"https://maps.google.com/maps/contrib/114647168955288206167\">kun hiro</a>"
                    ],
                    "photo_reference": "Aap_uEDPP8MAib5zfPqyGllVoF1LLrD4JMyJ46tDPl5_M-uMADN42AeT0mNiPfAYS0M1S1t7FqIBinbBP4_3KjpcaZw9CSSlz_Msf17-VzJIMrHzNG2ao8ZSaXVsCXUwARN2PcQc0135E2RYMjGy1ZZ0G3O7CDjC2Cg5O5FAxg9nlxteRxrN",
                    "width": 3264
                }
            ],
            "place_id": "ChIJ1cUvEBNcGGARD0RV5xNBZY0",
            "plus_code": {
                "compound_code": "FJ7F+X6 日本、神奈川県横浜市",
                "global_code": "8Q7XFJ7F+X6"
            },
            "rating": 3.8,
            "reference": "ChIJ1cUvEBNcGGARD0RV5xNBZY0",
            "scope": "GOOGLE",
            "types": [
                "cafe",
                "food",
                "point_of_interest",
                "store",
                "establishment"
            ],
            "user_ratings_total": 57,
            "vicinity": "横浜市西区高島２丁目１６−B1"
        },
        {
            "business_status": "OPERATIONAL",
            "geometry": {
                "location": {
                    "lat": 35.46526299999999,
                    "lng": 139.622845
                },
                "viewport": {
                    "northeast": {
                        "lat": 35.46639778029149,
                        "lng": 139.6241779302915
                    },
                    "southwest": {
                        "lat": 35.46369981970849,
                        "lng": 139.6214799697085
                    }
                }
            },
            "icon": "https://maps.gstatic.com/mapfiles/place_api/icons/v1/png_71/cafe-71.png",
            "icon_background_color": "#FF9E67",
            "icon_mask_base_uri": "https://maps.gstatic.com/mapfiles/place_api/icons/v2/cafe_pinlet",
            "name": "SoupStockTokyo ルミネ横浜店",
            "opening_hours": {
                "open_now": false
            },
            "photos": [
                {
                    "height": 3722,
                    "html_attributions": [
                        "<a href=\"https://maps.google.com/maps/contrib/116344559470384314912\">yuko wada</a>"
                    ],
                    "photo_reference": "Aap_uEA-p4K0bs_wP_RzZ9mfuCblxozZBBhiHD1iN6PwMwzq8qzs74LBqIgG7nphdyMdyToOZQh8D6r61jNQSnlFROiEDDs_lkdpwsRsJve8TnblzL_RkLq3aA9V57EmU_DrR6UK6ChmYcnzQbJYdUMspp06aNwwI1E4pPRz0XYgc_ZCsscL",
                    "width": 2792
                }
            ],
            "place_id": "ChIJ1b0luxNcGGARuUET__8JIF8",
            "plus_code": {
                "compound_code": "FJ8F+44 日本、神奈川県横浜市",
                "global_code": "8Q7XFJ8F+44"
            },
            "price_level": 2,
            "rating": 4.1,
            "reference": "ChIJ1b0luxNcGGARuUET__8JIF8",
            "scope": "GOOGLE",
            "types": [
                "cafe",
                "restaurant",
                "food",
                "point_of_interest",
                "establishment"
            ],
            "user_ratings_total": 50,
            "vicinity": "横浜市西区高島２丁目１６−１ ルミネ横浜 6F"
        },
        {
            "business_status": "OPERATIONAL",
            "geometry": {
                "location": {
                    "lat": 35.4636851,
                    "lng": 139.622273
                },
                "viewport": {
                    "northeast": {
                        "lat": 35.4650250802915,
                        "lng": 139.6234937302915
                    },
                    "southwest": {
                        "lat": 35.4623271197085,
                        "lng": 139.6207957697085
                    }
                }
            },
            "icon": "https://maps.gstatic.com/mapfiles/place_api/icons/v1/png_71/cafe-71.png",
            "icon_background_color": "#FF9E67",
            "icon_mask_base_uri": "https://maps.gstatic.com/mapfiles/place_api/icons/v2/cafe_pinlet",
            "name": "これるきっちん -correl kitchen-",
            "opening_hours": {
                "open_now": true
            },
            "place_id": "ChIJMeniiSNdGGARlyZbxdGAEBI",
            "plus_code": {
                "compound_code": "FJ7C+FW 日本、神奈川県横浜市",
                "global_code": "8Q7XFJ7C+FW"
            },
            "reference": "ChIJMeniiSNdGGARlyZbxdGAEBI",
            "scope": "GOOGLE",
            "types": [
                "cafe",
                "food",
                "point_of_interest",
                "establishment"
            ],
            "vicinity": "横浜市西区高島２丁目１４"
        }
    ],
    "status": "OK"
}