{
    "html_attributions": [],
    "results": [
        {
            "business_status": "CLOSED_TEMPORARILY",
            "geometry": {
                "location": {
                    "lat": 35.4669943,
                    "lng": 139.6221953
                },
                "viewport": {
                    "northeast": {
                        "lat": 35.4685746302915,
                        "lng": 139.6234972302915
                    },
                    "southwest": {
                        "lat": 35.4658766697085,
                        "lng": 139.6207992697085
                    }
                }
            },
            "icon": "https://maps.gstatic.com/mapfiles/place_api/icons/v1/png_71/museum-71.png",
            "icon_background_color": "#13B5C7",
            "icon_mask_base_uri": "https://maps.gstatic.com/mapfiles/place_api/icons/v2/museum_pinlet",
            "name": "横浜駅記憶の散歩道",
            "permanently_closed": true,
            "place_id": "ChIJq7FbbnVdGGARLSEsv3VieqY",
            "plus_code": {
                "compound_code": "FJ8C+QV 日本、神奈川県横浜市",
                "global_code": "8Q7XFJ8C+QV"
            },
            "reference": "ChIJq7FbbnVdGGARLSEsv3VieqY",
            "scope": "GOOGLE",
            "types": [
                "museum",
                "point_of_interest",
                "establishment"
            ],
            "vicinity": "横浜市西区南幸１丁目３"
        }
    ],
    "status": "OK"
}