{
    "html_attributions": [],
    "results": [
        {
            "business_status": "OPERATIONAL",
            "geometry": {
                "location": {
                    "lat": 35.4676804,
                    "lng": 139.620381
                },
                "viewport": {
                    "northeast": {
                        "lat": 35.4691325802915,
                        "lng": 139.6217486302915
                    },
                    "southwest": {
                        "lat": 35.4664346197085,
                        "lng": 139.6190506697085
                    }
                }
            },
            "icon": "https://maps.gstatic.com/mapfiles/place_api/icons/v1/png_71/cafe-71.png",
            "icon_background_color": "#FF9E67",
            "icon_mask_base_uri": "https://maps.gstatic.com/mapfiles/place_api/icons/v2/cafe_pinlet",
            "name": "タリーズコーヒー ヨドバシ横浜店",
            "opening_hours": {
                "open_now": false
            },
            "photos": [
                {
                    "height": 1080,
                    "html_attributions": [
                        "<a href=\"https://maps.google.com/maps/contrib/111156937570443736098\">けいちゃん</a>"
                    ],
                    "photo_reference": "Aap_uECplsgUBJWaMIeZE_DbYFj07Ekxrqe4ORuq1wQrZPgEJGrTLEi7jM9b6QufYE7pqMd4Tw0FWyToDt1G-JGOiAuDP6Hs6mqP6tOn4hKkrwGpgLLsBgE4aD-3ou0ukiRseBgu7nIEVtxMy5z-n-yRCRvUmb7Vx69BDBDgr1f3DaO4cxhz",
                    "width": 1080
                }
            ],
            "place_id": "ChIJA3Fv3hFcGGART4AJF8k5BB8",
            "plus_code": {
                "compound_code": "FJ9C+35 日本、神奈川県横浜市",
                "global_code": "8Q7XFJ9C+35"
            },
            "price_level": 2,
            "rating": 3.7,
            "reference": "ChIJA3Fv3hFcGGART4AJF8k5BB8",
            "scope": "GOOGLE",
            "types": [
                "cafe",
                "food",
                "point_of_interest",
                "store",
                "establishment"
            ],
            "user_ratings_total": 216,
            "vicinity": "横浜市西区北幸１丁目２−７"
        },
        {
            "business_status": "CLOSED_TEMPORARILY",
            "geometry": {
                "location": {
                    "lat": 35.4683736,
                    "lng": 139.6207447
                },
                "viewport": {
                    "northeast": {
                        "lat": 35.4696777802915,
                        "lng": 139.6222871802915
                    },
                    "southwest": {
                        "lat": 35.4669798197085,
                        "lng": 139.6195892197085
                    }
                }
            },
            "icon": "https://maps.gstatic.com/mapfiles/place_api/icons/v1/png_71/cafe-71.png",
            "icon_background_color": "#FF9E67",
            "icon_mask_base_uri": "https://maps.gstatic.com/mapfiles/place_api/icons/v2/cafe_pinlet",
            "name": "県民センターともしびショップ",
            "permanently_closed": true,
            "photos": [
                {
                    "height": 4032,
                    "html_attributions": [
                        "<a href=\"https://maps.google.com/maps/contrib/113793468025740493060\">生茶</a>"
                    ],
                    "photo_reference": "Aap_uEBUrfOXMiOzuDiYwztJqQBjMZDh1NRIYO3GnIO0SimGM2B9vOKDeP82sNfCWQTy2LvPjzsO0l-VOcwuT9PRECaPD77MNVJr5mey0t8kfuFnPk-D13uUpMfO-XKpI5FJY1GJvrLUP5O2fiKPyTOsroIm4QpeTukKSQCNdV0ToSLFurD9",
                    "width": 3024
                }
            ],
            "place_id": "ChIJS7BlxhFcGGARjhcabBZypH0",
            "plus_code": {
                "compound_code": "FJ9C+87 日本、神奈川県横浜市",
                "global_code": "8Q7XFJ9C+87"
            },
            "price_level": 1,
            "rating": 4,
            "reference": "ChIJS7BlxhFcGGARjhcabBZypH0",
            "scope": "GOOGLE",
            "types": [
                "cafe",
                "food",
                "point_of_interest",
                "establishment"
            ],
            "user_ratings_total": 5,
            "vicinity": "横浜市神奈川区鶴屋町２丁目２４−２"
        },
        {
            "business_status": "OPERATIONAL",
            "geometry": {
                "location": {
                    "lat": 35.4680692,
                    "lng": 139.6212872
                },
                "viewport": {
                    "northeast": {
                        "lat": 35.46942428029151,
                        "lng": 139.6226373302915
                    },
                    "southwest": {
                        "lat": 35.46672631970851,
                        "lng": 139.6199393697085
                    }
                }
            },
            "icon": "https://maps.gstatic.com/mapfiles/place_api/icons/v1/png_71/cafe-71.png",
            "icon_background_color": "#FF9E67",
            "icon_mask_base_uri": "https://maps.gstatic.com/mapfiles/place_api/icons/v2/cafe_pinlet",
            "name": "スモーキングエリア",
            "photos": [
                {
                    "height": 3096,
                    "html_attributions": [
                        "<a href=\"https://maps.google.com/maps/contrib/111880696450988708908\">他力本願</a>"
                    ],
                    "photo_reference": "Aap_uEAEVUhuEnCZcmCtW9hpFklDzM7FvXyC03lYV6g-GxBfWW954_jE4qMpUcJ0EUuj4IqtsUusXtTCNNaG8x3n5brjvzahzzUEHpVUJ_2dF3th0fKZvvZuWnmoIsLClQYF4wBYky6c_DV7jd8VuUgX3WmFqLtFd4FL0wKRTVeXZOhWLpQf",
                    "width": 5504
                }
            ],
            "place_id": "ChIJCehDRMhdGGARlMihB4G06yk",
            "plus_code": {
                "compound_code": "FJ9C+6G 日本、神奈川県横浜市",
                "global_code": "8Q7XFJ9C+6G"
            },
            "reference": "ChIJCehDRMhdGGARlMihB4G06yk",
            "scope": "GOOGLE",
            "types": [
                "cafe",
                "food",
                "point_of_interest",
                "establishment"
            ],
            "vicinity": "横浜市神奈川区鶴屋町２丁目"
        }
    ],
    "status": "OK"
}