{
    "html_attributions": [],
    "results": [
        {
            "business_status": "OPERATIONAL",
            "geometry": {
                "location": {
                    "lat": 35.470332,
                    "lng": 139.6253769
                },
                "viewport": {
                    "northeast": {
                        "lat": 35.4716809802915,
                        "lng": 139.6267258802915
                    },
                    "southwest": {
                        "lat": 35.4689830197085,
                        "lng": 139.6240279197085
                    }
                }
            },
            "icon": "https://maps.gstatic.com/mapfiles/place_api/icons/v1/png_71/park-71.png",
            "icon_background_color": "#4DB546",
            "icon_mask_base_uri": "https://maps.gstatic.com/mapfiles/place_api/icons/v2/tree_pinlet",
            "name": "東横フラワー緑道",
            "opening_hours": {
                "open_now": true
            },
            "photos": [
                {
                    "height": 3024,
                    "html_attributions": [
                        "<a href=\"https://maps.google.com/maps/contrib/102821492854957767649\">Kou K</a>"
                    ],
                    "photo_reference": "Aap_uEBB8KKbKFREzfawaUTM7Hef64sQwtv0BEtCbPwKDluRuzpFebzQjTdW4PoymP2wO6AhnLtFBxN6RdCPj3r-DTyGPPm6l57VtKoSvKdGnWAY-FyIVsSARKVVcj42Og3X-N00G0DAroltyIZc7GeHGamZRTO-MMeuIjbHryC8aZMHn5pD",
                    "width": 4032
                }
            ],
            "place_id": "ChIJaQOZzxZcGGARN66mA7CY28k",
            "plus_code": {
                "compound_code": "FJCG+45 日本、神奈川県横浜市",
                "global_code": "8Q7XFJCG+45"
            },
            "rating": 4,
            "reference": "ChIJaQOZzxZcGGARN66mA7CY28k",
            "scope": "GOOGLE",
            "types": [
                "park",
                "tourist_attraction",
                "point_of_interest",
                "establishment"
            ],
            "user_ratings_total": 58,
            "vicinity": "横浜市神奈川区台町６−５"
        },
        {
            "business_status": "OPERATIONAL",
            "geometry": {
                "location": {
                    "lat": 35.4682502,
                    "lng": 139.627638
                },
                "viewport": {
                    "northeast": {
                        "lat": 35.4695575302915,
                        "lng": 139.6289917302915
                    },
                    "southwest": {
                        "lat": 35.4668595697085,
                        "lng": 139.6262937697085
                    }
                }
            },
            "icon": "https://maps.gstatic.com/mapfiles/place_api/icons/v1/png_71/park-71.png",
            "icon_background_color": "#4DB546",
            "icon_mask_base_uri": "https://maps.gstatic.com/mapfiles/place_api/icons/v2/tree_pinlet",
            "name": "金港公園",
            "opening_hours": {
                "open_now": true
            },
            "photos": [
                {
                    "height": 1080,
                    "html_attributions": [
                        "<a href=\"https://maps.google.com/maps/contrib/109267412292337995520\">Tonkyun Kusama</a>"
                    ],
                    "photo_reference": "Aap_uEBhsgeurS_2qXGK1DqBU33JWu6ttYlnw9D9LZMOslFEI3qek11_Rbte2jmtm4GU1louGfX5m_cTmPCNKw9YvIL1U2c3KDZk3S0LBGxWZGa1r-xgm6kGD6oeJKaSXPh5lgm8WtQwo7zDYn19q9-B2jmvo9qWf6PVagylVvp7PlaJiykk",
                    "width": 1920
                }
            ],
            "place_id": "ChIJzfUZtBVcGGAR-QmsY_kdPyA",
            "plus_code": {
                "compound_code": "FJ9H+83 日本、神奈川県横浜市",
                "global_code": "8Q7XFJ9H+83"
            },
            "rating": 3.2,
            "reference": "ChIJzfUZtBVcGGAR-QmsY_kdPyA",
            "scope": "GOOGLE",
            "types": [
                "park",
                "tourist_attraction",
                "point_of_interest",
                "establishment"
            ],
            "user_ratings_total": 18,
            "vicinity": "横浜市神奈川区金港町４"
        }
    ],
    "status": "OK"
}