{
    "html_attributions": [],
    "results": [
        {
            "business_status": "OPERATIONAL",
            "geometry": {
                "location": {
                    "lat": 35.4647384,
                    "lng": 139.6244816
                },
                "viewport": {
                    "northeast": {
                        "lat": 35.4658423802915,
                        "lng": 139.6261720302915
                    },
                    "southwest": {
                        "lat": 35.4631444197085,
                        "lng": 139.6234740697085
                    }
                }
            },
            "icon": "https://maps.gstatic.com/mapfiles/place_api/icons/v1/png_71/cafe-71.png",
            "icon_background_color": "#FF9E67",
            "icon_mask_base_uri": "https://maps.gstatic.com/mapfiles/place_api/icons/v2/cafe_pinlet",
            "name": "マザーリーフ 横浜スカイビル",
            "opening_hours": {
                "open_now": false
            },
            "photos": [
                {
                    "height": 3000,
                    "html_attributions": [
                        "<a href=\"https://maps.google.com/maps/contrib/104098914281524734168\">Wagner ワグナー1992Charles チャールズ</a>"
                    ],
                    "photo_reference": "Aap_uED8k_C5ZV4Ty4XJpZGHpBz9oApaIHX0EmQDBfWwqlykQVY8qDlYWXmkfoTYJV4hfC_hONbE6KF1nG2g1S3VTnKG997QH5Tvpg572HrUitv_DRMmQEHc7yhc7-x1mUV_KTDac-JtTsfi1n2tX3636n_BMiA9cSd9F9_a-caUehC9HOMH",
                    "width": 4000
                }
            ],
            "place_id": "ChIJOf2cXhNcGGARz7pO29ZYzo4",
            "plus_code": {
                "compound_code": "FJ7F+VQ 日本、神奈川県横浜市",
                "global_code": "8Q7XFJ7F+VQ"
            },
            "price_level": 2,
            "rating": 3.6,
            "reference": "ChIJOf2cXhNcGGARz7pO29ZYzo4",
            "scope": "GOOGLE",
            "types": [
                "cafe",
                "food",
                "point_of_interest",
                "store",
                "establishment"
            ],
            "user_ratings_total": 74,
            "vicinity": "横浜市西区高島２丁目１９−１２"
        },
        {
            "business_status": "OPERATIONAL",
            "geometry": {
                "location": {
                    "lat": 35.4645932,
                    "lng": 139.6247511
                },
                "viewport": {
                    "northeast": {
                        "lat": 35.4657827302915,
                        "lng": 139.6262603802915
                    },
                    "southwest": {
                        "lat": 35.4630847697085,
                        "lng": 139.6235624197085
                    }
                }
            },
            "icon": "https://maps.gstatic.com/mapfiles/place_api/icons/v1/png_71/cafe-71.png",
            "icon_background_color": "#FF9E67",
            "icon_mask_base_uri": "https://maps.gstatic.com/mapfiles/place_api/icons/v2/cafe_pinlet",
            "name": "スターバックス コーヒー 横浜スカイビル店",
            "opening_hours": {
                "open_now": true
            },
            "photos": [
                {
                    "height": 3096,
                    "html_attributions": [
                        "<a href=\"https://maps.google.com/maps/contrib/100497233703723823853\">Takahiro Morikawa</a>"
                    ],
                    "photo_reference": "Aap_uEBl4AFz-bMmTNRuJGyWBMX7nH_LEgoyfIWDDZa5rU1TklJ5jw38PCE0N_5wlwfIZRd2oCjK4knbpQKqmLpu0eO2ZOhGoQQD1z0UxgJfSDZcXp3nlRJ7N71-j2_i_UuAXjFmrmwgc9g8y9cfLWrGnFpgocDS8e76unCpu0zCMhnh1CcP",
                    "width": 5504
                }
            ],
            "place_id": "ChIJwdm_XhNcGGARNW9lT0n_8_g",
            "plus_code": {
                "compound_code": "FJ7F+RW 日本、神奈川県横浜市",
                "global_code": "8Q7XFJ7F+RW"
            },
            "price_level": 2,
            "rating": 3.7,
            "reference": "ChIJwdm_XhNcGGARNW9lT0n_8_g",
            "scope": "GOOGLE",
            "types": [
                "cafe",
                "food",
                "point_of_interest",
                "store",
                "establishment"
            ],
            "user_ratings_total": 338,
            "vicinity": "横浜市西区高島２丁目１９−１２ スカイビル"
        },
        {
            "business_status": "OPERATIONAL",
            "geometry": {
                "location": {
                    "lat": 35.4650764,
                    "lng": 139.6248858
                },
                "viewport": {
                    "northeast": {
                        "lat": 35.4664406302915,
                        "lng": 139.6259304802915
                    },
                    "southwest": {
                        "lat": 35.4637426697085,
                        "lng": 139.6232325197085
                    }
                }
            },
            "icon": "https://maps.gstatic.com/mapfiles/place_api/icons/v1/png_71/shopping-71.png",
            "icon_background_color": "#4B96F3",
            "icon_mask_base_uri": "https://maps.gstatic.com/mapfiles/place_api/icons/v2/shopping_pinlet",
            "name": "老舗大佐和 そごう横浜店",
            "opening_hours": {
                "open_now": false
            },
            "photos": [
                {
                    "height": 3264,
                    "html_attributions": [
                        "<a href=\"https://maps.google.com/maps/contrib/114348402456202053038\">老舗大佐和 そごう横浜店</a>"
                    ],
                    "photo_reference": "Aap_uECpOrTJO2L7cQ7P1DjmIVG4DKT4cHhvItRdxB7usUbVP6m-Untp0NIqAZrYS5VYLfQ79txs5sbRjcN6S3mnmOVhax9jbFy1EAomuzVgMlviYiaa5oUqsDbdWI1AZFxUXL8H0id0JsKjU96IvQlwJyMf7yuy7koftPGbTAACquOEuspL",
                    "width": 2448
                }
            ],
            "place_id": "ChIJeZopnxRcGGARSBi9QIvqcgM",
            "plus_code": {
                "compound_code": "FJ8F+2X 日本、神奈川県横浜市",
                "global_code": "8Q7XFJ8F+2X"
            },
            "rating": 4,
            "reference": "ChIJeZopnxRcGGARSBi9QIvqcgM",
            "scope": "GOOGLE",
            "types": [
                "cafe",
                "food",
                "point_of_interest",
                "store",
                "establishment"
            ],
            "user_ratings_total": 1,
            "vicinity": "横浜市西区高島２丁目１８−１ そごう横浜店 B2"
        },
        {
            "business_status": "OPERATIONAL",
            "geometry": {
                "location": {
                    "lat": 35.4652347,
                    "lng": 139.6247768
                },
                "viewport": {
                    "northeast": {
                        "lat": 35.4665785802915,
                        "lng": 139.6258097302915
                    },
                    "southwest": {
                        "lat": 35.4638806197085,
                        "lng": 139.6231117697085
                    }
                }
            },
            "icon": "https://maps.gstatic.com/mapfiles/place_api/icons/v1/png_71/cafe-71.png",
            "icon_background_color": "#FF9E67",
            "icon_mask_base_uri": "https://maps.gstatic.com/mapfiles/place_api/icons/v2/cafe_pinlet",
            "name": "Salon Oeuf et Moi そごう横浜店",
            "opening_hours": {
                "open_now": true
            },
            "photos": [
                {
                    "height": 3456,
                    "html_attributions": [
                        "<a href=\"https://maps.google.com/maps/contrib/109925742846507395682\">小林慶一</a>"
                    ],
                    "photo_reference": "Aap_uEBwO3lQEP8AI5v0JnBhswvO4wfWUO-SKHufoWDDh5IeunTzN9UCPAk9qHstIpIuMoRuUpSv983KgU80rClLE99E6L8JllGNxRk_AFleb0gne0iC0we2sgL7tJ1L4hYGcW72E3pa_c2Edyw43Kx2MBsbGy1jRwBU2OHYBRDtZqn0QC7Z",
                    "width": 4608
                }
            ],
            "place_id": "ChIJQ38umhRcGGAR4A-e8ZoZf9w",
            "plus_code": {
                "compound_code": "FJ8F+3W 日本、神奈川県横浜市",
                "global_code": "8Q7XFJ8F+3W"
            },
            "price_level": 2,
            "rating": 4,
            "reference": "ChIJQ38umhRcGGAR4A-e8ZoZf9w",
            "scope": "GOOGLE",
            "types": [
                "cafe",
                "food",
                "point_of_interest",
                "establishment"
            ],
            "user_ratings_total": 160,
            "vicinity": "横浜市西区高島２丁目１８−１ そごう横浜10F"
        },
        {
            "business_status": "OPERATIONAL",
            "geometry": {
                "location": {
                    "lat": 35.4650325,
                    "lng": 139.6249642
                },
                "viewport": {
                    "northeast": {
                        "lat": 35.4664088802915,
                        "lng": 139.6259698802915
                    },
                    "southwest": {
                        "lat": 35.4637109197085,
                        "lng": 139.6232719197085
                    }
                }
            },
            "icon": "https://maps.gstatic.com/mapfiles/place_api/icons/v1/png_71/cafe-71.png",
            "icon_background_color": "#FF9E67",
            "icon_mask_base_uri": "https://maps.gstatic.com/mapfiles/place_api/icons/v2/cafe_pinlet",
            "name": "京はやしや そごう横浜店",
            "opening_hours": {
                "open_now": true
            },
            "photos": [
                {
                    "height": 470,
                    "html_attributions": [
                        "<a href=\"https://maps.google.com/maps/contrib/113275241356984118718\">京はやしや そごう横浜店</a>"
                    ],
                    "photo_reference": "Aap_uEDxrhMxLndJp_b_41fkECJp8Wjk4kRRK8UBhCq0fWBDNLMY4UffySs0gAmFCkXw-XTQG3G3eTMfIE56PxlPsm_z0BUNvp-Ep2tSyElc1BT0Gtr__CZPMagmk1DJYB5s0fhQzAwnyf973aO5ZPSDLRe63vCa46_3NsmJFt3zMiCtgGpr",
                    "width": 1000
                }
            ],
            "place_id": "ChIJZ22anBRcGGARU5danTsUuMs",
            "plus_code": {
                "compound_code": "FJ8F+2X 日本、神奈川県横浜市",
                "global_code": "8Q7XFJ8F+2X"
            },
            "price_level": 3,
            "rating": 4.2,
            "reference": "ChIJZ22anBRcGGARU5danTsUuMs",
            "scope": "GOOGLE",
            "types": [
                "cafe",
                "food",
                "point_of_interest",
                "store",
                "establishment"
            ],
            "user_ratings_total": 186,
            "vicinity": "横浜市西区高島２丁目１８−１ 横浜そごう 10F"
        },
        {
            "business_status": "OPERATIONAL",
            "geometry": {
                "location": {
                    "lat": 35.4650168,
                    "lng": 139.6249249
                },
                "viewport": {
                    "northeast": {
                        "lat": 35.4664063302915,
                        "lng": 139.6259500802915
                    },
                    "southwest": {
                        "lat": 35.4637083697085,
                        "lng": 139.6232521197085
                    }
                }
            },
            "icon": "https://maps.gstatic.com/mapfiles/place_api/icons/v1/png_71/cafe-71.png",
            "icon_background_color": "#FF9E67",
            "icon_mask_base_uri": "https://maps.gstatic.com/mapfiles/place_api/icons/v2/cafe_pinlet",
            "name": "UCCカフェメルカード 横浜そごう店",
            "opening_hours": {
                "open_now": false
            },
            "photos": [
                {
                    "height": 3776,
                    "html_attributions": [
                        "<a href=\"https://maps.google.com/maps/contrib/109544605055449283578\">青木邦浩</a>"
                    ],
                    "photo_reference": "Aap_uEBtjZDTKKKu2mcpZqzPekWDFYOdqQAHyksAVzezpNdnH66HR8EQg3lP3MwT3Yj0Y_ugfo09F-n644ga6PEm-jI5VZhhxwat2nquuROX-2iuYhFqbrNaZgazkGXHoeDJOXnzUZs5XzP6wco-OKQvMumHl5Koi9QqaXh1PRC6FXeoPcvA",
                    "width": 2832
                }
            ],
            "place_id": "ChIJhQ5nnBRcGGAR-dg93t5vyDE",
            "plus_code": {
                "compound_code": "FJ8F+2X 日本、神奈川県横浜市",
                "global_code": "8Q7XFJ8F+2X"
            },
            "price_level": 2,
            "rating": 3.4,
            "reference": "ChIJhQ5nnBRcGGAR-dg93t5vyDE",
            "scope": "GOOGLE",
            "types": [
                "cafe",
                "food",
                "point_of_interest",
                "store",
                "establishment"
            ],
            "user_ratings_total": 18,
            "vicinity": "横浜市西区高島２丁目１８−１ 横浜そごう B2F"
        },
        {
            "business_status": "OPERATIONAL",
            "geometry": {
                "location": {
                    "lat": 35.46436839999999,
                    "lng": 139.6247675
                },
                "viewport": {
                    "northeast": {
                        "lat": 35.46565258029149,
                        "lng": 139.6262710802915
                    },
                    "southwest": {
                        "lat": 35.46295461970849,
                        "lng": 139.6235731197085
                    }
                }
            },
            "icon": "https://maps.gstatic.com/mapfiles/place_api/icons/v1/png_71/bar-71.png",
            "icon_background_color": "#FF9E67",
            "icon_mask_base_uri": "https://maps.gstatic.com/mapfiles/place_api/icons/v2/bar_pinlet",
            "name": "マルソウ",
            "opening_hours": {
                "open_now": false
            },
            "photos": [
                {
                    "height": 3840,
                    "html_attributions": [
                        "<a href=\"https://maps.google.com/maps/contrib/110115380091775815352\">カフェ バー マルソウ</a>"
                    ],
                    "photo_reference": "Aap_uEByw3KNvd0es5s5fSycJrWHyfSOWSS2Lq0QKnuneEcc2UX1QeI5nw7nVuWwqSG8PDANqVEMxjmkOSz_zamCZS8KvRtkLyZ-ucvQOakYmm8uLqS4oi3ROfySyGUP5AQCTvzV-wFYo98ZOyKqkRQaM8qeMy42Jri8k_2uDmzzYfUP5ChS",
                    "width": 5760
                }
            ],
            "place_id": "ChIJa2iZXhNcGGARL-2dObAw9Qk",
            "plus_code": {
                "compound_code": "FJ7F+PW 日本、神奈川県横浜市",
                "global_code": "8Q7XFJ7F+PW"
            },
            "price_level": 2,
            "rating": 3.8,
            "reference": "ChIJa2iZXhNcGGARL-2dObAw9Qk",
            "scope": "GOOGLE",
            "types": [
                "bar",
                "cafe",
                "food",
                "point_of_interest",
                "establishment"
            ],
            "user_ratings_total": 80,
            "vicinity": "横浜市西区高島２丁目１９−１２"
        },
        {
            "business_status": "OPERATIONAL",
            "geometry": {
                "location": {
                    "lat": 35.4647999,
                    "lng": 139.624509
                },
                "viewport": {
                    "northeast": {
                        "lat": 35.46587753029149,
                        "lng": 139.6261635802915
                    },
                    "southwest": {
                        "lat": 35.46317956970849,
                        "lng": 139.6234656197085
                    }
                }
            },
            "icon": "https://maps.gstatic.com/mapfiles/place_api/icons/v1/png_71/cafe-71.png",
            "icon_background_color": "#FF9E67",
            "icon_mask_base_uri": "https://maps.gstatic.com/mapfiles/place_api/icons/v2/cafe_pinlet",
            "name": "リトル・セーマン",
            "opening_hours": {
                "open_now": false
            },
            "photos": [
                {
                    "height": 3000,
                    "html_attributions": [
                        "<a href=\"https://maps.google.com/maps/contrib/107343870786152708142\">Yoshiyasu Sugita</a>"
                    ],
                    "photo_reference": "Aap_uEDiTI4H30hH4MiEecMzPHWq_Pe35Ls-7PwHpp4vwJDmgAj49uPIOvk9oSgRg6IgM8PM1Jk17_upv42E5A5OE_rpOONjBp9ZUtokGMPMl2cg0w_1PucWVmJK9ySrZXFBZszVEtDvKhWTDoGjhbv3k1g-t2rx-u6A0qj2UFooFIDVAD1t",
                    "width": 5333
                }
            ],
            "place_id": "ChIJa2iZXhNcGGAR0cWbeYHgjwA",
            "plus_code": {
                "compound_code": "FJ7F+WR 日本、神奈川県横浜市",
                "global_code": "8Q7XFJ7F+WR"
            },
            "rating": 3.6,
            "reference": "ChIJa2iZXhNcGGAR0cWbeYHgjwA",
            "scope": "GOOGLE",
            "types": [
                "cafe",
                "restaurant",
                "food",
                "point_of_interest",
                "store",
                "establishment"
            ],
            "user_ratings_total": 83,
            "vicinity": "横浜市西区高島２丁目１９−１２ スカイビル B1F"
        },
        {
            "business_status": "OPERATIONAL",
            "geometry": {
                "location": {
                    "lat": 35.4646949,
                    "lng": 139.6246702
                },
                "viewport": {
                    "northeast": {
                        "lat": 35.4658269802915,
                        "lng": 139.6262662802915
                    },
                    "southwest": {
                        "lat": 35.4631290197085,
                        "lng": 139.6235683197085
                    }
                }
            },
            "icon": "https://maps.gstatic.com/mapfiles/place_api/icons/v1/png_71/cafe-71.png",
            "icon_background_color": "#FF9E67",
            "icon_mask_base_uri": "https://maps.gstatic.com/mapfiles/place_api/icons/v2/cafe_pinlet",
            "name": "プアオーバー 横浜店",
            "opening_hours": {
                "open_now": false
            },
            "photos": [
                {
                    "height": 1000,
                    "html_attributions": [
                        "<a href=\"https://maps.google.com/maps/contrib/112228717848982338439\">t s</a>"
                    ],
                    "photo_reference": "Aap_uEBkyOKHUm8J1xCWsqzkqSHmNlJ3jVgnvoh_dqUBZhnGP31oj7gza9pE6zsFRZ4-ONoWBqX3JKE4geTQ46FIgVQNnPLc-muLLgwsUAXhKWu-UhEegQDI-Mgx1PFDdzOMBLOmVn0voQUPDxMniVSxdUyp0xPA8NYMkoyRNZlxsQFU9SEt",
                    "width": 1500
                }
            ],
            "place_id": "ChIJa2iZXhNcGGARuma_D3NJsho",
            "plus_code": {
                "compound_code": "FJ7F+VV 日本、神奈川県横浜市",
                "global_code": "8Q7XFJ7F+VV"
            },
            "rating": 3.3,
            "reference": "ChIJa2iZXhNcGGARuma_D3NJsho",
            "scope": "GOOGLE",
            "types": [
                "cafe",
                "food",
                "point_of_interest",
                "store",
                "establishment"
            ],
            "user_ratings_total": 24,
            "vicinity": "横浜市西区高島２丁目１９−１２ 丸井シティー横浜 ２F"
        },
        {
            "business_status": "OPERATIONAL",
            "geometry": {
                "location": {
                    "lat": 35.46459139999999,
                    "lng": 139.624827
                },
                "viewport": {
                    "northeast": {
                        "lat": 35.46576428029149,
                        "lng": 139.6263200802915
                    },
                    "southwest": {
                        "lat": 35.4630663197085,
                        "lng": 139.6236221197085
                    }
                }
            },
            "icon": "https://maps.gstatic.com/mapfiles/place_api/icons/v1/png_71/cafe-71.png",
            "icon_background_color": "#FF9E67",
            "icon_mask_base_uri": "https://maps.gstatic.com/mapfiles/place_api/icons/v2/cafe_pinlet",
            "name": "nana’s green tea マルイシティ横浜店",
            "opening_hours": {
                "open_now": false
            },
            "photos": [
                {
                    "height": 4984,
                    "html_attributions": [
                        "<a href=\"https://maps.google.com/maps/contrib/105615977262827872538\">Takeyoshi Suka</a>"
                    ],
                    "photo_reference": "Aap_uED9Jn9C3eeAFm_H43O5Q-KmOqyZKT2vbh-RzRz02Gpt0iwnaxnxM26o_u5ijN6Uhp-AR8bPhVfLgZVhY_NMxnJMOuPDdx_4gC3xx8cdwjFu-yE__C23E0UgD-e9Wg4VDGj0K2ONNc-1y-M5srDTl_1HciDB6p8YwbbhYj7Y0JX9agBW",
                    "width": 3738
                }
            ],
            "place_id": "ChIJ4euApxRcGGARAAx_XtkmwI0",
            "plus_code": {
                "compound_code": "FJ7F+RW 日本、神奈川県横浜市",
                "global_code": "8Q7XFJ7F+RW"
            },
            "price_level": 2,
            "rating": 3.5,
            "reference": "ChIJ4euApxRcGGARAAx_XtkmwI0",
            "scope": "GOOGLE",
            "types": [
                "cafe",
                "food",
                "point_of_interest",
                "establishment"
            ],
            "user_ratings_total": 37,
            "vicinity": "横浜市西区高島２丁目１９−１２ マルイシティ横浜 2F"
        },
        {
            "business_status": "OPERATIONAL",
            "geometry": {
                "location": {
                    "lat": 35.4644422,
                    "lng": 139.6246057
                },
                "viewport": {
                    "northeast": {
                        "lat": 35.4656894302915,
                        "lng": 139.6262340802915
                    },
                    "southwest": {
                        "lat": 35.46299146970851,
                        "lng": 139.6235361197085
                    }
                }
            },
            "icon": "https://maps.gstatic.com/mapfiles/place_api/icons/v1/png_71/cafe-71.png",
            "icon_background_color": "#FF9E67",
            "icon_mask_base_uri": "https://maps.gstatic.com/mapfiles/place_api/icons/v2/cafe_pinlet",
            "name": "キャラポップカフェ",
            "opening_hours": {
                "open_now": false
            },
            "photos": [
                {
                    "height": 3024,
                    "html_attributions": [
                        "<a href=\"https://maps.google.com/maps/contrib/101231005551014566889\">Hiro Matsubara</a>"
                    ],
                    "photo_reference": "Aap_uEBhd7MMvBm13S7yp8klLWLeTDkQ6TcSPJWJ4BZfSGlMol0aqwcsUxi-ZVqcavrzcqrkkzfOl629asAVU7r3dYG8sxoNGGPyoVPlBOBMc3wy72elpYbjvCTY8SGed4sKhcTRcCnJjcwS0TAlCjQ2DwvG5qEvgNHItQj-zDLXPL9QP29A",
                    "width": 4032
                }
            ],
            "place_id": "ChIJw4KqxftdGGAR22wVrFZ5BH8",
            "plus_code": {
                "compound_code": "FJ7F+QR 日本、神奈川県横浜市",
                "global_code": "8Q7XFJ7F+QR"
            },
            "rating": 4.5,
            "reference": "ChIJw4KqxftdGGAR22wVrFZ5BH8",
            "scope": "GOOGLE",
            "types": [
                "cafe",
                "food",
                "point_of_interest",
                "establishment"
            ],
            "user_ratings_total": 2,
            "vicinity": "横浜市西区高島２丁目１９−１９−１２ ８階"
        },
        {
            "business_status": "OPERATIONAL",
            "geometry": {
                "location": {
                    "lat": 35.4646042,
                    "lng": 139.6245411
                },
                "viewport": {
                    "northeast": {
                        "lat": 35.46577053029149,
                        "lng": 139.6261924302915
                    },
                    "southwest": {
                        "lat": 35.46307256970849,
                        "lng": 139.6234944697085
                    }
                }
            },
            "icon": "https://maps.gstatic.com/mapfiles/place_api/icons/v1/png_71/restaurant-71.png",
            "icon_background_color": "#FF9E67",
            "icon_mask_base_uri": "https://maps.gstatic.com/mapfiles/place_api/icons/v2/restaurant_pinlet",
            "name": "R Baker マルイシティ横浜店",
            "opening_hours": {
                "open_now": false
            },
            "photos": [
                {
                    "height": 750,
                    "html_attributions": [
                        "<a href=\"https://maps.google.com/maps/contrib/106784888122800683241\">R Baker マルイシティ横浜店</a>"
                    ],
                    "photo_reference": "Aap_uECRC47GUDxRhtsI-NXHseZIucG0O4eS-s5ZHRxMuyPjFfKdf990hHbRjM69DfnK4P1TsPjtJeCIpOuSkSUXhAqVmMbiiyE6OeZYUVj2UFZNlrE0cjimk71aHmCSxgRRljcmhWkIGqmCEnMyjp1Tqtc-f5eQOIuGW_PEfTzXdby0P3ny",
                    "width": 750
                }
            ],
            "place_id": "ChIJuZZDWRNcGGAR2Jz0pFZe4O4",
            "plus_code": {
                "compound_code": "FJ7F+RR 日本、神奈川県横浜市",
                "global_code": "8Q7XFJ7F+RR"
            },
            "price_level": 2,
            "rating": 3.9,
            "reference": "ChIJuZZDWRNcGGAR2Jz0pFZe4O4",
            "scope": "GOOGLE",
            "types": [
                "bakery",
                "cafe",
                "food",
                "point_of_interest",
                "store",
                "establishment"
            ],
            "user_ratings_total": 14,
            "vicinity": "横浜市西区高島２丁目１９−１２ 2F"
        },
        {
            "business_status": "OPERATIONAL",
            "geometry": {
                "location": {
                    "lat": 35.4651399,
                    "lng": 139.6249285
                },
                "viewport": {
                    "northeast": {
                        "lat": 35.4664789802915,
                        "lng": 139.6259520802915
                    },
                    "southwest": {
                        "lat": 35.4637810197085,
                        "lng": 139.6232541197085
                    }
                }
            },
            "icon": "https://maps.gstatic.com/mapfiles/place_api/icons/v1/png_71/cafe-71.png",
            "icon_background_color": "#FF9E67",
            "icon_mask_base_uri": "https://maps.gstatic.com/mapfiles/place_api/icons/v2/cafe_pinlet",
            "name": "一保堂 そごう横浜店",
            "opening_hours": {
                "open_now": false
            },
            "place_id": "ChIJOVzjnxRcGGARVPjmmoxqRd0",
            "plus_code": {
                "compound_code": "FJ8F+3X 日本、神奈川県横浜市",
                "global_code": "8Q7XFJ8F+3X"
            },
            "reference": "ChIJOVzjnxRcGGARVPjmmoxqRd0",
            "scope": "GOOGLE",
            "types": [
                "cafe",
                "food",
                "point_of_interest",
                "establishment"
            ],
            "vicinity": "横浜市西区高島２丁目１８−１"
        }
    ],
    "status": "OK"
}