{
    "html_attributions": [],
    "results": [
        {
            "business_status": "OPERATIONAL",
            "geometry": {
                "location": {
                    "lat": 35.4622953,
                    "lng": 139.6176815
                },
                "viewport": {
                    "northeast": {
                        "lat": 35.4635929302915,
                        "lng": 139.6189785802915
                    },
                    "southwest": {
                        "lat": 35.46089496970851,
                        "lng": 139.6162806197085
                    }
                }
            },
            "icon": "https://maps.gstatic.com/mapfiles/place_api/icons/v1/png_71/park-71.png",
            "icon_background_color": "#4DB546",
            "icon_mask_base_uri": "https://maps.gstatic.com/mapfiles/place_api/icons/v2/tree_pinlet",
            "name": "桁下ふれあい広場",
            "opening_hours": {
                "open_now": true
            },
            "photos": [
                {
                    "height": 2448,
                    "html_attributions": [
                        "<a href=\"https://maps.google.com/maps/contrib/108784195876784182303\">バーン</a>"
                    ],
                    "photo_reference": "Aap_uEBUnwvq0MUUvN0_HsQB4HXfQREvxNSXQEuuilkcJQiV8ha6ql5wSWIRy0XokpUwnsrgaZNhbYLqwiR7mwwWS-z07W4Nyh3Gc65i9R2e1G3mzmCnN-LPJwMs_JbDAKqsMC9jX7DLLAd9IQO0HNuLbcYr0UWUab2d1kJM2ChkIFbFOECh",
                    "width": 3264
                }
            ],
            "place_id": "ChIJB9tFGA1cGGARrNPO_LRwdRg",
            "plus_code": {
                "compound_code": "FJ69+W3 日本、神奈川県横浜市",
                "global_code": "8Q7XFJ69+W3"
            },
            "rating": 3.5,
            "reference": "ChIJB9tFGA1cGGARrNPO_LRwdRg",
            "scope": "GOOGLE",
            "types": [
                "park",
                "point_of_interest",
                "establishment"
            ],
            "user_ratings_total": 4,
            "vicinity": "横浜市西区岡野１丁目１"
        },
        {
            "business_status": "OPERATIONAL",
            "geometry": {
                "location": {
                    "lat": 35.4623349,
                    "lng": 139.6176166
                },
                "viewport": {
                    "northeast": {
                        "lat": 35.4637084802915,
                        "lng": 139.6189233802915
                    },
                    "southwest": {
                        "lat": 35.46101051970851,
                        "lng": 139.6162254197085
                    }
                }
            },
            "icon": "https://maps.gstatic.com/mapfiles/place_api/icons/v1/png_71/park-71.png",
            "icon_background_color": "#4DB546",
            "icon_mask_base_uri": "https://maps.gstatic.com/mapfiles/place_api/icons/v2/tree_pinlet",
            "name": "平沼橋西側広場",
            "opening_hours": {
                "open_now": true
            },
            "place_id": "ChIJ2399eT9dGGARzk96lyzFN0o",
            "plus_code": {
                "compound_code": "FJ69+W2 日本、神奈川県横浜市",
                "global_code": "8Q7XFJ69+W2"
            },
            "reference": "ChIJ2399eT9dGGARzk96lyzFN0o",
            "scope": "GOOGLE",
            "types": [
                "park",
                "point_of_interest",
                "establishment"
            ],
            "vicinity": "横浜市西区３"
        }
    ],
    "status": "OK"
}