{
    "html_attributions": [],
    "results": [
        {
            "business_status": "OPERATIONAL",
            "geometry": {
                "location": {
                    "lat": 35.4638693,
                    "lng": 139.6181182
                },
                "viewport": {
                    "northeast": {
                        "lat": 35.4653174802915,
                        "lng": 139.6192959802915
                    },
                    "southwest": {
                        "lat": 35.4626195197085,
                        "lng": 139.6165980197085
                    }
                }
            },
            "icon": "https://maps.gstatic.com/mapfiles/place_api/icons/v1/png_71/generic_business-71.png",
            "icon_background_color": "#7B9EB0",
            "icon_mask_base_uri": "https://maps.gstatic.com/mapfiles/place_api/icons/v2/generic_pinlet",
            "name": "ラウンドワン 横浜駅西口店",
            "opening_hours": {
                "open_now": true
            },
            "photos": [
                {
                    "height": 2976,
                    "html_attributions": [
                        "<a href=\"https://maps.google.com/maps/contrib/109249386072497203429\">タカ</a>"
                    ],
                    "photo_reference": "Aap_uEDmR8DMJHr3ytKVIyGugc3vaFMtOnoPIP14KwJ9xDCZUHo3oF5mh3wHotdkEGfYKxxFPZIr6CxI_uNuS2VBUVz8bUQ7jGBXROrWiIjRZ-M2neT46f8Egse-rNjFtDVUGzveOcjBDK1Wmfuw2OWWNmDVlrV7qJGecmW_PZwZ-adzl3Sh",
                    "width": 2976
                }
            ],
            "place_id": "ChIJj3GIpA1cGGARPCknODhdx14",
            "plus_code": {
                "compound_code": "FJ79+G6 日本、神奈川県横浜市",
                "global_code": "8Q7XFJ79+G6"
            },
            "rating": 3.5,
            "reference": "ChIJj3GIpA1cGGARPCknODhdx14",
            "scope": "GOOGLE",
            "types": [
                "bowling_alley",
                "point_of_interest",
                "establishment"
            ],
            "user_ratings_total": 1550,
            "vicinity": "横浜市西区南幸２丁目８−１６"
        },
        {
            "business_status": "OPERATIONAL",
            "geometry": {
                "location": {
                    "lat": 35.4659431,
                    "lng": 139.6172389
                },
                "viewport": {
                    "northeast": {
                        "lat": 35.46714548029149,
                        "lng": 139.6187223802915
                    },
                    "southwest": {
                        "lat": 35.46444751970849,
                        "lng": 139.6160244197085
                    }
                }
            },
            "icon": "https://maps.gstatic.com/mapfiles/place_api/icons/v1/png_71/generic_business-71.png",
            "icon_background_color": "#7B9EB0",
            "icon_mask_base_uri": "https://maps.gstatic.com/mapfiles/place_api/icons/v2/generic_pinlet",
            "name": "ハマボール",
            "opening_hours": {
                "open_now": true
            },
            "photos": [
                {
                    "height": 3024,
                    "html_attributions": [
                        "<a href=\"https://maps.google.com/maps/contrib/101820306844457792263\">Jhudiel Lim-Rañola</a>"
                    ],
                    "photo_reference": "Aap_uEDKrnW88QzW-s5VpSq3kuMo2BMM38q7x_lFYndgay1JwMv7JSnA0xdaFxHMcDs0hi-clB1ItiXnBoFhdqx8D1GCpB6SSuMuZ8hkLiwVd1rbnIZYfVYuQ1LjG_KntZiPZOMNnvR958jYbSxjoyN0a1spomhQ7S9-5QIJRFvTanSl_Bg_",
                    "width": 4032
                }
            ],
            "place_id": "ChIJr0gKfQ5cGGARsqmZl5y4y14",
            "plus_code": {
                "compound_code": "FJ88+9V 日本、神奈川県横浜市",
                "global_code": "8Q7XFJ88+9V"
            },
            "rating": 3.7,
            "reference": "ChIJr0gKfQ5cGGARsqmZl5y4y14",
            "scope": "GOOGLE",
            "types": [
                "bowling_alley",
                "point_of_interest",
                "establishment"
            ],
            "user_ratings_total": 143,
            "vicinity": "横浜市西区北幸２丁目２−１ ハマボールイアス内8階 ハマボールイアス"
        }
    ],
    "status": "OK"
}