{
    "html_attributions": [],
    "results": [
        {
            "business_status": "OPERATIONAL",
            "geometry": {
                "location": {
                    "lat": 35.465455,
                    "lng": 139.6207929
                },
                "viewport": {
                    "northeast": {
                        "lat": 35.4667888802915,
                        "lng": 139.6221652802915
                    },
                    "southwest": {
                        "lat": 35.4640909197085,
                        "lng": 139.6194673197085
                    }
                }
            },
            "icon": "https://maps.gstatic.com/mapfiles/place_api/icons/v1/png_71/cafe-71.png",
            "icon_background_color": "#FF9E67",
            "icon_mask_base_uri": "https://maps.gstatic.com/mapfiles/place_api/icons/v2/cafe_pinlet",
            "name": "サモアール ジョイナス本店",
            "opening_hours": {
                "open_now": true
            },
            "photos": [
                {
                    "height": 4507,
                    "html_attributions": [
                        "<a href=\"https://maps.google.com/maps/contrib/105615977262827872538\">Takeyoshi Suka</a>"
                    ],
                    "photo_reference": "Aap_uEBScc96vRVvlPPxtUfsPcQ7STgGab1_XhindCn1xiEEW3kE_YohRedDnRjs56m25KEmdU9QMCYsrCG3G_Zwvk-DJJF3n8nj3WOHEiXXqyG7YY0gak1SK5HZPtA_78KvzTWDaQHeUa0Y9Si715w_7i2zLYGkHKdLlN9p3A_fgkd6G8Db",
                    "width": 3380
                }
            ],
            "place_id": "ChIJt4OSYhJcGGARIAdWcc370Y4",
            "plus_code": {
                "compound_code": "FJ8C+58 日本、神奈川県横浜市",
                "global_code": "8Q7XFJ8C+58"
            },
            "price_level": 2,
            "rating": 4.3,
            "reference": "ChIJt4OSYhJcGGARIAdWcc370Y4",
            "scope": "GOOGLE",
            "types": [
                "cafe",
                "food",
                "point_of_interest",
                "establishment"
            ],
            "user_ratings_total": 142,
            "vicinity": "横浜市西区南幸１丁目５−１"
        },
        {
            "business_status": "OPERATIONAL",
            "geometry": {
                "location": {
                    "lat": 35.46569960000001,
                    "lng": 139.6213662
                },
                "viewport": {
                    "northeast": {
                        "lat": 35.4670224302915,
                        "lng": 139.6226762802915
                    },
                    "southwest": {
                        "lat": 35.4643244697085,
                        "lng": 139.6199783197085
                    }
                }
            },
            "icon": "https://maps.gstatic.com/mapfiles/place_api/icons/v1/png_71/cafe-71.png",
            "icon_background_color": "#FF9E67",
            "icon_mask_base_uri": "https://maps.gstatic.com/mapfiles/place_api/icons/v2/cafe_pinlet",
            "name": "イノダコーヒ 横浜高島屋支店",
            "opening_hours": {
                "open_now": false
            },
            "photos": [
                {
                    "height": 1984,
                    "html_attributions": [
                        "<a href=\"https://maps.google.com/maps/contrib/103520057235348837123\">Madoka Sano</a>"
                    ],
                    "photo_reference": "Aap_uECkLMlmC-OSrUB6At-yPQZY6EVXpSHZyVbjPtSjehxh-ht5_oR-yD0IJB-gTRumgs8zgaG15SO4zjbtC6zrM4xhVkcNjqRPCY454QiASM5yZ3k5oomB_7egrV3TjJdEyiYUDsYYqOsBp2x_pSNRCRshMoYxz53ZdNWt5zYiQiN8klRv",
                    "width": 3968
                }
            ],
            "place_id": "ChIJdbtzExJcGGARVPQzKtWBL3U",
            "plus_code": {
                "compound_code": "FJ8C+7G 日本、神奈川県横浜市",
                "global_code": "8Q7XFJ8C+7G"
            },
            "price_level": 2,
            "rating": 4,
            "reference": "ChIJdbtzExJcGGARVPQzKtWBL3U",
            "scope": "GOOGLE",
            "types": [
                "cafe",
                "food",
                "point_of_interest",
                "store",
                "establishment"
            ],
            "user_ratings_total": 207,
            "vicinity": "横浜市西区南幸１丁目６−３１ 高島屋横浜店6階"
        },
        {
            "business_status": "OPERATIONAL",
            "geometry": {
                "location": {
                    "lat": 35.4657046,
                    "lng": 139.6206699
                },
                "viewport": {
                    "northeast": {
                        "lat": 35.4670503802915,
                        "lng": 139.6220241802915
                    },
                    "southwest": {
                        "lat": 35.4643524197085,
                        "lng": 139.6193262197085
                    }
                }
            },
            "icon": "https://maps.gstatic.com/mapfiles/place_api/icons/v1/png_71/shopping-71.png",
            "icon_background_color": "#4B96F3",
            "icon_mask_base_uri": "https://maps.gstatic.com/mapfiles/place_api/icons/v2/shopping_pinlet",
            "name": "ネスプレッソブティック 髙島屋横浜店",
            "opening_hours": {
                "open_now": false
            },
            "photos": [
                {
                    "height": 3456,
                    "html_attributions": [
                        "<a href=\"https://maps.google.com/maps/contrib/107203613862440447419\">あいあい</a>"
                    ],
                    "photo_reference": "Aap_uECZk08MGQ_2l6BHzgk0wk7SORkOiZatxc-zqKrM1ffWTH3odHNZni6h8zm7-tXIFrj25xfA-Zh0EtYBPTJtPNwQkQAOkhsvlxt_t9uAOwv2-qd9rW1tgZo8GqgOG3mDD-txmCBD7m15oSNkEuw08L_FatoTZOZZVBZ_vPVJ20A77W85",
                    "width": 4608
                }
            ],
            "place_id": "ChIJdbtzExJcGGARNspupqHLU3Y",
            "plus_code": {
                "compound_code": "FJ8C+77 日本、神奈川県横浜市",
                "global_code": "8Q7XFJ8C+77"
            },
            "rating": 4.2,
            "reference": "ChIJdbtzExJcGGARNspupqHLU3Y",
            "scope": "GOOGLE",
            "types": [
                "cafe",
                "food",
                "point_of_interest",
                "store",
                "establishment"
            ],
            "user_ratings_total": 63,
            "vicinity": "横浜市西区南幸１丁目６−３１ 横浜髙島屋 ７階"
        },
        {
            "business_status": "OPERATIONAL",
            "geometry": {
                "location": {
                    "lat": 35.4660658,
                    "lng": 139.6215207
                },
                "viewport": {
                    "northeast": {
                        "lat": 35.4673715802915,
                        "lng": 139.6228996802915
                    },
                    "southwest": {
                        "lat": 35.46467361970851,
                        "lng": 139.6202017197085
                    }
                }
            },
            "icon": "https://maps.gstatic.com/mapfiles/place_api/icons/v1/png_71/cafe-71.png",
            "icon_background_color": "#FF9E67",
            "icon_mask_base_uri": "https://maps.gstatic.com/mapfiles/place_api/icons/v2/cafe_pinlet",
            "name": "ドロップコーヒー",
            "opening_hours": {
                "open_now": false
            },
            "photos": [
                {
                    "height": 3024,
                    "html_attributions": [
                        "<a href=\"https://maps.google.com/maps/contrib/113423976633920054426\">Hertz GPK</a>"
                    ],
                    "photo_reference": "Aap_uECZOuifbnoHTrsjBtu8o-mGLskj_RPVJuzrqJL37JFeyh_TrgzbC14iPMZoLG97OsDepMiWMlc8qiFyAIMS3b7CzgJh2Qz7PO95Pa2KzsIi0itNG-59Wu3WC9I6FFl1xoBuxOgM-d0xjfHQHjM4jFKTf09b04SHZB2Y6uxoW8kki876",
                    "width": 4032
                }
            ],
            "place_id": "ChIJO89HiBJcGGARCgQZ4xDP9vA",
            "plus_code": {
                "compound_code": "FJ8C+CJ 日本、神奈川県横浜市",
                "global_code": "8Q7XFJ8C+CJ"
            },
            "price_level": 2,
            "rating": 3.6,
            "reference": "ChIJO89HiBJcGGARCgQZ4xDP9vA",
            "scope": "GOOGLE",
            "types": [
                "cafe",
                "food",
                "point_of_interest",
                "store",
                "establishment"
            ],
            "user_ratings_total": 234,
            "vicinity": "横浜市西区南幸１丁目５−１ 2F ジョイナス"
        },
        {
            "business_status": "OPERATIONAL",
            "geometry": {
                "location": {
                    "lat": 35.4654225,
                    "lng": 139.6210278
                },
                "viewport": {
                    "northeast": {
                        "lat": 35.4667594302915,
                        "lng": 139.6223982302915
                    },
                    "southwest": {
                        "lat": 35.4640614697085,
                        "lng": 139.6197002697085
                    }
                }
            },
            "icon": "https://maps.gstatic.com/mapfiles/place_api/icons/v1/png_71/cafe-71.png",
            "icon_background_color": "#FF9E67",
            "icon_mask_base_uri": "https://maps.gstatic.com/mapfiles/place_api/icons/v2/cafe_pinlet",
            "name": "WIRED CAFE 横浜相鉄ジョイナス店",
            "opening_hours": {
                "open_now": false
            },
            "photos": [
                {
                    "height": 850,
                    "html_attributions": [
                        "<a href=\"https://maps.google.com/maps/contrib/102238446099114703590\">WIRED CAFE 横浜相鉄ジョイナス店</a>"
                    ],
                    "photo_reference": "Aap_uECqR3rb2ZAAiCBMOFxg0wMr5Npq2OTQ_lk86GMUUY_EbPQaDZbr3ROO2LS9CA4pzmrewlg_FPA-Bg6N3xCE0Dm5gydKenZw9XVQrDWLFd2vE45XRyguBLZZ0poUvEOqVl5noTPHfFdutQHMATYXFOpmxHBY7Tvp6as6jEGpmEtj5p3O",
                    "width": 1700
                }
            ],
            "place_id": "ChIJt4OSYhJcGGARrXskPbZh980",
            "plus_code": {
                "compound_code": "FJ8C+5C 日本、神奈川県横浜市",
                "global_code": "8Q7XFJ8C+5C"
            },
            "price_level": 2,
            "rating": 3.5,
            "reference": "ChIJt4OSYhJcGGARrXskPbZh980",
            "scope": "GOOGLE",
            "types": [
                "cafe",
                "food",
                "point_of_interest",
                "establishment"
            ],
            "user_ratings_total": 164,
            "vicinity": "横浜市西区南幸１丁目５−１ 横浜相鉄ジョイナス 4Ｆ"
        },
        {
            "business_status": "OPERATIONAL",
            "geometry": {
                "location": {
                    "lat": 35.4660022,
                    "lng": 139.6208831
                },
                "viewport": {
                    "northeast": {
                        "lat": 35.46735313029151,
                        "lng": 139.6222338802915
                    },
                    "southwest": {
                        "lat": 35.46465516970851,
                        "lng": 139.6195359197085
                    }
                }
            },
            "icon": "https://maps.gstatic.com/mapfiles/place_api/icons/v1/png_71/cafe-71.png",
            "icon_background_color": "#FF9E67",
            "icon_mask_base_uri": "https://maps.gstatic.com/mapfiles/place_api/icons/v2/cafe_pinlet",
            "name": "キーコーヒー 横浜高島屋",
            "opening_hours": {
                "open_now": false
            },
            "photos": [
                {
                    "height": 4032,
                    "html_attributions": [
                        "<a href=\"https://maps.google.com/maps/contrib/116344559470384314912\">yuko wada</a>"
                    ],
                    "photo_reference": "Aap_uEB6VilEmlj5iOpg-1s9vibrkUtDMXaLPS5-Yr2vH71RaAooWi05eSqmvrX3U26S1SwwbsNF_OgvCWc1x9dhM1eaf4lUk4yURNjNp_2Wzx3Ks2Hj14zW2ZM_v7-hm4ih65vniz33J1WcB0o-rOo4o1bGctz5avrPdLSlgbjlG_ny62v8",
                    "width": 3024
                }
            ],
            "place_id": "ChIJU1paPBJcGGARqAWIJ8n1r2A",
            "plus_code": {
                "compound_code": "FJ8C+C9 日本、神奈川県横浜市",
                "global_code": "8Q7XFJ8C+C9"
            },
            "rating": 4.2,
            "reference": "ChIJU1paPBJcGGARqAWIJ8n1r2A",
            "scope": "GOOGLE",
            "types": [
                "cafe",
                "food",
                "point_of_interest",
                "store",
                "establishment"
            ],
            "user_ratings_total": 5,
            "vicinity": "横浜市西区南幸１丁目６−３１"
        },
        {
            "business_status": "OPERATIONAL",
            "geometry": {
                "location": {
                    "lat": 35.4661528,
                    "lng": 139.620612
                },
                "viewport": {
                    "northeast": {
                        "lat": 35.4674878302915,
                        "lng": 139.6219989302915
                    },
                    "southwest": {
                        "lat": 35.4647898697085,
                        "lng": 139.6193009697085
                    }
                }
            },
            "icon": "https://maps.gstatic.com/mapfiles/place_api/icons/v1/png_71/generic_business-71.png",
            "icon_background_color": "#7B9EB0",
            "icon_mask_base_uri": "https://maps.gstatic.com/mapfiles/place_api/icons/v2/generic_pinlet",
            "name": "タカノフルーツパーラー 横浜高島屋店",
            "opening_hours": {
                "open_now": false
            },
            "photos": [
                {
                    "height": 4608,
                    "html_attributions": [
                        "<a href=\"https://maps.google.com/maps/contrib/114589319037799453905\">A T</a>"
                    ],
                    "photo_reference": "Aap_uEDTvB3SSYQVsAkQpPv24XsKIWUHmd8-bIqyIZkgHhjRz5qj7LESwYhbPfJsJMtUIdumf7yxJSSYLwweGy-fmc0SlZ9ei5Kb-2hKINWDwj-aSiCs7xShD5bCfo_PpXRWV0Z3N-cH2IK0G4MOp1cTrOGTY_1hXxjRio4OcMHZiheNfJZb",
                    "width": 3456
                }
            ],
            "place_id": "ChIJF6SQEBJcGGARiOOs29BDLCs",
            "plus_code": {
                "compound_code": "FJ8C+F6 日本、神奈川県横浜市",
                "global_code": "8Q7XFJ8C+F6"
            },
            "price_level": 3,
            "rating": 4.3,
            "reference": "ChIJF6SQEBJcGGARiOOs29BDLCs",
            "scope": "GOOGLE",
            "types": [
                "cafe",
                "food",
                "point_of_interest",
                "store",
                "establishment"
            ],
            "user_ratings_total": 329,
            "vicinity": "横浜市西区南幸１丁目６−３１ 横浜タカシマヤ2F"
        },
        {
            "business_status": "OPERATIONAL",
            "geometry": {
                "location": {
                    "lat": 35.4657078,
                    "lng": 139.6213652
                },
                "viewport": {
                    "northeast": {
                        "lat": 35.4670267802915,
                        "lng": 139.6226738802915
                    },
                    "southwest": {
                        "lat": 35.46432881970851,
                        "lng": 139.6199759197085
                    }
                }
            },
            "icon": "https://maps.gstatic.com/mapfiles/place_api/icons/v1/png_71/cafe-71.png",
            "icon_background_color": "#FF9E67",
            "icon_mask_base_uri": "https://maps.gstatic.com/mapfiles/place_api/icons/v2/cafe_pinlet",
            "name": "フレンチトースト専門店 TOASTY'S （トースティーズ）横浜髙島屋店",
            "opening_hours": {
                "open_now": false
            },
            "photos": [
                {
                    "height": 3264,
                    "html_attributions": [
                        "<a href=\"https://maps.google.com/maps/contrib/113075614695644422677\">フレンチトースト専門店 TOASTY&#39;S （トースティーズ）横浜髙島屋店</a>"
                    ],
                    "photo_reference": "Aap_uEDYvxlLexOus_TPlLgB0n9MOT5S7FgStvBA6L4seYT91HDm-6iBbu_EdvVnHsKywLVPZbgHD5kgBxR_l29CCsxmsYmxHlKH7TcLo48RhryVmVFVDmLnp9Ep9wEjnD6JqN4pud2_XkcsRIUG0jCD8xVY8t8tXuNwhL3j8Fu1_vKEwRtX",
                    "width": 4928
                }
            ],
            "place_id": "ChIJx6mxRhJcGGARlVrvOMgUz74",
            "plus_code": {
                "compound_code": "FJ8C+7G 日本、神奈川県横浜市",
                "global_code": "8Q7XFJ8C+7G"
            },
            "price_level": 2,
            "rating": 4,
            "reference": "ChIJx6mxRhJcGGARlVrvOMgUz74",
            "scope": "GOOGLE",
            "types": [
                "cafe",
                "food",
                "point_of_interest",
                "establishment"
            ],
            "user_ratings_total": 56,
            "vicinity": "横浜市西区南幸１丁目６−３１ 横浜髙島屋5F"
        },
        {
            "business_status": "OPERATIONAL",
            "geometry": {
                "location": {
                    "lat": 35.4667538,
                    "lng": 139.6208244
                },
                "viewport": {
                    "northeast": {
                        "lat": 35.46793933029151,
                        "lng": 139.6220071302915
                    },
                    "southwest": {
                        "lat": 35.46524136970851,
                        "lng": 139.6193091697085
                    }
                }
            },
            "icon": "https://maps.gstatic.com/mapfiles/place_api/icons/v1/png_71/cafe-71.png",
            "icon_background_color": "#FF9E67",
            "icon_mask_base_uri": "https://maps.gstatic.com/mapfiles/place_api/icons/v2/cafe_pinlet",
            "name": "ドトールコーヒーショップ 横浜ジョイナス店",
            "opening_hours": {
                "open_now": true
            },
            "photos": [
                {
                    "height": 2160,
                    "html_attributions": [
                        "<a href=\"https://maps.google.com/maps/contrib/106568823921667438831\">OBA Toshihiro</a>"
                    ],
                    "photo_reference": "Aap_uEB0NhJRlhp81sWqQGPTIzSsvsXWsTGSLgS9jLid7Ix573dIu9xa9GjnRl7PlnnDVyn9X3Q8RArOiZuX1gZkZtGgmF_g6qMjvB3hF8uY9Xxmqm-GUz7-KdH_DjUQb1v-gc4hBAtesL3791Mfr9jXyijOVc851AtVo278hv4gUWm0zwKc",
                    "width": 3840
                }
            ],
            "place_id": "ChIJVcazHxJcGGARKHSixAGmiV0",
            "plus_code": {
                "compound_code": "FJ8C+P8 日本、神奈川県横浜市",
                "global_code": "8Q7XFJ8C+P8"
            },
            "price_level": 1,
            "rating": 3.4,
            "reference": "ChIJVcazHxJcGGARKHSixAGmiV0",
            "scope": "GOOGLE",
            "types": [
                "cafe",
                "food",
                "point_of_interest",
                "establishment"
            ],
            "user_ratings_total": 417,
            "vicinity": "横浜市西区南幸１丁目４"
        },
        {
            "business_status": "OPERATIONAL",
            "geometry": {
                "location": {
                    "lat": 35.4668989,
                    "lng": 139.6211188
                },
                "viewport": {
                    "northeast": {
                        "lat": 35.46841663029149,
                        "lng": 139.6222892802915
                    },
                    "southwest": {
                        "lat": 35.46571866970849,
                        "lng": 139.6195913197085
                    }
                }
            },
            "icon": "https://maps.gstatic.com/mapfiles/place_api/icons/v1/png_71/cafe-71.png",
            "icon_background_color": "#FF9E67",
            "icon_mask_base_uri": "https://maps.gstatic.com/mapfiles/place_api/icons/v2/cafe_pinlet",
            "name": "オスロコーヒー 横浜ジョイナス店",
            "opening_hours": {
                "open_now": true
            },
            "photos": [
                {
                    "height": 3024,
                    "html_attributions": [
                        "<a href=\"https://maps.google.com/maps/contrib/117719924117864543906\">a</a>"
                    ],
                    "photo_reference": "Aap_uEDvqdfpf3RNy98O703vneKI-kYXKfoZHi7ZJKa8S7JyfF1SKEM2uUKwg7p6ODX7afJGx9oqdNt5SZ2G3xOejK_g-482aUsKxqkHSQI54j0fHRzJGheWLXkZ1Rd2Qrtw4Z8t7n9u9TP51mFxgJ8Mqr04Ho1dUZKgq3xCAFM6deoxJTq4",
                    "width": 4032
                }
            ],
            "place_id": "ChIJ38ZbIBJcGGARvMHEsiWdTLM",
            "plus_code": {
                "compound_code": "FJ8C+QC 日本、神奈川県横浜市",
                "global_code": "8Q7XFJ8C+QC"
            },
            "price_level": 2,
            "rating": 3.7,
            "reference": "ChIJ38ZbIBJcGGARvMHEsiWdTLM",
            "scope": "GOOGLE",
            "types": [
                "cafe",
                "food",
                "point_of_interest",
                "store",
                "establishment"
            ],
            "user_ratings_total": 419,
            "vicinity": "横浜市西区南幸１丁目４"
        },
        {
            "business_status": "OPERATIONAL",
            "geometry": {
                "location": {
                    "lat": 35.46615299999999,
                    "lng": 139.6198912
                },
                "viewport": {
                    "northeast": {
                        "lat": 35.4674787302915,
                        "lng": 139.6212182302915
                    },
                    "southwest": {
                        "lat": 35.4647807697085,
                        "lng": 139.6185202697085
                    }
                }
            },
            "icon": "https://maps.gstatic.com/mapfiles/place_api/icons/v1/png_71/cafe-71.png",
            "icon_background_color": "#FF9E67",
            "icon_mask_base_uri": "https://maps.gstatic.com/mapfiles/place_api/icons/v2/cafe_pinlet",
            "name": "カフェラミル 横浜ジョイナス クラシック店",
            "opening_hours": {
                "open_now": true
            },
            "photos": [
                {
                    "height": 4000,
                    "html_attributions": [
                        "<a href=\"https://maps.google.com/maps/contrib/108186226179786264306\">mami mami</a>"
                    ],
                    "photo_reference": "Aap_uECEzS5cvqUU2jN1kYnbeARsxYt_zMy6fkbw2NpRNrg0UZCq5cHWhU-IxQLl2AnVrX1zxuUT61a3s0ZuupOgt0THnuUnqTytC9ZrxnXfU9ui92ZsiXZ6gHFL7mCfI7B1a3jMePPFlMNoO-1pJOkNj6nmYk5Ywr3LKxWUZkdfurV8mH3J",
                    "width": 3000
                }
            ],
            "place_id": "ChIJpQfsDRJcGGAR17WpuEHF0nk",
            "plus_code": {
                "compound_code": "FJ89+FX 日本、神奈川県横浜市",
                "global_code": "8Q7XFJ89+FX"
            },
            "price_level": 2,
            "rating": 4,
            "reference": "ChIJpQfsDRJcGGAR17WpuEHF0nk",
            "scope": "GOOGLE",
            "types": [
                "cafe",
                "food",
                "point_of_interest",
                "store",
                "establishment"
            ],
            "user_ratings_total": 184,
            "vicinity": "横浜市西区南幸１丁目５ B1階 相鉄ジョイナス"
        },
        {
            "business_status": "OPERATIONAL",
            "geometry": {
                "location": {
                    "lat": 35.4657359,
                    "lng": 139.6207346
                },
                "viewport": {
                    "northeast": {
                        "lat": 35.4670936802915,
                        "lng": 139.6220695302915
                    },
                    "southwest": {
                        "lat": 35.46439571970851,
                        "lng": 139.6193715697085
                    }
                }
            },
            "icon": "https://maps.gstatic.com/mapfiles/place_api/icons/v1/png_71/shopping-71.png",
            "icon_background_color": "#4B96F3",
            "icon_mask_base_uri": "https://maps.gstatic.com/mapfiles/place_api/icons/v2/shopping_pinlet",
            "name": "馬車道十番館 横浜高島屋店",
            "opening_hours": {
                "open_now": true
            },
            "photos": [
                {
                    "height": 3264,
                    "html_attributions": [
                        "<a href=\"https://maps.google.com/maps/contrib/106018302762804043395\">L HotDog</a>"
                    ],
                    "photo_reference": "Aap_uEDhCrRy8c8AVoE-LITg1HX__6gPrcXLKrK8KRyfRwmtUi9iCBQ-_k6KRIcbu636gw49uuZNgcNiQizYDWohqlrR39PAbJm_RvasHHbVb4fqgsUoIi2xS57Ab7lwPt5HjCDVRIIkh3RIe6Jt8vmDw1hppyh7WZXplU5xRri-rPe15GMX",
                    "width": 2448
                }
            ],
            "place_id": "ChIJ2dTwExJcGGARyTQuHHVYOD0",
            "plus_code": {
                "compound_code": "FJ8C+77 日本、神奈川県横浜市",
                "global_code": "8Q7XFJ8C+77"
            },
            "price_level": 2,
            "rating": 4.2,
            "reference": "ChIJ2dTwExJcGGARyTQuHHVYOD0",
            "scope": "GOOGLE",
            "types": [
                "cafe",
                "food",
                "point_of_interest",
                "store",
                "establishment"
            ],
            "user_ratings_total": 10,
            "vicinity": "横浜市西区南幸１丁目６−３１ 高島屋横浜店 B1"
        },
        {
            "business_status": "OPERATIONAL",
            "geometry": {
                "location": {
                    "lat": 35.4661722,
                    "lng": 139.6205728
                },
                "viewport": {
                    "northeast": {
                        "lat": 35.46750498029149,
                        "lng": 139.6219341802915
                    },
                    "southwest": {
                        "lat": 35.4648070197085,
                        "lng": 139.6192362197085
                    }
                }
            },
            "icon": "https://maps.gstatic.com/mapfiles/place_api/icons/v1/png_71/cafe-71.png",
            "icon_background_color": "#FF9E67",
            "icon_mask_base_uri": "https://maps.gstatic.com/mapfiles/place_api/icons/v2/cafe_pinlet",
            "name": "ベイカフェ ヨコハマ 銀座ウエスト",
            "opening_hours": {
                "open_now": false
            },
            "photos": [
                {
                    "height": 2160,
                    "html_attributions": [
                        "<a href=\"https://maps.google.com/maps/contrib/109224973548595707436\">Ryoji Takamura</a>"
                    ],
                    "photo_reference": "Aap_uEAhhI9yIxBmlacybN5ak0Vm-_yRnFi7pdvlsm5l97nvUnYLVn-ZlNtgbQ5bT1R_wGABReXg_sWpfUwZWCOmugPQkMPHITcp-EEuB-R0kKbigtfZjb_wddy7nfY-kzGAFW_GAATE0qxKMuLsPg9asiC7BsREDdy_BOzqDzRX4zsamnc2",
                    "width": 3840
                }
            ],
            "place_id": "ChIJTx6bEBJcGGARFfk8vQFQYlA",
            "plus_code": {
                "compound_code": "FJ8C+F6 日本、神奈川県横浜市",
                "global_code": "8Q7XFJ8C+F6"
            },
            "price_level": 3,
            "rating": 4.3,
            "reference": "ChIJTx6bEBJcGGARFfk8vQFQYlA",
            "scope": "GOOGLE",
            "types": [
                "cafe",
                "food",
                "point_of_interest",
                "store",
                "establishment"
            ],
            "user_ratings_total": 146,
            "vicinity": "横浜市西区南幸１丁目６−３１ 横浜髙島屋３F"
        },
        {
            "business_status": "OPERATIONAL",
            "geometry": {
                "location": {
                    "lat": 35.4663053,
                    "lng": 139.6209498
                },
                "viewport": {
                    "northeast": {
                        "lat": 35.4677086802915,
                        "lng": 139.6220922302915
                    },
                    "southwest": {
                        "lat": 35.4650107197085,
                        "lng": 139.6193942697085
                    }
                }
            },
            "icon": "https://maps.gstatic.com/mapfiles/place_api/icons/v1/png_71/cafe-71.png",
            "icon_background_color": "#FF9E67",
            "icon_mask_base_uri": "https://maps.gstatic.com/mapfiles/place_api/icons/v2/cafe_pinlet",
            "name": "果汁工房果琳 横浜ジョイナス店",
            "opening_hours": {
                "open_now": false
            },
            "photos": [
                {
                    "height": 1080,
                    "html_attributions": [
                        "<a href=\"https://maps.google.com/maps/contrib/117461497380230742710\">Shigeo Yamamoto</a>"
                    ],
                    "photo_reference": "Aap_uEDECtCCWw_7Qjk-tdMCdUJnr-w3TJVfYihyqZpQnHihouyIfLa85Yz7fpKltZOOTVQKpYYYUfvYsEyg6hv1yYppgbiSZ5-4ru5Je7gtVXV1vwcbx_cuqZZWk5pz8QOAXVR2GqCGHJlEnnSXMpDcdsj31WqzUzhRhed3RmYZnvEx-ELu",
                    "width": 1920
                }
            ],
            "place_id": "ChIJVcnJeNhdGGAR0SJHfI3Iv6I",
            "plus_code": {
                "compound_code": "FJ8C+G9 日本、神奈川県横浜市",
                "global_code": "8Q7XFJ8C+G9"
            },
            "reference": "ChIJVcnJeNhdGGAR0SJHfI3Iv6I",
            "scope": "GOOGLE",
            "types": [
                "cafe",
                "food",
                "point_of_interest",
                "store",
                "establishment"
            ],
            "vicinity": "横浜市西区南幸１丁目５−１ 横浜ジョイナス １F"
        },
        {
            "business_status": "OPERATIONAL",
            "geometry": {
                "location": {
                    "lat": 35.4654225,
                    "lng": 139.6210278
                },
                "viewport": {
                    "northeast": {
                        "lat": 35.4668042802915,
                        "lng": 139.6223262802915
                    },
                    "southwest": {
                        "lat": 35.4641063197085,
                        "lng": 139.6196283197085
                    }
                }
            },
            "icon": "https://maps.gstatic.com/mapfiles/place_api/icons/v1/png_71/cafe-71.png",
            "icon_background_color": "#FF9E67",
            "icon_mask_base_uri": "https://maps.gstatic.com/mapfiles/place_api/icons/v2/cafe_pinlet",
            "name": "タリーズコーヒー 横浜ジョイナス店",
            "opening_hours": {
                "open_now": false
            },
            "photos": [
                {
                    "height": 3024,
                    "html_attributions": [
                        "<a href=\"https://maps.google.com/maps/contrib/103927169158465013716\">田原直樹</a>"
                    ],
                    "photo_reference": "Aap_uECEUfiPV-hZElW59w4uPaTf0C7kvPEdjEbI8AVkfOdRu0Rz6Vd6jPVUeTzkXxBSEfIZPdpjVPT2X2HDgCb4LQcuGAx7iQkBa1w8qsObPG4TBiWqBDj4X1VX5reIXreUhvm63vePtn0ibqJqWx0LjHnOFd_YeaLI7EvPrzhjYCjeYw4K",
                    "width": 4032
                }
            ],
            "place_id": "ChIJMYq9QxJcGGARNElkUT9z_Uo",
            "plus_code": {
                "compound_code": "FJ8C+5C 日本、神奈川県横浜市",
                "global_code": "8Q7XFJ8C+5C"
            },
            "price_level": 2,
            "rating": 3.6,
            "reference": "ChIJMYq9QxJcGGARNElkUT9z_Uo",
            "scope": "GOOGLE",
            "types": [
                "cafe",
                "food",
                "point_of_interest",
                "store",
                "establishment"
            ],
            "user_ratings_total": 93,
            "vicinity": "横浜市西区南幸１丁目５−１"
        },
        {
            "business_status": "OPERATIONAL",
            "geometry": {
                "location": {
                    "lat": 35.4654225,
                    "lng": 139.6210278
                },
                "viewport": {
                    "northeast": {
                        "lat": 35.4667714802915,
                        "lng": 139.6223767802915
                    },
                    "southwest": {
                        "lat": 35.4640735197085,
                        "lng": 139.6196788197085
                    }
                }
            },
            "icon": "https://maps.gstatic.com/mapfiles/place_api/icons/v1/png_71/cafe-71.png",
            "icon_background_color": "#FF9E67",
            "icon_mask_base_uri": "https://maps.gstatic.com/mapfiles/place_api/icons/v2/cafe_pinlet",
            "name": "Gongcha",
            "opening_hours": {
                "open_now": true
            },
            "photos": [
                {
                    "height": 1440,
                    "html_attributions": [
                        "<a href=\"https://maps.google.com/maps/contrib/102636423265711003280\">たまさち</a>"
                    ],
                    "photo_reference": "Aap_uEAJcuWVWfU_XgcaNwit6tntXKtNAsFn3NLxlhbCgEDkDzb9nq1w7V5AAXKijxVJPi32qMAadGH3Ds248r7eLnmJN8iQtbiI-AfEnZV3hw3sz1ukMSm5DqXP6_3xC6jP3AeYBZSlZeqOOaIL9xizu2JbrcOfcdpCHorYyBBLKh6k2eaE",
                    "width": 2560
                }
            ],
            "place_id": "ChIJUy3DDA1dGGARM6A_QhZNokk",
            "plus_code": {
                "compound_code": "FJ8C+5C 日本、神奈川県横浜市",
                "global_code": "8Q7XFJ8C+5C"
            },
            "price_level": 2,
            "rating": 3.6,
            "reference": "ChIJUy3DDA1dGGARM6A_QhZNokk",
            "scope": "GOOGLE",
            "types": [
                "cafe",
                "food",
                "point_of_interest",
                "establishment"
            ],
            "user_ratings_total": 245,
            "vicinity": "横浜市西区南幸１丁目５−１ FOOD&TIME ISETAN YOKOHAMA内 新相鉄ビル B1F"
        },
        {
            "business_status": "OPERATIONAL",
            "geometry": {
                "location": {
                    "lat": 35.4654284,
                    "lng": 139.6199816
                },
                "viewport": {
                    "northeast": {
                        "lat": 35.4669242802915,
                        "lng": 139.6212485802915
                    },
                    "southwest": {
                        "lat": 35.4642263197085,
                        "lng": 139.6185506197085
                    }
                }
            },
            "icon": "https://maps.gstatic.com/mapfiles/place_api/icons/v1/png_71/generic_business-71.png",
            "icon_background_color": "#7B9EB0",
            "icon_mask_base_uri": "https://maps.gstatic.com/mapfiles/place_api/icons/v2/generic_pinlet",
            "name": "UCC Coffee Stand TSUTAYA はまりん横浜駅店",
            "opening_hours": {
                "open_now": true
            },
            "photos": [
                {
                    "height": 3024,
                    "html_attributions": [
                        "<a href=\"https://maps.google.com/maps/contrib/102821492854957767649\">Kou K</a>"
                    ],
                    "photo_reference": "Aap_uEAyxdVKzzyQvVMSuzAbBrUJ_V1xFzRhfU6E1751c8xYrgoN58zsuhkVDWhiM1WWrrblLfGeM-IPAUZfD6f8bQsEbGkYCIAajEcV-QDoD870njkmbQbqa7aUTAOZdSGWNoEtXNmOEoVRHXmuOBzdcTBdLocXQAJo0cI4R_QmspiO8Hs_",
                    "width": 4032
                }
            ],
            "place_id": "ChIJL6VpA-1dGGARKBHySv12NLg",
            "plus_code": {
                "compound_code": "FJ89+5X 日本、神奈川県横浜市",
                "global_code": "8Q7XFJ89+5X"
            },
            "rating": 3.4,
            "reference": "ChIJL6VpA-1dGGARKBHySv12NLg",
            "scope": "GOOGLE",
            "types": [
                "cafe",
                "food",
                "point_of_interest",
                "store",
                "establishment"
            ],
            "user_ratings_total": 15,
            "vicinity": "横浜市西区南幸１丁目９"
        },
        {
            "business_status": "CLOSED_TEMPORARILY",
            "geometry": {
                "location": {
                    "lat": 35.4653216,
                    "lng": 139.620794
                },
                "viewport": {
                    "northeast": {
                        "lat": 35.4666734302915,
                        "lng": 139.6221396802915
                    },
                    "southwest": {
                        "lat": 35.4639754697085,
                        "lng": 139.6194417197085
                    }
                }
            },
            "icon": "https://maps.gstatic.com/mapfiles/place_api/icons/v1/png_71/cafe-71.png",
            "icon_background_color": "#FF9E67",
            "icon_mask_base_uri": "https://maps.gstatic.com/mapfiles/place_api/icons/v2/cafe_pinlet",
            "name": "ドルチェ・ズッケロ",
            "permanently_closed": true,
            "photos": [
                {
                    "height": 2112,
                    "html_attributions": [
                        "<a href=\"https://maps.google.com/maps/contrib/109501412242654270788\">ドルチェ・ズッケロ</a>"
                    ],
                    "photo_reference": "Aap_uEAOZjstsHbFZWuJn_AEXG-_9fEbhn6N8r8lnasMzm_ZwvAixPiu5lKwCV9XVjY7nfWhdZE5u8aj9fMF6AtCHZhohRwt38mECMXXetfKh38I-tjh7aAJE2p1sgBFrX-A2VD8QNS7a4hNFecW0R297WIQbaOMOmyQ7J6kW3x5NkB92CWO",
                    "width": 2816
                }
            ],
            "place_id": "ChIJdbtzExJcGGAR9XiTN561KMQ",
            "plus_code": {
                "compound_code": "FJ8C+48 日本、神奈川県横浜市西区",
                "global_code": "8Q7XFJ8C+48"
            },
            "price_level": 2,
            "rating": 4,
            "reference": "ChIJdbtzExJcGGAR9XiTN561KMQ",
            "scope": "GOOGLE",
            "types": [
                "cafe",
                "bar",
                "restaurant",
                "food",
                "point_of_interest",
                "establishment"
            ],
            "user_ratings_total": 4,
            "vicinity": "横浜市西区西区５ 南幸1−6−31 横浜高島屋8F"
        }
    ],
    "status": "OK"
}