{
    "html_attributions": [],
    "results": [
        {
            "business_status": "OPERATIONAL",
            "geometry": {
                "location": {
                    "lat": 35.46542830000001,
                    "lng": 139.6209358
                },
                "viewport": {
                    "northeast": {
                        "lat": 35.4667526302915,
                        "lng": 139.6223276802915
                    },
                    "southwest": {
                        "lat": 35.4640546697085,
                        "lng": 139.6196297197085
                    }
                }
            },
            "icon": "https://maps.gstatic.com/mapfiles/place_api/icons/v1/png_71/park-71.png",
            "icon_background_color": "#4DB546",
            "icon_mask_base_uri": "https://maps.gstatic.com/mapfiles/place_api/icons/v2/tree_pinlet",
            "name": "ジョイナスの森彫刻公園",
            "opening_hours": {
                "open_now": false
            },
            "photos": [
                {
                    "height": 4000,
                    "html_attributions": [
                        "<a href=\"https://maps.google.com/maps/contrib/101474091673649124318\">齋藤健一</a>"
                    ],
                    "photo_reference": "Aap_uECgTfgMxVQ4fHRGaWEJvTTO1MCfz7emzO5fYzjlNOx3QAwkMtM-2RaW687Mcbsuiq5thEdpTMDBHcwrcrYuRKE4bo6zqw0ORT_yZMv-iWplNd2eJr3DDeFV9_xeh3XeDJMZG0pTWDEb2XrEjfFNLqnmCeOqBrC-ue6ydiMk9m19Pt9J",
                    "width": 6000
                }
            ],
            "place_id": "ChIJO89HiBJcGGAR2rd9W97sIc8",
            "plus_code": {
                "compound_code": "FJ8C+59 日本、神奈川県横浜市",
                "global_code": "8Q7XFJ8C+59"
            },
            "rating": 3.8,
            "reference": "ChIJO89HiBJcGGAR2rd9W97sIc8",
            "scope": "GOOGLE",
            "types": [
                "park",
                "tourist_attraction",
                "point_of_interest",
                "establishment"
            ],
            "user_ratings_total": 100,
            "vicinity": "横浜市西区南幸１丁目５−１"
        },
        {
            "business_status": "OPERATIONAL",
            "geometry": {
                "location": {
                    "lat": 35.4652388,
                    "lng": 139.6241364
                },
                "viewport": {
                    "northeast": {
                        "lat": 35.4663576302915,
                        "lng": 139.6254101302915
                    },
                    "southwest": {
                        "lat": 35.46365966970851,
                        "lng": 139.6227121697085
                    }
                }
            },
            "icon": "https://maps.gstatic.com/mapfiles/place_api/icons/v1/png_71/park-71.png",
            "icon_background_color": "#4DB546",
            "icon_mask_base_uri": "https://maps.gstatic.com/mapfiles/place_api/icons/v2/tree_pinlet",
            "name": "横浜駅東口歩道橋",
            "photos": [
                {
                    "height": 1329,
                    "html_attributions": [
                        "<a href=\"https://maps.google.com/maps/contrib/112945089264151221647\">福井良佑</a>"
                    ],
                    "photo_reference": "Aap_uEBG18I7qrW1P42DTnkpDlFWu4sYjIrCqgReW1A-i68L01-oxSlx4XIIRGOh4qCUv1UZsczVsfmDP6BiOnqd2Je4RT66mxMvA7ZEUyZuXv2Zn7enw9SR9ZXNLYXc9_YtjL7uX1Fyg987Ot3OY2h1a_S4XH2OIlFO_Rt-37XrC-wy91ls",
                    "width": 833
                }
            ],
            "place_id": "ChIJa-6bxttdGGARIVHCo9ODm7c",
            "plus_code": {
                "compound_code": "FJ8F+3M 日本、神奈川県横浜市",
                "global_code": "8Q7XFJ8F+3M"
            },
            "reference": "ChIJa-6bxttdGGARIVHCo9ODm7c",
            "scope": "GOOGLE",
            "types": [
                "park",
                "point_of_interest",
                "establishment"
            ],
            "vicinity": "横浜市西区高島２丁目１６ 横浜駅東口歩道橋"
        }
    ],
    "status": "OK"
}