{
    "html_attributions": [],
    "results": [
        {
            "business_status": "OPERATIONAL",
            "geometry": {
                "location": {
                    "lat": 35.4536328,
                    "lng": 139.6326329
                },
                "viewport": {
                    "northeast": {
                        "lat": 35.4549817802915,
                        "lng": 139.6339818802915
                    },
                    "southwest": {
                        "lat": 35.45228381970851,
                        "lng": 139.6312839197085
                    }
                }
            },
            "icon": "https://maps.gstatic.com/mapfiles/place_api/icons/v1/png_71/park-71.png",
            "icon_background_color": "#4DB546",
            "icon_mask_base_uri": "https://maps.gstatic.com/mapfiles/place_api/icons/v2/tree_pinlet",
            "name": "日本丸メモリアルパーク",
            "photos": [
                {
                    "height": 3648,
                    "html_attributions": [
                        "<a href=\"https://maps.google.com/maps/contrib/103507202751682498011\">T Doc</a>"
                    ],
                    "photo_reference": "Aap_uEC7roIp_qMY3q8jqqjdVVxRwvPs38KaXCJdLFeCIhiwHm-zm5yBG_TEON2-97-0MZv8Q9xe5KoGHc4eKTDBa0FGnq6iUxdWBhNrvUYCBZcfqzstzbVyrYTEFFGkCvfi33sJUCsWMNdqrOnCUdG3ZLUpXBg10Rr7xJwZYg3KJKaR5nbT",
                    "width": 5472
                }
            ],
            "place_id": "ChIJpVqwKFxcGGARYKCaVU8aD7I",
            "plus_code": {
                "compound_code": "FJ3M+F3 日本、神奈川県横浜市",
                "global_code": "8Q7XFJ3M+F3"
            },
            "rating": 4.2,
            "reference": "ChIJpVqwKFxcGGARYKCaVU8aD7I",
            "scope": "GOOGLE",
            "types": [
                "park",
                "tourist_attraction",
                "museum",
                "amusement_park",
                "point_of_interest",
                "establishment"
            ],
            "user_ratings_total": 1796,
            "vicinity": "横浜市西区みなとみらい２丁目１−１"
        },
        {
            "business_status": "OPERATIONAL",
            "geometry": {
                "location": {
                    "lat": 35.4551474,
                    "lng": 139.6369763
                },
                "viewport": {
                    "northeast": {
                        "lat": 35.4563263802915,
                        "lng": 139.6381772302915
                    },
                    "southwest": {
                        "lat": 35.45362841970851,
                        "lng": 139.6354792697085
                    }
                }
            },
            "icon": "https://maps.gstatic.com/mapfiles/place_api/icons/v1/png_71/generic_business-71.png",
            "icon_background_color": "#7B9EB0",
            "icon_mask_base_uri": "https://maps.gstatic.com/mapfiles/place_api/icons/v2/generic_pinlet",
            "name": "よこはまコスモワールド",
            "opening_hours": {
                "open_now": false
            },
            "photos": [
                {
                    "height": 973,
                    "html_attributions": [
                        "<a href=\"https://maps.google.com/maps/contrib/110890805412675774440\">よこはまコスモワールド</a>"
                    ],
                    "photo_reference": "Aap_uECgknXMITU59wYsM4hQHHy_wJDKwDUe4GkUhXLNJSkHeD0Rxj5wQlgxVbrLM4AIZd1W-428Dr-mZOxej3YF-CPjyTa-KiJ46pibELvqG440NFXj5bPzHFA-LBu8Taf5ulZn1L30msY5sXxbtPYnT9mg17pjEciNc9VO5NCgZQRR-xlr",
                    "width": 1459
                }
            ],
            "place_id": "ChIJm1PMo1lcGGARC2ypzT_OllQ",
            "plus_code": {
                "compound_code": "FJ4P+3Q 日本、神奈川県横浜市",
                "global_code": "8Q7XFJ4P+3Q"
            },
            "rating": 4.1,
            "reference": "ChIJm1PMo1lcGGARC2ypzT_OllQ",
            "scope": "GOOGLE",
            "types": [
                "amusement_park",
                "point_of_interest",
                "establishment"
            ],
            "user_ratings_total": 7726,
            "vicinity": "横浜市中区新港２丁目８−１"
        },
        {
            "business_status": "OPERATIONAL",
            "geometry": {
                "location": {
                    "lat": 35.4659548,
                    "lng": 139.6201808
                },
                "viewport": {
                    "northeast": {
                        "lat": 35.46730378029149,
                        "lng": 139.6215297802915
                    },
                    "southwest": {
                        "lat": 35.4646058197085,
                        "lng": 139.6188318197085
                    }
                }
            },
            "icon": "https://maps.gstatic.com/mapfiles/place_api/icons/v1/png_71/generic_business-71.png",
            "icon_background_color": "#7B9EB0",
            "icon_mask_base_uri": "https://maps.gstatic.com/mapfiles/place_api/icons/v2/generic_pinlet",
            "name": "横浜高島屋 プレイランド",
            "photos": [
                {
                    "height": 3096,
                    "html_attributions": [
                        "<a href=\"https://maps.google.com/maps/contrib/116805415299513579397\">Manabu Kayasono</a>"
                    ],
                    "photo_reference": "Aap_uECgx5Hf7X2Ypfh-vZU30XwP0pDSZCm2rJPyuma4GWpVMExEEPSm00qnm7Pq3xdM_rR9aJK964Y_E2dPIBYZjooXUNT2e0bPpHUwlh0_3gav9KfT4BC-o58WFTHWJJqsxXZwBty9nNhdQdZYs8TQ7NB2vYAOyv3WehKwA3HhO4o2cYIa",
                    "width": 5504
                }
            ],
            "place_id": "ChIJs6IBss1dGGAReAuIMAFZm7w",
            "plus_code": {
                "compound_code": "FJ8C+93 日本、神奈川県横浜市",
                "global_code": "8Q7XFJ8C+93"
            },
            "rating": 3.3,
            "reference": "ChIJs6IBss1dGGAReAuIMAFZm7w",
            "scope": "GOOGLE",
            "types": [
                "amusement_park",
                "point_of_interest",
                "establishment"
            ],
            "user_ratings_total": 3,
            "vicinity": "横浜市西区南幸１丁目６−３１"
        },
        {
            "business_status": "OPERATIONAL",
            "geometry": {
                "location": {
                    "lat": 35.4639622,
                    "lng": 139.6220938
                },
                "viewport": {
                    "northeast": {
                        "lat": 35.46574663029149,
                        "lng": 139.6237849802915
                    },
                    "southwest": {
                        "lat": 35.4630486697085,
                        "lng": 139.6210870197085
                    }
                }
            },
            "icon": "https://maps.gstatic.com/mapfiles/place_api/icons/v1/png_71/shopping-71.png",
            "icon_background_color": "#4B96F3",
            "icon_mask_base_uri": "https://maps.gstatic.com/mapfiles/place_api/icons/v2/shopping_pinlet",
            "name": "アソビル ASOBUILD",
            "opening_hours": {
                "open_now": true
            },
            "photos": [
                {
                    "height": 4032,
                    "html_attributions": [
                        "<a href=\"https://maps.google.com/maps/contrib/108053972282487259781\">Yuki Yokoyama</a>"
                    ],
                    "photo_reference": "Aap_uEAugw8seSZBl1q8v58fOudNYVJSsoJiP9m3SM-RosynL4-j_-XVs-HuO1Hkz9gZE34mqoe7IJ4YH6qIBI6xDFfoDDkPVlGD2MZKqvGNqU743avhDsCLJKeRIeqPGGLccZ45Yn_MtDcqmrt3vdpWKNWbRy_FqqT-JZivLg-2zK0tVSHr",
                    "width": 3024
                }
            ],
            "place_id": "ChIJZ2s-QspdGGARqHOb27Hgr_I",
            "plus_code": {
                "compound_code": "FJ7C+HR 日本、神奈川県横浜市",
                "global_code": "8Q7XFJ7C+HR"
            },
            "rating": 3.7,
            "reference": "ChIJZ2s-QspdGGARqHOb27Hgr_I",
            "scope": "GOOGLE",
            "types": [
                "shopping_mall",
                "meal_takeaway",
                "amusement_park",
                "restaurant",
                "food",
                "point_of_interest",
                "establishment"
            ],
            "user_ratings_total": 1640,
            "vicinity": "横浜市西区高島２丁目１４−９ アソビル"
        },
        {
            "business_status": "OPERATIONAL",
            "geometry": {
                "location": {
                    "lat": 35.4632555,
                    "lng": 139.6289171
                },
                "viewport": {
                    "northeast": {
                        "lat": 35.4645039302915,
                        "lng": 139.6300132302915
                    },
                    "southwest": {
                        "lat": 35.4618059697085,
                        "lng": 139.6273152697085
                    }
                }
            },
            "icon": "https://maps.gstatic.com/mapfiles/place_api/icons/v1/png_71/museum-71.png",
            "icon_background_color": "#13B5C7",
            "icon_mask_base_uri": "https://maps.gstatic.com/mapfiles/place_api/icons/v2/museum_pinlet",
            "name": "横浜アンパンマンこどもミュージアム",
            "opening_hours": {
                "open_now": false
            },
            "photos": [
                {
                    "height": 2362,
                    "html_attributions": [
                        "<a href=\"https://maps.google.com/maps/contrib/109087160828996319567\">横浜アンパンマンこどもミュージアム</a>"
                    ],
                    "photo_reference": "Aap_uEA7b9jm-hqlrdou0LlQiFig_NHzGKMcPe-Sw_LG2F27vaZMX5BSvnUQAPOHbOnH84eVP7sHXtpLIe3EpYcsWMWvx2UlYcKvtnrc_dlpGgqtZZTH_HhLv4UMDxdBKq9lwxKxuZQJAMQ4WeZFtgrMvPd0BoIu3v-IHeWsohKjpnFvR1aA",
                    "width": 3543
                }
            ],
            "place_id": "ChIJ_WgpQcRdGGARdbUYbJAEVNE",
            "plus_code": {
                "compound_code": "FJ7H+8H 日本、神奈川県横浜市",
                "global_code": "8Q7XFJ7H+8H"
            },
            "rating": 4,
            "reference": "ChIJ_WgpQcRdGGARdbUYbJAEVNE",
            "scope": "GOOGLE",
            "types": [
                "museum",
                "amusement_park",
                "point_of_interest",
                "establishment"
            ],
            "user_ratings_total": 5807,
            "vicinity": "横浜市西区みなとみらい６丁目２−９"
        },
        {
            "business_status": "OPERATIONAL",
            "geometry": {
                "location": {
                    "lat": 35.4601219,
                    "lng": 139.6271985
                },
                "viewport": {
                    "northeast": {
                        "lat": 35.46170213029149,
                        "lng": 139.6284255802915
                    },
                    "southwest": {
                        "lat": 35.45900416970849,
                        "lng": 139.6257276197085
                    }
                }
            },
            "icon": "https://maps.gstatic.com/mapfiles/place_api/icons/v1/png_71/generic_business-71.png",
            "icon_background_color": "#7B9EB0",
            "icon_mask_base_uri": "https://maps.gstatic.com/mapfiles/place_api/icons/v2/generic_pinlet",
            "name": "株式会社エスエフジーエージェンシー",
            "opening_hours": {
                "open_now": false
            },
            "photos": [
                {
                    "height": 980,
                    "html_attributions": [
                        "<a href=\"https://maps.google.com/maps/contrib/112641088703961059917\">ソウカイオンラインストア</a>"
                    ],
                    "photo_reference": "Aap_uEAmhS3o6EGx5aNBMgPcjje_ylX5k8-R4FeotnAMs0VOpwfqtPdKdPjEfIBpu7OyoqRCY9WJYTd_acpwnMPc07O8M9vmloevKdpHr9ZKgvyjfc1jfxUarJZLueT9LRj6nSwKPD4NnNhzlNxrCoGw5XQ0IEYb43DMYUP6MD01Lml9ZDo",
                    "width": 651
                }
            ],
            "place_id": "ChIJ6W7t2TNdGGAR60n6oku51zM",
            "plus_code": {
                "compound_code": "FJ6G+2V 日本、神奈川県横浜市",
                "global_code": "8Q7XFJ6G+2V"
            },
            "rating": 5,
            "reference": "ChIJ6W7t2TNdGGAR60n6oku51zM",
            "scope": "GOOGLE",
            "types": [
                "amusement_park",
                "point_of_interest",
                "establishment"
            ],
            "user_ratings_total": 1,
            "vicinity": "横浜市西区みなとみらい４丁目４−２ 横浜ブルーアベニュー 12階"
        },
        {
            "business_status": "OPERATIONAL",
            "geometry": {
                "location": {
                    "lat": 35.4551219,
                    "lng": 139.6317632
                },
                "viewport": {
                    "northeast": {
                        "lat": 35.45611023029149,
                        "lng": 139.6331600302915
                    },
                    "southwest": {
                        "lat": 35.45341226970849,
                        "lng": 139.6304620697085
                    }
                }
            },
            "icon": "https://maps.gstatic.com/mapfiles/place_api/icons/v1/png_71/generic_business-71.png",
            "icon_background_color": "#7B9EB0",
            "icon_mask_base_uri": "https://maps.gstatic.com/mapfiles/place_api/icons/v2/generic_pinlet",
            "name": "横浜トリックアートクルーズ",
            "opening_hours": {
                "open_now": false
            },
            "photos": [
                {
                    "height": 968,
                    "html_attributions": [
                        "<a href=\"https://maps.google.com/maps/contrib/112039404346460139980\">横浜トリックアートクルーズ</a>"
                    ],
                    "photo_reference": "Aap_uEBl4k1sLkC0-iiMPqXkJQKvCxnBjBMUUTPT_gb0jd32jnwzAMNJr4eEqK03FbQJ71bFGiurNnFZc-9XwzyGrjEA209eF5FvygrXQm1BLKF3lGx0B9irHn8yknLsinXAR1Tc4Zd16CCzp8CHxAv-PnjC73tAgf4Jwoq0r2Bp6qqCGl4Z",
                    "width": 600
                }
            ],
            "place_id": "ChIJAQAAdF1cGGARTX3WluOAoTs",
            "plus_code": {
                "compound_code": "FJ4J+2P 日本、神奈川県横浜市",
                "global_code": "8Q7XFJ4J+2P"
            },
            "rating": 3.9,
            "reference": "ChIJAQAAdF1cGGARTX3WluOAoTs",
            "scope": "GOOGLE",
            "types": [
                "tourist_attraction",
                "museum",
                "amusement_park",
                "point_of_interest",
                "establishment"
            ],
            "user_ratings_total": 84,
            "vicinity": "横浜市西区みなとみらい２丁目２−１ ４階 ランドマークプラザ"
        },
        {
            "business_status": "OPERATIONAL",
            "geometry": {
                "location": {
                    "lat": 35.4563297,
                    "lng": 139.6354378
                },
                "viewport": {
                    "northeast": {
                        "lat": 35.45781553029151,
                        "lng": 139.6368687802915
                    },
                    "southwest": {
                        "lat": 35.45511756970851,
                        "lng": 139.6341708197085
                    }
                }
            },
            "icon": "https://maps.gstatic.com/mapfiles/place_api/icons/v1/png_71/generic_business-71.png",
            "icon_background_color": "#7B9EB0",
            "icon_mask_base_uri": "https://maps.gstatic.com/mapfiles/place_api/icons/v2/generic_pinlet",
            "name": "カーニバルストリート",
            "photos": [
                {
                    "height": 3024,
                    "html_attributions": [
                        "<a href=\"https://maps.google.com/maps/contrib/109877150068285095724\">いちごチップ</a>"
                    ],
                    "photo_reference": "Aap_uEDGLJ7IqwWM-FdBWq-dQD-2lr_GWoxAKzCQXuzoMiysGb0GcMhIS2LAyMZeqCvviZmwLTak4mPUK4nt6xM1hR-MBnuigQkk1IQ3ApObKL5GG8T2pjRkwSLvimb9pQlRQq_B1Uhxrlb34v-1AoxhIRKhdnKfppr8DnGPK5-xN0ppApV_",
                    "width": 4032
                }
            ],
            "place_id": "ChIJnZ6g3FtcGGAR_2Qk6mq4xqc",
            "plus_code": {
                "compound_code": "FJ4P+G5 日本、神奈川県横浜市",
                "global_code": "8Q7XFJ4P+G5"
            },
            "rating": 3.9,
            "reference": "ChIJnZ6g3FtcGGAR_2Qk6mq4xqc",
            "scope": "GOOGLE",
            "types": [
                "amusement_park",
                "tourist_attraction",
                "point_of_interest",
                "establishment"
            ],
            "user_ratings_total": 18,
            "vicinity": "横浜市中区新港２丁目８−１"
        },
        {
            "business_status": "OPERATIONAL",
            "geometry": {
                "location": {
                    "lat": 35.4520759,
                    "lng": 139.6285864
                },
                "viewport": {
                    "northeast": {
                        "lat": 35.45342488029151,
                        "lng": 139.6299353802915
                    },
                    "southwest": {
                        "lat": 35.45072691970851,
                        "lng": 139.6272374197085
                    }
                }
            },
            "icon": "https://maps.gstatic.com/mapfiles/place_api/icons/v1/png_71/generic_business-71.png",
            "icon_background_color": "#7B9EB0",
            "icon_mask_base_uri": "https://maps.gstatic.com/mapfiles/place_api/icons/v2/generic_pinlet",
            "name": "JFlight",
            "photos": [
                {
                    "height": 1654,
                    "html_attributions": [
                        "<a href=\"https://maps.google.com/maps/contrib/105311583534462693564\">JFlight</a>"
                    ],
                    "photo_reference": "Aap_uECmv2hNGcqmWN4dpXOxZkbsERRPkP4jcRR8C58d3cr1aKOCuCb-zvRKYRwonZT4v5_ymt23o8dwNQA7sCiv_vT96-9JBqmm5S9K4hY0Wz3bp83WDNQSHwC4zcy2FRi4gGD8mP7hgwyfLROu33XbP5nR-VQcpu6ETkGJca_fqPuxWlxD",
                    "width": 1798
                }
            ],
            "place_id": "ChIJDdvNN2dcGGAREFe9yRk19BY",
            "plus_code": {
                "compound_code": "FJ2H+RC 日本、神奈川県横浜市",
                "global_code": "8Q7XFJ2H+RC"
            },
            "rating": 4.6,
            "reference": "ChIJDdvNN2dcGGAREFe9yRk19BY",
            "scope": "GOOGLE",
            "types": [
                "amusement_park",
                "point_of_interest",
                "store",
                "establishment"
            ],
            "user_ratings_total": 17,
            "vicinity": "横浜市中区花咲町３丁目１０３−２ アマデウスビル2F"
        }
    ],
    "status": "OK"
}