{
    "html_attributions": [],
    "results": [
        {
            "business_status": "OPERATIONAL",
            "geometry": {
                "location": {
                    "lat": 35.4653773,
                    "lng": 139.6247922
                },
                "viewport": {
                    "northeast": {
                        "lat": 35.4667442802915,
                        "lng": 139.6258609302915
                    },
                    "southwest": {
                        "lat": 35.4640463197085,
                        "lng": 139.6231629697085
                    }
                }
            },
            "icon": "https://maps.gstatic.com/mapfiles/place_api/icons/v1/png_71/generic_business-71.png",
            "icon_background_color": "#7B9EB0",
            "icon_mask_base_uri": "https://maps.gstatic.com/mapfiles/place_api/icons/v2/generic_pinlet",
            "name": "ギャラリーダダ",
            "photos": [
                {
                    "height": 1944,
                    "html_attributions": [
                        "<a href=\"https://maps.google.com/maps/contrib/108784195876784182303\">バーン</a>"
                    ],
                    "photo_reference": "Aap_uEBKoHe5sn2C-GZS2C3LI31zhnqHYADE7HsX6MZRl3NyoDwcTb5YJfg2wT8-7ZNS3TqCasBLj_QYxtqv6BiIKkX6ohPYQ8yMLExR40vhSikWc_So478elQO1mAGn62plwanNBab1Rr_8PCTX2PWTkSLIH6N7ezOU6w0WIY-UfjKcYpie",
                    "width": 2592
                }
            ],
            "place_id": "ChIJa2iZXhNcGGARPQNfcq0FTH4",
            "plus_code": {
                "compound_code": "FJ8F+5W 日本、神奈川県横浜市",
                "global_code": "8Q7XFJ8F+5W"
            },
            "rating": 4.2,
            "reference": "ChIJa2iZXhNcGGARPQNfcq0FTH4",
            "scope": "GOOGLE",
            "types": [
                "art_gallery",
                "point_of_interest",
                "establishment"
            ],
            "user_ratings_total": 6,
            "vicinity": "横浜市西区高島２丁目１８−１"
        }
    ],
    "status": "OK"
}