{
    "html_attributions": [],
    "results": [
        {
            "business_status": "OPERATIONAL",
            "geometry": {
                "location": {
                    "lat": 35.46485349999999,
                    "lng": 139.624815
                },
                "viewport": {
                    "northeast": {
                        "lat": 35.4663209302915,
                        "lng": 139.6258888302915
                    },
                    "southwest": {
                        "lat": 35.4636229697085,
                        "lng": 139.6231908697085
                    }
                }
            },
            "icon": "https://maps.gstatic.com/mapfiles/place_api/icons/v1/png_71/generic_business-71.png",
            "icon_background_color": "#13B5C7",
            "icon_mask_base_uri": "https://maps.gstatic.com/mapfiles/place_api/icons/v2/generic_pinlet",
            "name": "Fukui bus stop",
            "place_id": "ChIJwQhWonNdGGARFsj2xC0Rc1w",
            "plus_code": {
                "compound_code": "FJ7F+WW 日本、神奈川県横浜市",
                "global_code": "8Q7XFJ7F+WW"
            },
            "reference": "ChIJwQhWonNdGGARFsj2xC0Rc1w",
            "scope": "GOOGLE",
            "types": [
                "tourist_attraction",
                "point_of_interest",
                "establishment"
            ],
            "vicinity": "横浜市西区高島２丁目１９"
        }
    ],
    "status": "OK"
}