{
    "html_attributions": [],
    "results": [
        {
            "business_status": "OPERATIONAL",
            "geometry": {
                "location": {
                    "lat": 35.46802720000001,
                    "lng": 139.6210925
                },
                "viewport": {
                    "northeast": {
                        "lat": 35.4693761302915,
                        "lng": 139.6224413802915
                    },
                    "southwest": {
                        "lat": 35.4666781697085,
                        "lng": 139.6197434197085
                    }
                }
            },
            "icon": "https://maps.gstatic.com/mapfiles/place_api/icons/v1/png_71/generic_business-71.png",
            "icon_background_color": "#7B9EB0",
            "icon_mask_base_uri": "https://maps.gstatic.com/mapfiles/place_api/icons/v2/generic_pinlet",
            "name": "西鶴屋橋",
            "opening_hours": {
                "open_now": true
            },
            "photos": [
                {
                    "height": 4032,
                    "html_attributions": [
                        "<a href=\"https://maps.google.com/maps/contrib/115046102670044050115\">天晴小號</a>"
                    ],
                    "photo_reference": "Aap_uED6eMAs7nhiZaHwBejNCPWJcUAX13EQVR2i1SEe5l-Mhe3Xdbr_OKFt1TDZKZ1TcGkoH4GHhILfyVT7Er_HROIO--vjwcURVXgEbz-oqcMl74OBS5iDKv9pbfOW5Uv9Di2qbUMvjqf5Sl-8N3Z3YdbDO-7i2R9u6JFASZHvK0BMbn04",
                    "width": 3024
                }
            ],
            "place_id": "ChIJSXwclRFcGGARlAnQr6OV5GY",
            "plus_code": {
                "compound_code": "FJ9C+6C 日本、神奈川県横浜市",
                "global_code": "8Q7XFJ9C+6C"
            },
            "rating": 4,
            "reference": "ChIJSXwclRFcGGARlAnQr6OV5GY",
            "scope": "GOOGLE",
            "types": [
                "tourist_attraction",
                "point_of_interest",
                "establishment"
            ],
            "user_ratings_total": 1,
            "vicinity": "横浜市"
        }
    ],
    "status": "OK"
}