{
    "html_attributions": [],
    "results": [
        {
            "business_status": "OPERATIONAL",
            "geometry": {
                "location": {
                    "lat": 35.46553269999999,
                    "lng": 139.6250793
                },
                "viewport": {
                    "northeast": {
                        "lat": 35.46670158029149,
                        "lng": 139.6267618302915
                    },
                    "southwest": {
                        "lat": 35.46400361970849,
                        "lng": 139.6240638697085
                    }
                }
            },
            "icon": "https://maps.gstatic.com/mapfiles/place_api/icons/v1/png_71/cafe-71.png",
            "icon_background_color": "#FF9E67",
            "icon_mask_base_uri": "https://maps.gstatic.com/mapfiles/place_api/icons/v2/cafe_pinlet",
            "name": "椿屋カフェ横浜店",
            "opening_hours": {
                "open_now": false
            },
            "photos": [
                {
                    "height": 2747,
                    "html_attributions": [
                        "<a href=\"https://maps.google.com/maps/contrib/117327320714610612965\">SYUNZO YAMAGUCHI</a>"
                    ],
                    "photo_reference": "Aap_uEBp4MEwKN4byW6YZ_yJ9XaIzNSkYUrryqoFispiyOZ35755ZWzdudR10yjFL1u6U-0TBmQooAgyPsuQNZWVWL5j77juzMkG1V0oIYfdA__6pCnmXoG7WCihAoQly5wmwe2r9XtqR8dlvNIS8DUlEMgYZ0IXwDD1g9HqKilSuimQrUg2",
                    "width": 2747
                }
            ],
            "place_id": "ChIJ58lGnBRcGGARUOXj6h73_xc",
            "plus_code": {
                "compound_code": "FJ8G+62 日本、神奈川県横浜市",
                "global_code": "8Q7XFJ8G+62"
            },
            "price_level": 3,
            "rating": 3.8,
            "reference": "ChIJ58lGnBRcGGARUOXj6h73_xc",
            "scope": "GOOGLE",
            "types": [
                "cafe",
                "food",
                "point_of_interest",
                "store",
                "establishment"
            ],
            "user_ratings_total": 182,
            "vicinity": "横浜市西区高島２丁目１８−１ そごう横浜店 9F"
        },
        {
            "business_status": "OPERATIONAL",
            "geometry": {
                "location": {
                    "lat": 35.4657812,
                    "lng": 139.6249729
                },
                "viewport": {
                    "northeast": {
                        "lat": 35.46716548029149,
                        "lng": 139.6259666802915
                    },
                    "southwest": {
                        "lat": 35.46446751970849,
                        "lng": 139.6232687197085
                    }
                }
            },
            "icon": "https://maps.gstatic.com/mapfiles/place_api/icons/v1/png_71/cafe-71.png",
            "icon_background_color": "#FF9E67",
            "icon_mask_base_uri": "https://maps.gstatic.com/mapfiles/place_api/icons/v2/cafe_pinlet",
            "name": "タカナシ ミルクパーラー",
            "opening_hours": {
                "open_now": false
            },
            "photos": [
                {
                    "height": 3000,
                    "html_attributions": [
                        "<a href=\"https://maps.google.com/maps/contrib/117914252030376463928\">Hiroyuki Kikuchi</a>"
                    ],
                    "photo_reference": "Aap_uEAHtZImEYvjROpDKzz97KxTBSaS0S1CVWHVa0RyFF83tpH3Ijg0K8VzMa9wJ2liEh4VLJO20SUMe8pSsQCAPTDcHwS0D0Q74Rfvcz9j4v2XTD7MI9LYsAbhpwDDvFloeJke6TQULc5tW8erTyCNcPihedNcU0uttF6zDPN70VCtPWAH",
                    "width": 4000
                }
            ],
            "place_id": "ChIJEXUegxRcGGARfrVjj_JureU",
            "plus_code": {
                "compound_code": "FJ8F+8X 日本、神奈川県横浜市",
                "global_code": "8Q7XFJ8F+8X"
            },
            "rating": 4.1,
            "reference": "ChIJEXUegxRcGGARfrVjj_JureU",
            "scope": "GOOGLE",
            "types": [
                "cafe",
                "food",
                "point_of_interest",
                "establishment"
            ],
            "user_ratings_total": 30,
            "vicinity": "横浜市西区高島２丁目１８−１ そごう 横浜 B2"
        },
        {
            "business_status": "OPERATIONAL",
            "geometry": {
                "location": {
                    "lat": 35.465747,
                    "lng": 139.6247904
                },
                "viewport": {
                    "northeast": {
                        "lat": 35.4670848802915,
                        "lng": 139.6258836802915
                    },
                    "southwest": {
                        "lat": 35.4643869197085,
                        "lng": 139.6231857197085
                    }
                }
            },
            "icon": "https://maps.gstatic.com/mapfiles/place_api/icons/v1/png_71/restaurant-71.png",
            "icon_background_color": "#FF9E67",
            "icon_mask_base_uri": "https://maps.gstatic.com/mapfiles/place_api/icons/v2/restaurant_pinlet",
            "name": "ジェラテリア デルソーレ そごう横浜／ジェラート",
            "opening_hours": {
                "open_now": false
            },
            "photos": [
                {
                    "height": 3744,
                    "html_attributions": [
                        "<a href=\"https://maps.google.com/maps/contrib/105045229828307307475\">ジェラテリア デルソーレ そごう横浜／ジェラート</a>"
                    ],
                    "photo_reference": "Aap_uEAJ0Mx5tsvzDVAzKVLJLOqm4FXu_qVxIaDCLOfgWmRN-5Pjf6GNoq4N3ETeYkMUPLyLYQOpbrmwKybRRnC84Df0bUShH2lthy3eyS1qDua2VZZ9THEN1uhjg1x9oQ5C7menZrQyFr-abv1LKQKkiG0i_ZXnEYw_nA1kJmsJ3UMfbipF",
                    "width": 5616
                }
            ],
            "place_id": "ChIJrdRwfRNcGGAR-gy6O20qqk4",
            "plus_code": {
                "compound_code": "FJ8F+7W 日本、神奈川県横浜市",
                "global_code": "8Q7XFJ8F+7W"
            },
            "rating": 4.1,
            "reference": "ChIJrdRwfRNcGGAR-gy6O20qqk4",
            "scope": "GOOGLE",
            "types": [
                "cafe",
                "food",
                "point_of_interest",
                "store",
                "establishment"
            ],
            "user_ratings_total": 10,
            "vicinity": "横浜市西区高島２丁目１８−１ そごう横浜店B2"
        },
        {
            "business_status": "OPERATIONAL",
            "geometry": {
                "location": {
                    "lat": 35.4653333,
                    "lng": 139.6249577
                },
                "viewport": {
                    "northeast": {
                        "lat": 35.4666254802915,
                        "lng": 139.6259560802915
                    },
                    "southwest": {
                        "lat": 35.4639275197085,
                        "lng": 139.6232581197085
                    }
                }
            },
            "icon": "https://maps.gstatic.com/mapfiles/place_api/icons/v1/png_71/cafe-71.png",
            "icon_background_color": "#FF9E67",
            "icon_mask_base_uri": "https://maps.gstatic.com/mapfiles/place_api/icons/v2/cafe_pinlet",
            "name": "シーガルコート カフェ",
            "opening_hours": {
                "open_now": false
            },
            "photos": [
                {
                    "height": 2160,
                    "html_attributions": [
                        "<a href=\"https://maps.google.com/maps/contrib/114491230325358725270\">Masaru Mishima</a>"
                    ],
                    "photo_reference": "Aap_uEAEfRI8pGhMXvMIsVd1nkUNIz0lKfyPASL_ppxsfuJFaAOUh--W89UfuerWN8cd5MudqdmkbFVZnue5wXN8qO-XgmySoEdxMVw_jDtmGtchBOV4tB2BCOKKVxGRFHx2560Ajxg0wPKtXdcee8jQbc236VgXOBi9hSDPXyszVoPx2wOa",
                    "width": 3840
                }
            ],
            "place_id": "ChIJRxVrnhRcGGARmpWTNZLeFtc",
            "plus_code": {
                "compound_code": "FJ8F+4X 日本、神奈川県横浜市",
                "global_code": "8Q7XFJ8F+4X"
            },
            "rating": 3,
            "reference": "ChIJRxVrnhRcGGARmpWTNZLeFtc",
            "scope": "GOOGLE",
            "types": [
                "cafe",
                "food",
                "point_of_interest",
                "establishment"
            ],
            "user_ratings_total": 5,
            "vicinity": "横浜市西区高島２丁目１８−１"
        },
        {
            "business_status": "OPERATIONAL",
            "geometry": {
                "location": {
                    "lat": 35.465626,
                    "lng": 139.6256247
                },
                "viewport": {
                    "northeast": {
                        "lat": 35.46681268029151,
                        "lng": 139.6271048802915
                    },
                    "southwest": {
                        "lat": 35.46411471970851,
                        "lng": 139.6244069197085
                    }
                }
            },
            "icon": "https://maps.gstatic.com/mapfiles/place_api/icons/v1/png_71/cafe-71.png",
            "icon_background_color": "#FF9E67",
            "icon_mask_base_uri": "https://maps.gstatic.com/mapfiles/place_api/icons/v2/cafe_pinlet",
            "name": "アフタヌーンティー・ティールーム そごう横浜店",
            "opening_hours": {
                "open_now": false
            },
            "photos": [
                {
                    "height": 1960,
                    "html_attributions": [
                        "<a href=\"https://maps.google.com/maps/contrib/107256326168887405366\">HIRO HIRO</a>"
                    ],
                    "photo_reference": "Aap_uEBGdJacphIGG52xp-MQAaDzsA4JR041A5jZ1zR-hUF4juQXjr5YbQIVzJ2s_RwwGMGfDmbVdzXt_vG4R-e3PPunUrCEb2xc7Iaky2aqtW7ukTWBllueB3PFLjY90WCU6pRoeqHnWB2meWAbltqZSrWtXct8S2Bm0LNhKiGm3nkpFOWO",
                    "width": 4032
                }
            ],
            "place_id": "ChIJZ22anBRcGGARdFPYUqKf1uI",
            "plus_code": {
                "compound_code": "FJ8G+76 日本、神奈川県横浜市",
                "global_code": "8Q7XFJ8G+76"
            },
            "price_level": 2,
            "rating": 4.1,
            "reference": "ChIJZ22anBRcGGARdFPYUqKf1uI",
            "scope": "GOOGLE",
            "types": [
                "cafe",
                "food",
                "point_of_interest",
                "establishment"
            ],
            "user_ratings_total": 79,
            "vicinity": "そごう横浜店, 三階, ２丁目-18-1 高島, 西区 横浜市"
        },
        {
            "business_status": "OPERATIONAL",
            "geometry": {
                "location": {
                    "lat": 35.4658511,
                    "lng": 139.6252676
                },
                "viewport": {
                    "northeast": {
                        "lat": 35.4668960802915,
                        "lng": 139.6268848302915
                    },
                    "southwest": {
                        "lat": 35.4641981197085,
                        "lng": 139.6241868697085
                    }
                }
            },
            "icon": "https://maps.gstatic.com/mapfiles/place_api/icons/v1/png_71/cafe-71.png",
            "icon_background_color": "#FF9E67",
            "icon_mask_base_uri": "https://maps.gstatic.com/mapfiles/place_api/icons/v2/cafe_pinlet",
            "name": "マーロウブラザーズコーヒー",
            "opening_hours": {
                "open_now": false
            },
            "photos": [
                {
                    "height": 1908,
                    "html_attributions": [
                        "<a href=\"https://maps.google.com/maps/contrib/100261836701151555035\">薮崎明子</a>"
                    ],
                    "photo_reference": "Aap_uECW86_vR-HNN-UlIl_lmFm96SB_gRx10jX06f7RElZBcQaZaAL-6cYYbmtWKL7o8Z5j-5zxJatNlK4VvcQsv6ac9eiIOMEhAwHdz9hXcTXGukRos5g5-0OSI_MddQuU89QoZMyY1EZ2Ks2V8CHCfIMTbR82zfp5Wuj9vuakX8Ukspd1",
                    "width": 4032
                }
            ],
            "place_id": "ChIJ347dSXBdGGAReNGPLdXAyyw",
            "plus_code": {
                "compound_code": "FJ8G+84 日本、神奈川県横浜市",
                "global_code": "8Q7XFJ8G+84"
            },
            "rating": 4.1,
            "reference": "ChIJ347dSXBdGGAReNGPLdXAyyw",
            "scope": "GOOGLE",
            "types": [
                "cafe",
                "food",
                "point_of_interest",
                "store",
                "establishment"
            ],
            "user_ratings_total": 35,
            "vicinity": "横浜市西区高島２丁目１８−１ 横浜そごう B2F"
        },
        {
            "business_status": "OPERATIONAL",
            "geometry": {
                "location": {
                    "lat": 35.4655987,
                    "lng": 139.6250205
                },
                "viewport": {
                    "northeast": {
                        "lat": 35.4669673802915,
                        "lng": 139.6259813802915
                    },
                    "southwest": {
                        "lat": 35.4642694197085,
                        "lng": 139.6232834197085
                    }
                }
            },
            "icon": "https://maps.gstatic.com/mapfiles/place_api/icons/v1/png_71/cafe-71.png",
            "icon_background_color": "#FF9E67",
            "icon_mask_base_uri": "https://maps.gstatic.com/mapfiles/place_api/icons/v2/cafe_pinlet",
            "name": "TEA18",
            "opening_hours": {
                "open_now": false
            },
            "photos": [
                {
                    "height": 4032,
                    "html_attributions": [
                        "<a href=\"https://maps.google.com/maps/contrib/110045548503881696067\">Yutaka Higashiue</a>"
                    ],
                    "photo_reference": "Aap_uEBW1mluzrYwmbze64t8uEQg3VuSwh_NSFFPhkfWwII3ecv8L1AF99cuAU9gJP3Fkwi2o6C-bp_tlVpnhc3coigYk6zTIjrrQybTXhJEPJV-4PVBWmSpOe8cLSmwd2JolNCE4W_zZlrHR-C2HI_Uq7EulI4Ku7chetBLOin3-cVnPFRD",
                    "width": 3024
                }
            ],
            "place_id": "ChIJ82hN0kxdGGARC6y_XWlROAQ",
            "plus_code": {
                "compound_code": "FJ8G+62 日本、神奈川県横浜市",
                "global_code": "8Q7XFJ8G+62"
            },
            "rating": 4,
            "reference": "ChIJ82hN0kxdGGARC6y_XWlROAQ",
            "scope": "GOOGLE",
            "types": [
                "cafe",
                "food",
                "point_of_interest",
                "establishment"
            ],
            "user_ratings_total": 8,
            "vicinity": "横浜市西区高島２丁目１８−1B2"
        },
        {
            "business_status": "OPERATIONAL",
            "geometry": {
                "location": {
                    "lat": 35.4655788,
                    "lng": 139.6250886
                },
                "viewport": {
                    "northeast": {
                        "lat": 35.4667195302915,
                        "lng": 139.6267661302915
                    },
                    "southwest": {
                        "lat": 35.4640215697085,
                        "lng": 139.6240681697085
                    }
                }
            },
            "icon": "https://maps.gstatic.com/mapfiles/place_api/icons/v1/png_71/cafe-71.png",
            "icon_background_color": "#FF9E67",
            "icon_mask_base_uri": "https://maps.gstatic.com/mapfiles/place_api/icons/v2/cafe_pinlet",
            "name": "エブリデイミールズ",
            "opening_hours": {
                "open_now": false
            },
            "photos": [
                {
                    "height": 4608,
                    "html_attributions": [
                        "<a href=\"https://maps.google.com/maps/contrib/103345631060253795242\">しらたまゆき子</a>"
                    ],
                    "photo_reference": "Aap_uEAesXqRUt45zJHp82ULu2Ruxlzpmhx5jfoTvgx8UQgDDtxflvAE1EZCRRbRiiG5R5LtpozaOcl6GTInxw01Wf9R-rsSUvIA-Nz8TN3hUq5i92OKnY9900atnUP6mgyeA-Z_1UfB4EWV6rwiKdTmNVQ44HimCJCqWbQ7f9W0rE6xZAWY",
                    "width": 2592
                }
            ],
            "place_id": "ChIJBZ8YNwhdGGARGsCGsoIl9n4",
            "plus_code": {
                "compound_code": "FJ8G+62 日本、神奈川県横浜市",
                "global_code": "8Q7XFJ8G+62"
            },
            "rating": 3,
            "reference": "ChIJBZ8YNwhdGGARGsCGsoIl9n4",
            "scope": "GOOGLE",
            "types": [
                "cafe",
                "food",
                "point_of_interest",
                "establishment"
            ],
            "user_ratings_total": 1,
            "vicinity": "横浜市西区高島２丁目１８−１"
        },
        {
            "business_status": "OPERATIONAL",
            "geometry": {
                "location": {
                    "lat": 35.4654249,
                    "lng": 139.6250954
                },
                "viewport": {
                    "northeast": {
                        "lat": 35.4666425802915,
                        "lng": 139.6267695302915
                    },
                    "southwest": {
                        "lat": 35.46394461970851,
                        "lng": 139.6240715697085
                    }
                }
            },
            "icon": "https://maps.gstatic.com/mapfiles/place_api/icons/v1/png_71/cafe-71.png",
            "icon_background_color": "#FF9E67",
            "icon_mask_base_uri": "https://maps.gstatic.com/mapfiles/place_api/icons/v2/cafe_pinlet",
            "name": "タニタカフェ そごう横浜店",
            "opening_hours": {
                "open_now": true
            },
            "photos": [
                {
                    "height": 3024,
                    "html_attributions": [
                        "<a href=\"https://maps.google.com/maps/contrib/102376564886810860233\">Haji</a>"
                    ],
                    "photo_reference": "Aap_uED6ugFDs411RAM5ElXfCdUro1uu8YTdg844_3Zl6TH2qQ00Lv_I1TnOeTCdwGqJoOqVQmSlonlpu6G8a1jjter0-9PJxk0beEhNJvf5zibYgHkhgVx78Lc04yG12blpddXkZrdtSmt0rmnh6QrXMvjv387VgAmpHBj8ki5-Ph9WYhpX",
                    "width": 4032
                }
            ],
            "place_id": "ChIJJSE3_URdGGARIqS_xclfdb8",
            "plus_code": {
                "compound_code": "FJ8G+52 日本、神奈川県横浜市",
                "global_code": "8Q7XFJ8G+52"
            },
            "price_level": 2,
            "rating": 4.1,
            "reference": "ChIJJSE3_URdGGARIqS_xclfdb8",
            "scope": "GOOGLE",
            "types": [
                "cafe",
                "food",
                "point_of_interest",
                "establishment"
            ],
            "user_ratings_total": 19,
            "vicinity": "横浜市西区高島２丁目１８−１"
        },
        {
            "business_status": "OPERATIONAL",
            "geometry": {
                "location": {
                    "lat": 35.4654249,
                    "lng": 139.6250954
                },
                "viewport": {
                    "northeast": {
                        "lat": 35.46664478029149,
                        "lng": 139.6267699302915
                    },
                    "southwest": {
                        "lat": 35.4639468197085,
                        "lng": 139.6240719697085
                    }
                }
            },
            "icon": "https://maps.gstatic.com/mapfiles/place_api/icons/v1/png_71/cafe-71.png",
            "icon_background_color": "#FF9E67",
            "icon_mask_base_uri": "https://maps.gstatic.com/mapfiles/place_api/icons/v2/cafe_pinlet",
            "name": "カフェ メディオ",
            "opening_hours": {
                "open_now": false
            },
            "photos": [
                {
                    "height": 4032,
                    "html_attributions": [
                        "<a href=\"https://maps.google.com/maps/contrib/115665634263846148886\">duffy nemo</a>"
                    ],
                    "photo_reference": "Aap_uEAhfpYxzsv_XGpDe2XX81u-RjNM8_VtMl4P8n5YCE8oUUJko-VfjjbcZLQRMB7WFdrnxpOFhiO3gq-k0wADv2McvXtqq6IZnGVx3H9qF85YVn_w_ErTz2Z5A1SdRSXLR9zmjWmEc_eCbvFBeIrJWsQ4d6HZrwg6vzYTD9V6F65yvFkF",
                    "width": 3024
                }
            ],
            "place_id": "ChIJZ22anBRcGGARXZ4BeW44fzc",
            "plus_code": {
                "compound_code": "FJ8G+52 日本、神奈川県横浜市",
                "global_code": "8Q7XFJ8G+52"
            },
            "rating": 3.9,
            "reference": "ChIJZ22anBRcGGARXZ4BeW44fzc",
            "scope": "GOOGLE",
            "types": [
                "cafe",
                "food",
                "point_of_interest",
                "establishment"
            ],
            "user_ratings_total": 25,
            "vicinity": "横浜市西区高島２丁目１８−１ そごう横浜店 ７階"
        }
    ],
    "status": "OK"
}