{
    "html_attributions": [],
    "results": [
        {
            "business_status": "OPERATIONAL",
            "geometry": {
                "location": {
                    "lat": 35.46542830000001,
                    "lng": 139.6209358
                },
                "viewport": {
                    "northeast": {
                        "lat": 35.4667526302915,
                        "lng": 139.6223276802915
                    },
                    "southwest": {
                        "lat": 35.4640546697085,
                        "lng": 139.6196297197085
                    }
                }
            },
            "icon": "https://maps.gstatic.com/mapfiles/place_api/icons/v1/png_71/park-71.png",
            "icon_background_color": "#4DB546",
            "icon_mask_base_uri": "https://maps.gstatic.com/mapfiles/place_api/icons/v2/tree_pinlet",
            "name": "ジョイナスの森彫刻公園",
            "opening_hours": {
                "open_now": false
            },
            "photos": [
                {
                    "height": 4000,
                    "html_attributions": [
                        "<a href=\"https://maps.google.com/maps/contrib/101474091673649124318\">齋藤健一</a>"
                    ],
                    "photo_reference": "Aap_uED5s4EVkGb2adovq9TFFJlGt-BIsC-AyHK2rNNUvMmRQlZik-xycBVk1-gUmrCYoWzq4hKBj7ra09DjG_NUA8QAZSakqHrVu33VVYD8Gd3dy600R8HSJhOBjIT4pA8YcfhmogrQSXup6x2hQjBGxSOGfWOTo_N4tAMBVQ4v-vqI6e7I",
                    "width": 6000
                }
            ],
            "place_id": "ChIJO89HiBJcGGAR2rd9W97sIc8",
            "plus_code": {
                "compound_code": "FJ8C+59 日本、神奈川県横浜市",
                "global_code": "8Q7XFJ8C+59"
            },
            "rating": 3.8,
            "reference": "ChIJO89HiBJcGGAR2rd9W97sIc8",
            "scope": "GOOGLE",
            "types": [
                "park",
                "tourist_attraction",
                "point_of_interest",
                "establishment"
            ],
            "user_ratings_total": 100,
            "vicinity": "横浜市西区南幸１丁目５−１"
        }
    ],
    "status": "OK"
}