{
    "html_attributions": [],
    "results": [
        {
            "business_status": "OPERATIONAL",
            "geometry": {
                "location": {
                    "lat": 35.46394160000001,
                    "lng": 139.6220261
                },
                "viewport": {
                    "northeast": {
                        "lat": 35.4655765802915,
                        "lng": 139.6234792802915
                    },
                    "southwest": {
                        "lat": 35.4628786197085,
                        "lng": 139.6207813197085
                    }
                }
            },
            "icon": "https://maps.gstatic.com/mapfiles/place_api/icons/v1/png_71/museum-71.png",
            "icon_background_color": "#13B5C7",
            "icon_mask_base_uri": "https://maps.gstatic.com/mapfiles/place_api/icons/v2/museum_pinlet",
            "name": "東京マスクランド",
            "opening_hours": {
                "open_now": false
            },
            "photos": [
                {
                    "height": 1152,
                    "html_attributions": [
                        "<a href=\"https://maps.google.com/maps/contrib/117553983808179136933\">Kento Yamanoi</a>"
                    ],
                    "photo_reference": "Aap_uED8Kkw1YrTM8zbq2brQX_rlDh41PX-oINYVRGV5Dd_SPuh4a64MlpdOPg6Jq3AR81PR36Vu1Ue8_G9lTF3uoGm_X2qI-PcrYnT5Is0S6awC5033r57YXcRfUtHsgNw6whXG4PlOioMSZW3poFQMtsQEdOakm6peCmvtfKJHnEmsU6jU",
                    "width": 2574
                }
            ],
            "place_id": "ChIJB-vajZJdGGARsBL3vkfivsg",
            "plus_code": {
                "compound_code": "FJ7C+HR 日本、神奈川県横浜市",
                "global_code": "8Q7XFJ7C+HR"
            },
            "reference": "ChIJB-vajZJdGGARsBL3vkfivsg",
            "scope": "GOOGLE",
            "types": [
                "museum",
                "point_of_interest",
                "establishment"
            ],
            "vicinity": "横浜市西区高島２丁目１４−９ アソビル 3F"
        }
    ],
    "status": "OK"
}