{
    "html_attributions": [],
    "results": [
        {
            "business_status": "OPERATIONAL",
            "geometry": {
                "location": {
                    "lat": 35.465456,
                    "lng": 139.6232156
                },
                "viewport": {
                    "northeast": {
                        "lat": 35.4668049802915,
                        "lng": 139.6245645802915
                    },
                    "southwest": {
                        "lat": 35.4641070197085,
                        "lng": 139.6218666197085
                    }
                }
            },
            "icon": "https://maps.gstatic.com/mapfiles/place_api/icons/v1/png_71/generic_business-71.png",
            "icon_background_color": "#13B5C7",
            "icon_mask_base_uri": "https://maps.gstatic.com/mapfiles/place_api/icons/v2/generic_pinlet",
            "name": "ブロンズ像少女",
            "place_id": "ChIJqRpUUbJdGGARoio0UsR-duM",
            "plus_code": {
                "compound_code": "FJ8F+57 日本、神奈川県横浜市",
                "global_code": "8Q7XFJ8F+57"
            },
            "reference": "ChIJqRpUUbJdGGARoio0UsR-duM",
            "scope": "GOOGLE",
            "types": [
                "tourist_attraction",
                "point_of_interest",
                "establishment"
            ],
            "vicinity": "横浜市西区高島２丁目１６ ブロンズ像少女"
        }
    ],
    "status": "OK"
}