{
    "html_attributions": [],
    "results": [
        {
            "business_status": "OPERATIONAL",
            "geometry": {
                "location": {
                    "lat": 35.465512,
                    "lng": 139.6245995
                },
                "viewport": {
                    "northeast": {
                        "lat": 35.4668729802915,
                        "lng": 139.6257630302915
                    },
                    "southwest": {
                        "lat": 35.4641750197085,
                        "lng": 139.6230650697085
                    }
                }
            },
            "icon": "https://maps.gstatic.com/mapfiles/place_api/icons/v1/png_71/generic_business-71.png",
            "icon_background_color": "#13B5C7",
            "icon_mask_base_uri": "https://maps.gstatic.com/mapfiles/place_api/icons/v2/generic_pinlet",
            "name": "鐘の塔",
            "photos": [
                {
                    "height": 4032,
                    "html_attributions": [
                        "<a href=\"https://maps.google.com/maps/contrib/102537629346320502876\">Hiroaki Matsumoto</a>"
                    ],
                    "photo_reference": "Aap_uEC5tC2R7RLfzJvQC_agExmuMHLXIA2TjDB2PAHBvQjGhsWNORtoZz-6VZYl0XEbQAEy4bHSZqqHfM_aRu_hXb_Xf0005MniudbJtCrYrDmF_tK9oQ27hymfg0cIaiLeQeChCBWXIKzJzG38eDuK6tMED3MRZ4N3RNnBfX6lMq9rga4x",
                    "width": 3024
                }
            ],
            "place_id": "ChIJi80O5UJdGGARuBGiGI5a8n8",
            "plus_code": {
                "compound_code": "FJ8F+6R 日本、神奈川県横浜市",
                "global_code": "8Q7XFJ8F+6R"
            },
            "rating": 3,
            "reference": "ChIJi80O5UJdGGARuBGiGI5a8n8",
            "scope": "GOOGLE",
            "types": [
                "tourist_attraction",
                "point_of_interest",
                "establishment"
            ],
            "user_ratings_total": 2,
            "vicinity": "横浜市西区高島２丁目１８−１ 横浜新都市ビル"
        }
    ],
    "status": "OK"
}