{
    "html_attributions": [],
    "results": [
        {
            "business_status": "OPERATIONAL",
            "geometry": {
                "location": {
                    "lat": 35.4664687,
                    "lng": 139.6267626
                },
                "viewport": {
                    "northeast": {
                        "lat": 35.4676968802915,
                        "lng": 139.6284819802915
                    },
                    "southwest": {
                        "lat": 35.46499891970851,
                        "lng": 139.6257840197085
                    }
                }
            },
            "icon": "https://maps.gstatic.com/mapfiles/place_api/icons/v1/png_71/park-71.png",
            "icon_background_color": "#4DB546",
            "icon_mask_base_uri": "https://maps.gstatic.com/mapfiles/place_api/icons/v2/tree_pinlet",
            "name": "横浜ベイクォーター ベイガーデン",
            "opening_hours": {
                "open_now": true
            },
            "photos": [
                {
                    "height": 3000,
                    "html_attributions": [
                        "<a href=\"https://maps.google.com/maps/contrib/111131884510163185967\">Yumiko Takata</a>"
                    ],
                    "photo_reference": "Aap_uEBRu8DImXF493mgJC-u2KXr0pO8OELhTsp5UC1L4pdzQZsYojTLYv0Fwccl-Deu3Jy-YiJA7lEMVKBHlldqoBjBfv2gZ_a8ALQDdmcn1yOj8vCHLuoMGKyZ2XLCS7kKlJxSPSsM9eYojB8E5CLHtxcPCzJ_7O_sQeRj4KIiAaYyBlAC",
                    "width": 5333
                }
            ],
            "place_id": "ChIJORUcrPFdGGARRL7seKAvKuo",
            "plus_code": {
                "compound_code": "FJ8G+HP 日本、神奈川県横浜市",
                "global_code": "8Q7XFJ8G+HP"
            },
            "rating": 4.5,
            "reference": "ChIJORUcrPFdGGARRL7seKAvKuo",
            "scope": "GOOGLE",
            "types": [
                "park",
                "point_of_interest",
                "establishment"
            ],
            "user_ratings_total": 2,
            "vicinity": "横浜市神奈川区金港町１−１０ 横浜ベイクォータ 6F"
        },
        {
            "business_status": "OPERATIONAL",
            "geometry": {
                "location": {
                    "lat": 35.4665608,
                    "lng": 139.6286257
                },
                "viewport": {
                    "northeast": {
                        "lat": 35.46790978029149,
                        "lng": 139.6299746802915
                    },
                    "southwest": {
                        "lat": 35.46521181970849,
                        "lng": 139.6272767197085
                    }
                }
            },
            "icon": "https://maps.gstatic.com/mapfiles/place_api/icons/v1/png_71/park-71.png",
            "icon_background_color": "#4DB546",
            "icon_mask_base_uri": "https://maps.gstatic.com/mapfiles/place_api/icons/v2/tree_pinlet",
            "name": "デッキ",
            "place_id": "ChIJc0tHJZ5dGGARKLt3BHZGfOA",
            "plus_code": {
                "compound_code": "FJ8H+JF 日本、神奈川県横浜市",
                "global_code": "8Q7XFJ8H+JF"
            },
            "reference": "ChIJc0tHJZ5dGGARKLt3BHZGfOA",
            "scope": "GOOGLE",
            "types": [
                "park",
                "point_of_interest",
                "establishment"
            ],
            "vicinity": "横浜市神奈川区大野町１−４"
        }
    ],
    "status": "OK"
}