{
    "html_attributions": [],
    "results": [
        {
            "business_status": "OPERATIONAL",
            "geometry": {
                "location": {
                    "lat": 35.4698857,
                    "lng": 139.6231337
                },
                "viewport": {
                    "northeast": {
                        "lat": 35.47116453029151,
                        "lng": 139.6244936302915
                    },
                    "southwest": {
                        "lat": 35.46846656970851,
                        "lng": 139.6217956697085
                    }
                }
            },
            "icon": "https://maps.gstatic.com/mapfiles/place_api/icons/v1/png_71/park-71.png",
            "icon_background_color": "#4DB546",
            "icon_mask_base_uri": "https://maps.gstatic.com/mapfiles/place_api/icons/v2/tree_pinlet",
            "name": "鶴屋町公園",
            "opening_hours": {
                "open_now": true
            },
            "photos": [
                {
                    "height": 3024,
                    "html_attributions": [
                        "<a href=\"https://maps.google.com/maps/contrib/102168355847487000210\">yokko yokko</a>"
                    ],
                    "photo_reference": "Aap_uEDSuA8U58hfO1H1ZuKEuZ0C0Jejjb1zlx9mGfeREd3S48_i2qOjIMaxRfV0GFDt-0kblbnpRivtkdEPIRvcHNukW-lkzpc1oLWU1TsuSEigTRuSpul7EvQs1GaYzuN0OIxX3oMVsyn18peVwQ4oFVxQZo4vq6i0SBtfDs2WuOwnoiPs",
                    "width": 4032
                }
            ],
            "place_id": "ChIJoZ7wGxFcGGAR-5F33bcg3cI",
            "plus_code": {
                "compound_code": "FJ9F+X7 日本、神奈川県横浜市",
                "global_code": "8Q7XFJ9F+X7"
            },
            "rating": 3.2,
            "reference": "ChIJoZ7wGxFcGGAR-5F33bcg3cI",
            "scope": "GOOGLE",
            "types": [
                "park",
                "tourist_attraction",
                "point_of_interest",
                "establishment"
            ],
            "user_ratings_total": 42,
            "vicinity": "横浜市神奈川区鶴屋町２丁目９−１"
        },
        {
            "business_status": "OPERATIONAL",
            "geometry": {
                "location": {
                    "lat": 35.4709019,
                    "lng": 139.6228851
                },
                "viewport": {
                    "northeast": {
                        "lat": 35.4723354802915,
                        "lng": 139.6242161302915
                    },
                    "southwest": {
                        "lat": 35.4696375197085,
                        "lng": 139.6215181697085
                    }
                }
            },
            "icon": "https://maps.gstatic.com/mapfiles/place_api/icons/v1/png_71/park-71.png",
            "icon_background_color": "#4DB546",
            "icon_mask_base_uri": "https://maps.gstatic.com/mapfiles/place_api/icons/v2/tree_pinlet",
            "name": "かえもん公園",
            "opening_hours": {
                "open_now": true
            },
            "photos": [
                {
                    "height": 3024,
                    "html_attributions": [
                        "<a href=\"https://maps.google.com/maps/contrib/112404614539742046055\">Jake</a>"
                    ],
                    "photo_reference": "Aap_uECMWfnagKUtTZ9zi_gKgVbXyBR0W1m2Kx-jpCM8x2rEtp2iACV1XeZbwCJe5pnhAWUukycesMkAlkVlko-cnZUYOWKe5byf_ColTQNbFaYFkl7T55Ha6BSi5aETjd9oemPXMgn8VMsKZSwbnJ_6O90VHXD2Ugp6C_hmSbgZTZbqEQbI",
                    "width": 4032
                }
            ],
            "place_id": "ChIJHSkB8hBcGGARkSX64cVOmkE",
            "plus_code": {
                "compound_code": "FJCF+95 日本、神奈川県横浜市",
                "global_code": "8Q7XFJCF+95"
            },
            "rating": 3.5,
            "reference": "ChIJHSkB8hBcGGARkSX64cVOmkE",
            "scope": "GOOGLE",
            "types": [
                "park",
                "tourist_attraction",
                "point_of_interest",
                "establishment"
            ],
            "user_ratings_total": 8,
            "vicinity": "横浜市神奈川区高島台２０−７"
        },
        {
            "business_status": "OPERATIONAL",
            "geometry": {
                "location": {
                    "lat": 35.4710884,
                    "lng": 139.621373
                },
                "viewport": {
                    "northeast": {
                        "lat": 35.4723151302915,
                        "lng": 139.6225463802915
                    },
                    "southwest": {
                        "lat": 35.4696171697085,
                        "lng": 139.6198484197085
                    }
                }
            },
            "icon": "https://maps.gstatic.com/mapfiles/place_api/icons/v1/png_71/park-71.png",
            "icon_background_color": "#4DB546",
            "icon_mask_base_uri": "https://maps.gstatic.com/mapfiles/place_api/icons/v2/tree_pinlet",
            "name": "上台町公園",
            "opening_hours": {
                "open_now": true
            },
            "photos": [
                {
                    "height": 3024,
                    "html_attributions": [
                        "<a href=\"https://maps.google.com/maps/contrib/109200014318009462924\">Koichi YOSHII</a>"
                    ],
                    "photo_reference": "Aap_uEByqaSXzILCWwZF4dTkGy0xOkwjgwR05s9b-Rsg_3CAKT4noHPU_uQUnmD3wNwylui7y-xW54rnw61bZmztjj_E30Bq2v2xTg5D_AoUPetawBLAVWk96Jo6M_gI2jwdJjmPBX0iQQOTCXt5oY2ntfzig8g67ThUi18G_UXx9RVKd1ym",
                    "width": 4032
                }
            ],
            "place_id": "ChIJYR7ecRBcGGARY5wEgUcjFqM",
            "plus_code": {
                "compound_code": "FJCC+CG 日本、神奈川県横浜市",
                "global_code": "8Q7XFJCC+CG"
            },
            "rating": 3.6,
            "reference": "ChIJYR7ecRBcGGARY5wEgUcjFqM",
            "scope": "GOOGLE",
            "types": [
                "park",
                "point_of_interest",
                "establishment"
            ],
            "user_ratings_total": 20,
            "vicinity": "横浜市神奈川区高島台"
        }
    ],
    "status": "OK"
}