{
    "html_attributions": [],
    "results": [
        {
            "business_status": "OPERATIONAL",
            "geometry": {
                "location": {
                    "lat": 35.4543878,
                    "lng": 139.637821
                },
                "viewport": {
                    "northeast": {
                        "lat": 35.4553279302915,
                        "lng": 139.6396190802915
                    },
                    "southwest": {
                        "lat": 35.4526299697085,
                        "lng": 139.6369211197085
                    }
                }
            },
            "icon": "https://maps.gstatic.com/mapfiles/place_api/icons/v1/png_71/generic_business-71.png",
            "icon_background_color": "#13B5C7",
            "icon_mask_base_uri": "https://maps.gstatic.com/mapfiles/place_api/icons/v2/generic_pinlet",
            "name": "UWS アクアリウム アンダーウォータースペース",
            "opening_hours": {
                "open_now": true
            },
            "photos": [
                {
                    "height": 3024,
                    "html_attributions": [
                        "<a href=\"https://maps.google.com/maps/contrib/101869805106926885277\">Eunjoo Yang</a>"
                    ],
                    "photo_reference": "Aap_uEAUI9074WoYIr38MsvSV6mP6vTyqr2Btb3HkXSkhK106FMuJAuQXqPZoDvxPB9gL_txvpARWirCvEm6n3uS0nlVz8rRlUua-VpGTPlQeT38GgpxXQbWlTUobvMTHk7TAZrpFhvphDX4Mkm_qZzHXiPnxpI9EN0ByelalRIW0cTEMXai",
                    "width": 4032
                }
            ],
            "place_id": "ChIJbyOOHnJdGGARZZ9nIbmnN0c",
            "plus_code": {
                "compound_code": "FJ3Q+Q4 日本、神奈川県横浜市",
                "global_code": "8Q7XFJ3Q+Q4"
            },
            "rating": 3.2,
            "reference": "ChIJbyOOHnJdGGARZZ9nIbmnN0c",
            "scope": "GOOGLE",
            "types": [
                "aquarium",
                "point_of_interest",
                "establishment"
            ],
            "user_ratings_total": 42,
            "vicinity": "横浜市中区新港２丁目２−１"
        }
    ],
    "status": "OK"
}