{
    "html_attributions": [],
    "results": [
        {
            "business_status": "OPERATIONAL",
            "geometry": {
                "location": {
                    "lat": 35.467608,
                    "lng": 139.6233773
                },
                "viewport": {
                    "northeast": {
                        "lat": 35.4688377802915,
                        "lng": 139.6245078802915
                    },
                    "southwest": {
                        "lat": 35.4661398197085,
                        "lng": 139.6218099197085
                    }
                }
            },
            "icon": "https://maps.gstatic.com/mapfiles/place_api/icons/v1/png_71/generic_business-71.png",
            "icon_background_color": "#13B5C7",
            "icon_mask_base_uri": "https://maps.gstatic.com/mapfiles/place_api/icons/v2/generic_pinlet",
            "name": "はまレールウォーク",
            "photos": [
                {
                    "height": 2322,
                    "html_attributions": [
                        "<a href=\"https://maps.google.com/maps/contrib/100689039355298728862\">Ortelius Abraham</a>"
                    ],
                    "photo_reference": "Aap_uECUbnJ4YpUINMpIxlHEbOY3w7St_ZBgwz0C_k1TwET8IvUJZNdkTMLbmh4B8UfNN6_kH-aEXx_ONEJNjVN6v_KkdHBZOwoPJZIrbNBiY0pUWlv03Ppy5tianwNapCMWSjvjG4w7Tp-LFsn459_8_eQPRF_XEE_LthXVATRX-FNyx7pw",
                    "width": 4128
                }
            ],
            "place_id": "ChIJCdd9w1ZdGGARckuE_Y2WCLw",
            "plus_code": {
                "compound_code": "FJ9F+29 日本、神奈川県横浜市",
                "global_code": "8Q7XFJ9F+29"
            },
            "rating": 3.8,
            "reference": "ChIJCdd9w1ZdGGARckuE_Y2WCLw",
            "scope": "GOOGLE",
            "types": [
                "tourist_attraction",
                "point_of_interest",
                "establishment"
            ],
            "user_ratings_total": 4,
            "vicinity": "横浜市神奈川区鶴屋町２丁目１４−１ 岩崎学園横浜西口３号館"
        }
    ],
    "status": "OK"
}