{
    "html_attributions": [],
    "results": [
        {
            "business_status": "OPERATIONAL",
            "geometry": {
                "location": {
                    "lat": 35.46561189999999,
                    "lng": 139.6200105
                },
                "viewport": {
                    "northeast": {
                        "lat": 35.4669943302915,
                        "lng": 139.6212726302915
                    },
                    "southwest": {
                        "lat": 35.4642963697085,
                        "lng": 139.6185746697085
                    }
                }
            },
            "icon": "https://maps.gstatic.com/mapfiles/place_api/icons/v1/png_71/park-71.png",
            "icon_background_color": "#4DB546",
            "icon_mask_base_uri": "https://maps.gstatic.com/mapfiles/place_api/icons/v2/tree_pinlet",
            "name": "ハママナステーション",
            "opening_hours": {
                "open_now": true
            },
            "photos": [
                {
                    "height": 2304,
                    "html_attributions": [
                        "<a href=\"https://maps.google.com/maps/contrib/104478881091047090411\">toujirou enomoto</a>"
                    ],
                    "photo_reference": "Aap_uECzxl_be-xGsEPL_rxs-AKOPu9d8RYT5POrSSyWJUrswcKSFbZR-33SgH_9-fK3gB0MhCoXZ74Hlhb9ESYL5x7vCRKS0bOaUNW_JAjeEQHUe5OzxlJ1jXaeWKmutJUkawKHvHDwN_AtBVxGeDyMJeIQ-oRQy1eHHXIHN72gt8HhFRSX",
                    "width": 3456
                }
            ],
            "place_id": "ChIJdVbbYw1cGGARr7Pwmb3bN-0",
            "plus_code": {
                "compound_code": "FJ8C+62 日本、神奈川県横浜市西区",
                "global_code": "8Q7XFJ8C+62"
            },
            "rating": 3,
            "reference": "ChIJdVbbYw1cGGARr7Pwmb3bN-0",
            "scope": "GOOGLE",
            "types": [
                "park",
                "point_of_interest",
                "establishment"
            ],
            "user_ratings_total": 3,
            "vicinity": "横浜市西区西区南幸１丁目５"
        },
        {
            "business_status": "OPERATIONAL",
            "geometry": {
                "location": {
                    "lat": 35.467817,
                    "lng": 139.6175294
                },
                "viewport": {
                    "northeast": {
                        "lat": 35.4691659802915,
                        "lng": 139.6188783802915
                    },
                    "southwest": {
                        "lat": 35.4664680197085,
                        "lng": 139.6161804197085
                    }
                }
            },
            "icon": "https://maps.gstatic.com/mapfiles/place_api/icons/v1/png_71/park-71.png",
            "icon_background_color": "#4DB546",
            "icon_mask_base_uri": "https://maps.gstatic.com/mapfiles/place_api/icons/v2/tree_pinlet",
            "name": "北幸広場公園",
            "opening_hours": {
                "open_now": true
            },
            "photos": [
                {
                    "height": 3024,
                    "html_attributions": [
                        "<a href=\"https://maps.google.com/maps/contrib/106065072058687220000\">Mei</a>"
                    ],
                    "photo_reference": "Aap_uEDjoGifvuYITWhHZpRt3088wTU4jHlMIQu-MLEdOi6P953ic4LEuozdY9E0IcJhOC_PlODQal684OiZv-HbrUxl5JtvpTHz4RR_OgeMZFJv4SMsNEmiFAuWGdOu7ts4rTd1vcvvCFa_IH5-QzZhoWL-bX2Y_kcWCX1PZsnN2chlXvP6",
                    "width": 4032
                }
            ],
            "place_id": "ChIJkdByUw5cGGARHe-LwzTzVeY",
            "plus_code": {
                "compound_code": "FJ99+42 日本、神奈川県横浜市",
                "global_code": "8Q7XFJ99+42"
            },
            "rating": 3.3,
            "reference": "ChIJkdByUw5cGGARHe-LwzTzVeY",
            "scope": "GOOGLE",
            "types": [
                "park",
                "tourist_attraction",
                "point_of_interest",
                "establishment"
            ],
            "user_ratings_total": 20,
            "vicinity": "横浜市西区北幸１丁目１１−３６"
        },
        {
            "business_status": "OPERATIONAL",
            "geometry": {
                "location": {
                    "lat": 35.4644314,
                    "lng": 139.6180119
                },
                "viewport": {
                    "northeast": {
                        "lat": 35.46576753029149,
                        "lng": 139.6193242302915
                    },
                    "southwest": {
                        "lat": 35.4630695697085,
                        "lng": 139.6166262697085
                    }
                }
            },
            "icon": "https://maps.gstatic.com/mapfiles/place_api/icons/v1/png_71/park-71.png",
            "icon_background_color": "#4DB546",
            "icon_mask_base_uri": "https://maps.gstatic.com/mapfiles/place_api/icons/v2/tree_pinlet",
            "name": "niigo 広場",
            "opening_hours": {
                "open_now": true
            },
            "photos": [
                {
                    "height": 3888,
                    "html_attributions": [
                        "<a href=\"https://maps.google.com/maps/contrib/111798210946971095872\">テッド888</a>"
                    ],
                    "photo_reference": "Aap_uECiTlmTTwPP7rGOhhgDyu-IJp_njeLcmCukZR0HB9cybV2fRQtyZfq6vem1wI7-tryy1MgY5ZI6a1dPnoJt0YaXfbDnurNI8KzSwV6AFB6_b4NFXnM-ueVsEa1O1xrcbwEjeH1-Q-G5g20GThM9FbGXtzPZfJdigSq5V03YewEkcX_r",
                    "width": 5184
                }
            ],
            "place_id": "ChIJf_N0gLhdGGARA82ld4SO6Xo",
            "plus_code": {
                "compound_code": "FJ79+Q6 日本、神奈川県横浜市",
                "global_code": "8Q7XFJ79+Q6"
            },
            "rating": 3.6,
            "reference": "ChIJf_N0gLhdGGARA82ld4SO6Xo",
            "scope": "GOOGLE",
            "types": [
                "park",
                "point_of_interest",
                "establishment"
            ],
            "user_ratings_total": 5,
            "vicinity": "横浜市西区南幸２丁目１５"
        }
    ],
    "status": "OK"
}