{
    "html_attributions": [],
    "results": [
        {
            "business_status": "OPERATIONAL",
            "geometry": {
                "location": {
                    "lat": 35.4659716,
                    "lng": 139.620665
                },
                "viewport": {
                    "northeast": {
                        "lat": 35.4673205802915,
                        "lng": 139.6220139802915
                    },
                    "southwest": {
                        "lat": 35.4646226197085,
                        "lng": 139.6193160197085
                    }
                }
            },
            "icon": "https://maps.gstatic.com/mapfiles/place_api/icons/v1/png_71/generic_business-71.png",
            "icon_background_color": "#7B9EB0",
            "icon_mask_base_uri": "https://maps.gstatic.com/mapfiles/place_api/icons/v2/generic_pinlet",
            "name": "YellowKorner",
            "opening_hours": {
                "open_now": true
            },
            "place_id": "ChIJa4zfr5hdGGARkV3AZ5FmCK0",
            "plus_code": {
                "compound_code": "FJ8C+97 日本、神奈川県横浜市西区",
                "global_code": "8Q7XFJ8C+97"
            },
            "reference": "ChIJa4zfr5hdGGARkV3AZ5FmCK0",
            "scope": "GOOGLE",
            "types": [
                "art_gallery",
                "point_of_interest",
                "establishment"
            ],
            "vicinity": "１丁目-６−１−１ 南幸, Yokohama-shi西区"
        }
    ],
    "status": "OK"
}