{
    "html_attributions": [],
    "results": [
        {
            "business_status": "OPERATIONAL",
            "geometry": {
                "location": {
                    "lat": 35.47049330000001,
                    "lng": 139.6175887
                },
                "viewport": {
                    "northeast": {
                        "lat": 35.4717371802915,
                        "lng": 139.61951245
                    },
                    "southwest": {
                        "lat": 35.4690392197085,
                        "lng": 139.6163026500001
                    }
                }
            },
            "icon": "https://maps.gstatic.com/mapfiles/place_api/icons/v1/png_71/park-71.png",
            "icon_background_color": "#4DB546",
            "icon_mask_base_uri": "https://maps.gstatic.com/mapfiles/place_api/icons/v2/tree_pinlet",
            "name": "沢渡中央公園",
            "opening_hours": {
                "open_now": true
            },
            "photos": [
                {
                    "height": 1232,
                    "html_attributions": [
                        "<a href=\"https://maps.google.com/maps/contrib/118437013555149388897\">T S-WORKS</a>"
                    ],
                    "photo_reference": "Aap_uEB5eV5NHSOvia5pB6LGI1AmkhucFxViBEEUchDQiZVt6suJoGykFNYgkVpV12Y5wyeHvYfDaGLE5b-irqtlaeIEaKi5gBDvx5dyFxJCKn2e_tPapJfbToFWeS9_VZ0VRDq4HUcv_C0-Y--0pkTDC9RXaBIaAjNOKKxYwUZtaSukZntH",
                    "width": 2048
                }
            ],
            "place_id": "ChIJV86IewVcGGARUfk97Ih549k",
            "plus_code": {
                "compound_code": "FJC9+52 日本、神奈川県横浜市",
                "global_code": "8Q7XFJC9+52"
            },
            "rating": 3.6,
            "reference": "ChIJV86IewVcGGARUfk97Ih549k",
            "scope": "GOOGLE",
            "types": [
                "park",
                "tourist_attraction",
                "point_of_interest",
                "establishment"
            ],
            "user_ratings_total": 363,
            "vicinity": "横浜市神奈川区沢渡４−１"
        },
        {
            "business_status": "OPERATIONAL",
            "geometry": {
                "location": {
                    "lat": 35.4706258,
                    "lng": 139.6190586
                },
                "viewport": {
                    "northeast": {
                        "lat": 35.4719812302915,
                        "lng": 139.6202794302915
                    },
                    "southwest": {
                        "lat": 35.46928326970851,
                        "lng": 139.6175814697085
                    }
                }
            },
            "icon": "https://maps.gstatic.com/mapfiles/place_api/icons/v1/png_71/park-71.png",
            "icon_background_color": "#4DB546",
            "icon_mask_base_uri": "https://maps.gstatic.com/mapfiles/place_api/icons/v2/tree_pinlet",
            "name": "沢渡公園",
            "opening_hours": {
                "open_now": true
            },
            "photos": [
                {
                    "height": 2592,
                    "html_attributions": [
                        "<a href=\"https://maps.google.com/maps/contrib/116883088120674928643\">tatu</a>"
                    ],
                    "photo_reference": "Aap_uEA76PcR3OXd2_JK_DWUFM4sTQ0w7nXJAwRbIqm-Fo-LhKwAkCr-T0M5NhO2nXWSbTpVO2Vg936KM5FLTRqHzFmQYsGskBigjAG8UlQcmEYK6M7SWfhb8e26upaPxD73CzEVsHmB_9UOm6EaEDtRgQu8iiEi9oWLiOMjRcA5u5AAzpQa",
                    "width": 4608
                }
            ],
            "place_id": "ChIJpXV65TddGGAR9kHG1vKTiuM",
            "plus_code": {
                "compound_code": "FJC9+7J 日本、神奈川県横浜市",
                "global_code": "8Q7XFJC9+7J"
            },
            "rating": 3.3,
            "reference": "ChIJpXV65TddGGAR9kHG1vKTiuM",
            "scope": "GOOGLE",
            "types": [
                "park",
                "tourist_attraction",
                "point_of_interest",
                "establishment"
            ],
            "user_ratings_total": 10,
            "vicinity": "横浜市神奈川区沢渡１−３"
        },
        {
            "business_status": "OPERATIONAL",
            "geometry": {
                "location": {
                    "lat": 35.469748,
                    "lng": 139.6166089
                },
                "viewport": {
                    "northeast": {
                        "lat": 35.4711363802915,
                        "lng": 139.6179484802915
                    },
                    "southwest": {
                        "lat": 35.46843841970851,
                        "lng": 139.6152505197085
                    }
                }
            },
            "icon": "https://maps.gstatic.com/mapfiles/place_api/icons/v1/png_71/park-71.png",
            "icon_background_color": "#4DB546",
            "icon_mask_base_uri": "https://maps.gstatic.com/mapfiles/place_api/icons/v2/tree_pinlet",
            "name": "沢渡第二公園",
            "opening_hours": {
                "open_now": true
            },
            "photos": [
                {
                    "height": 2988,
                    "html_attributions": [
                        "<a href=\"https://maps.google.com/maps/contrib/113731649426877644360\">匿名希望</a>"
                    ],
                    "photo_reference": "Aap_uEBt2sOXrWTqBK6nDP9OBHrwuIj-16VJ00kwXSyLk9gm4zNrHMck_P6vHdleL2wAZ5nJ7DUZaGi8LBxPbZI8sf98MpQlvQx8u-0Rn3RPEP4AvNYgTjisAiz-SNAzMwNrSKYjq-jaGdjbYIm_9or0uqYdWPlD54qXGZ_rfX85UMAFrrVl",
                    "width": 5312
                }
            ],
            "place_id": "ChIJR5BpfQ9cGGARadvCrndb4fE",
            "plus_code": {
                "compound_code": "FJ98+VJ 日本、神奈川県横浜市",
                "global_code": "8Q7XFJ98+VJ"
            },
            "rating": 2.6,
            "reference": "ChIJR5BpfQ9cGGARadvCrndb4fE",
            "scope": "GOOGLE",
            "types": [
                "park",
                "point_of_interest",
                "establishment"
            ],
            "user_ratings_total": 8,
            "vicinity": "横浜市西区南軽井沢５−１"
        }
    ],
    "status": "OK"
}