{
    "html_attributions": [],
    "results": [
        {
            "business_status": "OPERATIONAL",
            "geometry": {
                "location": {
                    "lat": 35.463791,
                    "lng": 139.6189919
                },
                "viewport": {
                    "northeast": {
                        "lat": 35.4651860802915,
                        "lng": 139.6202201802915
                    },
                    "southwest": {
                        "lat": 35.4624881197085,
                        "lng": 139.6175222197085
                    }
                }
            },
            "icon": "https://maps.gstatic.com/mapfiles/place_api/icons/v1/png_71/movies-71.png",
            "icon_background_color": "#13B5C7",
            "icon_mask_base_uri": "https://maps.gstatic.com/mapfiles/place_api/icons/v2/movie_pinlet",
            "name": "ムービル",
            "photos": [
                {
                    "height": 3648,
                    "html_attributions": [
                        "<a href=\"https://maps.google.com/maps/contrib/102504861519834189059\">M Inu</a>"
                    ],
                    "photo_reference": "Aap_uECcIfNo7JIYuoVI58wmAW5S2Bt-D4JiWHSJIkp5_UHGK57B5k58_c4qak-abYGCKlplSOFm6DP9C-bhz0QpQi8d2QJJ2OpAbct-EeMddo4fSihXqkt0KAzjnOrcw2neOueKqEQSlDfjFr6zE17mStYTVTyfkwC9rDh8yz1aBb5NuvAy",
                    "width": 5472
                }
            ],
            "place_id": "ChIJLUewdw1cGGARour1RD32rL8",
            "plus_code": {
                "compound_code": "FJ79+GH 日本、神奈川県横浜市",
                "global_code": "8Q7XFJ79+GH"
            },
            "rating": 3.5,
            "reference": "ChIJLUewdw1cGGARour1RD32rL8",
            "scope": "GOOGLE",
            "types": [
                "movie_theater",
                "point_of_interest",
                "establishment"
            ],
            "user_ratings_total": 1646,
            "vicinity": "横浜市西区南幸２丁目１−２２"
        }
    ],
    "status": "OK"
}