{
    "html_attributions": [],
    "results": [
        {
            "business_status": "OPERATIONAL",
            "geometry": {
                "location": {
                    "lat": 35.45643829999999,
                    "lng": 139.6305452
                },
                "viewport": {
                    "northeast": {
                        "lat": 35.4577810802915,
                        "lng": 139.6318834802915
                    },
                    "southwest": {
                        "lat": 35.4550831197085,
                        "lng": 139.6291855197085
                    }
                }
            },
            "icon": "https://maps.gstatic.com/mapfiles/place_api/icons/v1/png_71/generic_business-71.png",
            "icon_background_color": "#4DB546",
            "icon_mask_base_uri": "https://maps.gstatic.com/mapfiles/place_api/icons/v2/generic_pinlet",
            "name": "神奈川県 横浜市 屋内アニマルテーマパーク",
            "place_id": "ChIJfbOOEFldGGARmwkd2WLrOy4",
            "plus_code": {
                "compound_code": "FJ4J+H6 日本、神奈川県横浜市",
                "global_code": "8Q7XFJ4J+H6"
            },
            "reference": "ChIJfbOOEFldGGARmwkd2WLrOy4",
            "scope": "GOOGLE",
            "types": [
                "zoo",
                "point_of_interest",
                "establishment"
            ],
            "vicinity": "横浜市西区みなとみらい3−５１ MAARKISみなとみらい 5F"
        },
        {
            "business_status": "OPERATIONAL",
            "geometry": {
                "location": {
                    "lat": 35.4573658,
                    "lng": 139.632139
                },
                "viewport": {
                    "northeast": {
                        "lat": 35.45871478029149,
                        "lng": 139.6334879802915
                    },
                    "southwest": {
                        "lat": 35.4560168197085,
                        "lng": 139.6307900197085
                    }
                }
            },
            "icon": "https://maps.gstatic.com/mapfiles/place_api/icons/v1/png_71/generic_business-71.png",
            "icon_background_color": "#4DB546",
            "icon_mask_base_uri": "https://maps.gstatic.com/mapfiles/place_api/icons/v2/generic_pinlet",
            "name": "屋内アニマルテーマパーク Moff animal world MARK IS みなとみらい店",
            "opening_hours": {
                "open_now": false
            },
            "photos": [
                {
                    "height": 3024,
                    "html_attributions": [
                        "<a href=\"https://maps.google.com/maps/contrib/113419692591057773486\">1201 yokohama</a>"
                    ],
                    "photo_reference": "Aap_uEC2NDBzoiXaGw7T3jcujsI8Nq6vm9yFgZSlRzoCHyQvhjgG4yPLAMUQXndHXQCyTrKuGDE_uICBCzWoQMKnyFJXI9ABIRMjk0-qYzJjXcOzHz3W9BuevUFW4Uk7kdjmWqHdZdd-jMlLifEUZy-d7VLcYmVNOaQ6ZBoxumtB1IhONung",
                    "width": 4032
                }
            ],
            "place_id": "ChIJ28f4SGddGGARDRN5PpYSYA8",
            "plus_code": {
                "compound_code": "FJ4J+WV 日本、神奈川県横浜市",
                "global_code": "8Q7XFJ4J+WV"
            },
            "rating": 3.5,
            "reference": "ChIJ28f4SGddGGARDRN5PpYSYA8",
            "scope": "GOOGLE",
            "types": [
                "zoo",
                "point_of_interest",
                "establishment"
            ],
            "user_ratings_total": 160,
            "vicinity": "横浜市西区みなとみらい3−５ 1MARK IS みなとみらい5階"
        },
        {
            "business_status": "OPERATIONAL",
            "geometry": {
                "location": {
                    "lat": 35.4482676,
                    "lng": 139.6224144
                },
                "viewport": {
                    "northeast": {
                        "lat": 35.4496165802915,
                        "lng": 139.6237633802915
                    },
                    "southwest": {
                        "lat": 35.44691861970851,
                        "lng": 139.6210654197085
                    }
                }
            },
            "icon": "https://maps.gstatic.com/mapfiles/place_api/icons/v1/png_71/generic_business-71.png",
            "icon_background_color": "#4DB546",
            "icon_mask_base_uri": "https://maps.gstatic.com/mapfiles/place_api/icons/v2/generic_pinlet",
            "name": "アビシニアコロブス舎",
            "photos": [
                {
                    "height": 2160,
                    "html_attributions": [
                        "<a href=\"https://maps.google.com/maps/contrib/106270759913153364120\">apasan88</a>"
                    ],
                    "photo_reference": "Aap_uEA6sg8203ObsZZZKgQ6MVugz5mAkIpAagn2TolOmgXUn6VeDYECEoSUSSrvVEgpmflU8aiXcGJGTq-Wp2KOL32MooI1qaoW31ueDGqpn4hwd4SGAUQW9p3tCSzxSKX2rE7pvmSViVqFT9J7_3-dqmqUqKgOrUT919jxj1HtSzhc4c_Y",
                    "width": 3840
                }
            ],
            "place_id": "ChIJgSgo4rxdGGARXI2ysDw4BV0",
            "plus_code": {
                "compound_code": "CJXC+8X 日本、神奈川県横浜市",
                "global_code": "8Q7XCJXC+8X"
            },
            "reference": "ChIJgSgo4rxdGGARXI2ysDw4BV0",
            "scope": "GOOGLE",
            "types": [
                "zoo",
                "point_of_interest",
                "establishment"
            ],
            "vicinity": "横浜市西区西戸部町１丁目２７−２"
        },
        {
            "business_status": "OPERATIONAL",
            "geometry": {
                "location": {
                    "lat": 35.4482607,
                    "lng": 139.6221737
                },
                "viewport": {
                    "northeast": {
                        "lat": 35.44960968029149,
                        "lng": 139.6235226802915
                    },
                    "southwest": {
                        "lat": 35.4469117197085,
                        "lng": 139.6208247197085
                    }
                }
            },
            "icon": "https://maps.gstatic.com/mapfiles/place_api/icons/v1/png_71/generic_business-71.png",
            "icon_background_color": "#4DB546",
            "icon_mask_base_uri": "https://maps.gstatic.com/mapfiles/place_api/icons/v2/generic_pinlet",
            "name": "ミナミコアリクイ舎",
            "photos": [
                {
                    "height": 2160,
                    "html_attributions": [
                        "<a href=\"https://maps.google.com/maps/contrib/106270759913153364120\">apasan88</a>"
                    ],
                    "photo_reference": "Aap_uEAbtqe4hKxFdetfXOnJS6wZVDQHm_-IVPisPcZ3HnECUlXm_NtiFEdcDcOfeGenh6zSGNa3gHnFUnWvbktwJz0EnyDVKI1gBkG9upPdqo1EqSlyxs5dkM1w9saK_VaWFhk6yJHWZZKqQ6HnSxepnriphwky2Q2jlUq0Q4cCtC04OEZn",
                    "width": 3840
                }
            ],
            "place_id": "ChIJ9QOox55dGGAREGdOPPX4aFQ",
            "plus_code": {
                "compound_code": "CJXC+8V 日本、神奈川県横浜市",
                "global_code": "8Q7XCJXC+8V"
            },
            "reference": "ChIJ9QOox55dGGAREGdOPPX4aFQ",
            "scope": "GOOGLE",
            "types": [
                "zoo",
                "point_of_interest",
                "establishment"
            ],
            "vicinity": "横浜市西区西戸部町１丁目２７−２"
        }
    ],
    "status": "OK"
}