{
    "html_attributions": [],
    "results": [
        {
            "business_status": "OPERATIONAL",
            "geometry": {
                "location": {
                    "lat": 35.8585859,
                    "lng": 139.9650377
                },
                "viewport": {
                    "northeast": {
                        "lat": 35.8599214802915,
                        "lng": 139.9664282802915
                    },
                    "southwest": {
                        "lat": 35.8572235197085,
                        "lng": 139.9637303197085
                    }
                }
            },
            "icon": "https://maps.gstatic.com/mapfiles/place_api/icons/v1/png_71/park-71.png",
            "icon_background_color": "#4DB546",
            "icon_mask_base_uri": "https://maps.gstatic.com/mapfiles/place_api/icons/v2/tree_pinlet",
            "name": "旭町第四公園",
            "opening_hours": {
                "open_now": true
            },
            "photos": [
                {
                    "height": 3264,
                    "html_attributions": [
                        "<a href=\"https://maps.google.com/maps/contrib/110514967687848578617\">おかゆ</a>"
                    ],
                    "photo_reference": "Aap_uEBSTPEs9iRqaxHGjT3sCHOxA2cCA6fOQpmwBqxMm5rDanll_LB2ljAzFTzumWpdU0KLvDJTNKjmDsnlCT91VWKaFn7KvenHzdoK1MBHLQgwEeOkucMEQy8LMViHZUyNCnPo2vmy7P3jzlKsoicWldLiB-_m9G5Za_7xieRvWm4AHHTD",
                    "width": 2448
                }
            ],
            "place_id": "ChIJ11v0SuicGGARaxg-hBA-WdM",
            "plus_code": {
                "compound_code": "VX58+C2 日本、千葉県柏市",
                "global_code": "8Q7XVX58+C2"
            },
            "rating": 3.1,
            "reference": "ChIJ11v0SuicGGARaxg-hBA-WdM",
            "scope": "GOOGLE",
            "types": [
                "park",
                "point_of_interest",
                "establishment"
            ],
            "user_ratings_total": 7,
            "vicinity": "柏市旭町５丁目１"
        },
        {
            "business_status": "OPERATIONAL",
            "geometry": {
                "location": {
                    "lat": 35.85740310000001,
                    "lng": 139.9654439
                },
                "viewport": {
                    "northeast": {
                        "lat": 35.8587028302915,
                        "lng": 139.9668354302915
                    },
                    "southwest": {
                        "lat": 35.8560048697085,
                        "lng": 139.9641374697085
                    }
                }
            },
            "icon": "https://maps.gstatic.com/mapfiles/place_api/icons/v1/png_71/park-71.png",
            "icon_background_color": "#4DB546",
            "icon_mask_base_uri": "https://maps.gstatic.com/mapfiles/place_api/icons/v2/tree_pinlet",
            "name": "旭町第三公園",
            "opening_hours": {
                "open_now": true
            },
            "photos": [
                {
                    "height": 4113,
                    "html_attributions": [
                        "<a href=\"https://maps.google.com/maps/contrib/117518594255146777755\">Tsutomu Takano</a>"
                    ],
                    "photo_reference": "Aap_uECWyZfkfBBKAU969AaEjbmzC6xBoQwLxhki7Ijr38kWYTIrdGSlBe_TbIOo-2J2XU3WJbIVVfY8yG9IAykglYtLVf9mbUbYE6lFto4eemhTwggb5I5rh9iKHeQ0u2TcVcapMGbdqsL7QMZ84m1CYY8O5Tm0Z5zWfRv8UFvey4lH7zol",
                    "width": 5484
                }
            ],
            "place_id": "ChIJSa_ngsKcGGAReEoGZQrxCLQ",
            "plus_code": {
                "compound_code": "VX48+X5 日本、千葉県柏市",
                "global_code": "8Q7XVX48+X5"
            },
            "rating": 3.2,
            "reference": "ChIJSa_ngsKcGGAReEoGZQrxCLQ",
            "scope": "GOOGLE",
            "types": [
                "park",
                "point_of_interest",
                "establishment"
            ],
            "user_ratings_total": 9,
            "vicinity": "柏市旭町２丁目８"
        }
    ],
    "status": "OK"
}