{
    "html_attributions": [],
    "results": [
        {
            "business_status": "OPERATIONAL",
            "geometry": {
                "location": {
                    "lat": 35.86245719999999,
                    "lng": 139.9687674
                },
                "viewport": {
                    "northeast": {
                        "lat": 35.86380618029149,
                        "lng": 139.9701163802915
                    },
                    "southwest": {
                        "lat": 35.86110821970849,
                        "lng": 139.9674184197085
                    }
                }
            },
            "icon": "https://maps.gstatic.com/mapfiles/place_api/icons/v1/png_71/cafe-71.png",
            "icon_background_color": "#FF9E67",
            "icon_mask_base_uri": "https://maps.gstatic.com/mapfiles/place_api/icons/v2/cafe_pinlet",
            "name": "コンパル西口店",
            "opening_hours": {
                "open_now": false
            },
            "photos": [
                {
                    "height": 2268,
                    "html_attributions": [
                        "<a href=\"https://maps.google.com/maps/contrib/113726133060266411394\">totoruru777</a>"
                    ],
                    "photo_reference": "Aap_uEDRVHsPfyhmnLn00DtxdxDPSqBts_sGWTUprIq3vWRtu00TyhXYyN5CDz1CugAUOFFFQMIKMjtugmsrC8R3vykjg5eraL9E8Rb3IT1jDCjxd-ArN7KYQTqo5EloK9c2vB31lZIE9X7YZCwi5MLRIelJSjUI-XgZhk9i7Ted4ZDdN3X3",
                    "width": 4032
                }
            ],
            "place_id": "ChIJb2nYauacGGARHNkmTx6lk_g",
            "plus_code": {
                "compound_code": "VX69+XG 日本、千葉県柏市",
                "global_code": "8Q7XVX69+XG"
            },
            "price_level": 2,
            "rating": 4,
            "reference": "ChIJb2nYauacGGARHNkmTx6lk_g",
            "scope": "GOOGLE",
            "types": [
                "cafe",
                "food",
                "point_of_interest",
                "establishment"
            ],
            "user_ratings_total": 73,
            "vicinity": "柏市旭町１丁目４−１９"
        },
        {
            "business_status": "OPERATIONAL",
            "geometry": {
                "location": {
                    "lat": 35.8629438,
                    "lng": 139.9692682
                },
                "viewport": {
                    "northeast": {
                        "lat": 35.8642927802915,
                        "lng": 139.9706171802915
                    },
                    "southwest": {
                        "lat": 35.8615948197085,
                        "lng": 139.9679192197085
                    }
                }
            },
            "icon": "https://maps.gstatic.com/mapfiles/place_api/icons/v1/png_71/cafe-71.png",
            "icon_background_color": "#FF9E67",
            "icon_mask_base_uri": "https://maps.gstatic.com/mapfiles/place_api/icons/v2/cafe_pinlet",
            "name": "喫茶店 サフラン",
            "opening_hours": {
                "open_now": false
            },
            "photos": [
                {
                    "height": 3024,
                    "html_attributions": [
                        "<a href=\"https://maps.google.com/maps/contrib/102771510635275093524\">Z Y</a>"
                    ],
                    "photo_reference": "Aap_uEDsD9cPcU8IsGJHjWwRWWK8YyxXe89eigcgfASQuytFHQF_Weu-UOEChxj_rmxB6Ig2nn-881NCx185LyeOS4YZ7rtazJklTSVj_lOEKL8YXHOEw9IrRjr9H1g-4fjO83cWFPd3g-Oq1i2wv_Fqw5XywhZ3C8fzr0McKk4nWXmE1laJ",
                    "width": 4032
                }
            ],
            "place_id": "ChIJ9fu5b-acGGARmCJzEvBmGXI",
            "plus_code": {
                "compound_code": "VX79+5P 日本、千葉県柏市",
                "global_code": "8Q7XVX79+5P"
            },
            "rating": 3.7,
            "reference": "ChIJ9fu5b-acGGARmCJzEvBmGXI",
            "scope": "GOOGLE",
            "types": [
                "cafe",
                "food",
                "point_of_interest",
                "establishment"
            ],
            "user_ratings_total": 7,
            "vicinity": "柏市旭町１丁目１−５"
        },
        {
            "business_status": "OPERATIONAL",
            "geometry": {
                "location": {
                    "lat": 35.8622416,
                    "lng": 139.9694605
                },
                "viewport": {
                    "northeast": {
                        "lat": 35.8635660302915,
                        "lng": 139.9707734802915
                    },
                    "southwest": {
                        "lat": 35.8608680697085,
                        "lng": 139.9680755197085
                    }
                }
            },
            "icon": "https://maps.gstatic.com/mapfiles/place_api/icons/v1/png_71/cafe-71.png",
            "icon_background_color": "#FF9E67",
            "icon_mask_base_uri": "https://maps.gstatic.com/mapfiles/place_api/icons/v2/cafe_pinlet",
            "name": "Eggs ’n Things Coffee 柏 髙島屋ステーションモール店",
            "opening_hours": {
                "open_now": false
            },
            "photos": [
                {
                    "height": 2268,
                    "html_attributions": [
                        "<a href=\"https://maps.google.com/maps/contrib/113726133060266411394\">totoruru777</a>"
                    ],
                    "photo_reference": "Aap_uEDVPQzYcPptNMUfbuouauAfTNsSf9xYS2bhzvUcNarlkqgxwEcRnSPx3WISW9R8oA0RKSwnmAAs9otIe9uYnFJyjHh1D73Rt781KmmxiGXIwo3QHF0mmsRDo6_-SxKKsWR__rcmzMKAky5m4oqh9VObJt2FJyf9LSYp77qc1N1J7VOV",
                    "width": 4032
                }
            ],
            "place_id": "ChIJn-ABqaWdGGARAf-M_40E8zw",
            "plus_code": {
                "compound_code": "VX69+VQ 日本、千葉県柏市",
                "global_code": "8Q7XVX69+VQ"
            },
            "price_level": 2,
            "rating": 3.7,
            "reference": "ChIJn-ABqaWdGGARAf-M_40E8zw",
            "scope": "GOOGLE",
            "types": [
                "cafe",
                "restaurant",
                "food",
                "point_of_interest",
                "store",
                "establishment"
            ],
            "user_ratings_total": 119,
            "vicinity": "柏市末広町１丁目１ 柏髙島屋ステーションモール 新館 8階"
        },
        {
            "business_status": "OPERATIONAL",
            "geometry": {
                "location": {
                    "lat": 35.86211739999999,
                    "lng": 139.9695526
                },
                "viewport": {
                    "northeast": {
                        "lat": 35.8634591302915,
                        "lng": 139.9708620802915
                    },
                    "southwest": {
                        "lat": 35.8607611697085,
                        "lng": 139.9681641197085
                    }
                }
            },
            "icon": "https://maps.gstatic.com/mapfiles/place_api/icons/v1/png_71/cafe-71.png",
            "icon_background_color": "#FF9E67",
            "icon_mask_base_uri": "https://maps.gstatic.com/mapfiles/place_api/icons/v2/cafe_pinlet",
            "name": "イデカフェ 柏高島屋ステーションモール店",
            "opening_hours": {
                "open_now": true
            },
            "photos": [
                {
                    "height": 3000,
                    "html_attributions": [
                        "<a href=\"https://maps.google.com/maps/contrib/106748677496621740509\">ミサゴさん</a>"
                    ],
                    "photo_reference": "Aap_uECFkEp-5xxc1SllfVLPnRi9mxGMhMmlct3nut0Lkvt2PgIeD-qosPXiRJWFH7HstMLXRP2Eizy5dlr0lP9J6B87E0fhi0Xwth3eNp51_DcyBrUG7E1Ka9F5fXrFqLzxYXvn1jq5x7isrnSnfDQZq92slpul3gc9lSBJ8srUs9yUmTCK",
                    "width": 5333
                }
            ],
            "place_id": "ChIJx-dbWuacGGAR0qgra3r4K9w",
            "plus_code": {
                "compound_code": "VX69+RR 日本、千葉県柏市",
                "global_code": "8Q7XVX69+RR"
            },
            "price_level": 2,
            "rating": 3.9,
            "reference": "ChIJx-dbWuacGGAR0qgra3r4K9w",
            "scope": "GOOGLE",
            "types": [
                "cafe",
                "food",
                "point_of_interest",
                "establishment"
            ],
            "user_ratings_total": 21,
            "vicinity": "柏市末広町１−１ 柏高島屋ステーションモール 新館１０階"
        },
        {
            "business_status": "OPERATIONAL",
            "geometry": {
                "location": {
                    "lat": 35.8621837,
                    "lng": 139.9683066
                },
                "viewport": {
                    "northeast": {
                        "lat": 35.8635743802915,
                        "lng": 139.9696494802915
                    },
                    "southwest": {
                        "lat": 35.8608764197085,
                        "lng": 139.9669515197085
                    }
                }
            },
            "icon": "https://maps.gstatic.com/mapfiles/place_api/icons/v1/png_71/cafe-71.png",
            "icon_background_color": "#FF9E67",
            "icon_mask_base_uri": "https://maps.gstatic.com/mapfiles/place_api/icons/v2/cafe_pinlet",
            "name": "maue cafe",
            "opening_hours": {
                "open_now": false
            },
            "photos": [
                {
                    "height": 1080,
                    "html_attributions": [
                        "<a href=\"https://maps.google.com/maps/contrib/109154532873101073641\">maue cafe</a>"
                    ],
                    "photo_reference": "Aap_uEC27qFVDv7KE-iL3d0FZiyKEvFiztK5RshD6UP-X6axJ-7mOUCi5NHb7nKWJgRps_p1lbodAjHQfglwaNHntzZd6A2-CnE1CO5ClJkTa2u-ySipSRaf5vhP_v37JyLwECdq9si9EHEYVJeFJvYllPUn6ewx_1M66w933zBE2LNdkgxz",
                    "width": 1080
                }
            ],
            "place_id": "ChIJO3m0hh2dGGAR5lYhi5gVAgM",
            "plus_code": {
                "compound_code": "VX69+V8 日本、千葉県柏市",
                "global_code": "8Q7XVX69+V8"
            },
            "rating": 3.5,
            "reference": "ChIJO3m0hh2dGGAR5lYhi5gVAgM",
            "scope": "GOOGLE",
            "types": [
                "cafe",
                "food",
                "point_of_interest",
                "establishment"
            ],
            "user_ratings_total": 2,
            "vicinity": "柏市旭町１丁目１０−５ 島根ビル ２F"
        },
        {
            "business_status": "OPERATIONAL",
            "geometry": {
                "location": {
                    "lat": 35.8621762,
                    "lng": 139.9696589
                },
                "viewport": {
                    "northeast": {
                        "lat": 35.8635027802915,
                        "lng": 139.9710132802915
                    },
                    "southwest": {
                        "lat": 35.8608048197085,
                        "lng": 139.9683153197085
                    }
                }
            },
            "icon": "https://maps.gstatic.com/mapfiles/place_api/icons/v1/png_71/cafe-71.png",
            "icon_background_color": "#FF9E67",
            "icon_mask_base_uri": "https://maps.gstatic.com/mapfiles/place_api/icons/v2/cafe_pinlet",
            "name": "カフェ・ド・クリエリーブル 柏髙島屋ステーションモール店",
            "opening_hours": {
                "open_now": false
            },
            "photos": [
                {
                    "height": 2160,
                    "html_attributions": [
                        "<a href=\"https://maps.google.com/maps/contrib/101174650555931266020\">Shiba a</a>"
                    ],
                    "photo_reference": "Aap_uEAGALfxRQixOCd81bVEXIrgJIliz1Tn7wPal4KCN56JJfpgpPxV8igvVGJrHTC4JKDlB_bMHdfUWE-sdHJig68ZvemtdonWmYFvSclCEagh-MVMMWuzfeMmMV08_s7HZx0Em--9WFDdtO5B4UW9TfDw0CRnB9LKvhXfp5TkSmMkKpy_",
                    "width": 3840
                }
            ],
            "place_id": "ChIJZatE_OacGGARKSWxGaptvYA",
            "plus_code": {
                "compound_code": "VX69+VV 日本、千葉県柏市",
                "global_code": "8Q7XVX69+VV"
            },
            "price_level": 2,
            "rating": 3.6,
            "reference": "ChIJZatE_OacGGARKSWxGaptvYA",
            "scope": "GOOGLE",
            "types": [
                "cafe",
                "food",
                "point_of_interest",
                "establishment"
            ],
            "user_ratings_total": 19,
            "vicinity": "柏市末広町１−１ 柏髙島屋ステーションモール新館５階"
        },
        {
            "business_status": "OPERATIONAL",
            "geometry": {
                "location": {
                    "lat": 35.86210419999999,
                    "lng": 139.9696623
                },
                "viewport": {
                    "northeast": {
                        "lat": 35.86347673029151,
                        "lng": 139.9710174302915
                    },
                    "southwest": {
                        "lat": 35.86077876970851,
                        "lng": 139.9683194697085
                    }
                }
            },
            "icon": "https://maps.gstatic.com/mapfiles/place_api/icons/v1/png_71/cafe-71.png",
            "icon_background_color": "#FF9E67",
            "icon_mask_base_uri": "https://maps.gstatic.com/mapfiles/place_api/icons/v2/cafe_pinlet",
            "name": "麻布茶房 柏髙島屋ステーションモール店",
            "opening_hours": {
                "open_now": false
            },
            "photos": [
                {
                    "height": 2448,
                    "html_attributions": [
                        "<a href=\"https://maps.google.com/maps/contrib/110867584989726646036\">kazunori koizumi</a>"
                    ],
                    "photo_reference": "Aap_uECE-jX8-99LEzQorkl1FpiE4DMzkw8Ezp7jqKdX3kXLAIFHcGBD5DpgrKMGx9j7K6wGai-rgjtW3FB3iDBdk78zMTLKIA_W-tKWRQpRbGnl17mnsSqc2_6cUGzw5C8HuvzhyzHXwRadcZQ1FTJFNcMA91rlJCr6Wc3Nu39btyxrwL4S",
                    "width": 3264
                }
            ],
            "place_id": "ChIJFYhiMFCdGGARNve16BqKMy8",
            "plus_code": {
                "compound_code": "VX69+RV 日本、千葉県柏市",
                "global_code": "8Q7XVX69+RV"
            },
            "rating": 4.1,
            "reference": "ChIJFYhiMFCdGGARNve16BqKMy8",
            "scope": "GOOGLE",
            "types": [
                "cafe",
                "food",
                "point_of_interest",
                "establishment"
            ],
            "user_ratings_total": 28,
            "vicinity": "柏市末広町１−１ 10F 柏髙島屋ステーションモール新館"
        }
    ],
    "status": "OK"
}