{
    "html_attributions": [],
    "results": [
        {
            "business_status": "OPERATIONAL",
            "geometry": {
                "location": {
                    "lat": 35.860694,
                    "lng": 139.971603
                },
                "viewport": {
                    "northeast": {
                        "lat": 35.86193958029149,
                        "lng": 139.9729875802915
                    },
                    "southwest": {
                        "lat": 35.85924161970849,
                        "lng": 139.9702896197085
                    }
                }
            },
            "icon": "https://maps.gstatic.com/mapfiles/place_api/icons/v1/png_71/generic_business-71.png",
            "icon_background_color": "#7B9EB0",
            "icon_mask_base_uri": "https://maps.gstatic.com/mapfiles/place_api/icons/v2/generic_pinlet",
            "name": "柏駅前ヤングボウル",
            "opening_hours": {
                "open_now": true
            },
            "photos": [
                {
                    "height": 2736,
                    "html_attributions": [
                        "<a href=\"https://maps.google.com/maps/contrib/103248617013362832947\">小島彰太</a>"
                    ],
                    "photo_reference": "Aap_uECg29lk2yOvGBQzEsMQbX3PA08cDIgbNj7ZFLKRwe1nJaqYIMS5bZMkz9pP6AtAqLRpZxh5DMDMz1QyevZwxVBRiWdKjvljVVMb7uaASLGbYOis8R8BMwVseQVgo7qMsZPD4IgLJh5AL8idGw9ZoG8NBjxXmY_xNTTAfvfGrkySRoSk",
                    "width": 2736
                }
            ],
            "place_id": "ChIJV6DVQuecGGARlI1BUnG6rt8",
            "plus_code": {
                "compound_code": "VX6C+7J 日本、千葉県柏市",
                "global_code": "8Q7XVX6C+7J"
            },
            "rating": 3.4,
            "reference": "ChIJV6DVQuecGGARlI1BUnG6rt8",
            "scope": "GOOGLE",
            "types": [
                "bowling_alley",
                "point_of_interest",
                "establishment"
            ],
            "user_ratings_total": 118,
            "vicinity": "柏市３ 柏市柏1-3-1 ﾄﾞﾝ･ｷﾎｰﾃ５階"
        }
    ],
    "status": "OK"
}