{
    "html_attributions": [],
    "results": [
        {
            "business_status": "OPERATIONAL",
            "geometry": {
                "location": {
                    "lat": 35.8642765,
                    "lng": 139.9712445
                },
                "viewport": {
                    "northeast": {
                        "lat": 35.8656254802915,
                        "lng": 139.9725934802915
                    },
                    "southwest": {
                        "lat": 35.8629275197085,
                        "lng": 139.9698955197085
                    }
                }
            },
            "icon": "https://maps.gstatic.com/mapfiles/place_api/icons/v1/png_71/museum-71.png",
            "icon_background_color": "#13B5C7",
            "icon_mask_base_uri": "https://maps.gstatic.com/mapfiles/place_api/icons/v2/museum_pinlet",
            "name": "手作り科学館 Exedra",
            "opening_hours": {
                "open_now": false
            },
            "photos": [
                {
                    "height": 3264,
                    "html_attributions": [
                        "<a href=\"https://maps.google.com/maps/contrib/111927078609347619566\">手作り科学館 Exedra</a>"
                    ],
                    "photo_reference": "Aap_uED_lQbf3Gy-jFBUbtbnXCotz-TNSRvxhFugGNUmM26NRieVZZSIDt2Acd2eACHNimHTwUkdSKhc666GnxegQ7ybCXKHa3XCgWrGEVoBb2aC4maHhCDJVVsfW93UylAkUKrbhd1bXLkE7Ca0MTQ7eS8M4r7LriprAjKNyRWvbrwmNdwY",
                    "width": 4928
                }
            ],
            "place_id": "ChIJExB2n-acGGARVR1r709Z2Co",
            "plus_code": {
                "compound_code": "VX7C+PF 日本、千葉県柏市",
                "global_code": "8Q7XVX7C+PF"
            },
            "rating": 4.7,
            "reference": "ChIJExB2n-acGGARVR1r709Z2Co",
            "scope": "GOOGLE",
            "types": [
                "museum",
                "point_of_interest",
                "establishment"
            ],
            "user_ratings_total": 29,
            "vicinity": "柏市末広町９−６ 柏嶋屋荘"
        }
    ],
    "status": "OK"
}