{
    "html_attributions": [],
    "results": [
        {
            "business_status": "OPERATIONAL",
            "geometry": {
                "location": {
                    "lat": 35.8649356,
                    "lng": 139.9686075
                },
                "viewport": {
                    "northeast": {
                        "lat": 35.8662560302915,
                        "lng": 139.9700073802915
                    },
                    "southwest": {
                        "lat": 35.8635580697085,
                        "lng": 139.9673094197085
                    }
                }
            },
            "icon": "https://maps.gstatic.com/mapfiles/place_api/icons/v1/png_71/cafe-71.png",
            "icon_background_color": "#FF9E67",
            "icon_mask_base_uri": "https://maps.gstatic.com/mapfiles/place_api/icons/v2/cafe_pinlet",
            "name": "生タピオカ専門店 OWL TEA 柏店",
            "place_id": "ChIJ8YQaktOdGGARYRL3nF2w2C0",
            "plus_code": {
                "compound_code": "VX79+XC 日本、千葉県柏市",
                "global_code": "8Q7XVX79+XC"
            },
            "reference": "ChIJ8YQaktOdGGARYRL3nF2w2C0",
            "scope": "GOOGLE",
            "types": [
                "cafe",
                "food",
                "point_of_interest",
                "establishment"
            ],
            "vicinity": "柏市明原２丁目６−５"
        }
    ],
    "status": "OK"
}