{
    "html_attributions": [],
    "results": [
        {
            "business_status": "OPERATIONAL",
            "geometry": {
                "location": {
                    "lat": 35.8635883,
                    "lng": 139.9729969
                },
                "viewport": {
                    "northeast": {
                        "lat": 35.8648627802915,
                        "lng": 139.9743321302915
                    },
                    "southwest": {
                        "lat": 35.8621648197085,
                        "lng": 139.9716341697085
                    }
                }
            },
            "icon": "https://maps.gstatic.com/mapfiles/place_api/icons/v1/png_71/cafe-71.png",
            "icon_background_color": "#FF9E67",
            "icon_mask_base_uri": "https://maps.gstatic.com/mapfiles/place_api/icons/v2/cafe_pinlet",
            "name": "カフェ カルディー",
            "opening_hours": {
                "open_now": false
            },
            "photos": [
                {
                    "height": 2448,
                    "html_attributions": [
                        "<a href=\"https://maps.google.com/maps/contrib/117518594255146777755\">Tsutomu Takano</a>"
                    ],
                    "photo_reference": "Aap_uEDdZx8MMJc2J3pNu0EUKgPYcPU94fKlBur5MHN-6bR6AMmpzojtF9mabruGWxBqnBOU9FjltzBXiAS0f-9q-5g7LDVRAFZrZS4osTx8TtoBJOXq58_06hiW-Etpu5Ix2vLsGv4P0czhlWGhxnxrhh9f8ceak9QOFlI4xTx3hoLFNbOB",
                    "width": 3264
                }
            ],
            "place_id": "ChIJPyWNMOGcGGARffLW5saieL4",
            "plus_code": {
                "compound_code": "VX7F+C5 日本、千葉県柏市",
                "global_code": "8Q7XVX7F+C5"
            },
            "rating": 3.8,
            "reference": "ChIJPyWNMOGcGGARffLW5saieL4",
            "scope": "GOOGLE",
            "types": [
                "cafe",
                "food",
                "point_of_interest",
                "store",
                "establishment"
            ],
            "user_ratings_total": 49,
            "vicinity": "柏市柏４丁目８−１ 柏東口金子ビル 2F"
        },
        {
            "business_status": "OPERATIONAL",
            "geometry": {
                "location": {
                    "lat": 35.86348,
                    "lng": 139.973492
                },
                "viewport": {
                    "northeast": {
                        "lat": 35.8648289802915,
                        "lng": 139.9748409802915
                    },
                    "southwest": {
                        "lat": 35.8621310197085,
                        "lng": 139.9721430197085
                    }
                }
            },
            "icon": "https://maps.gstatic.com/mapfiles/place_api/icons/v1/png_71/cafe-71.png",
            "icon_background_color": "#FF9E67",
            "icon_mask_base_uri": "https://maps.gstatic.com/mapfiles/place_api/icons/v2/cafe_pinlet",
            "name": "喫茶＆御食事たかはし",
            "opening_hours": {
                "open_now": false
            },
            "photos": [
                {
                    "height": 3427,
                    "html_attributions": [
                        "<a href=\"https://maps.google.com/maps/contrib/117518594255146777755\">Tsutomu Takano</a>"
                    ],
                    "photo_reference": "Aap_uEA2BhOQjM-Ce-uY8aKbjRB7tx296mKzA_g9IipNqm-tM74j0LqAkF33pMBrbaYmw65FLtAjaT0F94NLbBKoncRDu_pCI0tSlPDrWrflSlA1DKId9qiDtupRSyNATl0ExNe02w_cXeiFCyYH2TrkwA-sY9DomRiODtBbYJYQLQQjriA6",
                    "width": 4570
                }
            ],
            "place_id": "ChIJy_aOJOGcGGAR60a7Rdfg450",
            "plus_code": {
                "compound_code": "VX7F+99 日本、千葉県柏市",
                "global_code": "8Q7XVX7F+99"
            },
            "rating": 4,
            "reference": "ChIJy_aOJOGcGGAR60a7Rdfg450",
            "scope": "GOOGLE",
            "types": [
                "cafe",
                "food",
                "point_of_interest",
                "establishment"
            ],
            "user_ratings_total": 6,
            "vicinity": "柏市柏４丁目７−１"
        }
    ],
    "status": "OK"
}