{
    "html_attributions": [],
    "results": [
        {
            "business_status": "OPERATIONAL",
            "geometry": {
                "location": {
                    "lat": 35.86094169999999,
                    "lng": 139.9725071
                },
                "viewport": {
                    "northeast": {
                        "lat": 35.86229068029149,
                        "lng": 139.9738560802915
                    },
                    "southwest": {
                        "lat": 35.85959271970849,
                        "lng": 139.9711581197085
                    }
                }
            },
            "icon": "https://maps.gstatic.com/mapfiles/place_api/icons/v1/png_71/cafe-71.png",
            "icon_background_color": "#FF9E67",
            "icon_mask_base_uri": "https://maps.gstatic.com/mapfiles/place_api/icons/v2/cafe_pinlet",
            "name": "カフェ・ベローチェ 柏駅東口店",
            "opening_hours": {
                "open_now": false
            },
            "photos": [
                {
                    "height": 678,
                    "html_attributions": [
                        "<a href=\"https://maps.google.com/maps/contrib/108206236083428502573\">カフェ・ベローチェ 柏駅東口店</a>"
                    ],
                    "photo_reference": "Aap_uEBWc44vxeM4cC3ybPN3vtqH8fzW-V-S27xgrB6wetOWHaVyvK8hDiO4410DLWlm3412LqoI8qVGNmAvzXrqYT1s9TH0g0mVVPcUkERtJyEY8ePG_S8ZtLkJDYQ_kvqgxO6oKCK5JJFyJyUYOGs5-6fZBwhnxQAgtICXm_TBAFMWV1hA",
                    "width": 904
                }
            ],
            "place_id": "ChIJAQBQSeecGGARhC7DAveFJak",
            "plus_code": {
                "compound_code": "VX6F+92 日本、千葉県柏市",
                "global_code": "8Q7XVX6F+92"
            },
            "price_level": 1,
            "rating": 3.6,
            "reference": "ChIJAQBQSeecGGARhC7DAveFJak",
            "scope": "GOOGLE",
            "types": [
                "cafe",
                "meal_takeaway",
                "restaurant",
                "food",
                "point_of_interest",
                "store",
                "establishment"
            ],
            "user_ratings_total": 311,
            "vicinity": "第二藤川ビル 1階, １丁目-４−26 柏, 柏市"
        },
        {
            "business_status": "OPERATIONAL",
            "geometry": {
                "location": {
                    "lat": 35.8602552,
                    "lng": 139.9728536
                },
                "viewport": {
                    "northeast": {
                        "lat": 35.86160418029151,
                        "lng": 139.9742025802915
                    },
                    "southwest": {
                        "lat": 35.85890621970852,
                        "lng": 139.9715046197085
                    }
                }
            },
            "icon": "https://maps.gstatic.com/mapfiles/place_api/icons/v1/png_71/cafe-71.png",
            "icon_background_color": "#FF9E67",
            "icon_mask_base_uri": "https://maps.gstatic.com/mapfiles/place_api/icons/v2/cafe_pinlet",
            "name": "カフェマリオシフォン",
            "opening_hours": {
                "open_now": false
            },
            "photos": [
                {
                    "height": 1536,
                    "html_attributions": [
                        "<a href=\"https://maps.google.com/maps/contrib/103309849857497991006\">カフェマリオシフォン</a>"
                    ],
                    "photo_reference": "Aap_uEDJY01l71smG0fUrHIypaVVbY-wkGsyHDXtV09tzIj2si8X0K79J84kKMmyKHvT3eapS-4JDnYmCkONZMNaQcRR7KO9fo4yi6zi03qbrjPf_igRAypiaIYbW5IG4VAbfi5kpQzcvdtxWdU1C14sLJ4lPofbbQXeiZ29j7_ns-KpuFEd",
                    "width": 2048
                }
            ],
            "place_id": "ChIJ7WNCAd6cGGARndnaeMMwTmQ",
            "plus_code": {
                "compound_code": "VX6F+44 日本、千葉県柏市",
                "global_code": "8Q7XVX6F+44"
            },
            "price_level": 2,
            "rating": 4.4,
            "reference": "ChIJ7WNCAd6cGGARndnaeMMwTmQ",
            "scope": "GOOGLE",
            "types": [
                "cafe",
                "bakery",
                "restaurant",
                "food",
                "point_of_interest",
                "store",
                "establishment"
            ],
            "user_ratings_total": 117,
            "vicinity": "柏市柏１丁目６−１３"
        },
        {
            "business_status": "OPERATIONAL",
            "geometry": {
                "location": {
                    "lat": 35.860911,
                    "lng": 139.97337
                },
                "viewport": {
                    "northeast": {
                        "lat": 35.8622599802915,
                        "lng": 139.9747189802915
                    },
                    "southwest": {
                        "lat": 35.85956201970851,
                        "lng": 139.9720210197085
                    }
                }
            },
            "icon": "https://maps.gstatic.com/mapfiles/place_api/icons/v1/png_71/cafe-71.png",
            "icon_background_color": "#FF9E67",
            "icon_mask_base_uri": "https://maps.gstatic.com/mapfiles/place_api/icons/v2/cafe_pinlet",
            "name": "アゼリヤ",
            "opening_hours": {
                "open_now": false
            },
            "place_id": "ChIJc2RhpuCcGGARC-Es9v11G7g",
            "plus_code": {
                "compound_code": "VX6F+98 日本、千葉県柏市",
                "global_code": "8Q7XVX6F+98"
            },
            "reference": "ChIJc2RhpuCcGGARC-Es9v11G7g",
            "scope": "GOOGLE",
            "types": [
                "cafe",
                "food",
                "point_of_interest",
                "establishment"
            ],
            "vicinity": "柏市柏２丁目５−１９"
        },
        {
            "business_status": "OPERATIONAL",
            "geometry": {
                "location": {
                    "lat": 35.86105519999999,
                    "lng": 139.9726536
                },
                "viewport": {
                    "northeast": {
                        "lat": 35.86246018029149,
                        "lng": 139.9739688802915
                    },
                    "southwest": {
                        "lat": 35.85976221970849,
                        "lng": 139.9712709197085
                    }
                }
            },
            "icon": "https://maps.gstatic.com/mapfiles/place_api/icons/v1/png_71/restaurant-71.png",
            "icon_background_color": "#FF9E67",
            "icon_mask_base_uri": "https://maps.gstatic.com/mapfiles/place_api/icons/v2/restaurant_pinlet",
            "name": "マクドナルド 柏駅前通り店",
            "opening_hours": {
                "open_now": true
            },
            "photos": [
                {
                    "height": 4640,
                    "html_attributions": [
                        "<a href=\"https://maps.google.com/maps/contrib/115346098012199528146\">Ganesh Hamal</a>"
                    ],
                    "photo_reference": "Aap_uEDjaSEgzw6LVBcMC820edWhk15TDSYornFQny7pjNqzgXKir48N-ju-1wqcdh6N4ZxY6v4rwqNJDOBjvGP-X1oRIawKskrBkKIQp0JrPTgPtPaiK0d8vl7QsufqcnqeXEg_0AX4pN9OFPXUlXI2OyE9PgnfFmVlWPLBxYEwBw-_opyK",
                    "width": 3958
                }
            ],
            "place_id": "ChIJDx68suCcGGAR9htReoFrpsU",
            "plus_code": {
                "compound_code": "VX6F+C3 日本、千葉県柏市",
                "global_code": "8Q7XVX6F+C3"
            },
            "price_level": 1,
            "rating": 3.3,
            "reference": "ChIJDx68suCcGGAR9htReoFrpsU",
            "scope": "GOOGLE",
            "types": [
                "cafe",
                "restaurant",
                "food",
                "point_of_interest",
                "store",
                "establishment"
            ],
            "user_ratings_total": 528,
            "vicinity": "柏市柏１丁目５−２１"
        },
        {
            "business_status": "OPERATIONAL",
            "geometry": {
                "location": {
                    "lat": 35.8608917,
                    "lng": 139.9733664
                },
                "viewport": {
                    "northeast": {
                        "lat": 35.8622645802915,
                        "lng": 139.9746883802915
                    },
                    "southwest": {
                        "lat": 35.8595666197085,
                        "lng": 139.9719904197085
                    }
                }
            },
            "icon": "https://maps.gstatic.com/mapfiles/place_api/icons/v1/png_71/cafe-71.png",
            "icon_background_color": "#FF9E67",
            "icon_mask_base_uri": "https://maps.gstatic.com/mapfiles/place_api/icons/v2/cafe_pinlet",
            "name": "カフェテラス アゼリア",
            "opening_hours": {
                "open_now": false
            },
            "place_id": "ChIJS60BvXudGGARmrQ5Um7gY2Y",
            "plus_code": {
                "compound_code": "VX6F+98 日本、千葉県柏市",
                "global_code": "8Q7XVX6F+98"
            },
            "reference": "ChIJS60BvXudGGARmrQ5Um7gY2Y",
            "scope": "GOOGLE",
            "types": [
                "cafe",
                "food",
                "point_of_interest",
                "store",
                "establishment"
            ],
            "vicinity": "柏市柏２丁目５−１"
        },
        {
            "business_status": "OPERATIONAL",
            "geometry": {
                "location": {
                    "lat": 35.8601874,
                    "lng": 139.9737382
                },
                "viewport": {
                    "northeast": {
                        "lat": 35.8615782802915,
                        "lng": 139.9750213302915
                    },
                    "southwest": {
                        "lat": 35.8588803197085,
                        "lng": 139.9723233697085
                    }
                }
            },
            "icon": "https://maps.gstatic.com/mapfiles/place_api/icons/v1/png_71/cafe-71.png",
            "icon_background_color": "#FF9E67",
            "icon_mask_base_uri": "https://maps.gstatic.com/mapfiles/place_api/icons/v2/cafe_pinlet",
            "name": "ティーゾン",
            "opening_hours": {
                "open_now": false
            },
            "photos": [
                {
                    "height": 1080,
                    "html_attributions": [
                        "<a href=\"https://maps.google.com/maps/contrib/114183420373469978842\">ティーゾン</a>"
                    ],
                    "photo_reference": "Aap_uEAx55wS3b9J15q0CSdwvDZiAAH8d8rbuAMp2oGjYeofvWxWJiQbmL8WT6V8GlS5xMgJdqm0cnLO4GHIwvB1y-QNU2H6xzHYAqRiZG9ip59Y5FUxiSdVa3j1CANFdYq_GORXNSFsT_NQlrjLeJrxe3wxwp9t_b06M1nU49SLe09x9BYe",
                    "width": 1080
                }
            ],
            "place_id": "ChIJNTxhPd6cGGAReGyRA05RjTA",
            "plus_code": {
                "compound_code": "VX6F+3F 日本、千葉県柏市",
                "global_code": "8Q7XVX6F+3F"
            },
            "rating": 4.2,
            "reference": "ChIJNTxhPd6cGGAReGyRA05RjTA",
            "scope": "GOOGLE",
            "types": [
                "cafe",
                "food",
                "point_of_interest",
                "establishment"
            ],
            "user_ratings_total": 15,
            "vicinity": "柏市柏３丁目６−３０"
        },
        {
            "business_status": "OPERATIONAL",
            "geometry": {
                "location": {
                    "lat": 35.86015759999999,
                    "lng": 139.9737722
                },
                "viewport": {
                    "northeast": {
                        "lat": 35.86156088029149,
                        "lng": 139.9750358802915
                    },
                    "southwest": {
                        "lat": 35.85886291970849,
                        "lng": 139.9723379197085
                    }
                }
            },
            "icon": "https://maps.gstatic.com/mapfiles/place_api/icons/v1/png_71/cafe-71.png",
            "icon_background_color": "#FF9E67",
            "icon_mask_base_uri": "https://maps.gstatic.com/mapfiles/place_api/icons/v2/cafe_pinlet",
            "name": "Tea Zon ティー・ゾン",
            "place_id": "ChIJc2v1_UqdGGARrv_EsBCf91g",
            "plus_code": {
                "compound_code": "VX6F+3G 日本、千葉県柏市",
                "global_code": "8Q7XVX6F+3G"
            },
            "reference": "ChIJc2v1_UqdGGARrv_EsBCf91g",
            "scope": "GOOGLE",
            "types": [
                "cafe",
                "food",
                "point_of_interest",
                "establishment"
            ],
            "vicinity": "柏市３丁目６−３０"
        },
        {
            "business_status": "OPERATIONAL",
            "geometry": {
                "location": {
                    "lat": 35.86043050000001,
                    "lng": 139.9724181
                },
                "viewport": {
                    "northeast": {
                        "lat": 35.8617516802915,
                        "lng": 139.9738151802915
                    },
                    "southwest": {
                        "lat": 35.8590537197085,
                        "lng": 139.9711172197085
                    }
                }
            },
            "icon": "https://maps.gstatic.com/mapfiles/place_api/icons/v1/png_71/cafe-71.png",
            "icon_background_color": "#FF9E67",
            "icon_mask_base_uri": "https://maps.gstatic.com/mapfiles/place_api/icons/v2/cafe_pinlet",
            "name": "Yucha",
            "opening_hours": {
                "open_now": false
            },
            "place_id": "ChIJtQ70mvOdGGAR6Q7TKXiHjD8",
            "plus_code": {
                "compound_code": "VX6C+5X 日本、千葉県柏市",
                "global_code": "8Q7XVX6C+5X"
            },
            "reference": "ChIJtQ70mvOdGGAR6Q7TKXiHjD8",
            "scope": "GOOGLE",
            "types": [
                "cafe",
                "food",
                "point_of_interest",
                "store",
                "establishment"
            ],
            "vicinity": "柏市柏１丁目４−１８"
        },
        {
            "business_status": "CLOSED_TEMPORARILY",
            "geometry": {
                "location": {
                    "lat": 35.8603573,
                    "lng": 139.9723596
                },
                "viewport": {
                    "northeast": {
                        "lat": 35.8616806802915,
                        "lng": 139.9737592802915
                    },
                    "southwest": {
                        "lat": 35.8589827197085,
                        "lng": 139.9710613197085
                    }
                }
            },
            "icon": "https://maps.gstatic.com/mapfiles/place_api/icons/v1/png_71/cafe-71.png",
            "icon_background_color": "#FF9E67",
            "icon_mask_base_uri": "https://maps.gstatic.com/mapfiles/place_api/icons/v2/cafe_pinlet",
            "name": "御茶yucha",
            "permanently_closed": true,
            "photos": [
                {
                    "height": 1440,
                    "html_attributions": [
                        "<a href=\"https://maps.google.com/maps/contrib/114025084185841201623\">御茶yucha</a>"
                    ],
                    "photo_reference": "Aap_uEDZA9gvELaiWEz3Lge_eApvrQeTJddXUvAgdugjLxYZB0OOpSYwd5Bnpq-YaLx4mqsNlSJsoY6kcA9e2N7i-vzWj3fSw931QZGWzSJ-kayrKSS4nzPLq_VxqTMPIVAh-Gpj8X46d-Q-K-tpPZ66VASznWa_b1B-fpIzSwf3DQf3Sdv8",
                    "width": 1080
                }
            ],
            "place_id": "ChIJcxWhR1mdGGARNcGODwBY2zo",
            "plus_code": {
                "compound_code": "VX6C+4W 日本、千葉県柏市",
                "global_code": "8Q7XVX6C+4W"
            },
            "rating": 3.2,
            "reference": "ChIJcxWhR1mdGGARNcGODwBY2zo",
            "scope": "GOOGLE",
            "types": [
                "cafe",
                "food",
                "point_of_interest",
                "establishment"
            ],
            "user_ratings_total": 39,
            "vicinity": "柏市柏１−７ 1day oneタワー106B"
        }
    ],
    "status": "OK"
}