{
    "html_attributions": [],
    "results": [
        {
            "business_status": "OPERATIONAL",
            "geometry": {
                "location": {
                    "lat": 35.8634028,
                    "lng": 139.9654195
                },
                "viewport": {
                    "northeast": {
                        "lat": 35.8647492802915,
                        "lng": 139.9666451302915
                    },
                    "southwest": {
                        "lat": 35.8620513197085,
                        "lng": 139.9639471697085
                    }
                }
            },
            "icon": "https://maps.gstatic.com/mapfiles/place_api/icons/v1/png_71/park-71.png",
            "icon_background_color": "#4DB546",
            "icon_mask_base_uri": "https://maps.gstatic.com/mapfiles/place_api/icons/v2/tree_pinlet",
            "name": "柏西口第三公園",
            "opening_hours": {
                "open_now": true
            },
            "photos": [
                {
                    "height": 2448,
                    "html_attributions": [
                        "<a href=\"https://maps.google.com/maps/contrib/100974112413525993356\">なおなお</a>"
                    ],
                    "photo_reference": "Aap_uEC1VqNQCxQYgiaXnQthaheFoyS6CcwTQnz7oTVH9h00i-WwsNp6DEtuk9z2zV2pB9cN8kBxC1A2WfR4zZ4_QHTCAkg5nSDxg5rTUVJRUaFyMvtPRDckAb8-AREADDBCujZ-sRRN1aYXAezurW1OFCDXZXgOdZ-vwhXF_kFILznZ_8cF",
                    "width": 3264
                }
            ],
            "place_id": "ChIJ6UiyGe-cGGARUZLa1B2ZMuo",
            "plus_code": {
                "compound_code": "VX78+95 日本、千葉県柏市",
                "global_code": "8Q7XVX78+95"
            },
            "reference": "ChIJ6UiyGe-cGGARUZLa1B2ZMuo",
            "scope": "GOOGLE",
            "types": [
                "park",
                "tourist_attraction",
                "point_of_interest",
                "establishment"
            ],
            "vicinity": "柏市明原１丁目１０"
        }
    ],
    "status": "OK"
}