{
    "html_attributions": [],
    "results": [
        {
            "business_status": "OPERATIONAL",
            "geometry": {
                "location": {
                    "lat": 35.8598759,
                    "lng": 139.9737946
                },
                "viewport": {
                    "northeast": {
                        "lat": 35.86137083029151,
                        "lng": 139.9750024802915
                    },
                    "southwest": {
                        "lat": 35.85867286970851,
                        "lng": 139.9723045197085
                    }
                }
            },
            "icon": "https://maps.gstatic.com/mapfiles/place_api/icons/v1/png_71/generic_business-71.png",
            "icon_background_color": "#7B9EB0",
            "icon_mask_base_uri": "https://maps.gstatic.com/mapfiles/place_api/icons/v2/generic_pinlet",
            "name": "柏神社",
            "opening_hours": {
                "open_now": false
            },
            "photos": [
                {
                    "height": 2359,
                    "html_attributions": [
                        "<a href=\"https://maps.google.com/maps/contrib/117489036841087379973\">柏神社</a>"
                    ],
                    "photo_reference": "Aap_uEACXHO8qpfYxAzyhbzpH0Wuusm7tbbIYAL6BOp8Ahscqa7OV0ZP71DxU-OTcYAKkSDOepmpwyJvQvP2tFmbHIX3Xe9fPz4R3OhPEBetzV1XMUH3FYq4-SnKSGk59r2TKrVTV96kNnmjTK-hHMFTG8QfxHjzZ5wmmAcAD21mHRcvsBb5",
                    "width": 4192
                }
            ],
            "place_id": "ChIJsbcIFd6cGGARSnXbOpUDJAQ",
            "plus_code": {
                "compound_code": "VX5F+XG 日本、千葉県柏市",
                "global_code": "8Q7XVX5F+XG"
            },
            "rating": 3.9,
            "reference": "ChIJsbcIFd6cGGARSnXbOpUDJAQ",
            "scope": "GOOGLE",
            "types": [
                "tourist_attraction",
                "place_of_worship",
                "point_of_interest",
                "establishment"
            ],
            "user_ratings_total": 716,
            "vicinity": "柏市柏３丁目２−２"
        }
    ],
    "status": "OK"
}