{
    "html_attributions": [],
    "results": [
        {
            "business_status": "OPERATIONAL",
            "geometry": {
                "location": {
                    "lat": 35.862687,
                    "lng": 139.970585
                },
                "viewport": {
                    "northeast": {
                        "lat": 35.86353798029149,
                        "lng": 139.9715907802915
                    },
                    "southwest": {
                        "lat": 35.8608400197085,
                        "lng": 139.9688928197085
                    }
                }
            },
            "icon": "https://maps.gstatic.com/mapfiles/place_api/icons/v1/png_71/cafe-71.png",
            "icon_background_color": "#FF9E67",
            "icon_mask_base_uri": "https://maps.gstatic.com/mapfiles/place_api/icons/v2/cafe_pinlet",
            "name": "スターバックス コーヒー 柏 高島屋ステーションモール店",
            "opening_hours": {
                "open_now": true
            },
            "photos": [
                {
                    "height": 1800,
                    "html_attributions": [
                        "<a href=\"https://maps.google.com/maps/contrib/112727478841411566017\">m. zumi</a>"
                    ],
                    "photo_reference": "Aap_uED0UJLnWSpvqQhbF3FEQFGbGQDldAJxnTQwoPxnA6tv1NkZfnq0pimCPvhPIacv9r5mTUmVzbxaMl8NkFE6QRkWDAg0uF3DJdyDktDdL03c7PSjRoR-7OxXXonM-oAIkCrYpOCG7nl3F8SqS7CYtReU_zHllC_qWDV05NuzG5h4HoSF",
                    "width": 2370
                }
            ],
            "place_id": "ChIJQ-mL8OacGGARSULSvcT5DoE",
            "plus_code": {
                "compound_code": "VX7C+36 日本、千葉県柏市",
                "global_code": "8Q7XVX7C+36"
            },
            "price_level": 2,
            "rating": 4,
            "reference": "ChIJQ-mL8OacGGARSULSvcT5DoE",
            "scope": "GOOGLE",
            "types": [
                "cafe",
                "meal_takeaway",
                "restaurant",
                "food",
                "point_of_interest",
                "store",
                "establishment"
            ],
            "user_ratings_total": 201,
            "vicinity": "柏市末広町１−１ 柏高島屋ステーションモールＳ館 1F"
        },
        {
            "business_status": "OPERATIONAL",
            "geometry": {
                "location": {
                    "lat": 35.8617655,
                    "lng": 139.9711911
                },
                "viewport": {
                    "northeast": {
                        "lat": 35.8631441302915,
                        "lng": 139.9724815802915
                    },
                    "southwest": {
                        "lat": 35.8604461697085,
                        "lng": 139.9697836197085
                    }
                }
            },
            "icon": "https://maps.gstatic.com/mapfiles/place_api/icons/v1/png_71/cafe-71.png",
            "icon_background_color": "#FF9E67",
            "icon_mask_base_uri": "https://maps.gstatic.com/mapfiles/place_api/icons/v2/cafe_pinlet",
            "name": "スターバックス コーヒー 柏マルイ店",
            "opening_hours": {
                "open_now": true
            },
            "photos": [
                {
                    "height": 3088,
                    "html_attributions": [
                        "<a href=\"https://maps.google.com/maps/contrib/112727478841411566017\">m. zumi</a>"
                    ],
                    "photo_reference": "Aap_uEA1hQvAICmKIVyTQKSIqnrDYg1r3PZs69jijm8hPnB0xuW_mIykLbvd7bXo4dfvrhg-C1hySW_9BxU6EEwDPsxsl3IriUjPIGzZ9HLFI0u59owmCrAYdNebPxSt1zMidSZBPGA7jlrBAqKFud0O0wHcm4ieIz8th18ObwJSsPBfpsfT",
                    "width": 5053
                }
            ],
            "place_id": "ChIJuy88GuecGGARVuu_1sjZbGs",
            "plus_code": {
                "compound_code": "VX6C+PF 日本、千葉県柏市",
                "global_code": "8Q7XVX6C+PF"
            },
            "price_level": 2,
            "rating": 3.6,
            "reference": "ChIJuy88GuecGGARVuu_1sjZbGs",
            "scope": "GOOGLE",
            "types": [
                "cafe",
                "food",
                "point_of_interest",
                "store",
                "establishment"
            ],
            "user_ratings_total": 178,
            "vicinity": "柏市柏１丁目１−１１ 柏マルイ 2F"
        },
        {
            "business_status": "OPERATIONAL",
            "geometry": {
                "location": {
                    "lat": 35.86303469999999,
                    "lng": 139.9705501
                },
                "viewport": {
                    "northeast": {
                        "lat": 35.86701965,
                        "lng": 139.97250905
                    },
                    "southwest": {
                        "lat": 35.86025025,
                        "lng": 139.96729005
                    }
                }
            },
            "icon": "https://maps.gstatic.com/mapfiles/place_api/icons/v1/png_71/shopping-71.png",
            "icon_background_color": "#4B96F3",
            "icon_mask_base_uri": "https://maps.gstatic.com/mapfiles/place_api/icons/v2/shopping_pinlet",
            "name": "柏高島屋",
            "opening_hours": {
                "open_now": false
            },
            "photos": [
                {
                    "height": 602,
                    "html_attributions": [
                        "<a href=\"https://maps.google.com/maps/contrib/104942376579534864558\">柏高島屋</a>"
                    ],
                    "photo_reference": "Aap_uEADZAfepLBCp3iHXgnmfkw_h6J4s7cFEFw33fOUX9yCfCIJtZmm4064eGnMe6a2vWzh51eJZmIB0xHUuFVBXPl_soJWAajZzPig5tqXZ6RrELlDXq7XrIzoBr8KEPAkgy2YF3eYOzTc7NUowOcDFq8gNMpho0MIE7C9eL6gvK9tImLz",
                    "width": 1071
                }
            ],
            "place_id": "ChIJ15vCjeacGGARz3m_-6DmicA",
            "plus_code": {
                "compound_code": "VX7C+66 日本、千葉県柏市",
                "global_code": "8Q7XVX7C+66"
            },
            "rating": 3.8,
            "reference": "ChIJ15vCjeacGGARz3m_-6DmicA",
            "scope": "GOOGLE",
            "types": [
                "department_store",
                "grocery_or_supermarket",
                "cafe",
                "restaurant",
                "food",
                "point_of_interest",
                "clothing_store",
                "store",
                "establishment"
            ],
            "user_ratings_total": 5409,
            "vicinity": "柏市末広町３−１６"
        },
        {
            "business_status": "OPERATIONAL",
            "geometry": {
                "location": {
                    "lat": 35.86253809999999,
                    "lng": 139.9708811
                },
                "viewport": {
                    "northeast": {
                        "lat": 35.8634598802915,
                        "lng": 139.9717435802915
                    },
                    "southwest": {
                        "lat": 35.8607619197085,
                        "lng": 139.9690456197085
                    }
                }
            },
            "icon": "https://maps.gstatic.com/mapfiles/place_api/icons/v1/png_71/cafe-71.png",
            "icon_background_color": "#FF9E67",
            "icon_mask_base_uri": "https://maps.gstatic.com/mapfiles/place_api/icons/v2/cafe_pinlet",
            "name": "nana's green tea 柏高島屋ステーションモール店",
            "opening_hours": {
                "open_now": false
            },
            "photos": [
                {
                    "height": 1777,
                    "html_attributions": [
                        "<a href=\"https://maps.google.com/maps/contrib/105121838478285334887\">のん</a>"
                    ],
                    "photo_reference": "Aap_uEDg3dWZf6N4eqQr-bWKLwlKC3Oj-SeIhh9LeP-4xwzJEB20dUJeIn5QlzItYP3WtoWoY028FVuVca9aiMUbRURrAFFnqYKRuOZR6cSX0CPN-DKc7xjkDUIMFPvWMxZwHt0hVpjFHWuhBJurIkOqU_o51ElwT8WOJn1tOo81LqP5Z0Iv",
                    "width": 2560
                }
            ],
            "place_id": "ChIJ0-Tl7-acGGARAAK4rtIUFn4",
            "plus_code": {
                "compound_code": "VX7C+29 日本、千葉県柏市",
                "global_code": "8Q7XVX7C+29"
            },
            "price_level": 2,
            "rating": 3.8,
            "reference": "ChIJ0-Tl7-acGGARAAK4rtIUFn4",
            "scope": "GOOGLE",
            "types": [
                "cafe",
                "food",
                "point_of_interest",
                "establishment"
            ],
            "user_ratings_total": 56,
            "vicinity": "柏市末広町１−１"
        },
        {
            "business_status": "OPERATIONAL",
            "geometry": {
                "location": {
                    "lat": 35.8627247,
                    "lng": 139.9704826
                },
                "viewport": {
                    "northeast": {
                        "lat": 35.8640881802915,
                        "lng": 139.9718408802915
                    },
                    "southwest": {
                        "lat": 35.8613902197085,
                        "lng": 139.9691429197085
                    }
                }
            },
            "icon": "https://maps.gstatic.com/mapfiles/place_api/icons/v1/png_71/cafe-71.png",
            "icon_background_color": "#FF9E67",
            "icon_mask_base_uri": "https://maps.gstatic.com/mapfiles/place_api/icons/v2/cafe_pinlet",
            "name": "椿屋カフェ柏髙島屋ステーションモール店",
            "opening_hours": {
                "open_now": false
            },
            "photos": [
                {
                    "height": 3136,
                    "html_attributions": [
                        "<a href=\"https://maps.google.com/maps/contrib/113844714076833026828\">しましま</a>"
                    ],
                    "photo_reference": "Aap_uEAPpuxTZ4tjFmljEC2MhegDiUcdhcAeXYTvtNAf4GqdQITVJe6BEEkRSfC9IE_LL5HwXuXZD2citXvXUkk0HIAPYZbVOzS-rk8F9iScMpzRdjwela7Pgt5J3ru8PUH4ZKbDBQwEzHAtTnvftHGHc79emWhoAkFPU5OAAzPOY7X3tGrp",
                    "width": 4224
                }
            ],
            "place_id": "ChIJS3sp8uacGGARA_Z52YnUShE",
            "plus_code": {
                "compound_code": "VX7C+35 日本、千葉県柏市",
                "global_code": "8Q7XVX7C+35"
            },
            "price_level": 3,
            "rating": 3.7,
            "reference": "ChIJS3sp8uacGGARA_Z52YnUShE",
            "scope": "GOOGLE",
            "types": [
                "cafe",
                "food",
                "point_of_interest",
                "store",
                "establishment"
            ],
            "user_ratings_total": 59,
            "vicinity": "柏市末広町１−１ S館 専門店"
        },
        {
            "business_status": "OPERATIONAL",
            "geometry": {
                "location": {
                    "lat": 35.8620011,
                    "lng": 139.9704183
                },
                "viewport": {
                    "northeast": {
                        "lat": 35.86322593029149,
                        "lng": 139.9715163302915
                    },
                    "southwest": {
                        "lat": 35.8605279697085,
                        "lng": 139.9688183697085
                    }
                }
            },
            "icon": "https://maps.gstatic.com/mapfiles/place_api/icons/v1/png_71/cafe-71.png",
            "icon_background_color": "#FF9E67",
            "icon_mask_base_uri": "https://maps.gstatic.com/mapfiles/place_api/icons/v2/cafe_pinlet",
            "name": "スターバックスコーヒー 柏 高島屋ステーションモール 6階店",
            "opening_hours": {
                "open_now": false
            },
            "photos": [
                {
                    "height": 1800,
                    "html_attributions": [
                        "<a href=\"https://maps.google.com/maps/contrib/112727478841411566017\">m. zumi</a>"
                    ],
                    "photo_reference": "Aap_uEBjzMmHQUouDh6XhLoR6yaAzrKJjSbGT3QJZFkI7twe3RVZ9e5UrYviDbmaR-r1DYU8RkPO5QVBgxUbLxBrtz1FwGwlDmOCmZ5m0K_rb_YThcQDNp6yNWLwIgjuEuajyEULE5UvHZgV5ZfC4ehnuOdqBWEY-e1kNkfOEq-VlsQqbkhs",
                    "width": 2282
                }
            ],
            "place_id": "ChIJF0Et--acGGARTBzBWu0ZyUk",
            "plus_code": {
                "compound_code": "VX6C+R5 日本、千葉県柏市",
                "global_code": "8Q7XVX6C+R5"
            },
            "price_level": 2,
            "rating": 4,
            "reference": "ChIJF0Et--acGGARTBzBWu0ZyUk",
            "scope": "GOOGLE",
            "types": [
                "cafe",
                "food",
                "point_of_interest",
                "store",
                "establishment"
            ],
            "user_ratings_total": 117,
            "vicinity": "柏市末広町１−１ 柏高島屋ステーションモールＳ館"
        },
        {
            "business_status": "OPERATIONAL",
            "geometry": {
                "location": {
                    "lat": 35.8615617,
                    "lng": 139.9708322
                },
                "viewport": {
                    "northeast": {
                        "lat": 35.8628397302915,
                        "lng": 139.9722972302915
                    },
                    "southwest": {
                        "lat": 35.8601417697085,
                        "lng": 139.9695992697085
                    }
                }
            },
            "icon": "https://maps.gstatic.com/mapfiles/place_api/icons/v1/png_71/cafe-71.png",
            "icon_background_color": "#FF9E67",
            "icon_mask_base_uri": "https://maps.gstatic.com/mapfiles/place_api/icons/v2/cafe_pinlet",
            "name": "ソリトマーゴカフェ SOLITO MAGO Café",
            "opening_hours": {
                "open_now": false
            },
            "photos": [
                {
                    "height": 720,
                    "html_attributions": [
                        "<a href=\"https://maps.google.com/maps/contrib/114580009992938716814\">ソリトマーゴカフェ SOLITO MAGO Café</a>"
                    ],
                    "photo_reference": "Aap_uEC9LVhZBzLvz18csyhloZ709bPuEp3DExnOzJFBizXft1F2XvEnbCWgXxxZNaDbuYiA6UtkEanGPvp8ci91oOATwcTgBfYfxZVIIcar_U2GyUTkw-N1Ln4nRCfTFbE6YpkZRVz5iZ0LgWXs3vCEYfBrDLMdJDqMo0AtxWaerWyEYHyN",
                    "width": 1080
                }
            ],
            "place_id": "ChIJV0EbGeecGGAR6DOXPwFFZis",
            "plus_code": {
                "compound_code": "VX6C+J8 日本、千葉県柏市",
                "global_code": "8Q7XVX6C+J8"
            },
            "price_level": 2,
            "rating": 4.4,
            "reference": "ChIJV0EbGeecGGAR6DOXPwFFZis",
            "scope": "GOOGLE",
            "types": [
                "cafe",
                "food",
                "point_of_interest",
                "store",
                "establishment"
            ],
            "user_ratings_total": 59,
            "vicinity": "柏市柏１丁目１−１１ ファミリかしわ １F"
        },
        {
            "business_status": "OPERATIONAL",
            "geometry": {
                "location": {
                    "lat": 35.86226750000001,
                    "lng": 139.9719844
                },
                "viewport": {
                    "northeast": {
                        "lat": 35.86361648029152,
                        "lng": 139.9733333802915
                    },
                    "southwest": {
                        "lat": 35.86091851970852,
                        "lng": 139.9706354197085
                    }
                }
            },
            "icon": "https://maps.gstatic.com/mapfiles/place_api/icons/v1/png_71/restaurant-71.png",
            "icon_background_color": "#FF9E67",
            "icon_mask_base_uri": "https://maps.gstatic.com/mapfiles/place_api/icons/v2/restaurant_pinlet",
            "name": "ミスタードーナツ スカイプラザ柏ショップ",
            "opening_hours": {
                "open_now": true
            },
            "photos": [
                {
                    "height": 3024,
                    "html_attributions": [
                        "<a href=\"https://maps.google.com/maps/contrib/106508998814453130239\">ALOHA NTRMKR</a>"
                    ],
                    "photo_reference": "Aap_uECB0uZNx8VbCNcIMs2CyvfculJHgbJi8avQ5ifIBEysaZ1T3fH-OBd7kEnTNmHdtPYPOEvXR42437btTHd40rMeAt69HWoYvRb1eQgHjqyCVfxGoDXejGS5eblihUhXJaRMyWxayYM4opLU4eO9UbfqlVBusxzNwZiP2gBqkulx4pto",
                    "width": 4032
                }
            ],
            "place_id": "ChIJcXKAV-ecGGARjSwr_8cTRxw",
            "plus_code": {
                "compound_code": "VX6C+WQ 日本、千葉県柏市",
                "global_code": "8Q7XVX6C+WQ"
            },
            "price_level": 2,
            "rating": 3.6,
            "reference": "ChIJcXKAV-ecGGARjSwr_8cTRxw",
            "scope": "GOOGLE",
            "types": [
                "bakery",
                "meal_takeaway",
                "cafe",
                "restaurant",
                "food",
                "point_of_interest",
                "store",
                "establishment"
            ],
            "user_ratings_total": 99,
            "vicinity": "柏１丁目１−20 B1 スカイプラザ柏"
        },
        {
            "business_status": "OPERATIONAL",
            "geometry": {
                "location": {
                    "lat": 35.86235509999999,
                    "lng": 139.9703663
                },
                "viewport": {
                    "northeast": {
                        "lat": 35.8634358802915,
                        "lng": 139.9715504802915
                    },
                    "southwest": {
                        "lat": 35.8607379197085,
                        "lng": 139.9688525197085
                    }
                }
            },
            "icon": "https://maps.gstatic.com/mapfiles/place_api/icons/v1/png_71/restaurant-71.png",
            "icon_background_color": "#FF9E67",
            "icon_mask_base_uri": "https://maps.gstatic.com/mapfiles/place_api/icons/v2/restaurant_pinlet",
            "name": "マクドナルド 柏髙島屋ステーションモール店",
            "opening_hours": {
                "open_now": true
            },
            "photos": [
                {
                    "height": 3024,
                    "html_attributions": [
                        "<a href=\"https://maps.google.com/maps/contrib/112713441972877073514\">Ram_ Bohara</a>"
                    ],
                    "photo_reference": "Aap_uEB4-7m0dJYThepJw2cK4QCOjGpOTBH0ttpawj1WHidIc_K2wmcmJSs6OhZYsZTS2m4nOI1eJqInEaI4NJ1PuRswSQrWwzt2SYq4djTvE5h-knkkk1TWPEsFiDLoN9pJJi0xJxOPB91SQ5AcrrWRuyjpe3EY_VzQaYh3uAbGeUeUDD7b",
                    "width": 4032
                }
            ],
            "place_id": "ChIJY3Tz8OacGGARtRbQK_hJFCI",
            "plus_code": {
                "compound_code": "VX6C+W4 日本、千葉県柏市",
                "global_code": "8Q7XVX6C+W4"
            },
            "price_level": 1,
            "rating": 3.3,
            "reference": "ChIJY3Tz8OacGGARtRbQK_hJFCI",
            "scope": "GOOGLE",
            "types": [
                "cafe",
                "restaurant",
                "food",
                "point_of_interest",
                "store",
                "establishment"
            ],
            "user_ratings_total": 270,
            "vicinity": "柏市末広町１−１"
        },
        {
            "business_status": "OPERATIONAL",
            "geometry": {
                "location": {
                    "lat": 35.862183,
                    "lng": 139.9704403
                },
                "viewport": {
                    "northeast": {
                        "lat": 35.8632712802915,
                        "lng": 139.9715152802915
                    },
                    "southwest": {
                        "lat": 35.8605733197085,
                        "lng": 139.9688173197085
                    }
                }
            },
            "icon": "https://maps.gstatic.com/mapfiles/place_api/icons/v1/png_71/restaurant-71.png",
            "icon_background_color": "#FF9E67",
            "icon_mask_base_uri": "https://maps.gstatic.com/mapfiles/place_api/icons/v2/restaurant_pinlet",
            "name": "MOKUOLA STEAK&CAFE 柏高島屋ステーションモール",
            "opening_hours": {
                "open_now": true
            },
            "photos": [
                {
                    "height": 2160,
                    "html_attributions": [
                        "<a href=\"https://maps.google.com/maps/contrib/109399169698691346206\">たなっぺFPV</a>"
                    ],
                    "photo_reference": "Aap_uEBuY2XB2YHsOmwPplW26fCH6VVamK1f5sOnCVYoJGn6CCwDdGZ5sUDpfogeUfv2gotIJfNLG0GtPosgvrVBSSJcuU8LxhGEzdQKbroQVtwIqfkuDAes5nFjTxoEbSEd63tON5pHO45kLbbjv_EBwkJOiKE4jHdzdXFXub9WgoGWHZs",
                    "width": 3840
                }
            ],
            "place_id": "ChIJ4z7N5OacGGARGxeCSnrIxls",
            "plus_code": {
                "compound_code": "VX6C+V5 日本、千葉県柏市",
                "global_code": "8Q7XVX6C+V5"
            },
            "price_level": 2,
            "rating": 3.9,
            "reference": "ChIJ4z7N5OacGGARGxeCSnrIxls",
            "scope": "GOOGLE",
            "types": [
                "cafe",
                "restaurant",
                "food",
                "point_of_interest",
                "establishment"
            ],
            "user_ratings_total": 72,
            "vicinity": "柏市末広町１−１ 柏髙島屋ステーションモールS館 7F"
        },
        {
            "business_status": "OPERATIONAL",
            "geometry": {
                "location": {
                    "lat": 35.8630016,
                    "lng": 139.9710856
                },
                "viewport": {
                    "northeast": {
                        "lat": 35.86370760000001,
                        "lng": 139.9718432802915
                    },
                    "southwest": {
                        "lat": 35.8609796,
                        "lng": 139.9691453197085
                    }
                }
            },
            "icon": "https://maps.gstatic.com/mapfiles/place_api/icons/v1/png_71/cafe-71.png",
            "icon_background_color": "#FF9E67",
            "icon_mask_base_uri": "https://maps.gstatic.com/mapfiles/place_api/icons/v2/cafe_pinlet",
            "name": "アフタヌーンティー・ティールーム 高島屋柏店",
            "opening_hours": {
                "open_now": false
            },
            "photos": [
                {
                    "height": 1536,
                    "html_attributions": [
                        "<a href=\"https://maps.google.com/maps/contrib/110771726911868212849\">S K</a>"
                    ],
                    "photo_reference": "Aap_uEDl5I_3JNNEiGTvOA_s13fANBmrI8VPuSoXULQV8AA0TrqoAZMxgIr5K0tbGEHjqYOSo2aybApUQZWqf5HuDPYoJjin70z4eqtSOIk5vgCMSuGYkxgXO-OeHyGYhROarS7mYGwZhmyeTQVm2iVlUFbEa93Ux73QblHPZ79RvSx74Z6a",
                    "width": 2048
                }
            ],
            "place_id": "ChIJ7az-v-acGGAR4l6fi8WfTXI",
            "plus_code": {
                "compound_code": "VX7C+6C 日本、千葉県柏市",
                "global_code": "8Q7XVX7C+6C"
            },
            "price_level": 2,
            "rating": 3.8,
            "reference": "ChIJ7az-v-acGGAR4l6fi8WfTXI",
            "scope": "GOOGLE",
            "types": [
                "cafe",
                "food",
                "point_of_interest",
                "establishment"
            ],
            "user_ratings_total": 51,
            "vicinity": "柏市末広町３−１６ S館 4階 高島屋柏店"
        },
        {
            "business_status": "OPERATIONAL",
            "geometry": {
                "location": {
                    "lat": 35.8627637,
                    "lng": 139.9707317
                },
                "viewport": {
                    "northeast": {
                        "lat": 35.86356163029149,
                        "lng": 139.9716579302915
                    },
                    "southwest": {
                        "lat": 35.86086366970849,
                        "lng": 139.9689599697085
                    }
                }
            },
            "icon": "https://maps.gstatic.com/mapfiles/place_api/icons/v1/png_71/cafe-71.png",
            "icon_background_color": "#FF9E67",
            "icon_mask_base_uri": "https://maps.gstatic.com/mapfiles/place_api/icons/v2/cafe_pinlet",
            "name": "銀座和館 椿屋珈琲 柏髙島屋ステーションモール店",
            "opening_hours": {
                "open_now": false
            },
            "photos": [
                {
                    "height": 4032,
                    "html_attributions": [
                        "<a href=\"https://maps.google.com/maps/contrib/117821451478653336363\">coco vanilla</a>"
                    ],
                    "photo_reference": "Aap_uEA9r0mObg1eBceyPNKaSeveAEj3fxIRFKyT-RXCWCOjFBAg0VJ0XZS6NSycYyeUPSqDpj-4y9qJfe0pWoj2Ab-lynj6RCmc1m2o0v0RM9zNa5LdaGTmNL8KngoXpES42SXQiTW30Zh3wyG6egOLccNTNMTDK4OCOYXuJ_5B0PLPst_e",
                    "width": 2268
                }
            ],
            "place_id": "ChIJsW0NCkidGGARMq_iwr3Q-CM",
            "plus_code": {
                "compound_code": "VX7C+47 日本、千葉県柏市",
                "global_code": "8Q7XVX7C+47"
            },
            "rating": 4,
            "reference": "ChIJsW0NCkidGGARMq_iwr3Q-CM",
            "scope": "GOOGLE",
            "types": [
                "cafe",
                "food",
                "point_of_interest",
                "store",
                "establishment"
            ],
            "user_ratings_total": 2,
            "vicinity": "柏市末広町１−１ S 館4階"
        },
        {
            "business_status": "OPERATIONAL",
            "geometry": {
                "location": {
                    "lat": 35.86174,
                    "lng": 139.9710023
                },
                "viewport": {
                    "northeast": {
                        "lat": 35.8630889802915,
                        "lng": 139.9723512802915
                    },
                    "southwest": {
                        "lat": 35.8603910197085,
                        "lng": 139.9696533197085
                    }
                }
            },
            "icon": "https://maps.gstatic.com/mapfiles/place_api/icons/v1/png_71/cafe-71.png",
            "icon_background_color": "#FF9E67",
            "icon_mask_base_uri": "https://maps.gstatic.com/mapfiles/place_api/icons/v2/cafe_pinlet",
            "name": "地産地消 Cafe & Bar Cluster",
            "opening_hours": {
                "open_now": true
            },
            "photos": [
                {
                    "height": 809,
                    "html_attributions": [
                        "<a href=\"https://maps.google.com/maps/contrib/115043693026116248648\">地産地消 Cafe &amp; Bar Cluster</a>"
                    ],
                    "photo_reference": "Aap_uEDxO2c4LHaTXqW4uXjjtkGU_PqSiJcv3KtaC_yCFsWwG9EOxckiiBi42e8J-ch1OfKwrt-uSK-Flo_ZwDTfb1B9336OkldVsYDlLceVVPBKdK1YHi1GIYMTPWaB4ruhx0C8Uxy_-nKHGDtT1G0rmrdi3piHTaiqew6Syr0SpoXihkuj",
                    "width": 1440
                }
            ],
            "place_id": "ChIJ2S8oWvKcGGARCU27T_1U9mI",
            "plus_code": {
                "compound_code": "VX6C+MC 日本、千葉県柏市",
                "global_code": "8Q7XVX6C+MC"
            },
            "price_level": 2,
            "rating": 4.3,
            "reference": "ChIJ2S8oWvKcGGARCU27T_1U9mI",
            "scope": "GOOGLE",
            "types": [
                "cafe",
                "bar",
                "liquor_store",
                "food",
                "point_of_interest",
                "store",
                "establishment"
            ],
            "user_ratings_total": 115,
            "vicinity": "柏市柏１丁目１−１１ ファミリ柏 103"
        },
        {
            "business_status": "OPERATIONAL",
            "geometry": {
                "location": {
                    "lat": 35.8630618,
                    "lng": 139.9711702
                },
                "viewport": {
                    "northeast": {
                        "lat": 35.86441078029149,
                        "lng": 139.9725191802915
                    },
                    "southwest": {
                        "lat": 35.86171281970849,
                        "lng": 139.9698212197085
                    }
                }
            },
            "icon": "https://maps.gstatic.com/mapfiles/place_api/icons/v1/png_71/cafe-71.png",
            "icon_background_color": "#FF9E67",
            "icon_mask_base_uri": "https://maps.gstatic.com/mapfiles/place_api/icons/v2/cafe_pinlet",
            "name": "CAPITAL COFFEE 髙島屋柏店Ｓ館 2f",
            "opening_hours": {
                "open_now": false
            },
            "photos": [
                {
                    "height": 3492,
                    "html_attributions": [
                        "<a href=\"https://maps.google.com/maps/contrib/104876494670824096003\">小林紋次郎</a>"
                    ],
                    "photo_reference": "Aap_uEAn65JZV7d0CmWyyZYOHKWuC1lDRr6PzXHNPGX8RWFWDeXEwKqM_PJ49Wgbpnc3KqWsBLfIOO7WTyikV2k82JK7gXIoxT-_Ss1dgWuBlU3t0VliaC8zuxxkTu-0R57dHHUY56pnZjBzHa29TJluVHdMWh4YMXTEWSsK4RjK7pTEq8Qz",
                    "width": 4656
                }
            ],
            "place_id": "ChIJ72_RZ3qdGGARTPbgUycinqU",
            "plus_code": {
                "compound_code": "VX7C+6F 日本、千葉県柏市",
                "global_code": "8Q7XVX7C+6F"
            },
            "reference": "ChIJ72_RZ3qdGGARTPbgUycinqU",
            "scope": "GOOGLE",
            "types": [
                "cafe",
                "food",
                "point_of_interest",
                "store",
                "establishment"
            ],
            "vicinity": "柏市末広町１−１"
        },
        {
            "business_status": "OPERATIONAL",
            "geometry": {
                "location": {
                    "lat": 35.86209739999999,
                    "lng": 139.9702655
                },
                "viewport": {
                    "northeast": {
                        "lat": 35.86322848029149,
                        "lng": 139.9714240802915
                    },
                    "southwest": {
                        "lat": 35.86053051970849,
                        "lng": 139.9687261197085
                    }
                }
            },
            "icon": "https://maps.gstatic.com/mapfiles/place_api/icons/v1/png_71/cafe-71.png",
            "icon_background_color": "#FF9E67",
            "icon_mask_base_uri": "https://maps.gstatic.com/mapfiles/place_api/icons/v2/cafe_pinlet",
            "name": "えりぷろ",
            "place_id": "ChIJDcPmZHedGGARum_cWU1QKJw",
            "plus_code": {
                "compound_code": "VX6C+R4 日本、千葉県柏市",
                "global_code": "8Q7XVX6C+R4"
            },
            "reference": "ChIJDcPmZHedGGARum_cWU1QKJw",
            "scope": "GOOGLE",
            "types": [
                "cafe",
                "food",
                "point_of_interest",
                "establishment"
            ],
            "vicinity": "柏市末広町１"
        },
        {
            "business_status": "OPERATIONAL",
            "geometry": {
                "location": {
                    "lat": 35.8615617,
                    "lng": 139.9708322
                },
                "viewport": {
                    "northeast": {
                        "lat": 35.8628397302915,
                        "lng": 139.9722972302915
                    },
                    "southwest": {
                        "lat": 35.8601417697085,
                        "lng": 139.9695992697085
                    }
                }
            },
            "icon": "https://maps.gstatic.com/mapfiles/place_api/icons/v1/png_71/cafe-71.png",
            "icon_background_color": "#FF9E67",
            "icon_mask_base_uri": "https://maps.gstatic.com/mapfiles/place_api/icons/v2/cafe_pinlet",
            "name": "コンパル東口店",
            "opening_hours": {
                "open_now": false
            },
            "photos": [
                {
                    "height": 4032,
                    "html_attributions": [
                        "<a href=\"https://maps.google.com/maps/contrib/106508998814453130239\">ALOHA NTRMKR</a>"
                    ],
                    "photo_reference": "Aap_uEBQN58MK_vviSjr_vFuFiVqiyJ2ypU_0Ixs5GqqsqCDk0SbFMX6PP2UbePSUVZfbhEcwRqSp_uOxtBEmskYx6AR6tt9q44gFFEHWfK78yCB7kQF6ZeuNZVNyNWJHdfLOQ-kHOVQv746qLBqbWXP28EAk2xm-puzCCN9M6XXyVPojEUc",
                    "width": 3024
                }
            ],
            "place_id": "ChIJS-4RGeecGGARK1YNIQ4GGvk",
            "plus_code": {
                "compound_code": "VX6C+J8 日本、千葉県柏市",
                "global_code": "8Q7XVX6C+J8"
            },
            "rating": 3.5,
            "reference": "ChIJS-4RGeecGGARK1YNIQ4GGvk",
            "scope": "GOOGLE",
            "types": [
                "cafe",
                "food",
                "point_of_interest",
                "store",
                "establishment"
            ],
            "user_ratings_total": 57,
            "vicinity": "柏市柏１丁目１−１１ ファミリかしわ ２F"
        },
        {
            "business_status": "OPERATIONAL",
            "geometry": {
                "location": {
                    "lat": 35.8629879,
                    "lng": 139.9704804
                },
                "viewport": {
                    "northeast": {
                        "lat": 35.86433908029151,
                        "lng": 139.9718765302915
                    },
                    "southwest": {
                        "lat": 35.86164111970851,
                        "lng": 139.9691785697085
                    }
                }
            },
            "icon": "https://maps.gstatic.com/mapfiles/place_api/icons/v1/png_71/cafe-71.png",
            "icon_background_color": "#FF9E67",
            "icon_mask_base_uri": "https://maps.gstatic.com/mapfiles/place_api/icons/v2/cafe_pinlet",
            "name": "サロン・ド・テ シェ松尾",
            "opening_hours": {
                "open_now": false
            },
            "photos": [
                {
                    "height": 2592,
                    "html_attributions": [
                        "<a href=\"https://maps.google.com/maps/contrib/101370921588213460328\">Hiromi K</a>"
                    ],
                    "photo_reference": "Aap_uEAoyv6I1l6HT2KeqvFONaIMIZO7J_dWE0tLCUFFrBTcJ2w0eUB6s1_j2xdr1gvyaGaBDeiSxNUezRNz3Nm_mgmLMlvSsGBg_YqREd-Hw0--beEc32ymH06BUS09vfEj_2CUk-LaX-gtfczN-u8aRm1j4srJsGFcX_oq0rQhjNq-QHiR",
                    "width": 4608
                }
            ],
            "place_id": "ChIJgwXkjuacGGARLeiPQ-tFZdk",
            "plus_code": {
                "compound_code": "VX7C+55 日本、千葉県柏市",
                "global_code": "8Q7XVX7C+55"
            },
            "rating": 4.1,
            "reference": "ChIJgwXkjuacGGARLeiPQ-tFZdk",
            "scope": "GOOGLE",
            "types": [
                "cafe",
                "restaurant",
                "food",
                "point_of_interest",
                "establishment"
            ],
            "user_ratings_total": 33,
            "vicinity": "柏市末広町３−１６"
        },
        {
            "business_status": "OPERATIONAL",
            "geometry": {
                "location": {
                    "lat": 35.8614881,
                    "lng": 139.9709011
                },
                "viewport": {
                    "northeast": {
                        "lat": 35.8628508802915,
                        "lng": 139.9722609802915
                    },
                    "southwest": {
                        "lat": 35.8601529197085,
                        "lng": 139.9695630197085
                    }
                }
            },
            "icon": "https://maps.gstatic.com/mapfiles/place_api/icons/v1/png_71/cafe-71.png",
            "icon_background_color": "#FF9E67",
            "icon_mask_base_uri": "https://maps.gstatic.com/mapfiles/place_api/icons/v2/cafe_pinlet",
            "name": "Pearl Lady CHA BAR（茶バー）柏マルイ店",
            "opening_hours": {
                "open_now": false
            },
            "photos": [
                {
                    "height": 1200,
                    "html_attributions": [
                        "<a href=\"https://maps.google.com/maps/contrib/110771726911868212849\">S K</a>"
                    ],
                    "photo_reference": "Aap_uEBNxz7orHGPB-ChnnO25Ue9G8TorFl6EvktRMigytxQFPCEJ-8XL-u-4iyPqwusCUdFsYru4jMMvRhfUhxq5XbMuwOz48VT6FbvBakvTeWCk7U1VDvvnRT0cITZLSbvKStT4tC8VZf-_lYzlbpW9H3-0YJo7kGTOWk4C9CQ36EqW2Ht",
                    "width": 1200
                }
            ],
            "place_id": "ChIJLTmoJW6dGGARD7b7RfVcQp4",
            "plus_code": {
                "compound_code": "VX6C+H9 日本、千葉県柏市",
                "global_code": "8Q7XVX6C+H9"
            },
            "price_level": 1,
            "rating": 3.8,
            "reference": "ChIJLTmoJW6dGGARD7b7RfVcQp4",
            "scope": "GOOGLE",
            "types": [
                "cafe",
                "food",
                "point_of_interest",
                "establishment"
            ],
            "user_ratings_total": 13,
            "vicinity": "柏市柏１丁目１−１１ 柏マルイ 2F"
        }
    ],
    "status": "OK"
}