{
    "html_attributions": [],
    "results": [
        {
            "business_status": "OPERATIONAL",
            "geometry": {
                "location": {
                    "lat": 35.8624274,
                    "lng": 139.9718942
                },
                "viewport": {
                    "northeast": {
                        "lat": 35.8637477302915,
                        "lng": 139.9730290802915
                    },
                    "southwest": {
                        "lat": 35.8610497697085,
                        "lng": 139.9703311197085
                    }
                }
            },
            "icon": "https://maps.gstatic.com/mapfiles/place_api/icons/v1/png_71/park-71.png",
            "icon_background_color": "#4DB546",
            "icon_mask_base_uri": "https://maps.gstatic.com/mapfiles/place_api/icons/v2/tree_pinlet",
            "name": "柏駅東口ダブルデッキ（サンサン広場）",
            "photos": [
                {
                    "height": 3492,
                    "html_attributions": [
                        "<a href=\"https://maps.google.com/maps/contrib/104876494670824096003\">小林紋次郎</a>"
                    ],
                    "photo_reference": "Aap_uECmnj3mz-mrJ4W6_21YGurOpsEHvSBy5cS07dLlZW6ivQI0G-3Q2906x5CbKYJofoXP7wWCPjmtHtfmgfqL6pRWxghumPoywC8rmggt9l1YlXCT5fL0BzZw_-9LjGIAwfI_BSTguZg-49pjYC1zpF09LvZP6rSHXTK386XM9NNAYiXU",
                    "width": 4656
                }
            ],
            "place_id": "ChIJr4LNFm6dGGARpoUOgST3bHU",
            "plus_code": {
                "compound_code": "VX6C+XQ 日本、千葉県柏市",
                "global_code": "8Q7XVX6C+XQ"
            },
            "rating": 5,
            "reference": "ChIJr4LNFm6dGGARpoUOgST3bHU",
            "scope": "GOOGLE",
            "types": [
                "park",
                "point_of_interest",
                "establishment"
            ],
            "user_ratings_total": 1,
            "vicinity": "柏市柏１丁目１"
        }
    ],
    "status": "OK"
}