{
    "html_attributions": [],
    "results": [
        {
            "business_status": "OPERATIONAL",
            "geometry": {
                "location": {
                    "lat": 35.8626214,
                    "lng": 139.9727582
                },
                "viewport": {
                    "northeast": {
                        "lat": 35.8639703802915,
                        "lng": 139.9741071802915
                    },
                    "southwest": {
                        "lat": 35.8612724197085,
                        "lng": 139.9714092197085
                    }
                }
            },
            "icon": "https://maps.gstatic.com/mapfiles/place_api/icons/v1/png_71/cafe-71.png",
            "icon_background_color": "#FF9E67",
            "icon_mask_base_uri": "https://maps.gstatic.com/mapfiles/place_api/icons/v2/cafe_pinlet",
            "name": "プリプリ",
            "opening_hours": {
                "open_now": false
            },
            "photos": [
                {
                    "height": 1942,
                    "html_attributions": [
                        "<a href=\"https://maps.google.com/maps/contrib/105603294701906062099\">Tori Dori</a>"
                    ],
                    "photo_reference": "Aap_uEBH8Yoz9pTzkvHF98xbjbcnRQgH7Kgnm4cpajPTCf63bL6yBVznjpEi6yOyidK6ZZEl_Vl8nulmx6e9IK5YqfFB7oXL7ETVhhuLEO2ObcW54586d6A9pr1EM3Nv5xyFJF7vQNSBvoVrpw7l_3QR3i_0F5-CGyPVMejg0sdB-BGaIv6v",
                    "width": 2692
                }
            ],
            "place_id": "ChIJGcqL2yuDGGARk4KAQjWY7sI",
            "plus_code": {
                "compound_code": "VX7F+24 日本、千葉県柏市",
                "global_code": "8Q7XVX7F+24"
            },
            "price_level": 1,
            "rating": 4.1,
            "reference": "ChIJGcqL2yuDGGARk4KAQjWY7sI",
            "scope": "GOOGLE",
            "types": [
                "cafe",
                "food",
                "point_of_interest",
                "establishment"
            ],
            "user_ratings_total": 53,
            "vicinity": "柏市柏２丁目１１−１７"
        },
        {
            "business_status": "OPERATIONAL",
            "geometry": {
                "location": {
                    "lat": 35.86263840000001,
                    "lng": 139.9723422
                },
                "viewport": {
                    "northeast": {
                        "lat": 35.8639873802915,
                        "lng": 139.9736911802915
                    },
                    "southwest": {
                        "lat": 35.86128941970851,
                        "lng": 139.9709932197085
                    }
                }
            },
            "icon": "https://maps.gstatic.com/mapfiles/place_api/icons/v1/png_71/cafe-71.png",
            "icon_background_color": "#FF9E67",
            "icon_mask_base_uri": "https://maps.gstatic.com/mapfiles/place_api/icons/v2/cafe_pinlet",
            "name": "ドトールコーヒーショップ スカイプラザ柏店",
            "opening_hours": {
                "open_now": false
            },
            "photos": [
                {
                    "height": 1536,
                    "html_attributions": [
                        "<a href=\"https://maps.google.com/maps/contrib/114368458166332586054\">blues</a>"
                    ],
                    "photo_reference": "Aap_uECnPNelEy_DFULPEQK8q47LtbXjk8w5YYIQ8qdB0KT-N9K9H-vFrGfSSr2iFY-jBdO6OroEu-9mjjJmATU7riOYGlmmFfX4tFhD7Y0JA0LDRGOiDU6dReR_f_ixxmsnKq9gdUWylK74wJL23LbQCb4tDXwEQe5ldj3Zj95uZsOTt6Ct",
                    "width": 2048
                }
            ],
            "place_id": "ChIJ9c4fKeecGGAR0EAtgCiOo_8",
            "plus_code": {
                "compound_code": "VX7C+3W 日本、千葉県柏市",
                "global_code": "8Q7XVX7C+3W"
            },
            "price_level": 1,
            "rating": 3.6,
            "reference": "ChIJ9c4fKeecGGAR0EAtgCiOo_8",
            "scope": "GOOGLE",
            "types": [
                "cafe",
                "food",
                "point_of_interest",
                "establishment"
            ],
            "user_ratings_total": 228,
            "vicinity": "柏市柏１丁目１−２０ スカイプラザ柏 １Ｆ"
        }
    ],
    "status": "OK"
}