{
    "html_attributions": [],
    "results": [
        {
            "business_status": "OPERATIONAL",
            "geometry": {
                "location": {
                    "lat": 35.8659531,
                    "lng": 139.9651146
                },
                "viewport": {
                    "northeast": {
                        "lat": 35.86729663029151,
                        "lng": 139.9667579302915
                    },
                    "southwest": {
                        "lat": 35.86459866970851,
                        "lng": 139.9640599697085
                    }
                }
            },
            "icon": "https://maps.gstatic.com/mapfiles/place_api/icons/v1/png_71/park-71.png",
            "icon_background_color": "#4DB546",
            "icon_mask_base_uri": "https://maps.gstatic.com/mapfiles/place_api/icons/v2/tree_pinlet",
            "name": "柏西口第一公園",
            "opening_hours": {
                "open_now": true
            },
            "photos": [
                {
                    "height": 4672,
                    "html_attributions": [
                        "<a href=\"https://maps.google.com/maps/contrib/102305274015550718420\">王忠淳</a>"
                    ],
                    "photo_reference": "Aap_uEBM_e0Hwv6VEiRYEOuP-q8cHk-8Ps-4ECFn3axFSrVKPBDdOJ4uBLwXFe9zqF5iM3ggl9pX3umxG5p0IswBySB8j6CFvpb9Bsz77ULoaIofeERoiiUcYt6oiDcukZoRw3Izc-7wMSmL9CMJjlM_LHw92-hVdMEXg7ZhERUEt7zoXuWW",
                    "width": 3504
                }
            ],
            "place_id": "ChIJyT2Sze-cGGARvWdsLnVdvjo",
            "plus_code": {
                "compound_code": "VX88+92 日本、千葉県柏市",
                "global_code": "8Q7XVX88+92"
            },
            "rating": 3.7,
            "reference": "ChIJyT2Sze-cGGARvWdsLnVdvjo",
            "scope": "GOOGLE",
            "types": [
                "park",
                "tourist_attraction",
                "point_of_interest",
                "establishment"
            ],
            "user_ratings_total": 169,
            "vicinity": "柏市明原３丁目１"
        }
    ],
    "status": "OK"
}