{
    "html_attributions": [],
    "results": [
        {
            "business_status": "OPERATIONAL",
            "geometry": {
                "location": {
                    "lat": 35.7133079,
                    "lng": 139.8010784
                },
                "viewport": {
                    "northeast": {
                        "lat": 35.71465688029149,
                        "lng": 139.8024273802915
                    },
                    "southwest": {
                        "lat": 35.71195891970849,
                        "lng": 139.7997294197085
                    }
                }
            },
            "icon": "https://maps.gstatic.com/mapfiles/place_api/icons/v1/png_71/cafe-71.png",
            "icon_background_color": "#FF9E67",
            "icon_mask_base_uri": "https://maps.gstatic.com/mapfiles/place_api/icons/v2/cafe_pinlet",
            "name": "CAFE W.E(カフェ ウィ)",
            "opening_hours": {
                "open_now": false
            },
            "photos": [
                {
                    "height": 1333,
                    "html_attributions": [
                        "<a href=\"https://maps.google.com/maps/contrib/118057824984241921566\">CAFE W.E(カフェ ウィ)</a>"
                    ],
                    "photo_reference": "Aap_uEBz-2tBt3nw0-HC8Ui7nah0BeC0qtQTm2tjR6nSZldWRmg7At7b_vo6375BGRG3JvNQxaF3kvvUVzLLr_pR0NaoBFBsfj2yfnUbCbDQr_tAx4VCCdogmazf_QpTUoHWij-kOcpc51jfglfBKLpdBGOigPQkfs55ASWxuudP6G84uXGY",
                    "width": 2000
                }
            ],
            "place_id": "ChIJ3Vn7FcSOGGARTVwHs7JoQh0",
            "plus_code": {
                "compound_code": "PR72+8C 日本、東京都台東区",
                "global_code": "8Q7XPR72+8C"
            },
            "rating": 3.9,
            "reference": "ChIJ3Vn7FcSOGGARTVwHs7JoQh0",
            "scope": "GOOGLE",
            "types": [
                "cafe",
                "meal_delivery",
                "meal_takeaway",
                "restaurant",
                "food",
                "point_of_interest",
                "store",
                "establishment"
            ],
            "user_ratings_total": 100,
            "vicinity": "台東区花川戸１丁目1番地30号 隅田公園内"
        },
        {
            "business_status": "OPERATIONAL",
            "geometry": {
                "location": {
                    "lat": 35.71341820000001,
                    "lng": 139.8012615
                },
                "viewport": {
                    "northeast": {
                        "lat": 35.7147671802915,
                        "lng": 139.8026104802915
                    },
                    "southwest": {
                        "lat": 35.7120692197085,
                        "lng": 139.7999125197085
                    }
                }
            },
            "icon": "https://maps.gstatic.com/mapfiles/place_api/icons/v1/png_71/cafe-71.png",
            "icon_background_color": "#FF9E67",
            "icon_mask_base_uri": "https://maps.gstatic.com/mapfiles/place_api/icons/v2/cafe_pinlet",
            "name": "タリーズコーヒー 隅田公園店",
            "opening_hours": {
                "open_now": false
            },
            "photos": [
                {
                    "height": 4014,
                    "html_attributions": [
                        "<a href=\"https://maps.google.com/maps/contrib/110807531686252733131\">Masahiko Motono</a>"
                    ],
                    "photo_reference": "Aap_uEDlWqBmgjTbfanugIrFqAAOZgun3vErF0v4XMASeOxG_ybAbLHCze7XVABIXQFVv2L1oxj0gZBVCVpi3JuxulDEfWAbTjr33Dm6Ssw0pUPiLwyXY2hxRQ8xtKNt8sljVV7egKef1Zh4LbqraBN7MmBgJjY5aHj-vHRpyt7m4Wz-NwMG",
                    "width": 6013
                }
            ],
            "place_id": "ChIJgfejh8SOGGARTr-1EeAXnK4",
            "plus_code": {
                "compound_code": "PR72+9G 日本、東京都台東区",
                "global_code": "8Q7XPR72+9G"
            },
            "price_level": 2,
            "rating": 4.1,
            "reference": "ChIJgfejh8SOGGARTr-1EeAXnK4",
            "scope": "GOOGLE",
            "types": [
                "cafe",
                "food",
                "point_of_interest",
                "store",
                "establishment"
            ],
            "user_ratings_total": 329,
            "vicinity": "台東区花川戸１丁目１−３１"
        },
        {
            "business_status": "OPERATIONAL",
            "geometry": {
                "location": {
                    "lat": 35.713793,
                    "lng": 139.8000546
                },
                "viewport": {
                    "northeast": {
                        "lat": 35.71514198029151,
                        "lng": 139.8014035802915
                    },
                    "southwest": {
                        "lat": 35.71244401970851,
                        "lng": 139.7987056197085
                    }
                }
            },
            "icon": "https://maps.gstatic.com/mapfiles/place_api/icons/v1/png_71/cafe-71.png",
            "icon_background_color": "#FF9E67",
            "icon_mask_base_uri": "https://maps.gstatic.com/mapfiles/place_api/icons/v2/cafe_pinlet",
            "name": "浅草茶房",
            "opening_hours": {
                "open_now": false
            },
            "photos": [
                {
                    "height": 2160,
                    "html_attributions": [
                        "<a href=\"https://maps.google.com/maps/contrib/118252634782609753961\">奈塚Q弥</a>"
                    ],
                    "photo_reference": "Aap_uECEzEgJllEApSEbbQuO_JiUJLpJP_KUjTZjhGERP-bf2ax28cRHg6icRsXwNJ44gxRCYl5dxCrKS1IdVuW3xAGgdjkwFWjqneFwtjgfWrU1iJkOTLCXwLPVenMv88EDfaV4wUK6o5XSGDIUx5rlow7p3LTtfFaRzFlstQPSPd2aGGz_",
                    "width": 3840
                }
            ],
            "place_id": "ChIJ36uUjsOOGGARdC4J4m4bPZM",
            "plus_code": {
                "compound_code": "PR72+G2 日本、東京都台東区",
                "global_code": "8Q7XPR72+G2"
            },
            "price_level": 2,
            "rating": 4.4,
            "reference": "ChIJ36uUjsOOGGARdC4J4m4bPZM",
            "scope": "GOOGLE",
            "types": [
                "cafe",
                "food",
                "point_of_interest",
                "establishment"
            ],
            "user_ratings_total": 45,
            "vicinity": "台東区花川戸１丁目１３−９"
        },
        {
            "business_status": "OPERATIONAL",
            "geometry": {
                "location": {
                    "lat": 35.71377400000001,
                    "lng": 139.800122
                },
                "viewport": {
                    "northeast": {
                        "lat": 35.71512298029151,
                        "lng": 139.8014709802915
                    },
                    "southwest": {
                        "lat": 35.71242501970851,
                        "lng": 139.7987730197085
                    }
                }
            },
            "icon": "https://maps.gstatic.com/mapfiles/place_api/icons/v1/png_71/cafe-71.png",
            "icon_background_color": "#FF9E67",
            "icon_mask_base_uri": "https://maps.gstatic.com/mapfiles/place_api/icons/v2/cafe_pinlet",
            "name": "セリーヌ",
            "opening_hours": {
                "open_now": false
            },
            "photos": [
                {
                    "height": 3024,
                    "html_attributions": [
                        "<a href=\"https://maps.google.com/maps/contrib/106287685607929493856\">SURA DAIJI</a>"
                    ],
                    "photo_reference": "Aap_uEAOmQUr4ruV3uD1tQQU6es5NNA74UPXnIpuXoeyO7bs0wSex-N77LJ8s-QcpknBx7QpR6NbLuEV61noK5iLQRQyh39tcYezRmKHIdJzDW-SGaPV8_OmN4QfxZaTu2ekiGbifqhfU0QxNyNJXOiDzj6jaReWolkItnOiXx49ISJNrRde",
                    "width": 4032
                }
            ],
            "place_id": "ChIJ36uUjsOOGGARIHbxHVS0CmU",
            "plus_code": {
                "compound_code": "PR72+G2 日本、東京都台東区",
                "global_code": "8Q7XPR72+G2"
            },
            "rating": 4.5,
            "reference": "ChIJ36uUjsOOGGARIHbxHVS0CmU",
            "scope": "GOOGLE",
            "types": [
                "cafe",
                "food",
                "point_of_interest",
                "store",
                "establishment"
            ],
            "user_ratings_total": 19,
            "vicinity": "台東区花川戸１丁目１３−９"
        },
        {
            "business_status": "OPERATIONAL",
            "geometry": {
                "location": {
                    "lat": 35.7138051,
                    "lng": 139.8000738
                },
                "viewport": {
                    "northeast": {
                        "lat": 35.71515408029151,
                        "lng": 139.8014227802915
                    },
                    "southwest": {
                        "lat": 35.71245611970851,
                        "lng": 139.7987248197085
                    }
                }
            },
            "icon": "https://maps.gstatic.com/mapfiles/place_api/icons/v1/png_71/cafe-71.png",
            "icon_background_color": "#FF9E67",
            "icon_mask_base_uri": "https://maps.gstatic.com/mapfiles/place_api/icons/v2/cafe_pinlet",
            "name": "Cafe-Asakusa",
            "opening_hours": {
                "open_now": false
            },
            "place_id": "ChIJvdR9jsOOGGARO6v0UWajnc8",
            "plus_code": {
                "compound_code": "PR72+G2 日本、東京都台東区",
                "global_code": "8Q7XPR72+G2"
            },
            "reference": "ChIJvdR9jsOOGGARO6v0UWajnc8",
            "scope": "GOOGLE",
            "types": [
                "cafe",
                "food",
                "point_of_interest",
                "establishment"
            ],
            "vicinity": "Japan"
        }
    ],
    "status": "OK"
}