{
    "html_attributions": [],
    "results": [
        {
            "business_status": "OPERATIONAL",
            "geometry": {
                "location": {
                    "lat": 35.7134605,
                    "lng": 139.7947628
                },
                "viewport": {
                    "northeast": {
                        "lat": 35.71477918029149,
                        "lng": 139.7958669302915
                    },
                    "southwest": {
                        "lat": 35.71208121970849,
                        "lng": 139.7931689697085
                    }
                }
            },
            "icon": "https://maps.gstatic.com/mapfiles/place_api/icons/v1/png_71/park-71.png",
            "icon_background_color": "#4DB546",
            "icon_mask_base_uri": "https://maps.gstatic.com/mapfiles/place_api/icons/v2/tree_pinlet",
            "name": "伝法院庭園",
            "photos": [
                {
                    "height": 999,
                    "html_attributions": [
                        "<a href=\"https://maps.google.com/maps/contrib/101930245430348664733\">Ivan Patmadiwiria</a>"
                    ],
                    "photo_reference": "Aap_uEDrX1_rin3ETO5XGkt76WngKzW07HUuBuKZtoWPshilRKoDad3N_1nev49F9_ZxhaZJx7PvYdU2wvENR8KnfBxbDI4mcd5l6jheKRrJ9VCv2mYFJl55_ZvEkkFLKQWay7WdLFw3J25AtAdX29_RXf9Tb2MZlLdoeb5CCobWUQ-dio1o",
                    "width": 800
                }
            ],
            "place_id": "ChIJx2wK9cCOGGAR_tnBAgUwpDU",
            "plus_code": {
                "compound_code": "PQ7V+9W 日本、東京都台東区",
                "global_code": "8Q7XPQ7V+9W"
            },
            "rating": 4.3,
            "reference": "ChIJx2wK9cCOGGAR_tnBAgUwpDU",
            "scope": "GOOGLE",
            "types": [
                "tourist_attraction",
                "park",
                "point_of_interest",
                "establishment"
            ],
            "user_ratings_total": 72,
            "vicinity": "台東区浅草２丁目３−１"
        }
    ],
    "status": "OK"
}