{
    "html_attributions": [],
    "results": [
        {
            "business_status": "OPERATIONAL",
            "geometry": {
                "location": {
                    "lat": 35.71524909999999,
                    "lng": 139.7959685
                },
                "viewport": {
                    "northeast": {
                        "lat": 35.7165980802915,
                        "lng": 139.7973174802915
                    },
                    "southwest": {
                        "lat": 35.7139001197085,
                        "lng": 139.7946195197085
                    }
                }
            },
            "icon": "https://maps.gstatic.com/mapfiles/place_api/icons/v1/png_71/park-71.png",
            "icon_background_color": "#4DB546",
            "icon_mask_base_uri": "https://maps.gstatic.com/mapfiles/place_api/icons/v2/tree_pinlet",
            "name": "公衆喫煙所",
            "photos": [
                {
                    "height": 624,
                    "html_attributions": [
                        "<a href=\"https://maps.google.com/maps/contrib/117575796686517258335\">Patrick Petit</a>"
                    ],
                    "photo_reference": "Aap_uEB-qyCz2hYPOCpFjF4NN1COmzQDYh7EgYhBz-6iEGrx4p1epf-Y6nPG5ANAOrsFfFFPtOG_La_yPciTYD4JFe4i2ASaqgmd6wCchGFEANbUwOD0qmp51UxSAlpUtFZx_0LnNym43qVZtZNDG7MhAyM0Buy4b6SjDXVOVCN4TLRWsbNC",
                    "width": 721
                }
            ],
            "place_id": "ChIJdfXhGPqPGGARXquWDn4PX0g",
            "plus_code": {
                "compound_code": "PQ8W+39 日本、東京都台東区",
                "global_code": "8Q7XPQ8W+39"
            },
            "rating": 4,
            "reference": "ChIJdfXhGPqPGGARXquWDn4PX0g",
            "scope": "GOOGLE",
            "types": [
                "park",
                "point_of_interest",
                "establishment"
            ],
            "user_ratings_total": 2,
            "vicinity": "台東区浅草２丁目３"
        }
    ],
    "status": "OK"
}