{
    "html_attributions": [],
    "results": [
        {
            "business_status": "OPERATIONAL",
            "geometry": {
                "location": {
                    "lat": 35.7130887,
                    "lng": 139.796734
                },
                "viewport": {
                    "northeast": {
                        "lat": 35.7144376802915,
                        "lng": 139.7980829802915
                    },
                    "southwest": {
                        "lat": 35.7117397197085,
                        "lng": 139.7953850197085
                    }
                }
            },
            "icon": "https://maps.gstatic.com/mapfiles/place_api/icons/v1/png_71/cafe-71.png",
            "icon_background_color": "#FF9E67",
            "icon_mask_base_uri": "https://maps.gstatic.com/mapfiles/place_api/icons/v2/cafe_pinlet",
            "name": "キヤンデイ",
            "opening_hours": {
                "open_now": false
            },
            "photos": [
                {
                    "height": 3024,
                    "html_attributions": [
                        "<a href=\"https://maps.google.com/maps/contrib/105806540503250597386\">fumio k</a>"
                    ],
                    "photo_reference": "Aap_uEBIOV7tRTDaURHaBt9HzpIRgDOtRkON15kaM-ml9ozCW81ImnRQL3CKZ93PZZADtK1xe_I8SmTbbAEcZ7dI8q7QKFpqj1w13MyiE0tV62w2agzXkxJnuX8lf8Mlc31uSJgNl3i9u-Igcb8XnVeaC1_LrbqAVZbN3bF3r_5w7cqYaFH2",
                    "width": 4032
                }
            ],
            "place_id": "ChIJHYK4PcGOGGARrX3grlmWcfc",
            "plus_code": {
                "compound_code": "PQ7W+6M 日本、東京都台東区",
                "global_code": "8Q7XPQ7W+6M"
            },
            "rating": 3.1,
            "reference": "ChIJHYK4PcGOGGARrX3grlmWcfc",
            "scope": "GOOGLE",
            "types": [
                "cafe",
                "food",
                "point_of_interest",
                "establishment"
            ],
            "user_ratings_total": 18,
            "vicinity": "台東区浅草２丁目２−５"
        },
        {
            "business_status": "OPERATIONAL",
            "geometry": {
                "location": {
                    "lat": 35.71404719999999,
                    "lng": 139.7969856
                },
                "viewport": {
                    "northeast": {
                        "lat": 35.71539618029149,
                        "lng": 139.7983345802915
                    },
                    "southwest": {
                        "lat": 35.71269821970849,
                        "lng": 139.7956366197085
                    }
                }
            },
            "icon": "https://maps.gstatic.com/mapfiles/place_api/icons/v1/png_71/cafe-71.png",
            "icon_background_color": "#FF9E67",
            "icon_mask_base_uri": "https://maps.gstatic.com/mapfiles/place_api/icons/v2/cafe_pinlet",
            "name": "伊藤園茶屋",
            "opening_hours": {
                "open_now": false
            },
            "photos": [
                {
                    "height": 4032,
                    "html_attributions": [
                        "<a href=\"https://maps.google.com/maps/contrib/111227414747804564127\">UT GD</a>"
                    ],
                    "photo_reference": "Aap_uED5hZDWPiIk-QmSlNKusyJfdX2jia9nwTzi4KHHo5Y1sMQt44iVeT8MmvRt-7hJ01oCdN2kHGiQLucDTywxc_5LTlvr8NZUn0luCCRIEPVyelbIOt3svsn1bvsHTV5DXjKyXGSTKTSyrgPSsfL9Bnqm8xwlfgG_NNyiG5mPs5DSt64t",
                    "width": 3024
                }
            ],
            "place_id": "ChIJg0bSzvmPGGARt-g38xG0zzA",
            "plus_code": {
                "compound_code": "PQ7W+JQ 日本、東京都台東区",
                "global_code": "8Q7XPQ7W+JQ"
            },
            "rating": 3.5,
            "reference": "ChIJg0bSzvmPGGARt-g38xG0zzA",
            "scope": "GOOGLE",
            "types": [
                "cafe",
                "food",
                "point_of_interest",
                "establishment"
            ],
            "user_ratings_total": 2,
            "vicinity": "台東区浅草２丁目３"
        }
    ],
    "status": "OK"
}