{
    "html_attributions": [],
    "results": [
        {
            "business_status": "OPERATIONAL",
            "geometry": {
                "location": {
                    "lat": 35.7107642,
                    "lng": 139.7982715
                },
                "viewport": {
                    "northeast": {
                        "lat": 35.7121131802915,
                        "lng": 139.7996204802915
                    },
                    "southwest": {
                        "lat": 35.7094152197085,
                        "lng": 139.7969225197085
                    }
                }
            },
            "icon": "https://maps.gstatic.com/mapfiles/place_api/icons/v1/png_71/park-71.png",
            "icon_background_color": "#4DB546",
            "icon_mask_base_uri": "https://maps.gstatic.com/mapfiles/place_api/icons/v2/tree_pinlet",
            "name": "台東区立 隅田公園",
            "opening_hours": {
                "open_now": true
            },
            "photos": [
                {
                    "height": 2736,
                    "html_attributions": [
                        "<a href=\"https://maps.google.com/maps/contrib/102057365809731321411\">flowerkyoung</a>"
                    ],
                    "photo_reference": "Aap_uEDW38qqlJiqDcRtHfWaHkp5e4L3fwccF1CDJz9cO5TVkEEMT60IfLvnRtkgTzr0EwCzPy_Uq9cRM69Bb7D88fXU6BZXcu9fJQDrQx8EZls6Bbh8povPIkmj14NdJQcYofJwLjhF-XkFKsq3YcZ6UOIEL98Hdr8DV3RQdd6sF0qHOjgZ",
                    "width": 3648
                }
            ],
            "place_id": "ChIJZ4oTScOOGGAR16BfN7ADXMk",
            "plus_code": {
                "compound_code": "PQ6X+88 日本、東京都台東区",
                "global_code": "8Q7XPQ6X+88"
            },
            "rating": 4.1,
            "reference": "ChIJZ4oTScOOGGAR16BfN7ADXMk",
            "scope": "GOOGLE",
            "types": [
                "park",
                "point_of_interest",
                "establishment"
            ],
            "user_ratings_total": 2577,
            "vicinity": "台東区花川戸１丁目"
        },
        {
            "business_status": "OPERATIONAL",
            "geometry": {
                "location": {
                    "lat": 35.7131902,
                    "lng": 139.7974483
                },
                "viewport": {
                    "northeast": {
                        "lat": 35.7144923802915,
                        "lng": 139.7987902302915
                    },
                    "southwest": {
                        "lat": 35.7117944197085,
                        "lng": 139.7960922697085
                    }
                }
            },
            "icon": "https://maps.gstatic.com/mapfiles/place_api/icons/v1/png_71/park-71.png",
            "icon_background_color": "#4DB546",
            "icon_mask_base_uri": "https://maps.gstatic.com/mapfiles/place_api/icons/v2/tree_pinlet",
            "name": "弁天山児童公園",
            "opening_hours": {
                "open_now": true
            },
            "photos": [
                {
                    "height": 2448,
                    "html_attributions": [
                        "<a href=\"https://maps.google.com/maps/contrib/107168785192764593079\">KO TA</a>"
                    ],
                    "photo_reference": "Aap_uEDnr1D3IBZ6vFaoo-AKTXvrAzb61qKnSUnLMDO4fepsqPb6RVTcRLmHcrFJPKBDdk6aBR0vckNPzdz1i30KAzrnJeekmyWai9RTMAfA0x8mdv82CXKBfhmpaVMkXbXnNGKBA0DfVKs21WFE0PsojnnqNx2kqOqsGlsPlxuHtSKzz19e",
                    "width": 3264
                }
            ],
            "place_id": "ChIJ7WlEQcGOGGARhAWLKlOhgwY",
            "plus_code": {
                "compound_code": "PQ7W+7X 日本、東京都台東区",
                "global_code": "8Q7XPQ7W+7X"
            },
            "rating": 3.7,
            "reference": "ChIJ7WlEQcGOGGARhAWLKlOhgwY",
            "scope": "GOOGLE",
            "types": [
                "park",
                "tourist_attraction",
                "point_of_interest",
                "establishment"
            ],
            "user_ratings_total": 65,
            "vicinity": "台東区浅草２丁目３−１−６"
        },
        {
            "business_status": "OPERATIONAL",
            "geometry": {
                "location": {
                    "lat": 35.71246119999999,
                    "lng": 139.7999601
                },
                "viewport": {
                    "northeast": {
                        "lat": 35.71381018029149,
                        "lng": 139.8013090802915
                    },
                    "southwest": {
                        "lat": 35.7111122197085,
                        "lng": 139.7986111197085
                    }
                }
            },
            "icon": "https://maps.gstatic.com/mapfiles/place_api/icons/v1/png_71/park-71.png",
            "icon_background_color": "#4DB546",
            "icon_mask_base_uri": "https://maps.gstatic.com/mapfiles/place_api/icons/v2/tree_pinlet",
            "name": "喫煙所",
            "opening_hours": {
                "open_now": false
            },
            "photos": [
                {
                    "height": 565,
                    "html_attributions": [
                        "<a href=\"https://maps.google.com/maps/contrib/101697072862775915651\">春の小川</a>"
                    ],
                    "photo_reference": "Aap_uEC1tEVP-gnylyuReYUXpbOSGVEDqDgD_b3d4k9FgjfOSmRR1M3pOZQGngovEd7u96GuL_9QTTYDCCtHXAZydwJLI98gDoABi1e_Ne0qzg5kYiWok9ZpGiOoz4Sux03WlT3Eq-AeuDHkV9oyztb94fe0ApQRdPJ7XRXJTquglyTL6vs",
                    "width": 800
                }
            ],
            "place_id": "ChIJ3QLmysePGGARwZg7NTH_2gk",
            "plus_code": {
                "compound_code": "PQ6X+XX 日本、東京都台東区",
                "global_code": "8Q7XPQ6X+XX"
            },
            "rating": 3,
            "reference": "ChIJ3QLmysePGGARwZg7NTH_2gk",
            "scope": "GOOGLE",
            "types": [
                "park",
                "point_of_interest",
                "establishment"
            ],
            "user_ratings_total": 1,
            "vicinity": "台東区花川戸１丁目１"
        }
    ],
    "status": "OK"
}