{
    "html_attributions": [],
    "results": [
        {
            "business_status": "OPERATIONAL",
            "geometry": {
                "location": {
                    "lat": 35.7137679,
                    "lng": 139.7996607
                },
                "viewport": {
                    "northeast": {
                        "lat": 35.7150395802915,
                        "lng": 139.8009847302915
                    },
                    "southwest": {
                        "lat": 35.7123416197085,
                        "lng": 139.7982867697085
                    }
                }
            },
            "icon": "https://maps.gstatic.com/mapfiles/place_api/icons/v1/png_71/museum-71.png",
            "icon_background_color": "#13B5C7",
            "icon_mask_base_uri": "https://maps.gstatic.com/mapfiles/place_api/icons/v2/museum_pinlet",
            "name": "かわとはきものギャラリー",
            "place_id": "ChIJVVWh8sOOGGARFqUBJ9xF2k0",
            "plus_code": {
                "compound_code": "PQ7X+GV 日本、東京都台東区",
                "global_code": "8Q7XPQ7X+GV"
            },
            "reference": "ChIJVVWh8sOOGGARFqUBJ9xF2k0",
            "scope": "GOOGLE",
            "types": [
                "museum",
                "tourist_attraction",
                "point_of_interest",
                "establishment"
            ],
            "vicinity": "台東区花川戸１丁目１４−１６"
        }
    ],
    "status": "OK"
}