{
    "html_attributions": [],
    "results": [
        {
            "business_status": "OPERATIONAL",
            "geometry": {
                "location": {
                    "lat": 35.7139281,
                    "lng": 139.7989832
                },
                "viewport": {
                    "northeast": {
                        "lat": 35.71527708029151,
                        "lng": 139.8003321802915
                    },
                    "southwest": {
                        "lat": 35.71257911970851,
                        "lng": 139.7976342197085
                    }
                }
            },
            "icon": "https://maps.gstatic.com/mapfiles/place_api/icons/v1/png_71/park-71.png",
            "icon_background_color": "#4DB546",
            "icon_mask_base_uri": "https://maps.gstatic.com/mapfiles/place_api/icons/v2/tree_pinlet",
            "name": "台東区立花川戸公園 (南側)",
            "photos": [
                {
                    "height": 3024,
                    "html_attributions": [
                        "<a href=\"https://maps.google.com/maps/contrib/106808856958421973348\">ネコフクロウ</a>"
                    ],
                    "photo_reference": "Aap_uEBgEjBRQQjCnvN1p_HL_Z2rmjM6RdwY0ItVnvW7QtnzSdePs9eV5DjyDpJQOsdILsP2_BtiU9eKBdJ6NpN_urlodb8Pm1Iz2BLkGBQH1M5HJ3OGqw_KVmp7qDy8YEsRZnC2RglwcCxcWODtf8KCtv_WeoZJyVU7kaPNh1Db4vdVJ6iE",
                    "width": 4032
                }
            ],
            "place_id": "ChIJVUXIMT-PGGARhp_ag50HWjQ",
            "plus_code": {
                "compound_code": "PQ7X+HH 日本、東京都台東区",
                "global_code": "8Q7XPQ7X+HH"
            },
            "rating": 2.5,
            "reference": "ChIJVUXIMT-PGGARhp_ag50HWjQ",
            "scope": "GOOGLE",
            "types": [
                "park",
                "point_of_interest",
                "establishment"
            ],
            "user_ratings_total": 2,
            "vicinity": "台東区花川戸１丁目１４"
        },
        {
            "business_status": "OPERATIONAL",
            "geometry": {
                "location": {
                    "lat": 35.7142069,
                    "lng": 139.7997567
                },
                "viewport": {
                    "northeast": {
                        "lat": 35.7155558802915,
                        "lng": 139.8011056802915
                    },
                    "southwest": {
                        "lat": 35.7128579197085,
                        "lng": 139.7984077197085
                    }
                }
            },
            "icon": "https://maps.gstatic.com/mapfiles/place_api/icons/v1/png_71/park-71.png",
            "icon_background_color": "#4DB546",
            "icon_mask_base_uri": "https://maps.gstatic.com/mapfiles/place_api/icons/v2/tree_pinlet",
            "name": "台東区立花川戸公園 (北側)",
            "opening_hours": {
                "open_now": true
            },
            "photos": [
                {
                    "height": 3024,
                    "html_attributions": [
                        "<a href=\"https://maps.google.com/maps/contrib/109149680774365682765\">T Sam</a>"
                    ],
                    "photo_reference": "Aap_uEBJJep-BHygrTjj6jrPRAIE4NkcEhBZs9Ek9wZnQgb5mOz5RsWQdMytPMNtZdjWa17ylAROJ-R0Ynvio5MpbjXbclUUffLYo0UHEWfZTvbzWBxOioSuvyHaf7iTeNcn1LYSNJiIvn0rbyqCwi7Rf-c_PxdxpgQ-Qmoi9lek0Sx_2aCN",
                    "width": 4032
                }
            ],
            "place_id": "ChIJM2zPlMOOGGARwSniOqU5ork",
            "plus_code": {
                "compound_code": "PQ7X+MW 日本、東京都台東区",
                "global_code": "8Q7XPQ7X+MW"
            },
            "rating": 3.8,
            "reference": "ChIJM2zPlMOOGGARwSniOqU5ork",
            "scope": "GOOGLE",
            "types": [
                "park",
                "tourist_attraction",
                "point_of_interest",
                "establishment"
            ],
            "user_ratings_total": 143,
            "vicinity": "台東区花川戸２丁目４−１５"
        }
    ],
    "status": "OK"
}