{
    "html_attributions": [],
    "results": [
        {
            "business_status": "OPERATIONAL",
            "geometry": {
                "location": {
                    "lat": 35.71206919999999,
                    "lng": 139.7951343
                },
                "viewport": {
                    "northeast": {
                        "lat": 35.71338378029149,
                        "lng": 139.7964593302915
                    },
                    "southwest": {
                        "lat": 35.71068581970849,
                        "lng": 139.7937613697085
                    }
                }
            },
            "icon": "https://maps.gstatic.com/mapfiles/place_api/icons/v1/png_71/generic_business-71.png",
            "icon_background_color": "#7B9EB0",
            "icon_mask_base_uri": "https://maps.gstatic.com/mapfiles/place_api/icons/v2/generic_pinlet",
            "name": "浅草の豆柴カフェ",
            "opening_hours": {
                "open_now": false
            },
            "photos": [
                {
                    "height": 3024,
                    "html_attributions": [
                        "<a href=\"https://maps.google.com/maps/contrib/107835782745756175855\">HYUN</a>"
                    ],
                    "photo_reference": "Aap_uEAfWFpBoTiMM_uExMqLssrXwFrUgGPC2BvQY3NizMNAdSq7i3mu7h2zrhHXOtp9mLTD4PNZi0AEjVCgKVqSCYfy0RcpDHOy0ouxrfTcGIJE1HJAKNYhBAjHK6xLDXj0As73bd7Se48aZQJDIzrMYeS2j58lN62cuUSWvuZri2DsaGh5",
                    "width": 4032
                }
            ],
            "place_id": "ChIJFRPMeqKPGGARUw0LwJKDSNo",
            "plus_code": {
                "compound_code": "PQ6W+R3 日本、東京都台東区",
                "global_code": "8Q7XPQ6W+R3"
            },
            "rating": 3.8,
            "reference": "ChIJFRPMeqKPGGARUw0LwJKDSNo",
            "scope": "GOOGLE",
            "types": [
                "zoo",
                "cafe",
                "food",
                "point_of_interest",
                "establishment"
            ],
            "user_ratings_total": 210,
            "vicinity": "台東区浅草１丁目２９−３"
        },
        {
            "business_status": "OPERATIONAL",
            "geometry": {
                "location": {
                    "lat": 35.7160357,
                    "lng": 139.7985155
                },
                "viewport": {
                    "northeast": {
                        "lat": 35.7173406302915,
                        "lng": 139.7999445302915
                    },
                    "southwest": {
                        "lat": 35.7146426697085,
                        "lng": 139.7972465697085
                    }
                }
            },
            "icon": "https://maps.gstatic.com/mapfiles/place_api/icons/v1/png_71/generic_business-71.png",
            "icon_background_color": "#4DB546",
            "icon_mask_base_uri": "https://maps.gstatic.com/mapfiles/place_api/icons/v2/generic_pinlet",
            "name": "もふれる屋カラハリ",
            "opening_hours": {
                "open_now": false
            },
            "photos": [
                {
                    "height": 1224,
                    "html_attributions": [
                        "<a href=\"https://maps.google.com/maps/contrib/110445625034089282135\">もふれる屋カラハリ</a>"
                    ],
                    "photo_reference": "Aap_uECgnaITwFDjT1xYPPNLq-eZdCZuYnnTFI9D7hWzj-aLwDJCdj6e1UCghGShbhAeaQcW7tBQzG7xvVR7M_HYdEGVv1jqhS5OE4nNZlZet7UlCy97Ckt5zvU_uF1dKOjcBe9dqihMoErDSFSSb7qrwewGKmv2sA6bUvp2LFYfm0vFF9LU",
                    "width": 1632
                }
            ],
            "place_id": "ChIJX-oU4tKPGGARMycLYQ0k7a0",
            "plus_code": {
                "compound_code": "PQ8X+CC 日本、東京都台東区",
                "global_code": "8Q7XPQ8X+CC"
            },
            "rating": 4.7,
            "reference": "ChIJX-oU4tKPGGARMycLYQ0k7a0",
            "scope": "GOOGLE",
            "types": [
                "zoo",
                "pet_store",
                "point_of_interest",
                "store",
                "establishment"
            ],
            "user_ratings_total": 54,
            "vicinity": "台東区浅草３丁目１−１ 馬道妙見屋ビル２階"
        }
    ],
    "status": "OK"
}