{
    "html_attributions": [],
    "results": [
        {
            "business_status": "OPERATIONAL",
            "geometry": {
                "location": {
                    "lat": 35.7141368,
                    "lng": 139.7985569
                },
                "viewport": {
                    "northeast": {
                        "lat": 35.7155173302915,
                        "lng": 139.7999228302915
                    },
                    "southwest": {
                        "lat": 35.7128193697085,
                        "lng": 139.7972248697085
                    }
                }
            },
            "icon": "https://maps.gstatic.com/mapfiles/place_api/icons/v1/png_71/cafe-71.png",
            "icon_background_color": "#FF9E67",
            "icon_mask_base_uri": "https://maps.gstatic.com/mapfiles/place_api/icons/v2/cafe_pinlet",
            "name": "お濃茶スイーツ専門店 雷一茶 浅草本店",
            "opening_hours": {
                "open_now": false
            },
            "photos": [
                {
                    "height": 3024,
                    "html_attributions": [
                        "<a href=\"https://maps.google.com/maps/contrib/117540189678662336217\">Yosuke Matsuno</a>"
                    ],
                    "photo_reference": "Aap_uEBE2JO3HiCqqdCNbt8BHBofMTxbpbkABAy14gjR72WdVa0ybbOPgTibYJSucmdKIqBB0BhABzDMBOonsy79i5liTNH4lfavxwfAlUtd5uHT0gophc8Eak1B93nur0qpd6yVoh0-TBzX1OpiqfozXrq7U1kD88BFGlrCDaym3h_pyHxG",
                    "width": 4032
                }
            ],
            "place_id": "ChIJAQAM38OOGGARYJSYaOY5DdI",
            "plus_code": {
                "compound_code": "PQ7X+MC 日本、東京都台東区",
                "global_code": "8Q7XPQ7X+MC"
            },
            "price_level": 2,
            "rating": 4.1,
            "reference": "ChIJAQAM38OOGGARYJSYaOY5DdI",
            "scope": "GOOGLE",
            "types": [
                "cafe",
                "food",
                "point_of_interest",
                "store",
                "establishment"
            ],
            "user_ratings_total": 150,
            "vicinity": "台東区花川戸１丁目１５−９"
        },
        {
            "business_status": "OPERATIONAL",
            "geometry": {
                "location": {
                    "lat": 35.7140374,
                    "lng": 139.7983193
                },
                "viewport": {
                    "northeast": {
                        "lat": 35.7153982302915,
                        "lng": 139.7995979302915
                    },
                    "southwest": {
                        "lat": 35.7127002697085,
                        "lng": 139.7968999697085
                    }
                }
            },
            "icon": "https://maps.gstatic.com/mapfiles/place_api/icons/v1/png_71/cafe-71.png",
            "icon_background_color": "#FF9E67",
            "icon_mask_base_uri": "https://maps.gstatic.com/mapfiles/place_api/icons/v2/cafe_pinlet",
            "name": "レインボー",
            "opening_hours": {
                "open_now": false
            },
            "photos": [
                {
                    "height": 2736,
                    "html_attributions": [
                        "<a href=\"https://maps.google.com/maps/contrib/118436296129354932766\">peesuke ats</a>"
                    ],
                    "photo_reference": "Aap_uEColP-G2SuOQCPuvZW9LdLVHbMMZJyBRUFIMEycpRmvjvGGHZ2xaLotWc0-ueemyJZ80qFCk14gsawsB8591fgyd-DUSNeBsxfSj3zYxu6zBEmCoLFudyod7y97G7ZH9uW-bVbQryZs93gMpiva664MvzVPB0EIRQNof2M2xq87UIrJ",
                    "width": 3648
                }
            ],
            "place_id": "ChIJGxyWYcGOGGARSKMwgVFr8yY",
            "plus_code": {
                "compound_code": "PQ7X+J8 日本、東京都台東区",
                "global_code": "8Q7XPQ7X+J8"
            },
            "price_level": 1,
            "rating": 2.5,
            "reference": "ChIJGxyWYcGOGGARSKMwgVFr8yY",
            "scope": "GOOGLE",
            "types": [
                "cafe",
                "food",
                "point_of_interest",
                "establishment"
            ],
            "user_ratings_total": 11,
            "vicinity": "台東区花川戸１丁目１５−７ 小貫ビル"
        },
        {
            "business_status": "OPERATIONAL",
            "geometry": {
                "location": {
                    "lat": 35.7135068,
                    "lng": 139.7983821
                },
                "viewport": {
                    "northeast": {
                        "lat": 35.7148100302915,
                        "lng": 139.7997202802915
                    },
                    "southwest": {
                        "lat": 35.7121120697085,
                        "lng": 139.7970223197085
                    }
                }
            },
            "icon": "https://maps.gstatic.com/mapfiles/place_api/icons/v1/png_71/cafe-71.png",
            "icon_background_color": "#FF9E67",
            "icon_mask_base_uri": "https://maps.gstatic.com/mapfiles/place_api/icons/v2/cafe_pinlet",
            "name": "Caffe Mamma Natale(カフェマンマナターレ)",
            "opening_hours": {
                "open_now": false
            },
            "photos": [
                {
                    "height": 2269,
                    "html_attributions": [
                        "<a href=\"https://maps.google.com/maps/contrib/117788409584443842682\">Caffe Mamma Natale(カフェマンマナターレ)</a>"
                    ],
                    "photo_reference": "Aap_uEDCft7s7HK3u0LzTnl4qhvXks_em40iwpPNeSbMbzNq06y5Tpc4hx6RCtTC2oA9bNGO0DtfqCb_0iOFlC9APOV0JM3LUQJ4qxEV1V0UhhtH6SWrrM75nySxZz40Ls_U6G5O2JQFHWg85YUicemkjNzjp5vZ312g6q_ZyfeDTYCNAhBl",
                    "width": 4032
                }
            ],
            "place_id": "ChIJUbq1WMGOGGARPGTQVf3dDT4",
            "plus_code": {
                "compound_code": "PQ7X+C9 日本、東京都台東区",
                "global_code": "8Q7XPQ7X+C9"
            },
            "rating": 4.5,
            "reference": "ChIJUbq1WMGOGGARPGTQVf3dDT4",
            "scope": "GOOGLE",
            "types": [
                "cafe",
                "food",
                "point_of_interest",
                "establishment"
            ],
            "user_ratings_total": 30,
            "vicinity": "台東区花川戸１丁目１５−１ フェスタ花川戸 105"
        },
        {
            "business_status": "OPERATIONAL",
            "geometry": {
                "location": {
                    "lat": 35.71294109999999,
                    "lng": 139.7977481
                },
                "viewport": {
                    "northeast": {
                        "lat": 35.7142783802915,
                        "lng": 139.7991658802915
                    },
                    "southwest": {
                        "lat": 35.7115804197085,
                        "lng": 139.7964679197085
                    }
                }
            },
            "icon": "https://maps.gstatic.com/mapfiles/place_api/icons/v1/png_71/cafe-71.png",
            "icon_background_color": "#FF9E67",
            "icon_mask_base_uri": "https://maps.gstatic.com/mapfiles/place_api/icons/v2/cafe_pinlet",
            "name": "cafeいちりん",
            "opening_hours": {
                "open_now": false
            },
            "photos": [
                {
                    "height": 3000,
                    "html_attributions": [
                        "<a href=\"https://maps.google.com/maps/contrib/106468097257445923747\">T N</a>"
                    ],
                    "photo_reference": "Aap_uECQrw9Ffbeokkn-fLaR4uS8dfj_QWVuT9mz0cHFrUjLl8sqnmql8tF8rnVHUt53G6aNX08jAvG9gOj3UpwiyBMupHfECjzIVBLyjKIIynzVlqpGew1d-WVNU-YnpO0If0WxozdrnNzGEoMd-0E3wiJJmLwODSkkKqz1z-PrMhuegYyn",
                    "width": 5333
                }
            ],
            "place_id": "ChIJE0jCT8GOGGAROCvKhqx1B0E",
            "plus_code": {
                "compound_code": "PQ7X+53 日本、東京都台東区",
                "global_code": "8Q7XPQ7X+53"
            },
            "rating": 2.9,
            "reference": "ChIJE0jCT8GOGGAROCvKhqx1B0E",
            "scope": "GOOGLE",
            "types": [
                "cafe",
                "food",
                "point_of_interest",
                "establishment"
            ],
            "user_ratings_total": 18,
            "vicinity": "台東区浅草２丁目１−１６"
        }
    ],
    "status": "OK"
}