{
    "html_attributions": [],
    "results": [
        {
            "business_status": "OPERATIONAL",
            "geometry": {
                "location": {
                    "lat": 35.7097105,
                    "lng": 139.7963917
                },
                "viewport": {
                    "northeast": {
                        "lat": 35.7110698802915,
                        "lng": 139.7976466802915
                    },
                    "southwest": {
                        "lat": 35.7083719197085,
                        "lng": 139.7949487197085
                    }
                }
            },
            "icon": "https://maps.gstatic.com/mapfiles/place_api/icons/v1/png_71/museum-71.png",
            "icon_background_color": "#13B5C7",
            "icon_mask_base_uri": "https://maps.gstatic.com/mapfiles/place_api/icons/v2/museum_pinlet",
            "name": "東京本染館",
            "opening_hours": {
                "open_now": false
            },
            "photos": [
                {
                    "height": 640,
                    "html_attributions": [
                        "<a href=\"https://maps.google.com/maps/contrib/115667153274526791679\">中松拓也</a>"
                    ],
                    "photo_reference": "Aap_uEB8akr3HFQ38BQ_6Jsxt2EP28eXa9wS6LTWdEu0LHYN25idhJHOfVtxFQB0zn2CSqrlon_8rR0MxEibp0YzVJgwaAIVV_y7HJZfRjAUVCVdUO3JD4tJv-EGfOmaMsgI-AnFiBGeDHOQ-i-_P5lK9oJ-Xk0uBdEFY0AdR1w6kiXq4rvL",
                    "width": 480
                }
            ],
            "place_id": "ChIJF71Q-MaOGGAR3yHHgrruS9A",
            "plus_code": {
                "compound_code": "PQ5W+VH 日本、東京都台東区",
                "global_code": "8Q7XPQ5W+VH"
            },
            "rating": 3.2,
            "reference": "ChIJF71Q-MaOGGAR3yHHgrruS9A",
            "scope": "GOOGLE",
            "types": [
                "museum",
                "tourist_attraction",
                "point_of_interest",
                "establishment"
            ],
            "user_ratings_total": 11,
            "vicinity": "台東区雷門２丁目３−５"
        }
    ],
    "status": "OK"
}