{
    "html_attributions": [],
    "results": [
        {
            "business_status": "OPERATIONAL",
            "geometry": {
                "location": {
                    "lat": 35.7134162,
                    "lng": 139.7974965
                },
                "viewport": {
                    "northeast": {
                        "lat": 35.71479163029149,
                        "lng": 139.7987205302915
                    },
                    "southwest": {
                        "lat": 35.71209366970849,
                        "lng": 139.7960225697085
                    }
                }
            },
            "icon": "https://maps.gstatic.com/mapfiles/place_api/icons/v1/png_71/worship_dharma-71.png",
            "icon_background_color": "#7B9EB0",
            "icon_mask_base_uri": "https://maps.gstatic.com/mapfiles/place_api/icons/v2/generic_pinlet",
            "name": "浅草寺 弁天堂",
            "photos": [
                {
                    "height": 2946,
                    "html_attributions": [
                        "<a href=\"https://maps.google.com/maps/contrib/109463001801166904127\">Masahiro Yamamoto</a>"
                    ],
                    "photo_reference": "Aap_uEBkFgHqRYxfCcPhXajESfXZ43Y-GtiqFO1tzQ9NGK7Ca8v2n2G1MuyBLBpdMkiWPrR0UD2DEKFAVwZK-oeAFvSagh36l5S7ZBBoDlfrOG2Gc4P9zLbN4odCU7OXxf98Yg2OG5KcTPNIGHCz-U1FocyFpg6tuF8k8qtwGiJDKdgRSnmX",
                    "width": 3929
                }
            ],
            "place_id": "ChIJVVU6QsGOGGARv4gvT9bniTM",
            "plus_code": {
                "compound_code": "PQ7W+9X 日本、東京都台東区",
                "global_code": "8Q7XPQ7W+9X"
            },
            "rating": 4.2,
            "reference": "ChIJVVU6QsGOGGARv4gvT9bniTM",
            "scope": "GOOGLE",
            "types": [
                "tourist_attraction",
                "place_of_worship",
                "point_of_interest",
                "establishment"
            ],
            "user_ratings_total": 95,
            "vicinity": "台東区浅草２丁目３−１"
        },
        {
            "business_status": "OPERATIONAL",
            "geometry": {
                "location": {
                    "lat": 35.7144068,
                    "lng": 139.7975848
                },
                "viewport": {
                    "northeast": {
                        "lat": 35.7157557802915,
                        "lng": 139.7989337802915
                    },
                    "southwest": {
                        "lat": 35.7130578197085,
                        "lng": 139.7962358197085
                    }
                }
            },
            "icon": "https://maps.gstatic.com/mapfiles/place_api/icons/v1/png_71/generic_business-71.png",
            "icon_background_color": "#13B5C7",
            "icon_mask_base_uri": "https://maps.gstatic.com/mapfiles/place_api/icons/v2/generic_pinlet",
            "name": "浅草寺 二天門",
            "photos": [
                {
                    "height": 3024,
                    "html_attributions": [
                        "<a href=\"https://maps.google.com/maps/contrib/103749551617536397340\">ゆうきゆうか</a>"
                    ],
                    "photo_reference": "Aap_uEDXqqNOPIA8h1je6PGK4-yTjTyVK5cKQ02-look3b1LyciNbwSonkWEjIPRIIhihuY0rCwudVmq8fKgxiO7JcTEz8GTyiExmGNe4Ldyxvjw7Sa1ZadGZEMVi9J9skraaSTNxJxhFsJ0ieLt2gWaoTzG8lKX4QHDMmn0hnZPpbktRvrr",
                    "width": 4032
                }
            ],
            "place_id": "ChIJAQAMd8GOGGAR945X-Jjf2ug",
            "plus_code": {
                "compound_code": "PQ7X+Q2 日本、東京都台東区",
                "global_code": "8Q7XPQ7X+Q2"
            },
            "rating": 4.2,
            "reference": "ChIJAQAMd8GOGGAR945X-Jjf2ug",
            "scope": "GOOGLE",
            "types": [
                "tourist_attraction",
                "point_of_interest",
                "establishment"
            ],
            "user_ratings_total": 230,
            "vicinity": "台東区浅草２丁目３−１"
        },
        {
            "business_status": "OPERATIONAL",
            "geometry": {
                "location": {
                    "lat": 35.7131902,
                    "lng": 139.7974483
                },
                "viewport": {
                    "northeast": {
                        "lat": 35.7144923802915,
                        "lng": 139.7987902302915
                    },
                    "southwest": {
                        "lat": 35.7117944197085,
                        "lng": 139.7960922697085
                    }
                }
            },
            "icon": "https://maps.gstatic.com/mapfiles/place_api/icons/v1/png_71/park-71.png",
            "icon_background_color": "#4DB546",
            "icon_mask_base_uri": "https://maps.gstatic.com/mapfiles/place_api/icons/v2/tree_pinlet",
            "name": "弁天山児童公園",
            "opening_hours": {
                "open_now": true
            },
            "photos": [
                {
                    "height": 2448,
                    "html_attributions": [
                        "<a href=\"https://maps.google.com/maps/contrib/107168785192764593079\">KO TA</a>"
                    ],
                    "photo_reference": "Aap_uEDqxV87qT_e1sjWvXLOPVU-Vj257Qu7fcM9oGMchQtbP2GlpWA2nWKRpStFv-wB93ac9J_3nzc4j9k0GgXmEGjYjMrQKczEkNz4lk_mjrs4DSZcORCucr1aIJB6N15R4s0CWtdEkjqk4RKvAwgu4EtIh7mB9y-qO7wftzJBqoA9oegi",
                    "width": 3264
                }
            ],
            "place_id": "ChIJ7WlEQcGOGGARhAWLKlOhgwY",
            "plus_code": {
                "compound_code": "PQ7W+7X 日本、東京都台東区",
                "global_code": "8Q7XPQ7W+7X"
            },
            "rating": 3.7,
            "reference": "ChIJ7WlEQcGOGGARhAWLKlOhgwY",
            "scope": "GOOGLE",
            "types": [
                "park",
                "tourist_attraction",
                "point_of_interest",
                "establishment"
            ],
            "user_ratings_total": 65,
            "vicinity": "台東区浅草２丁目３−１−６"
        }
    ],
    "status": "OK"
}