{
    "html_attributions": [],
    "results": [
        {
            "business_status": "OPERATIONAL",
            "geometry": {
                "location": {
                    "lat": 35.7106622,
                    "lng": 139.7982828
                },
                "viewport": {
                    "northeast": {
                        "lat": 35.7120111802915,
                        "lng": 139.7996317802915
                    },
                    "southwest": {
                        "lat": 35.70931321970851,
                        "lng": 139.7969338197085
                    }
                }
            },
            "icon": "https://maps.gstatic.com/mapfiles/place_api/icons/v1/png_71/museum-71.png",
            "icon_background_color": "#13B5C7",
            "icon_mask_base_uri": "https://maps.gstatic.com/mapfiles/place_api/icons/v2/museum_pinlet",
            "name": "そらちゃん",
            "opening_hours": {
                "open_now": false
            },
            "photos": [
                {
                    "height": 3343,
                    "html_attributions": [
                        "<a href=\"https://maps.google.com/maps/contrib/106339226041610942417\">Akira Taka</a>"
                    ],
                    "photo_reference": "Aap_uEAMOyX2Wgnx39_oDOxwUYhnv5BaFpUF_RFXV0ss1rFVXaevPLjKKde-owYefvAgVSeiwRQesz5ekCXI-pGLBNtoRkbDt0zLXKlEWO_LdKhHEOThFGWtJVnz6YmtzsmnA14yFQ5XBEqgvP6vlQc5D66X1hR4LiWaYOLTylX-ItPtQ4rd",
                    "width": 5023
                }
            ],
            "place_id": "ChIJ3e4C2uyPGGAR5eQfkeyjMc0",
            "plus_code": {
                "compound_code": "PQ6X+78 日本、東京都台東区",
                "global_code": "8Q7XPQ6X+78"
            },
            "rating": 4,
            "reference": "ChIJ3e4C2uyPGGAR5eQfkeyjMc0",
            "scope": "GOOGLE",
            "types": [
                "museum",
                "point_of_interest",
                "establishment"
            ],
            "user_ratings_total": 11,
            "vicinity": "台東区花川戸１丁目１"
        }
    ],
    "status": "OK"
}