{
    "html_attributions": [],
    "results": [
        {
            "business_status": "OPERATIONAL",
            "geometry": {
                "location": {
                    "lat": 35.7118413,
                    "lng": 139.7964542
                },
                "viewport": {
                    "northeast": {
                        "lat": 35.71319028029151,
                        "lng": 139.7978031802915
                    },
                    "southwest": {
                        "lat": 35.71049231970851,
                        "lng": 139.7951052197085
                    }
                }
            },
            "icon": "https://maps.gstatic.com/mapfiles/place_api/icons/v1/png_71/shopping-71.png",
            "icon_background_color": "#4B96F3",
            "icon_mask_base_uri": "https://maps.gstatic.com/mapfiles/place_api/icons/v2/shopping_pinlet",
            "name": "仲見世商店街",
            "opening_hours": {
                "open_now": false
            },
            "photos": [
                {
                    "height": 9248,
                    "html_attributions": [
                        "<a href=\"https://maps.google.com/maps/contrib/115785485569912239960\">長縄祐司</a>"
                    ],
                    "photo_reference": "Aap_uEDuMfKWrOnnAhszEVneklTcJ-0PhRBW4UuByu-LwgACWZScdfOTyHYaHXbgc42Yp9t9kLVF4KYshIP9ROrywqcu0BNzedFxwpzHrWldM0tjITtU8VgL-HDXKC0EAYWc1eT2RiPElGUbSgdnJavQkUdhPujQmKSjzj3Fqu9KmVYl0hs",
                    "width": 6936
                }
            ],
            "place_id": "ChIJPd37MMGOGGARvJ2hfxoiNVE",
            "plus_code": {
                "compound_code": "PQ6W+PH 日本、東京都台東区",
                "global_code": "8Q7XPQ6W+PH"
            },
            "rating": 4.2,
            "reference": "ChIJPd37MMGOGGARvJ2hfxoiNVE",
            "scope": "GOOGLE",
            "types": [
                "tourist_attraction",
                "point_of_interest",
                "store",
                "establishment"
            ],
            "user_ratings_total": 9837,
            "vicinity": "台東区浅草１丁目３６−３"
        },
        {
            "business_status": "OPERATIONAL",
            "geometry": {
                "location": {
                    "lat": 35.7111163,
                    "lng": 139.7963656
                },
                "viewport": {
                    "northeast": {
                        "lat": 35.7124123802915,
                        "lng": 139.7977204802915
                    },
                    "southwest": {
                        "lat": 35.7097144197085,
                        "lng": 139.7950225197085
                    }
                }
            },
            "icon": "https://maps.gstatic.com/mapfiles/place_api/icons/v1/png_71/worship_dharma-71.png",
            "icon_background_color": "#7B9EB0",
            "icon_mask_base_uri": "https://maps.gstatic.com/mapfiles/place_api/icons/v2/generic_pinlet",
            "name": "浅草寺 雷門",
            "opening_hours": {
                "open_now": true
            },
            "photos": [
                {
                    "height": 3968,
                    "html_attributions": [
                        "<a href=\"https://maps.google.com/maps/contrib/101244174445343584872\">Eric Arrué</a>"
                    ],
                    "photo_reference": "Aap_uEBZpnW0ReVU63aIiDx4gDbOD5ab7qqDaHn8g4UlPtzKi1a8d9eBSUjjDGHv6W0shniZ0twb1kmG-jRH96rZim8ac9rB-6A0pgcF1du0WgsqcIwZ6q6bpJ0XAUilz045zXcHna71YwreaksyvKMVkKuqtLc2Pg4KhGLqUd_qGI3ssIVw",
                    "width": 2976
                }
            ],
            "place_id": "ChIJ0YwG28aOGGARvRKAXIBWqNk",
            "plus_code": {
                "compound_code": "PQ6W+CG 日本、東京都台東区",
                "global_code": "8Q7XPQ6W+CG"
            },
            "rating": 4.4,
            "reference": "ChIJ0YwG28aOGGARvRKAXIBWqNk",
            "scope": "GOOGLE",
            "types": [
                "tourist_attraction",
                "place_of_worship",
                "point_of_interest",
                "establishment"
            ],
            "user_ratings_total": 22428,
            "vicinity": "台東区浅草２丁目３−１"
        }
    ],
    "status": "OK"
}