{
    "html_attributions": [],
    "results": [
        {
            "business_status": "OPERATIONAL",
            "geometry": {
                "location": {
                    "lat": 35.7094238,
                    "lng": 139.8010393
                },
                "viewport": {
                    "northeast": {
                        "lat": 35.7107040802915,
                        "lng": 139.8025380302915
                    },
                    "southwest": {
                        "lat": 35.7080061197085,
                        "lng": 139.7998400697085
                    }
                }
            },
            "icon": "https://maps.gstatic.com/mapfiles/place_api/icons/v1/png_71/cafe-71.png",
            "icon_background_color": "#FF9E67",
            "icon_mask_base_uri": "https://maps.gstatic.com/mapfiles/place_api/icons/v2/cafe_pinlet",
            "name": "ら コケット",
            "opening_hours": {
                "open_now": false
            },
            "place_id": "ChIJByVigsWOGGARkUbbbIpQ0ls",
            "plus_code": {
                "compound_code": "PR52+QC 日本、東京都墨田区",
                "global_code": "8Q7XPR52+QC"
            },
            "reference": "ChIJByVigsWOGGARkUbbbIpQ0ls",
            "scope": "GOOGLE",
            "types": [
                "cafe",
                "food",
                "point_of_interest",
                "establishment"
            ],
            "vicinity": "Japan"
        },
        {
            "business_status": "OPERATIONAL",
            "geometry": {
                "location": {
                    "lat": 35.7101456,
                    "lng": 139.8007203
                },
                "viewport": {
                    "northeast": {
                        "lat": 35.7111461302915,
                        "lng": 139.8017922802915
                    },
                    "southwest": {
                        "lat": 35.7084481697085,
                        "lng": 139.7990943197085
                    }
                }
            },
            "icon": "https://maps.gstatic.com/mapfiles/place_api/icons/v1/png_71/cafe-71.png",
            "icon_background_color": "#FF9E67",
            "icon_mask_base_uri": "https://maps.gstatic.com/mapfiles/place_api/icons/v2/cafe_pinlet",
            "name": "リビエール",
            "opening_hours": {
                "open_now": false
            },
            "photos": [
                {
                    "height": 2988,
                    "html_attributions": [
                        "<a href=\"https://maps.google.com/maps/contrib/102914959358488867583\">行田力</a>"
                    ],
                    "photo_reference": "Aap_uEDMmDh-CLXlcgNiP-RYVO79vlF1OOCy09eDJv-iMvEOcNPdybG3xnlSzjG-vG27xYqz0X1CZBB-rT0xGsyxMp_3vc89ZiHvARQORctd5DYGjDbJBGzIHrrLRma-I8ggml1oPGtXkxWRSMrMv0DVB9AQOuO4Ob68ZG9lgfQ1FVAGuSRm",
                    "width": 5312
                }
            ],
            "place_id": "ChIJKxy0mMWOGGARgHoqlHkD_qU",
            "plus_code": {
                "compound_code": "PR62+37 日本、東京都墨田区",
                "global_code": "8Q7XPR62+37"
            },
            "reference": "ChIJKxy0mMWOGGARgHoqlHkD_qU",
            "scope": "GOOGLE",
            "types": [
                "cafe",
                "food",
                "point_of_interest",
                "establishment"
            ],
            "vicinity": "墨田区吾妻橋１丁目２３−１"
        }
    ],
    "status": "OK"
}