{
    "html_attributions": [],
    "results": [
        {
            "business_status": "OPERATIONAL",
            "geometry": {
                "location": {
                    "lat": 35.714062,
                    "lng": 139.79984
                },
                "viewport": {
                    "northeast": {
                        "lat": 35.71541098029149,
                        "lng": 139.8011889802915
                    },
                    "southwest": {
                        "lat": 35.7127130197085,
                        "lng": 139.7984910197085
                    }
                }
            },
            "icon": "https://maps.gstatic.com/mapfiles/place_api/icons/v1/png_71/generic_business-71.png",
            "icon_background_color": "#13B5C7",
            "icon_mask_base_uri": "https://maps.gstatic.com/mapfiles/place_api/icons/v2/generic_pinlet",
            "name": "姥ヶ池碑",
            "photos": [
                {
                    "height": 3096,
                    "html_attributions": [
                        "<a href=\"https://maps.google.com/maps/contrib/109578181533829579613\">居酒屋くん</a>"
                    ],
                    "photo_reference": "Aap_uECu38mA_pvE47YdmHDarF3VwCvbVMWt73nqxMeOuF9SVj-SlYKOj-9I-PeTtzPpXQ9C3KZscpQlj8S8c0l4DoA00d2wn9e64z9j0NX-bDEG85Uyh5rvgJ4pM46nHjGn4Nz1BLgLpuaKD025SjRmbXceEL4nGEWgEio8X3WZQrnGEcJ8",
                    "width": 4128
                }
            ],
            "place_id": "ChIJT3gSk8OOGGARz3byrGZ6SZo",
            "plus_code": {
                "compound_code": "PQ7X+JW 日本、東京都台東区",
                "global_code": "8Q7XPQ7X+JW"
            },
            "rating": 4.1,
            "reference": "ChIJT3gSk8OOGGARz3byrGZ6SZo",
            "scope": "GOOGLE",
            "types": [
                "tourist_attraction",
                "point_of_interest",
                "establishment"
            ],
            "user_ratings_total": 15,
            "vicinity": "台東区花川戸２丁目４−１５"
        },
        {
            "business_status": "OPERATIONAL",
            "geometry": {
                "location": {
                    "lat": 35.7137679,
                    "lng": 139.7996607
                },
                "viewport": {
                    "northeast": {
                        "lat": 35.7150395802915,
                        "lng": 139.8009847302915
                    },
                    "southwest": {
                        "lat": 35.7123416197085,
                        "lng": 139.7982867697085
                    }
                }
            },
            "icon": "https://maps.gstatic.com/mapfiles/place_api/icons/v1/png_71/museum-71.png",
            "icon_background_color": "#13B5C7",
            "icon_mask_base_uri": "https://maps.gstatic.com/mapfiles/place_api/icons/v2/museum_pinlet",
            "name": "かわとはきものギャラリー",
            "place_id": "ChIJVVWh8sOOGGARFqUBJ9xF2k0",
            "plus_code": {
                "compound_code": "PQ7X+GV 日本、東京都台東区",
                "global_code": "8Q7XPQ7X+GV"
            },
            "reference": "ChIJVVWh8sOOGGARFqUBJ9xF2k0",
            "scope": "GOOGLE",
            "types": [
                "museum",
                "tourist_attraction",
                "point_of_interest",
                "establishment"
            ],
            "vicinity": "台東区花川戸１丁目１４−１６"
        },
        {
            "business_status": "OPERATIONAL",
            "geometry": {
                "location": {
                    "lat": 35.7142069,
                    "lng": 139.7997567
                },
                "viewport": {
                    "northeast": {
                        "lat": 35.7155558802915,
                        "lng": 139.8011056802915
                    },
                    "southwest": {
                        "lat": 35.7128579197085,
                        "lng": 139.7984077197085
                    }
                }
            },
            "icon": "https://maps.gstatic.com/mapfiles/place_api/icons/v1/png_71/park-71.png",
            "icon_background_color": "#4DB546",
            "icon_mask_base_uri": "https://maps.gstatic.com/mapfiles/place_api/icons/v2/tree_pinlet",
            "name": "台東区立花川戸公園 (北側)",
            "opening_hours": {
                "open_now": true
            },
            "photos": [
                {
                    "height": 3024,
                    "html_attributions": [
                        "<a href=\"https://maps.google.com/maps/contrib/109149680774365682765\">T Sam</a>"
                    ],
                    "photo_reference": "Aap_uEAEetWxRAnQi_nB-zh6R_SlaU9pIG1UDV7V20-DPyOxY8ouVTGMy4-NPf78Eo9MZUj2G4Q9-84RayFW8oviEKOLky0_RTzAGruT1tQMBxxn5-Yo_YBnoGjqVDdjuG2g5x-rWL18CKTZkBwA-dKtdjVQw3G-q6sEdfv5FFyxLATX9e0U",
                    "width": 4032
                }
            ],
            "place_id": "ChIJM2zPlMOOGGARwSniOqU5ork",
            "plus_code": {
                "compound_code": "PQ7X+MW 日本、東京都台東区",
                "global_code": "8Q7XPQ7X+MW"
            },
            "rating": 3.8,
            "reference": "ChIJM2zPlMOOGGARwSniOqU5ork",
            "scope": "GOOGLE",
            "types": [
                "park",
                "tourist_attraction",
                "point_of_interest",
                "establishment"
            ],
            "user_ratings_total": 143,
            "vicinity": "台東区花川戸２丁目４−１５"
        },
        {
            "business_status": "OPERATIONAL",
            "geometry": {
                "location": {
                    "lat": 35.7128167,
                    "lng": 139.8003817
                },
                "viewport": {
                    "northeast": {
                        "lat": 35.7141656802915,
                        "lng": 139.8017306802915
                    },
                    "southwest": {
                        "lat": 35.7114677197085,
                        "lng": 139.7990327197085
                    }
                }
            },
            "icon": "https://maps.gstatic.com/mapfiles/place_api/icons/v1/png_71/generic_business-71.png",
            "icon_background_color": "#13B5C7",
            "icon_mask_base_uri": "https://maps.gstatic.com/mapfiles/place_api/icons/v2/generic_pinlet",
            "name": "山の宿の渡しの跡",
            "opening_hours": {
                "open_now": true
            },
            "photos": [
                {
                    "height": 1536,
                    "html_attributions": [
                        "<a href=\"https://maps.google.com/maps/contrib/112404614539742046055\">Jake</a>"
                    ],
                    "photo_reference": "Aap_uEDczjX5LauxLXk8oUZ9Dq0y94Ob7iujvZGcAd6An5W5whihZggePcGh9W6WZXToJXKnfMyqG0qOBwieD95RifpoVEdEgoYjjYtKj9EU1MQ1BOm3Zb9Bj0uLNZNoT50d1oc28oyFTlwGQTOu-9pQ6Ei2mC1oE2WXsVwKQvyVTzKyUYDw",
                    "width": 2048
                }
            ],
            "place_id": "ChIJZ1p7ZcSOGGARUE-R11zUBCI",
            "plus_code": {
                "compound_code": "PR72+45 日本、東京都台東区",
                "global_code": "8Q7XPR72+45"
            },
            "rating": 4,
            "reference": "ChIJZ1p7ZcSOGGARUE-R11zUBCI",
            "scope": "GOOGLE",
            "types": [
                "tourist_attraction",
                "point_of_interest",
                "establishment"
            ],
            "user_ratings_total": 59,
            "vicinity": "台東区花川戸１丁目１"
        }
    ],
    "status": "OK"
}