{
    "html_attributions": [],
    "results": [
        {
            "business_status": "CLOSED_TEMPORARILY",
            "geometry": {
                "location": {
                    "lat": 35.71388210000001,
                    "lng": 139.8002918
                },
                "viewport": {
                    "northeast": {
                        "lat": 35.71520243029149,
                        "lng": 139.8016309302915
                    },
                    "southwest": {
                        "lat": 35.7125044697085,
                        "lng": 139.7989329697085
                    }
                }
            },
            "icon": "https://maps.gstatic.com/mapfiles/place_api/icons/v1/png_71/generic_business-71.png",
            "icon_background_color": "#7B9EB0",
            "icon_mask_base_uri": "https://maps.gstatic.com/mapfiles/place_api/icons/v2/generic_pinlet",
            "name": "抒情歌館【貸画廊•企画展】 Asakusa Jojoka-kan Gallery",
            "permanently_closed": true,
            "photos": [
                {
                    "height": 809,
                    "html_attributions": [
                        "<a href=\"https://maps.google.com/maps/contrib/117841982250340298952\">抒情歌館【貸画廊•企画展】 Asakusa Jojoka-kan Gallery</a>"
                    ],
                    "photo_reference": "Aap_uEAZHhtV9KOgqXzfvB6yJnVGd43tId5HV_4lD2iLyLqpC5i9ScFIZ81UTk5vRO5j0C4LqWWYA0AW3OOeZizcmgZTpqomlq6PpVX6PUlEG1llvr7bzKTDH-3uByfwqHQPozM5R5nfvLE9SC2fBi3CEv98yLbDRyZR_t3rwAGAHGw1GsSJ",
                    "width": 1440
                }
            ],
            "place_id": "ChIJp_Kwmo-PGGARbPws1Lak87M",
            "plus_code": {
                "compound_code": "PR72+H4 日本、東京都台東区",
                "global_code": "8Q7XPR72+H4"
            },
            "reference": "ChIJp_Kwmo-PGGARbPws1Lak87M",
            "scope": "GOOGLE",
            "types": [
                "art_gallery",
                "point_of_interest",
                "establishment"
            ],
            "vicinity": "台東区花川戸２丁目３−４ ファミール浅草101"
        }
    ],
    "status": "OK"
}