{
    "html_attributions": [],
    "results": [
        {
            "business_status": "OPERATIONAL",
            "geometry": {
                "location": {
                    "lat": 35.71290709999999,
                    "lng": 139.7962695
                },
                "viewport": {
                    "northeast": {
                        "lat": 35.71421993029149,
                        "lng": 139.7976194802915
                    },
                    "southwest": {
                        "lat": 35.71152196970849,
                        "lng": 139.7949215197085
                    }
                }
            },
            "icon": "https://maps.gstatic.com/mapfiles/place_api/icons/v1/png_71/generic_business-71.png",
            "icon_background_color": "#7B9EB0",
            "icon_mask_base_uri": "https://maps.gstatic.com/mapfiles/place_api/icons/v2/generic_pinlet",
            "name": "小幡",
            "opening_hours": {
                "open_now": false
            },
            "photos": [
                {
                    "height": 3265,
                    "html_attributions": [
                        "<a href=\"https://maps.google.com/maps/contrib/107804304792480228126\">さへきひろのぶ</a>"
                    ],
                    "photo_reference": "Aap_uEAgO2hl7ItItRx5KsQy9jOiU980vcDf4k3OfisSRufVbhLe-lQ66PzQV6CYQfBrXYP7W_IfwmdfMNya4UaXhq2KwYSWz0VBeyT2I8tt-RTBTiUHT272Q96lfnEIQjYR72cPdkMF1tMUm2w-AHbyKuyfs3cZk-LdpHdIT4RGlxBLQOWl",
                    "width": 4898
                }
            ],
            "place_id": "ChIJvUQ7IsGOGGARhohyjVB2MGY",
            "plus_code": {
                "compound_code": "PQ7W+5G 日本、東京都台東区",
                "global_code": "8Q7XPQ7W+5G"
            },
            "reference": "ChIJvUQ7IsGOGGARhohyjVB2MGY",
            "scope": "GOOGLE",
            "types": [
                "art_gallery",
                "point_of_interest",
                "establishment"
            ],
            "vicinity": "台東区浅草２丁目３−３"
        }
    ],
    "status": "OK"
}