{
    "html_attributions": [],
    "results": [
        {
            "business_status": "OPERATIONAL",
            "geometry": {
                "location": {
                    "lat": 35.7097105,
                    "lng": 139.7963917
                },
                "viewport": {
                    "northeast": {
                        "lat": 35.7110698802915,
                        "lng": 139.7976466802915
                    },
                    "southwest": {
                        "lat": 35.7083719197085,
                        "lng": 139.7949487197085
                    }
                }
            },
            "icon": "https://maps.gstatic.com/mapfiles/place_api/icons/v1/png_71/museum-71.png",
            "icon_background_color": "#13B5C7",
            "icon_mask_base_uri": "https://maps.gstatic.com/mapfiles/place_api/icons/v2/museum_pinlet",
            "name": "東京本染館",
            "opening_hours": {
                "open_now": false
            },
            "photos": [
                {
                    "height": 640,
                    "html_attributions": [
                        "<a href=\"https://maps.google.com/maps/contrib/115667153274526791679\">中松拓也</a>"
                    ],
                    "photo_reference": "Aap_uEAzKhrRp_CYi3BxyVJcxq9Q5RjuY8VWmJZ87VCWLxfD7J90BSTk-xZcgtsOTOOsDFaDCBYnaTu3pL4bjoWbqTnNE-8kzzN_DyJeuAjxKhrE-XecpK0-iJdyfKO0ZHIqDj9UmHO_515jJ8Dx18pbDDOZtBK7mRjleBOBQUXForULOqYn",
                    "width": 480
                }
            ],
            "place_id": "ChIJF71Q-MaOGGAR3yHHgrruS9A",
            "plus_code": {
                "compound_code": "PQ5W+VH 日本、東京都台東区",
                "global_code": "8Q7XPQ5W+VH"
            },
            "rating": 3.2,
            "reference": "ChIJF71Q-MaOGGAR3yHHgrruS9A",
            "scope": "GOOGLE",
            "types": [
                "museum",
                "tourist_attraction",
                "point_of_interest",
                "establishment"
            ],
            "user_ratings_total": 11,
            "vicinity": "台東区雷門２丁目３−５"
        },
        {
            "business_status": "OPERATIONAL",
            "geometry": {
                "location": {
                    "lat": 35.71077630000001,
                    "lng": 139.7955054
                },
                "viewport": {
                    "northeast": {
                        "lat": 35.7121293802915,
                        "lng": 139.7968158802915
                    },
                    "southwest": {
                        "lat": 35.7094314197085,
                        "lng": 139.7941179197085
                    }
                }
            },
            "icon": "https://maps.gstatic.com/mapfiles/place_api/icons/v1/png_71/generic_business-71.png",
            "icon_background_color": "#13B5C7",
            "icon_mask_base_uri": "https://maps.gstatic.com/mapfiles/place_api/icons/v2/generic_pinlet",
            "name": "Ninja Information Center Tokyo&Dojo",
            "opening_hours": {
                "open_now": false
            },
            "photos": [
                {
                    "height": 793,
                    "html_attributions": [
                        "<a href=\"https://maps.google.com/maps/contrib/113542562405723982924\">Ninja Information Center Tokyo&amp;Dojo</a>"
                    ],
                    "photo_reference": "Aap_uEBPeFrvq7PNfz37tA81W9n2kjm8a_M70R2Sdea_lKz4uZi_zHs71Eaei4fg7yaRumcbLrbMbmkCNkTOu1kbdjB6eAMkhaP-x_sE3aTsM69d58AW7M0FeJh7YsKwmUdMYTgASEhnDF6ok0ohduWqDX90xyyQyqWhfW8lZW3BrEXdEoxz",
                    "width": 579
                }
            ],
            "place_id": "ChIJjTW8NZmPGGARiEMDEHGN5xQ",
            "plus_code": {
                "compound_code": "PQ6W+86 日本、東京都台東区",
                "global_code": "8Q7XPQ6W+86"
            },
            "rating": 4.9,
            "reference": "ChIJjTW8NZmPGGARiEMDEHGN5xQ",
            "scope": "GOOGLE",
            "types": [
                "tourist_attraction",
                "point_of_interest",
                "establishment"
            ],
            "user_ratings_total": 28,
            "vicinity": "台東区雷門２丁目１７−８"
        }
    ],
    "status": "OK"
}