{
    "html_attributions": [],
    "results": [
        {
            "business_status": "OPERATIONAL",
            "geometry": {
                "location": {
                    "lat": 35.707645,
                    "lng": 139.7982986
                },
                "viewport": {
                    "northeast": {
                        "lat": 35.7089939802915,
                        "lng": 139.7996475802915
                    },
                    "southwest": {
                        "lat": 35.7062960197085,
                        "lng": 139.7969496197085
                    }
                }
            },
            "icon": "https://maps.gstatic.com/mapfiles/place_api/icons/v1/png_71/park-71.png",
            "icon_background_color": "#4DB546",
            "icon_mask_base_uri": "https://maps.gstatic.com/mapfiles/place_api/icons/v2/tree_pinlet",
            "name": "駒形橋前フラワーコーナー",
            "opening_hours": {
                "open_now": true
            },
            "photos": [
                {
                    "height": 3024,
                    "html_attributions": [
                        "<a href=\"https://maps.google.com/maps/contrib/103925651318117425122\">やまちゃん。</a>"
                    ],
                    "photo_reference": "Aap_uEC_XTpoje-6epxeZful_UbIM4IuOUMb5cNOWZvYBzuTCP-5YSdrlnpkL3U8thfGQpn6N8CZC80boOfuFFe12p8ZfAsxFWBLQwhvvBwsRJeRlp9P3qNs23pMDW2m6en0LY9aZXZ56pL05acjGYEMjLXWgtBDQdQGq0YWFIY_H3YkZnwA",
                    "width": 4032
                }
            ],
            "place_id": "ChIJWz0M3jKPGGAR7L3sCnP3fkE",
            "plus_code": {
                "compound_code": "PQ5X+38 日本、東京都墨田区",
                "global_code": "8Q7XPQ5X+38"
            },
            "rating": 3.9,
            "reference": "ChIJWz0M3jKPGGAR7L3sCnP3fkE",
            "scope": "GOOGLE",
            "types": [
                "park",
                "point_of_interest",
                "establishment"
            ],
            "user_ratings_total": 11,
            "vicinity": "墨田区東駒形１丁目３"
        },
        {
            "business_status": "OPERATIONAL",
            "geometry": {
                "location": {
                    "lat": 35.7089324,
                    "lng": 139.7987762
                },
                "viewport": {
                    "northeast": {
                        "lat": 35.7102026802915,
                        "lng": 139.8002766302915
                    },
                    "southwest": {
                        "lat": 35.7075047197085,
                        "lng": 139.7975786697085
                    }
                }
            },
            "icon": "https://maps.gstatic.com/mapfiles/place_api/icons/v1/png_71/park-71.png",
            "icon_background_color": "#4DB546",
            "icon_mask_base_uri": "https://maps.gstatic.com/mapfiles/place_api/icons/v2/tree_pinlet",
            "name": "吾妻橋公園",
            "opening_hours": {
                "open_now": true
            },
            "photos": [
                {
                    "height": 4501,
                    "html_attributions": [
                        "<a href=\"https://maps.google.com/maps/contrib/112254568251066105437\">HIRO Y</a>"
                    ],
                    "photo_reference": "Aap_uECfk9RMEhdvdy3JUC1kj_q9Z6kColISru1bowMsfssXJ_P5tOo2DTg2GCTMC_kmW_Kj9O1PdHL07HLr5HXejfz7wA4JsBE0394982Mz9XQXuclETyNugI4Uq-ioTtEmivQI7P9zaJL3Pgz4miA5enKfnXCnFpaJ_qi1Zh31V8Iau5V3",
                    "width": 3372
                }
            ],
            "place_id": "ChIJMzutfe2PGGARghq2eJhRuiY",
            "plus_code": {
                "compound_code": "PQ5X+HG 日本、東京都墨田区",
                "global_code": "8Q7XPQ5X+HG"
            },
            "rating": 3.8,
            "reference": "ChIJMzutfe2PGGARghq2eJhRuiY",
            "scope": "GOOGLE",
            "types": [
                "park",
                "point_of_interest",
                "establishment"
            ],
            "user_ratings_total": 10,
            "vicinity": "墨田区吾妻橋１丁目１２"
        },
        {
            "business_status": "OPERATIONAL",
            "geometry": {
                "location": {
                    "lat": 35.70871739999999,
                    "lng": 139.7968531
                },
                "viewport": {
                    "northeast": {
                        "lat": 35.7101059302915,
                        "lng": 139.7981296302915
                    },
                    "southwest": {
                        "lat": 35.7074079697085,
                        "lng": 139.7954316697085
                    }
                }
            },
            "icon": "https://maps.gstatic.com/mapfiles/place_api/icons/v1/png_71/park-71.png",
            "icon_background_color": "#4DB546",
            "icon_mask_base_uri": "https://maps.gstatic.com/mapfiles/place_api/icons/v2/tree_pinlet",
            "name": "駒形橋ポケットパーク",
            "opening_hours": {
                "open_now": true
            },
            "photos": [
                {
                    "height": 5488,
                    "html_attributions": [
                        "<a href=\"https://maps.google.com/maps/contrib/101205651515758186155\">孝弘成田</a>"
                    ],
                    "photo_reference": "Aap_uEAKiGt6uKa_BBkyeAAu8YgjhIUweusI08d8TeD-Ezit4iL4j210HzcEcVTaM0Ex0lg9BbWruW7vGASIPwDgMCMeFnIP3M6wgIqz-Mnlf6NyGP6eSbmMUij-X043CHWdOf5m5N7NIGPSWw4rHKmgfa6-6GBydcxvtc00C9pNBJshVcJ1",
                    "width": 3088
                }
            ],
            "place_id": "ChIJ36fcA_2PGGARWdv_bMMmR4E",
            "plus_code": {
                "compound_code": "PQ5W+FP 日本、東京都台東区",
                "global_code": "8Q7XPQ5W+FP"
            },
            "rating": 4.4,
            "reference": "ChIJ36fcA_2PGGARWdv_bMMmR4E",
            "scope": "GOOGLE",
            "types": [
                "park",
                "point_of_interest",
                "establishment"
            ],
            "user_ratings_total": 8,
            "vicinity": "台東区雷門２丁目１−１"
        },
        {
            "business_status": "OPERATIONAL",
            "geometry": {
                "location": {
                    "lat": 35.7081386,
                    "lng": 139.7964713
                },
                "viewport": {
                    "northeast": {
                        "lat": 35.70954188029149,
                        "lng": 139.7976948802915
                    },
                    "southwest": {
                        "lat": 35.7068439197085,
                        "lng": 139.7949969197085
                    }
                }
            },
            "icon": "https://maps.gstatic.com/mapfiles/place_api/icons/v1/png_71/park-71.png",
            "icon_background_color": "#4DB546",
            "icon_mask_base_uri": "https://maps.gstatic.com/mapfiles/place_api/icons/v2/tree_pinlet",
            "name": "隅田川テラス",
            "opening_hours": {
                "open_now": true
            },
            "photos": [
                {
                    "height": 3027,
                    "html_attributions": [
                        "<a href=\"https://maps.google.com/maps/contrib/100289815560481050457\">Takayuki Miki</a>"
                    ],
                    "photo_reference": "Aap_uEAjYoa8Pocs505kKY5u-6yC3sWekdmMipxiyGrcU064ad-vCTjNspje1e8MDo1s35qJ90aHTzeQFbu0v46KPtg2NI9GvXCCKO3zfUAoNB285K-WlzZKAK44y_8F2O0YucdzLOm14QEaWbxA2oCcDO2vQF52w_TmKBFDmpLMk9W-xaJf",
                    "width": 4540
                }
            ],
            "place_id": "ChIJ5bq9MMaOGGARp2OWZrPatGs",
            "plus_code": {
                "compound_code": "PQ5W+7H 日本、東京都台東区",
                "global_code": "8Q7XPQ5W+7H"
            },
            "rating": 4.3,
            "reference": "ChIJ5bq9MMaOGGARp2OWZrPatGs",
            "scope": "GOOGLE",
            "types": [
                "park",
                "point_of_interest",
                "establishment"
            ],
            "user_ratings_total": 75,
            "vicinity": "台東区駒形２丁目１−２９"
        }
    ],
    "status": "OK"
}