{
    "html_attributions": [],
    "results": [
        {
            "business_status": "OPERATIONAL",
            "geometry": {
                "location": {
                    "lat": 35.7098013,
                    "lng": 139.8002801
                },
                "viewport": {
                    "northeast": {
                        "lat": 35.7109346302915,
                        "lng": 139.8017068802915
                    },
                    "southwest": {
                        "lat": 35.7082366697085,
                        "lng": 139.7990089197085
                    }
                }
            },
            "icon": "https://maps.gstatic.com/mapfiles/place_api/icons/v1/png_71/generic_business-71.png",
            "icon_background_color": "#7B9EB0",
            "icon_mask_base_uri": "https://maps.gstatic.com/mapfiles/place_api/icons/v2/generic_pinlet",
            "name": "アサヒグループ本社ビルホール棟",
            "photos": [
                {
                    "height": 3024,
                    "html_attributions": [
                        "<a href=\"https://maps.google.com/maps/contrib/112528196783574496004\">Kazuhiro Ishikawa</a>"
                    ],
                    "photo_reference": "Aap_uEB8GBbo1Wyzocjc16pIlSR9LgVn9FY4peqOcXs3a0O1DDEf0EpoF5rxYVef21j4mgvf9mMLa2LNopvOmFxOVdhW0YMz4qFnIY2nP9M4JiuenCu6xhXBoy3v9rX6YWWopp661HVD8Mv3kno3ZbER509YF8wlBPNAzaWdNa_UiDig-21B",
                    "width": 4032
                }
            ],
            "place_id": "ChIJAQBAl8WOGGARD1894HWqY-0",
            "plus_code": {
                "compound_code": "PR52+W4 日本、東京都墨田区",
                "global_code": "8Q7XPR52+W4"
            },
            "rating": 4.1,
            "reference": "ChIJAQBAl8WOGGARD1894HWqY-0",
            "scope": "GOOGLE",
            "types": [
                "tourist_attraction",
                "point_of_interest",
                "establishment"
            ],
            "user_ratings_total": 450,
            "vicinity": "墨田区吾妻橋１丁目２３−１"
        }
    ],
    "status": "OK"
}