{
    "html_attributions": [],
    "results": [
        {
            "business_status": "OPERATIONAL",
            "geometry": {
                "location": {
                    "lat": 35.7154609,
                    "lng": 139.7948774
                },
                "viewport": {
                    "northeast": {
                        "lat": 35.7166685802915,
                        "lng": 139.7963441302915
                    },
                    "southwest": {
                        "lat": 35.7139706197085,
                        "lng": 139.7936461697085
                    }
                }
            },
            "icon": "https://maps.gstatic.com/mapfiles/place_api/icons/v1/png_71/generic_business-71.png",
            "icon_background_color": "#7B9EB0",
            "icon_mask_base_uri": "https://maps.gstatic.com/mapfiles/place_api/icons/v2/generic_pinlet",
            "name": "浅草花やしき",
            "opening_hours": {
                "open_now": false
            },
            "photos": [
                {
                    "height": 1891,
                    "html_attributions": [
                        "<a href=\"https://maps.google.com/maps/contrib/101013751077594944233\">浅草花やしき</a>"
                    ],
                    "photo_reference": "Aap_uEDUYk234oJ9y8ln93OHUBrWnYKpPuxtUHbvTitTIgqnmWFx2JF5Xm_-9uFzVGLgfXaY7SX6Dlv0y07atTn1rAcLqG3NET88GDDVdnI68Bkcenf_4lPbUhm6FSSWHvHBGKeYvqLeJ1F2W2z7Hxw30w3ycJlMMaeVWaOOlFqxFBE3xdSW",
                    "width": 3360
                }
            ],
            "place_id": "ChIJPXcZIsCOGGARsYimyXoHsms",
            "plus_code": {
                "compound_code": "PQ8V+5X 日本、東京都台東区",
                "global_code": "8Q7XPQ8V+5X"
            },
            "rating": 4,
            "reference": "ChIJPXcZIsCOGGARsYimyXoHsms",
            "scope": "GOOGLE",
            "types": [
                "amusement_park",
                "tourist_attraction",
                "point_of_interest",
                "establishment"
            ],
            "user_ratings_total": 4419,
            "vicinity": "台東区浅草２丁目２８−１"
        },
        {
            "business_status": "OPERATIONAL",
            "geometry": {
                "location": {
                    "lat": 35.7119027,
                    "lng": 139.7983621
                },
                "viewport": {
                    "northeast": {
                        "lat": 35.71301028029149,
                        "lng": 139.7996035302915
                    },
                    "southwest": {
                        "lat": 35.7103123197085,
                        "lng": 139.7969055697085
                    }
                }
            },
            "icon": "https://maps.gstatic.com/mapfiles/place_api/icons/v1/png_71/generic_business-71.png",
            "icon_background_color": "#7B9EB0",
            "icon_mask_base_uri": "https://maps.gstatic.com/mapfiles/place_api/icons/v2/generic_pinlet",
            "name": "Kid's US.LAND 浅草エキミセ店",
            "opening_hours": {
                "open_now": false
            },
            "photos": [
                {
                    "height": 3024,
                    "html_attributions": [
                        "<a href=\"https://maps.google.com/maps/contrib/106808856958421973348\">ネコフクロウ</a>"
                    ],
                    "photo_reference": "Aap_uEC_WRPT9Yyud2IRdB-yHa5_v-z4HBa5IMuGs3KRz8jzTwBTFFMlFGyOJCMqQgXpQylswk7zu9m4NpuIUjKFuI5hZwLax6ILI_13_z8-gBdTaqheXTN_EUsRtNDgeg1FcxRM-PpDX4OcYC3JeMUt0hlat9Bs5AtoCTR4WyWEqdIVyMGp",
                    "width": 4032
                }
            ],
            "place_id": "ChIJObVRxM6PGGAREtOmFVTX4mc",
            "plus_code": {
                "compound_code": "PQ6X+Q8 日本、東京都台東区",
                "global_code": "8Q7XPQ6X+Q8"
            },
            "rating": 3.7,
            "reference": "ChIJObVRxM6PGGAREtOmFVTX4mc",
            "scope": "GOOGLE",
            "types": [
                "amusement_park",
                "point_of_interest",
                "establishment"
            ],
            "user_ratings_total": 6,
            "vicinity": "台東区花川戸１丁目４−１ 浅草エキミセ 4F"
        },
        {
            "business_status": "OPERATIONAL",
            "geometry": {
                "location": {
                    "lat": 35.7157443,
                    "lng": 139.7945098
                },
                "viewport": {
                    "northeast": {
                        "lat": 35.7171214802915,
                        "lng": 139.7958436802915
                    },
                    "southwest": {
                        "lat": 35.7144235197085,
                        "lng": 139.7931457197085
                    }
                }
            },
            "icon": "https://maps.gstatic.com/mapfiles/place_api/icons/v1/png_71/generic_business-71.png",
            "icon_background_color": "#7B9EB0",
            "icon_mask_base_uri": "https://maps.gstatic.com/mapfiles/place_api/icons/v2/generic_pinlet",
            "name": "俯瞰１",
            "place_id": "ChIJT1wJbJWPGGARfAvC_lDWHms",
            "plus_code": {
                "compound_code": "PQ8V+7R 日本、東京都台東区",
                "global_code": "8Q7XPQ8V+7R"
            },
            "reference": "ChIJT1wJbJWPGGARfAvC_lDWHms",
            "scope": "GOOGLE",
            "types": [
                "amusement_park",
                "point_of_interest",
                "establishment"
            ],
            "vicinity": "台東区浅草２丁目２８"
        },
        {
            "business_status": "OPERATIONAL",
            "geometry": {
                "location": {
                    "lat": 35.7153867,
                    "lng": 139.7939216
                },
                "viewport": {
                    "northeast": {
                        "lat": 35.71674813029151,
                        "lng": 139.7952530802915
                    },
                    "southwest": {
                        "lat": 35.71405016970851,
                        "lng": 139.7925551197085
                    }
                }
            },
            "icon": "https://maps.gstatic.com/mapfiles/place_api/icons/v1/png_71/generic_business-71.png",
            "icon_background_color": "#7B9EB0",
            "icon_mask_base_uri": "https://maps.gstatic.com/mapfiles/place_api/icons/v2/generic_pinlet",
            "name": "花やしき 笑運閣門",
            "opening_hours": {
                "open_now": false
            },
            "photos": [
                {
                    "height": 2000,
                    "html_attributions": [
                        "<a href=\"https://maps.google.com/maps/contrib/112388430183747212920\">小林慶太</a>"
                    ],
                    "photo_reference": "Aap_uEBOdOESDtE12JPR2kLY9mrWVhmT0HQ9kounHMZM9NhcxiP0ZN6gcqgV6lf9AoA_JkUwf_IdXpXirjTG5ZfJlzePZ1JqKxQVOIukRhaujzumuZ2_ubuDgAUCnmcouTMgEf472z27Kg3jMBfFPsjysd8OwodUy0mQ4ZnOjNpLiwkR74Vr",
                    "width": 3008
                }
            ],
            "place_id": "ChIJoUm0isCPGGARKpAuc19_GrQ",
            "plus_code": {
                "compound_code": "PQ8V+5H 日本、東京都台東区",
                "global_code": "8Q7XPQ8V+5H"
            },
            "rating": 4.7,
            "reference": "ChIJoUm0isCPGGARKpAuc19_GrQ",
            "scope": "GOOGLE",
            "types": [
                "amusement_park",
                "point_of_interest",
                "establishment"
            ],
            "user_ratings_total": 3,
            "vicinity": "台東区浅草２丁目２８−１"
        }
    ],
    "status": "OK"
}