{
    "html_attributions": [],
    "results": [
        {
            "business_status": "OPERATIONAL",
            "geometry": {
                "location": {
                    "lat": 35.71326469999999,
                    "lng": 139.7978193
                },
                "viewport": {
                    "northeast": {
                        "lat": 35.7146143802915,
                        "lng": 139.7992449302915
                    },
                    "southwest": {
                        "lat": 35.7119164197085,
                        "lng": 139.7965469697085
                    }
                }
            },
            "icon": "https://maps.gstatic.com/mapfiles/place_api/icons/v1/png_71/museum-71.png",
            "icon_background_color": "#13B5C7",
            "icon_mask_base_uri": "https://maps.gstatic.com/mapfiles/place_api/icons/v2/museum_pinlet",
            "name": "Book & Design",
            "photos": [
                {
                    "height": 3024,
                    "html_attributions": [
                        "<a href=\"https://maps.google.com/maps/contrib/115115525693928638683\">ウジトモコ</a>"
                    ],
                    "photo_reference": "Aap_uEA9faHPLaY5OnrHiPMyaZ7TKgc5Z8ZtK3Shway7NvKQbiGYJl6kW6RcsWh8w3zwzkeYaDs8yE1PU236IH35XKVhqeGtDmeHiGxSKN0fLhc4mADF2V1xjX-1cEydHC4JPTXnq0r9tKBDSgcRxwiLMlfIVuEr9xONoJDQWMmskIb5vpDR",
                    "width": 4032
                }
            ],
            "place_id": "ChIJW36wRMGOGGARoNTn7kTqxsY",
            "plus_code": {
                "compound_code": "PQ7X+84 日本、東京都台東区",
                "global_code": "8Q7XPQ7X+84"
            },
            "rating": 5,
            "reference": "ChIJW36wRMGOGGARoNTn7kTqxsY",
            "scope": "GOOGLE",
            "types": [
                "museum",
                "point_of_interest",
                "establishment"
            ],
            "user_ratings_total": 3,
            "vicinity": "台東区浅草２丁目１−１４ Book & Design"
        }
    ],
    "status": "OK"
}