{
    "html_attributions": [],
    "results": [
        {
            "business_status": "OPERATIONAL",
            "geometry": {
                "location": {
                    "lat": 35.7094023,
                    "lng": 139.8011065
                },
                "viewport": {
                    "northeast": {
                        "lat": 35.71069688029151,
                        "lng": 139.8025740802915
                    },
                    "southwest": {
                        "lat": 35.70799891970851,
                        "lng": 139.7998761197085
                    }
                }
            },
            "icon": "https://maps.gstatic.com/mapfiles/place_api/icons/v1/png_71/generic_business-71.png",
            "icon_background_color": "#7B9EB0",
            "icon_mask_base_uri": "https://maps.gstatic.com/mapfiles/place_api/icons/v2/generic_pinlet",
            "name": "ギャラリーアビアント",
            "photos": [
                {
                    "height": 4160,
                    "html_attributions": [
                        "<a href=\"https://maps.google.com/maps/contrib/115673926001113167365\">Kazunori Ishige</a>"
                    ],
                    "photo_reference": "Aap_uED9c6ikDOXkLcTlCiiycsm1JdnGl_t6CSW7b9w3e8aSehiiIAvLTAwYvOKPjjdiBKoJujR5wu1BUf6t61avMpsNCUWn8uqUTXsbe1nN52r1xALC5F15MO25k-G0t8XqU8RvL8GrHg1LjzpuKOJ_lPOwqdMCycY6MwlhP_JnHgKd0KrF",
                    "width": 3120
                }
            ],
            "place_id": "ChIJe8FugsWOGGAR3Yy3jgfzVB4",
            "plus_code": {
                "compound_code": "PR52+QC 日本、東京都墨田区",
                "global_code": "8Q7XPR52+QC"
            },
            "rating": 4.5,
            "reference": "ChIJe8FugsWOGGAR3Yy3jgfzVB4",
            "scope": "GOOGLE",
            "types": [
                "art_gallery",
                "point_of_interest",
                "establishment"
            ],
            "user_ratings_total": 26,
            "vicinity": "墨田区吾妻橋１丁目２３−３０"
        }
    ],
    "status": "OK"
}