{
    "html_attributions": [],
    "results": [
        {
            "business_status": "OPERATIONAL",
            "geometry": {
                "location": {
                    "lat": 35.7098827,
                    "lng": 139.7969362
                },
                "viewport": {
                    "northeast": {
                        "lat": 35.7112316802915,
                        "lng": 139.7982851802915
                    },
                    "southwest": {
                        "lat": 35.7085337197085,
                        "lng": 139.7955872197085
                    }
                }
            },
            "icon": "https://maps.gstatic.com/mapfiles/place_api/icons/v1/png_71/cafe-71.png",
            "icon_background_color": "#FF9E67",
            "icon_mask_base_uri": "https://maps.gstatic.com/mapfiles/place_api/icons/v2/cafe_pinlet",
            "name": "ギャラリーエフ",
            "opening_hours": {
                "open_now": true
            },
            "photos": [
                {
                    "height": 2160,
                    "html_attributions": [
                        "<a href=\"https://maps.google.com/maps/contrib/117185725189097044895\">ゆひ</a>"
                    ],
                    "photo_reference": "Aap_uEAIAd50uZWjVKdBugHaPG1980Fcn056rv34sYdGkc6G3y9lpZehT8yBSRzkL86BSqCwzVqtW_k2RThGFPXy9YwlZUMQuAAsT3msumzc4fJV9lSCoyH8KLnJuBpF5cLMUpM2X3ZPPIl777iEaA4YPso6vk2GYW2PVrsEwiTAa8KhKvO6",
                    "width": 3840
                }
            ],
            "place_id": "ChIJHVDF9caOGGAR7vEVpetYDE4",
            "plus_code": {
                "compound_code": "PQ5W+XQ 日本、東京都台東区",
                "global_code": "8Q7XPQ5W+XQ"
            },
            "price_level": 2,
            "rating": 4.3,
            "reference": "ChIJHVDF9caOGGAR7vEVpetYDE4",
            "scope": "GOOGLE",
            "types": [
                "cafe",
                "art_gallery",
                "food",
                "point_of_interest",
                "establishment"
            ],
            "user_ratings_total": 105,
            "vicinity": "台東区雷門２丁目１９−１８"
        }
    ],
    "status": "OK"
}