{
    "html_attributions": [],
    "results": [
        {
            "business_status": "OPERATIONAL",
            "geometry": {
                "location": {
                    "lat": 35.7136243,
                    "lng": 139.7969898
                },
                "viewport": {
                    "northeast": {
                        "lat": 35.7149732802915,
                        "lng": 139.7983387802915
                    },
                    "southwest": {
                        "lat": 35.7122753197085,
                        "lng": 139.7956408197085
                    }
                }
            },
            "icon": "https://maps.gstatic.com/mapfiles/place_api/icons/v1/png_71/worship_dharma-71.png",
            "icon_background_color": "#7B9EB0",
            "icon_mask_base_uri": "https://maps.gstatic.com/mapfiles/place_api/icons/v2/generic_pinlet",
            "name": "二尊仏",
            "opening_hours": {
                "open_now": true
            },
            "photos": [
                {
                    "height": 3264,
                    "html_attributions": [
                        "<a href=\"https://maps.google.com/maps/contrib/115865755735800044199\">Jason Peterkin</a>"
                    ],
                    "photo_reference": "Aap_uEBbtnoCr7FXyATuthr9Us6gSfN3f_u8741uyvORGmzovjx51U2G3Vpc3Qfk5rbMe_313g4eIsWHrAODXu7LzAoZWs7rvJmiPUt9yH5kJE8BPmqOTQmXMkbTPEPdB1aRDwXC5EHEvTQL7-kSavihssBWVqZQ7tqVqySUfiMeqXHiYJgb",
                    "width": 4928
                }
            ],
            "place_id": "ChIJ5febE8GOGGARWwrwa8VYV3M",
            "plus_code": {
                "compound_code": "PQ7W+CQ 日本、東京都台東区",
                "global_code": "8Q7XPQ7W+CQ"
            },
            "rating": 4.1,
            "reference": "ChIJ5febE8GOGGARWwrwa8VYV3M",
            "scope": "GOOGLE",
            "types": [
                "tourist_attraction",
                "museum",
                "place_of_worship",
                "point_of_interest",
                "establishment"
            ],
            "user_ratings_total": 24,
            "vicinity": "台東区浅草２丁目２−９"
        }
    ],
    "status": "OK"
}