{
    "html_attributions": [],
    "results": [
        {
            "business_status": "OPERATIONAL",
            "geometry": {
                "location": {
                    "lat": 35.71389529999999,
                    "lng": 139.7966298
                },
                "viewport": {
                    "northeast": {
                        "lat": 35.7150750802915,
                        "lng": 139.7980363302915
                    },
                    "southwest": {
                        "lat": 35.7123771197085,
                        "lng": 139.7953383697085
                    }
                }
            },
            "icon": "https://maps.gstatic.com/mapfiles/place_api/icons/v1/png_71/generic_business-71.png",
            "icon_background_color": "#13B5C7",
            "icon_mask_base_uri": "https://maps.gstatic.com/mapfiles/place_api/icons/v2/generic_pinlet",
            "name": "淺草不動尊",
            "photos": [
                {
                    "height": 3024,
                    "html_attributions": [
                        "<a href=\"https://maps.google.com/maps/contrib/109311649546418828917\">渡辺曜ちゃんなのっ</a>"
                    ],
                    "photo_reference": "Aap_uEAocdc6kIbDtfRdTJytbE9GCMA_jZ0-nzP9utqOR1bhTiwAFGll2Xb7VZ6v6JyBqhNzt-Atxe2uou-MqBgp7yJmDXUCZpIMDk2IDJtEJ9TgE4oQ6BizHhpJlekA3I2jQYXCBUXRmXyG3B5wLUKwWr0r38Ny4_PsoUR5csn7s27SVgK-",
                    "width": 4032
                }
            ],
            "place_id": "ChIJlwFCBcGOGGARniu01OryE70",
            "plus_code": {
                "compound_code": "PQ7W+HM 日本、東京都台東区",
                "global_code": "8Q7XPQ7W+HM"
            },
            "rating": 4.8,
            "reference": "ChIJlwFCBcGOGGARniu01OryE70",
            "scope": "GOOGLE",
            "types": [
                "tourist_attraction",
                "point_of_interest",
                "establishment"
            ],
            "user_ratings_total": 10,
            "vicinity": "台東区浅草２丁目３"
        },
        {
            "business_status": "OPERATIONAL",
            "geometry": {
                "location": {
                    "lat": 35.7139333,
                    "lng": 139.7966333
                },
                "viewport": {
                    "northeast": {
                        "lat": 35.7152822802915,
                        "lng": 139.7979822802915
                    },
                    "southwest": {
                        "lat": 35.7125843197085,
                        "lng": 139.7952843197085
                    }
                }
            },
            "icon": "https://maps.gstatic.com/mapfiles/place_api/icons/v1/png_71/worship_dharma-71.png",
            "icon_background_color": "#7B9EB0",
            "icon_mask_base_uri": "https://maps.gstatic.com/mapfiles/place_api/icons/v2/generic_pinlet",
            "name": "浅草寺 宝蔵門",
            "opening_hours": {
                "open_now": false
            },
            "photos": [
                {
                    "height": 3142,
                    "html_attributions": [
                        "<a href=\"https://maps.google.com/maps/contrib/107666174760702075911\">Y UCHI</a>"
                    ],
                    "photo_reference": "Aap_uEBT0IVHpoE2c0oBo-dYsapcEWETNcwM6z0tG2TuzFgCAJhpweA6M8Bul3dGtKq2QOU4ITRUh9ds5MEHJqH2JyihoY_5UnQoATAZubXtlgMz60aYfrEssYKLKgg8rSVOACg1jd_6LHd9LMMyIecmfGHwCBAVw3MPBfS5m-LUmpUG27dV",
                    "width": 4714
                }
            ],
            "place_id": "ChIJA8RvD8GOGGARdoKfX1LNAcQ",
            "plus_code": {
                "compound_code": "PQ7W+HM 日本、東京都台東区",
                "global_code": "8Q7XPQ7W+HM"
            },
            "rating": 4.5,
            "reference": "ChIJA8RvD8GOGGARdoKfX1LNAcQ",
            "scope": "GOOGLE",
            "types": [
                "tourist_attraction",
                "place_of_worship",
                "point_of_interest",
                "establishment"
            ],
            "user_ratings_total": 1943,
            "vicinity": "Japan"
        },
        {
            "business_status": "OPERATIONAL",
            "geometry": {
                "location": {
                    "lat": 35.7136935,
                    "lng": 139.7968906
                },
                "viewport": {
                    "northeast": {
                        "lat": 35.71504248029149,
                        "lng": 139.7982395802915
                    },
                    "southwest": {
                        "lat": 35.7123445197085,
                        "lng": 139.7955416197085
                    }
                }
            },
            "icon": "https://maps.gstatic.com/mapfiles/place_api/icons/v1/png_71/generic_business-71.png",
            "icon_background_color": "#13B5C7",
            "icon_mask_base_uri": "https://maps.gstatic.com/mapfiles/place_api/icons/v2/generic_pinlet",
            "name": "母子地蔵",
            "photos": [
                {
                    "height": 2980,
                    "html_attributions": [
                        "<a href=\"https://maps.google.com/maps/contrib/109463001801166904127\">Masahiro Yamamoto</a>"
                    ],
                    "photo_reference": "Aap_uEBXzvxLAYMCCb-aStjlEwwwdrqNL1lsXgeyIX1Z9Ri8AQsqXZ3frTCb8dJ5a1nGrwogrpYAjPK0dUX-Z_LpotDktoyRReVZLZkX1yJCP8RFHTNaKaeSIDV9cF2uwJQNeG1A-56tOOa9_p_uTyuWV82B4du5pr4iNiHOhixbWo6ReGHE",
                    "width": 3974
                }
            ],
            "place_id": "ChIJeaTIE8GOGGAR-xZX9jrnpYY",
            "plus_code": {
                "compound_code": "PQ7W+FQ 日本、東京都台東区",
                "global_code": "8Q7XPQ7W+FQ"
            },
            "rating": 4.1,
            "reference": "ChIJeaTIE8GOGGAR-xZX9jrnpYY",
            "scope": "GOOGLE",
            "types": [
                "tourist_attraction",
                "point_of_interest",
                "establishment"
            ],
            "user_ratings_total": 7,
            "vicinity": "台東区浅草２丁目３"
        },
        {
            "business_status": "OPERATIONAL",
            "geometry": {
                "location": {
                    "lat": 35.7133146,
                    "lng": 139.7952322
                },
                "viewport": {
                    "northeast": {
                        "lat": 35.7144257802915,
                        "lng": 139.7965740302915
                    },
                    "southwest": {
                        "lat": 35.7117278197085,
                        "lng": 139.7938760697085
                    }
                }
            },
            "icon": "https://maps.gstatic.com/mapfiles/place_api/icons/v1/png_71/worship_dharma-71.png",
            "icon_background_color": "#7B9EB0",
            "icon_mask_base_uri": "https://maps.gstatic.com/mapfiles/place_api/icons/v2/generic_pinlet",
            "name": "伝法院",
            "photos": [
                {
                    "height": 3024,
                    "html_attributions": [
                        "<a href=\"https://maps.google.com/maps/contrib/101281864219511812474\">Kaan kara</a>"
                    ],
                    "photo_reference": "Aap_uEAKJ1YMgyzlQmSm94vRQbkjldpRGjwTpC-aYHw_WkTriAJOEc2yXTJaEB3XWLQlC77oIplD7Yy1pqTPtFcq5KukvXPJZn_GXz-0aN3599_Y37WGyx2_8JQCWNGZZXHblVFSSL2eOgQpKfLFY811nchixoEDkiqK8FCrHFQxmk1aUQ3d",
                    "width": 4032
                }
            ],
            "place_id": "ChIJvxCB8MCOGGARia7WkaY5Ttg",
            "plus_code": {
                "compound_code": "PQ7W+83 日本、東京都台東区",
                "global_code": "8Q7XPQ7W+83"
            },
            "rating": 3.9,
            "reference": "ChIJvxCB8MCOGGARia7WkaY5Ttg",
            "scope": "GOOGLE",
            "types": [
                "tourist_attraction",
                "place_of_worship",
                "point_of_interest",
                "establishment"
            ],
            "user_ratings_total": 22,
            "vicinity": "台東区浅草２丁目３"
        },
        {
            "business_status": "OPERATIONAL",
            "geometry": {
                "location": {
                    "lat": 35.7136243,
                    "lng": 139.7969898
                },
                "viewport": {
                    "northeast": {
                        "lat": 35.7149732802915,
                        "lng": 139.7983387802915
                    },
                    "southwest": {
                        "lat": 35.7122753197085,
                        "lng": 139.7956408197085
                    }
                }
            },
            "icon": "https://maps.gstatic.com/mapfiles/place_api/icons/v1/png_71/worship_dharma-71.png",
            "icon_background_color": "#7B9EB0",
            "icon_mask_base_uri": "https://maps.gstatic.com/mapfiles/place_api/icons/v2/generic_pinlet",
            "name": "二尊仏",
            "opening_hours": {
                "open_now": true
            },
            "photos": [
                {
                    "height": 3264,
                    "html_attributions": [
                        "<a href=\"https://maps.google.com/maps/contrib/115865755735800044199\">Jason Peterkin</a>"
                    ],
                    "photo_reference": "Aap_uEAEy2j5HHDbsn84WGjQBm9fclXOcagtlT8j5x1JCNG9CMObtM5y7tOQLDmeiK0KmRsWnwc_9qhBys0NTGtvcrku4C6mL-0uScm76eQs1ix_Lixb3E2HaClijTDbT2vWcwaL8pWUYc0U1c4vTJpfGb_0-3D7TeSpHhr9Zc7xJPclib2S",
                    "width": 4928
                }
            ],
            "place_id": "ChIJ5febE8GOGGARWwrwa8VYV3M",
            "plus_code": {
                "compound_code": "PQ7W+CQ 日本、東京都台東区",
                "global_code": "8Q7XPQ7W+CQ"
            },
            "rating": 4.1,
            "reference": "ChIJ5febE8GOGGARWwrwa8VYV3M",
            "scope": "GOOGLE",
            "types": [
                "tourist_attraction",
                "museum",
                "place_of_worship",
                "point_of_interest",
                "establishment"
            ],
            "user_ratings_total": 24,
            "vicinity": "台東区浅草２丁目２−９"
        },
        {
            "business_status": "OPERATIONAL",
            "geometry": {
                "location": {
                    "lat": 35.7136554,
                    "lng": 139.7969924
                },
                "viewport": {
                    "northeast": {
                        "lat": 35.7150043802915,
                        "lng": 139.7983413802915
                    },
                    "southwest": {
                        "lat": 35.7123064197085,
                        "lng": 139.7956434197085
                    }
                }
            },
            "icon": "https://maps.gstatic.com/mapfiles/place_api/icons/v1/png_71/worship_dharma-71.png",
            "icon_background_color": "#7B9EB0",
            "icon_mask_base_uri": "https://maps.gstatic.com/mapfiles/place_api/icons/v2/generic_pinlet",
            "name": "阿弥陀如来像",
            "opening_hours": {
                "open_now": true
            },
            "photos": [
                {
                    "height": 2954,
                    "html_attributions": [
                        "<a href=\"https://maps.google.com/maps/contrib/109463001801166904127\">Masahiro Yamamoto</a>"
                    ],
                    "photo_reference": "Aap_uEDlYxcNc7-mgm6_7zGUqZR_1jMCjcffjKsIFRovMGdlNNMfqvmLnytFW_BrVrNdPVLZaHivbF7ns1cHnkYNnMxjhuX-iUvNAYcgMioFujpZDXFB8Usa3ytrNrSM0FWnQnQAJ2nJ82L9791IkE7suKYdda7OjtTI-kJo44kvRJe6SmXh",
                    "width": 3939
                }
            ],
            "place_id": "ChIJX7GhE8GOGGARbMCDyzLiyCw",
            "plus_code": {
                "compound_code": "PQ7W+FQ 日本、東京都台東区",
                "global_code": "8Q7XPQ7W+FQ"
            },
            "rating": 4.1,
            "reference": "ChIJX7GhE8GOGGARbMCDyzLiyCw",
            "scope": "GOOGLE",
            "types": [
                "tourist_attraction",
                "place_of_worship",
                "point_of_interest",
                "establishment"
            ],
            "user_ratings_total": 7,
            "vicinity": "台東区浅草２丁目３"
        },
        {
            "business_status": "OPERATIONAL",
            "geometry": {
                "location": {
                    "lat": 35.7143516,
                    "lng": 139.7967026
                },
                "viewport": {
                    "northeast": {
                        "lat": 35.71570058029151,
                        "lng": 139.7980515802915
                    },
                    "southwest": {
                        "lat": 35.71300261970851,
                        "lng": 139.7953536197085
                    }
                }
            },
            "icon": "https://maps.gstatic.com/mapfiles/place_api/icons/v1/png_71/worship_dharma-71.png",
            "icon_background_color": "#7B9EB0",
            "icon_mask_base_uri": "https://maps.gstatic.com/mapfiles/place_api/icons/v2/generic_pinlet",
            "name": "浅草寺 常香炉",
            "photos": [
                {
                    "height": 900,
                    "html_attributions": [
                        "<a href=\"https://maps.google.com/maps/contrib/109535660768994881734\">Tucchy Akira</a>"
                    ],
                    "photo_reference": "Aap_uEDBwX3J8TD0vFjsoALEbXOKlytgrQsUI9MEJl9nkKopJkRjDx58LSFHJ5A0XIWiQ7xcUM2OKCPnBmwoKq0VATDGnVLJQhXfh74-_-Iptpzyg6unvMxfRFPG5oXJB9pq7Nn3ezmnTrK8qR9M-j-xUs8v00TZDf6_d3g_PpEtWdLqJmDJ",
                    "width": 1200
                }
            ],
            "place_id": "ChIJ-4V5p8GOGGARNIKo0_EknZY",
            "plus_code": {
                "compound_code": "PQ7W+PM 日本、東京都台東区",
                "global_code": "8Q7XPQ7W+PM"
            },
            "rating": 3.9,
            "reference": "ChIJ-4V5p8GOGGARNIKo0_EknZY",
            "scope": "GOOGLE",
            "types": [
                "tourist_attraction",
                "place_of_worship",
                "point_of_interest",
                "establishment"
            ],
            "user_ratings_total": 13,
            "vicinity": "台東区浅草２丁目３"
        }
    ],
    "status": "OK"
}