{
    "html_attributions": [],
    "results": [
        {
            "business_status": "OPERATIONAL",
            "geometry": {
                "location": {
                    "lat": 35.7106545,
                    "lng": 139.7965307
                },
                "viewport": {
                    "northeast": {
                        "lat": 35.7121039802915,
                        "lng": 139.7978901302915
                    },
                    "southwest": {
                        "lat": 35.7094060197085,
                        "lng": 139.7951921697085
                    }
                }
            },
            "icon": "https://maps.gstatic.com/mapfiles/place_api/icons/v1/png_71/cafe-71.png",
            "icon_background_color": "#FF9E67",
            "icon_mask_base_uri": "https://maps.gstatic.com/mapfiles/place_api/icons/v2/cafe_pinlet",
            "name": "アサクサ ミハラシカフェ",
            "opening_hours": {
                "open_now": false
            },
            "photos": [
                {
                    "height": 3280,
                    "html_attributions": [
                        "<a href=\"https://maps.google.com/maps/contrib/105247136474685489076\">アサクサ ミハラシ カフェ</a>"
                    ],
                    "photo_reference": "Aap_uECeBEbH1coDpP41Z2nCAoJ-4ERg0t9MdJiuftyxSRGLpTcRWMHeV4uhuGeXC3KUpbP2DcRFsiFjd8lF__iXRvkbe2-hhdXc3uxQ4YfD0X1LWxogQDlq5zkeIvZMaJWPFN5RReCN9oL7c-szLpODSFryU_CZVL3vBXw4vWc-CCMlKPmB",
                    "width": 4928
                }
            ],
            "place_id": "ChIJr5qD6MaOGGARFzCkpLiQ3fQ",
            "plus_code": {
                "compound_code": "PQ6W+7J 日本、東京都台東区",
                "global_code": "8Q7XPQ6W+7J"
            },
            "rating": 4.1,
            "reference": "ChIJr5qD6MaOGGARFzCkpLiQ3fQ",
            "scope": "GOOGLE",
            "types": [
                "cafe",
                "food",
                "point_of_interest",
                "establishment"
            ],
            "user_ratings_total": 137,
            "vicinity": "台東区雷門２丁目１８−９ 浅草文化観光センター ８階"
        },
        {
            "business_status": "OPERATIONAL",
            "geometry": {
                "location": {
                    "lat": 35.7098827,
                    "lng": 139.7969362
                },
                "viewport": {
                    "northeast": {
                        "lat": 35.7112316802915,
                        "lng": 139.7982851802915
                    },
                    "southwest": {
                        "lat": 35.7085337197085,
                        "lng": 139.7955872197085
                    }
                }
            },
            "icon": "https://maps.gstatic.com/mapfiles/place_api/icons/v1/png_71/cafe-71.png",
            "icon_background_color": "#FF9E67",
            "icon_mask_base_uri": "https://maps.gstatic.com/mapfiles/place_api/icons/v2/cafe_pinlet",
            "name": "ギャラリーエフ",
            "opening_hours": {
                "open_now": true
            },
            "photos": [
                {
                    "height": 2160,
                    "html_attributions": [
                        "<a href=\"https://maps.google.com/maps/contrib/117185725189097044895\">ゆひ</a>"
                    ],
                    "photo_reference": "Aap_uEDJtVmpwwHpewELBMcc7FmF22-plUiU98HWjhteB4FAHnmhMVYORHRD1JoSKP1uHTpveiAQlbGoTJl6JPIz_iPE6aB5I417mk4a3grdBQX3bvwcKSGIbXTq2RsHbrHrtu9z11jGKPICZltligA5V8toDcY0VMY-P7ZDQhfJAPrxFHSI",
                    "width": 3840
                }
            ],
            "place_id": "ChIJHVDF9caOGGAR7vEVpetYDE4",
            "plus_code": {
                "compound_code": "PQ5W+XQ 日本、東京都台東区",
                "global_code": "8Q7XPQ5W+XQ"
            },
            "price_level": 2,
            "rating": 4.3,
            "reference": "ChIJHVDF9caOGGAR7vEVpetYDE4",
            "scope": "GOOGLE",
            "types": [
                "cafe",
                "art_gallery",
                "food",
                "point_of_interest",
                "establishment"
            ],
            "user_ratings_total": 105,
            "vicinity": "台東区雷門２丁目１９−１８"
        },
        {
            "business_status": "OPERATIONAL",
            "geometry": {
                "location": {
                    "lat": 35.7104291,
                    "lng": 139.7953159
                },
                "viewport": {
                    "northeast": {
                        "lat": 35.7117780802915,
                        "lng": 139.7966648802915
                    },
                    "southwest": {
                        "lat": 35.7090801197085,
                        "lng": 139.7939669197085
                    }
                }
            },
            "icon": "https://maps.gstatic.com/mapfiles/place_api/icons/v1/png_71/cafe-71.png",
            "icon_background_color": "#FF9E67",
            "icon_mask_base_uri": "https://maps.gstatic.com/mapfiles/place_api/icons/v2/cafe_pinlet",
            "name": "珈琲マーチ",
            "opening_hours": {
                "open_now": false
            },
            "photos": [
                {
                    "height": 1952,
                    "html_attributions": [
                        "<a href=\"https://maps.google.com/maps/contrib/110496022513963218470\">くらんきぃ</a>"
                    ],
                    "photo_reference": "Aap_uECSW8Iq7VbEDX8BOi8zyJ5ZEsPHJRI-pt-_IWEyVO04s7ysuFH6N8eKl5iYKkvA75YsNn_7Hz3yyGuq96GEBoAsfXEv_ne_ZTA1u0flRUedTrUH_Lty5fZXYzrmoOc9WW6E6kZ4bTsg_3os8I5kn236wBMkmAXPr2PZ9hHOJVdT_B-f",
                    "width": 2592
                }
            ],
            "place_id": "ChIJRV0yPceOGGAROYWj4kC0PRA",
            "plus_code": {
                "compound_code": "PQ6W+54 日本、東京都台東区",
                "global_code": "8Q7XPQ6W+54"
            },
            "rating": 3.8,
            "reference": "ChIJRV0yPceOGGAROYWj4kC0PRA",
            "scope": "GOOGLE",
            "types": [
                "cafe",
                "food",
                "point_of_interest",
                "store",
                "establishment"
            ],
            "user_ratings_total": 6,
            "vicinity": "台東区雷門２丁目１４−８"
        },
        {
            "business_status": "OPERATIONAL",
            "geometry": {
                "location": {
                    "lat": 35.71022080000001,
                    "lng": 139.7968703
                },
                "viewport": {
                    "northeast": {
                        "lat": 35.7115714302915,
                        "lng": 139.7982070802915
                    },
                    "southwest": {
                        "lat": 35.7088734697085,
                        "lng": 139.7955091197085
                    }
                }
            },
            "icon": "https://maps.gstatic.com/mapfiles/place_api/icons/v1/png_71/cafe-71.png",
            "icon_background_color": "#FF9E67",
            "icon_mask_base_uri": "https://maps.gstatic.com/mapfiles/place_api/icons/v2/cafe_pinlet",
            "name": "È PRONTO 雷門店",
            "opening_hours": {
                "open_now": false
            },
            "photos": [
                {
                    "height": 319,
                    "html_attributions": [
                        "<a href=\"https://maps.google.com/maps/contrib/111684059832787093527\">È PRONTO 雷門店</a>"
                    ],
                    "photo_reference": "Aap_uEAdPIJxJa4PaftpFPFmlcS8Zqds5_rLolfHpi4Lz0BBSRS3Sevv9ULNv0IeLIzVquu02RaL3dKkAMxPJWn3F90Ohw4ZNIiBNB3imuiCCZF_ikoGAOGgsJxL408o3w0om0X1UkwHXo5ncZ1uKurB1_gBaeIM6SS99SFdioo8wB27PxZq",
                    "width": 480
                }
            ],
            "place_id": "ChIJE4rF88aOGGARNOFmb1fvUSs",
            "plus_code": {
                "compound_code": "PQ6W+3P 日本、東京都台東区",
                "global_code": "8Q7XPQ6W+3P"
            },
            "price_level": 2,
            "rating": 4,
            "reference": "ChIJE4rF88aOGGARNOFmb1fvUSs",
            "scope": "GOOGLE",
            "types": [
                "cafe",
                "restaurant",
                "food",
                "point_of_interest",
                "establishment"
            ],
            "user_ratings_total": 227,
            "vicinity": "台東区雷門２丁目１９−６ 安岡ビル"
        },
        {
            "business_status": "OPERATIONAL",
            "geometry": {
                "location": {
                    "lat": 35.710533,
                    "lng": 139.796003
                },
                "viewport": {
                    "northeast": {
                        "lat": 35.7118115802915,
                        "lng": 139.7973405302915
                    },
                    "southwest": {
                        "lat": 35.7091136197085,
                        "lng": 139.7946425697085
                    }
                }
            },
            "icon": "https://maps.gstatic.com/mapfiles/place_api/icons/v1/png_71/cafe-71.png",
            "icon_background_color": "#FF9E67",
            "icon_mask_base_uri": "https://maps.gstatic.com/mapfiles/place_api/icons/v2/cafe_pinlet",
            "name": "カフェホワイエ",
            "opening_hours": {
                "open_now": true
            },
            "photos": [
                {
                    "height": 3096,
                    "html_attributions": [
                        "<a href=\"https://maps.google.com/maps/contrib/103570095214443558244\">r u</a>"
                    ],
                    "photo_reference": "Aap_uEA4ypsE6yp3NMzO4_T6Tp6AjTIrQygIvuiyxjw2jvIs_yFRPpI9WW-3Q_bYzF6Y7ZRHYWhdGIgEdhSvJuUApJfrU0D1NCd64qlRmZ-qllsJm1YVoiAzJjPvPh_yu02ZgAVyecSZ5by9ABPywzFqgw-1l0girPEe6EYn92jFHvtCEvSc",
                    "width": 4128
                }
            ],
            "place_id": "ChIJpQ9o4MaOGGAReHSJP0jiWu0",
            "plus_code": {
                "compound_code": "PQ6W+6C 日本、東京都台東区",
                "global_code": "8Q7XPQ6W+6C"
            },
            "rating": 3.7,
            "reference": "ChIJpQ9o4MaOGGAReHSJP0jiWu0",
            "scope": "GOOGLE",
            "types": [
                "cafe",
                "food",
                "point_of_interest",
                "establishment"
            ],
            "user_ratings_total": 3,
            "vicinity": "台東区雷門２丁目１７−１３"
        },
        {
            "business_status": "OPERATIONAL",
            "geometry": {
                "location": {
                    "lat": 35.7101099,
                    "lng": 139.7967117
                },
                "viewport": {
                    "northeast": {
                        "lat": 35.71147578029149,
                        "lng": 139.7980950802915
                    },
                    "southwest": {
                        "lat": 35.70877781970849,
                        "lng": 139.7953971197085
                    }
                }
            },
            "icon": "https://maps.gstatic.com/mapfiles/place_api/icons/v1/png_71/cafe-71.png",
            "icon_background_color": "#FF9E67",
            "icon_mask_base_uri": "https://maps.gstatic.com/mapfiles/place_api/icons/v2/cafe_pinlet",
            "name": "ドトールコーヒーショップ 雷門２丁目店",
            "opening_hours": {
                "open_now": false
            },
            "photos": [
                {
                    "height": 1600,
                    "html_attributions": [
                        "<a href=\"https://maps.google.com/maps/contrib/101356210972910103747\">Jason M</a>"
                    ],
                    "photo_reference": "Aap_uEDTNScKQQcXE0OAtxnSiiuR0c8cHz1wbVaasIfvdyi_z1tbPW2YCSmqdPrLU8Iel37vDbhjycc5E7udPTB4QVs-aAU8PTYfipgMsgndpTcdzteTLZO0WzqRMLRS2QPt4PPsRyPPZWAuyX7sxBTPFGqPZmAc0woJIzigK7ISZpFUnm9Y",
                    "width": 1600
                }
            ],
            "place_id": "ChIJAU_l8MaOGGARkFvLKVpk9rM",
            "plus_code": {
                "compound_code": "PQ6W+2M 日本、東京都台東区",
                "global_code": "8Q7XPQ6W+2M"
            },
            "price_level": 1,
            "rating": 3.6,
            "reference": "ChIJAU_l8MaOGGARkFvLKVpk9rM",
            "scope": "GOOGLE",
            "types": [
                "cafe",
                "food",
                "point_of_interest",
                "establishment"
            ],
            "user_ratings_total": 398,
            "vicinity": "台東区雷門２丁目１８−１６ (有)宗村ビル"
        },
        {
            "business_status": "OPERATIONAL",
            "geometry": {
                "location": {
                    "lat": 35.7095,
                    "lng": 139.7958611
                },
                "viewport": {
                    "northeast": {
                        "lat": 35.7108135802915,
                        "lng": 139.7972044802915
                    },
                    "southwest": {
                        "lat": 35.7081156197085,
                        "lng": 139.7945065197085
                    }
                }
            },
            "icon": "https://maps.gstatic.com/mapfiles/place_api/icons/v1/png_71/cafe-71.png",
            "icon_background_color": "#FF9E67",
            "icon_mask_base_uri": "https://maps.gstatic.com/mapfiles/place_api/icons/v2/cafe_pinlet",
            "name": "ライオン百貨店",
            "opening_hours": {
                "open_now": false
            },
            "place_id": "ChIJGfIlAMeOGGART1Dhocv5U04",
            "plus_code": {
                "compound_code": "PQ5W+Q8 日本、東京都台東区",
                "global_code": "8Q7XPQ5W+Q8"
            },
            "reference": "ChIJGfIlAMeOGGART1Dhocv5U04",
            "scope": "GOOGLE",
            "types": [
                "cafe",
                "food",
                "point_of_interest",
                "establishment"
            ],
            "vicinity": "台東区雷門２丁目１１−１０"
        },
        {
            "business_status": "OPERATIONAL",
            "geometry": {
                "location": {
                    "lat": 35.7102899,
                    "lng": 139.79676
                },
                "viewport": {
                    "northeast": {
                        "lat": 35.7116522802915,
                        "lng": 139.7981530302915
                    },
                    "southwest": {
                        "lat": 35.7089543197085,
                        "lng": 139.7954550697085
                    }
                }
            },
            "icon": "https://maps.gstatic.com/mapfiles/place_api/icons/v1/png_71/cafe-71.png",
            "icon_background_color": "#FF9E67",
            "icon_mask_base_uri": "https://maps.gstatic.com/mapfiles/place_api/icons/v2/cafe_pinlet",
            "name": "一芳 浅草 雷門店 イーファン 台湾水果茶",
            "opening_hours": {
                "open_now": false
            },
            "photos": [
                {
                    "height": 3024,
                    "html_attributions": [
                        "<a href=\"https://maps.google.com/maps/contrib/104867303370834510741\">一芳 浅草 雷門店 イーファン 台湾水果茶</a>"
                    ],
                    "photo_reference": "Aap_uECwXx-m8-DsedFZPMzKeKezUpmZ39zPE27SCUyMwoUb_2BS8sAWMUCfeuK6WzRztcfp6vTLfSylRBvdMKVPfE1PCqhbOHyusyEbqDUakFXQokbMpKz3yoVpQDYSVLejD65PPDUuxn4L8s1OFcmQtlDFKudv-nbXS4S-3UoMq_LEnQ8w",
                    "width": 4032
                }
            ],
            "place_id": "ChIJA9EXJCePGGARcoW3owaqmJA",
            "plus_code": {
                "compound_code": "PQ6W+4P 日本、東京都台東区",
                "global_code": "8Q7XPQ6W+4P"
            },
            "rating": 4.3,
            "reference": "ChIJA9EXJCePGGARcoW3owaqmJA",
            "scope": "GOOGLE",
            "types": [
                "cafe",
                "food",
                "point_of_interest",
                "establishment"
            ],
            "user_ratings_total": 6,
            "vicinity": "台東区雷門２丁目１８−１５ ＴＳビル 1F"
        },
        {
            "business_status": "OPERATIONAL",
            "geometry": {
                "location": {
                    "lat": 35.7102773,
                    "lng": 139.7967791
                },
                "viewport": {
                    "northeast": {
                        "lat": 35.7116459802915,
                        "lng": 139.7981603802915
                    },
                    "southwest": {
                        "lat": 35.7089480197085,
                        "lng": 139.7954624197085
                    }
                }
            },
            "icon": "https://maps.gstatic.com/mapfiles/place_api/icons/v1/png_71/cafe-71.png",
            "icon_background_color": "#FF9E67",
            "icon_mask_base_uri": "https://maps.gstatic.com/mapfiles/place_api/icons/v2/cafe_pinlet",
            "name": "一芳台灣水果茶 浅草店",
            "opening_hours": {
                "open_now": false
            },
            "photos": [
                {
                    "height": 1478,
                    "html_attributions": [
                        "<a href=\"https://maps.google.com/maps/contrib/102528255876618333533\">一芳台灣水果茶 浅草店</a>"
                    ],
                    "photo_reference": "Aap_uEDbLlKBurCFVoqMIPaL34cCluDZOaMjzkr50FW5xan4KBxtpRWX6HUKUaIep9jppTaAA1_16s9aUMFzVrvbFi9EJ5uh8D57Pf_qjQrqG0eooQi6dIA8fGMM3KCyH0GMMOfS7fYeR-8zCcgSM5TmT_oRA5moosTVmniDRiy64K7DBQE_",
                    "width": 1108
                }
            ],
            "place_id": "ChIJD9G_wMCOGGARdCYnqy0J9Dg",
            "plus_code": {
                "compound_code": "PQ6W+4P 日本、東京都台東区",
                "global_code": "8Q7XPQ6W+4P"
            },
            "rating": 4.1,
            "reference": "ChIJD9G_wMCOGGARdCYnqy0J9Dg",
            "scope": "GOOGLE",
            "types": [
                "cafe",
                "food",
                "point_of_interest",
                "establishment"
            ],
            "user_ratings_total": 152,
            "vicinity": "台東区浅草１丁目２９−５"
        },
        {
            "business_status": "OPERATIONAL",
            "geometry": {
                "location": {
                    "lat": 35.7095336,
                    "lng": 139.7966341
                },
                "viewport": {
                    "northeast": {
                        "lat": 35.7108825802915,
                        "lng": 139.7979830802915
                    },
                    "southwest": {
                        "lat": 35.7081846197085,
                        "lng": 139.7952851197085
                    }
                }
            },
            "icon": "https://maps.gstatic.com/mapfiles/place_api/icons/v1/png_71/cafe-71.png",
            "icon_background_color": "#FF9E67",
            "icon_mask_base_uri": "https://maps.gstatic.com/mapfiles/place_api/icons/v2/cafe_pinlet",
            "name": "KAMINARI LOUNGE",
            "opening_hours": {
                "open_now": true
            },
            "place_id": "ChIJm_qxWcaOGGARtRUlpW99baQ",
            "plus_code": {
                "compound_code": "PQ5W+RM 日本、東京都台東区",
                "global_code": "8Q7XPQ5W+RM"
            },
            "rating": 4.2,
            "reference": "ChIJm_qxWcaOGGARtRUlpW99baQ",
            "scope": "GOOGLE",
            "types": [
                "cafe",
                "restaurant",
                "food",
                "point_of_interest",
                "establishment"
            ],
            "user_ratings_total": 5,
            "vicinity": "台東区雷門２丁目３−１２ メッツみやじま2F"
        }
    ],
    "status": "OK"
}