{
    "html_attributions": [],
    "results": [
        {
            "business_status": "OPERATIONAL",
            "geometry": {
                "location": {
                    "lat": 35.7072606,
                    "lng": 139.7930743
                },
                "viewport": {
                    "northeast": {
                        "lat": 35.70860958029149,
                        "lng": 139.7944232802915
                    },
                    "southwest": {
                        "lat": 35.7059116197085,
                        "lng": 139.7917253197085
                    }
                }
            },
            "icon": "https://maps.gstatic.com/mapfiles/place_api/icons/v1/png_71/park-71.png",
            "icon_background_color": "#4DB546",
            "icon_mask_base_uri": "https://maps.gstatic.com/mapfiles/place_api/icons/v2/tree_pinlet",
            "name": "台東区立寿児童遊園",
            "opening_hours": {
                "open_now": true
            },
            "photos": [
                {
                    "height": 3024,
                    "html_attributions": [
                        "<a href=\"https://maps.google.com/maps/contrib/106808856958421973348\">ネコフクロウ</a>"
                    ],
                    "photo_reference": "Aap_uEArENbZ-mH-6RWZOES8whUYUqnZPVjVvBnaiNSBxzIC3DpR1IUw4s_M-uVhMVgDwZSAb0173NXx0f1tDaeMQ4QiGWTMfljNsKEw7A9NWq97UW4taPIQdT1TUNQMCMnOfyJ2re55Od31Ct3jN5I25yDRnHNS2iYASr66Q3yhIygSSOG7",
                    "width": 4032
                }
            ],
            "place_id": "ChIJvbFudLiOGGARiU22H863pVk",
            "plus_code": {
                "compound_code": "PQ4V+W6 日本、東京都台東区",
                "global_code": "8Q7XPQ4V+W6"
            },
            "rating": 3,
            "reference": "ChIJvbFudLiOGGARiU22H863pVk",
            "scope": "GOOGLE",
            "types": [
                "park",
                "tourist_attraction",
                "point_of_interest",
                "establishment"
            ],
            "user_ratings_total": 13,
            "vicinity": "台東区寿３丁目１６−１７"
        },
        {
            "business_status": "OPERATIONAL",
            "geometry": {
                "location": {
                    "lat": 35.7078099,
                    "lng": 139.7919496
                },
                "viewport": {
                    "northeast": {
                        "lat": 35.7091588802915,
                        "lng": 139.7932985802915
                    },
                    "southwest": {
                        "lat": 35.7064609197085,
                        "lng": 139.7906006197085
                    }
                }
            },
            "icon": "https://maps.gstatic.com/mapfiles/place_api/icons/v1/png_71/park-71.png",
            "icon_background_color": "#4DB546",
            "icon_mask_base_uri": "https://maps.gstatic.com/mapfiles/place_api/icons/v2/tree_pinlet",
            "name": "台東区立寿三丁目児童遊園",
            "opening_hours": {
                "open_now": true
            },
            "photos": [
                {
                    "height": 2448,
                    "html_attributions": [
                        "<a href=\"https://maps.google.com/maps/contrib/107252018813870906501\">本園大介</a>"
                    ],
                    "photo_reference": "Aap_uEBgSALB6m5plNQzt0Uxe-wKZurBrjXMMbCcBTtgciP5V_6kMGZk_I0aLu_oxoSmN3-5XZ1QqXBvfFCeXmeVRJlWWrTI3TiQILRSqXOiNEpr0X6ZM98Wy04ikEG1uunbj9Nyk4ApbrPLJzsfIqrwa2uA3AuhWv2BBGcJYUWezjoD1DcM",
                    "width": 3264
                }
            ],
            "place_id": "ChIJxROLX7iOGGARXsgN-E8kOEA",
            "plus_code": {
                "compound_code": "PQ5R+4Q 日本、東京都台東区",
                "global_code": "8Q7XPQ5R+4Q"
            },
            "rating": 4,
            "reference": "ChIJxROLX7iOGGARXsgN-E8kOEA",
            "scope": "GOOGLE",
            "types": [
                "park",
                "tourist_attraction",
                "point_of_interest",
                "establishment"
            ],
            "user_ratings_total": 5,
            "vicinity": "台東区寿３丁目２０−２"
        },
        {
            "business_status": "OPERATIONAL",
            "geometry": {
                "location": {
                    "lat": 35.7097538,
                    "lng": 139.7930475
                },
                "viewport": {
                    "northeast": {
                        "lat": 35.7111027802915,
                        "lng": 139.7943964802915
                    },
                    "southwest": {
                        "lat": 35.70840481970851,
                        "lng": 139.7916985197085
                    }
                }
            },
            "icon": "https://maps.gstatic.com/mapfiles/place_api/icons/v1/png_71/park-71.png",
            "icon_background_color": "#4DB546",
            "icon_mask_base_uri": "https://maps.gstatic.com/mapfiles/place_api/icons/v2/tree_pinlet",
            "name": "台東区立 田原公園",
            "opening_hours": {
                "open_now": true
            },
            "photos": [
                {
                    "height": 2048,
                    "html_attributions": [
                        "<a href=\"https://maps.google.com/maps/contrib/101382098506110547399\">akasaka sachie</a>"
                    ],
                    "photo_reference": "Aap_uEAir9aNjeAGyG0cP4ipRT2lV17I1J1f55RWy7fWkTr05Dcd8FpNOSIdUXNYLYZXWP_w9qrQ4Y6EeWc5t4BNjxKPgDRjNF_Ng5J3LvZQFHzE4KfNDLC3cwivGQPxG97PUBWQit0uGzZO5jiOxwAG7DpYoDE1MjqfXtCb5-DH8CVo4Ha2",
                    "width": 1536
                }
            ],
            "place_id": "ChIJTSiGpriOGGARsxUYehGgzMA",
            "plus_code": {
                "compound_code": "PQ5V+W6 日本、東京都台東区",
                "global_code": "8Q7XPQ5V+W6"
            },
            "rating": 3.2,
            "reference": "ChIJTSiGpriOGGARsxUYehGgzMA",
            "scope": "GOOGLE",
            "types": [
                "park",
                "tourist_attraction",
                "point_of_interest",
                "establishment"
            ],
            "user_ratings_total": 58,
            "vicinity": "台東区雷門１丁目５−１５"
        }
    ],
    "status": "OK"
}