{
    "html_attributions": [],
    "results": [
        {
            "business_status": "OPERATIONAL",
            "geometry": {
                "location": {
                    "lat": 35.60863549999999,
                    "lng": 140.1080332
                },
                "viewport": {
                    "northeast": {
                        "lat": 35.6100055302915,
                        "lng": 140.1094877302915
                    },
                    "southwest": {
                        "lat": 35.6073075697085,
                        "lng": 140.1067897697085
                    }
                }
            },
            "icon": "https://maps.gstatic.com/mapfiles/place_api/icons/v1/png_71/park-71.png",
            "icon_background_color": "#4DB546",
            "icon_mask_base_uri": "https://maps.gstatic.com/mapfiles/place_api/icons/v2/tree_pinlet",
            "name": "登戸１丁目第２公園",
            "opening_hours": {
                "open_now": true
            },
            "photos": [
                {
                    "height": 2592,
                    "html_attributions": [
                        "<a href=\"https://maps.google.com/maps/contrib/102404119692762604467\">Mt High</a>"
                    ],
                    "photo_reference": "Aap_uEB2e3m9ZerFpjwuDE16lPZnR8QQKF2C5UG01UvVgK9LT8DxaNFss9R1nQ6btCFmBAOBGDje6tiOYYcPhulNQik_lFkgrwBK7XzAaC6ilrjV0ibxPNvjv5xhGeTRby6Drq0-irZEYALxB7O2r2C8e1BL17XL3a9cpBp9jx3Ah-jWeeUf",
                    "width": 3872
                }
            ],
            "place_id": "ChIJv6_FBK-EImARHj-g2e1zkCo",
            "plus_code": {
                "compound_code": "J455+F6 日本、千葉県千葉市",
                "global_code": "8R72J455+F6"
            },
            "rating": 4,
            "reference": "ChIJv6_FBK-EImARHj-g2e1zkCo",
            "scope": "GOOGLE",
            "types": [
                "park",
                "point_of_interest",
                "establishment"
            ],
            "user_ratings_total": 2,
            "vicinity": "千葉市中央区登戸１丁目２４−５"
        },
        {
            "business_status": "OPERATIONAL",
            "geometry": {
                "location": {
                    "lat": 35.6100477,
                    "lng": 140.1064458
                },
                "viewport": {
                    "northeast": {
                        "lat": 35.6113837802915,
                        "lng": 140.1078135802915
                    },
                    "southwest": {
                        "lat": 35.6086858197085,
                        "lng": 140.1051156197085
                    }
                }
            },
            "icon": "https://maps.gstatic.com/mapfiles/place_api/icons/v1/png_71/park-71.png",
            "icon_background_color": "#4DB546",
            "icon_mask_base_uri": "https://maps.gstatic.com/mapfiles/place_api/icons/v2/tree_pinlet",
            "name": "袖ヶ浦公園",
            "opening_hours": {
                "open_now": true
            },
            "photos": [
                {
                    "height": 3779,
                    "html_attributions": [
                        "<a href=\"https://maps.google.com/maps/contrib/100044864009614477444\">寒がりぼっち</a>"
                    ],
                    "photo_reference": "Aap_uED77fMPXYM26p69pP270MrUPhJkD15a2LIlgwZ27GuGW5Y0TFV7Po8Muj_JUkVAOItRLLBPzvIHzHbwwcdqBzs0j1WBdokslhmjpdactRduj2WTjjb6t_lebPVlh2Fuu_CgyhP_crjnssOWfLpgCTGBAp9ZSit_DEOfyN8JopJdDAy9",
                    "width": 5226
                }
            ],
            "place_id": "ChIJAVbQ-KWEImAReEngMnBXatA",
            "plus_code": {
                "compound_code": "J464+2H 日本、千葉県千葉市",
                "global_code": "8R72J464+2H"
            },
            "rating": 3.1,
            "reference": "ChIJAVbQ-KWEImAReEngMnBXatA",
            "scope": "GOOGLE",
            "types": [
                "park",
                "point_of_interest",
                "establishment"
            ],
            "user_ratings_total": 17,
            "vicinity": "千葉市中央区登戸１丁目２０ 東京電力（株）登戸町変電所"
        },
        {
            "business_status": "OPERATIONAL",
            "geometry": {
                "location": {
                    "lat": 35.6110871,
                    "lng": 140.1099508
                },
                "viewport": {
                    "northeast": {
                        "lat": 35.6124644302915,
                        "lng": 140.1114005302915
                    },
                    "southwest": {
                        "lat": 35.6097664697085,
                        "lng": 140.1087025697085
                    }
                }
            },
            "icon": "https://maps.gstatic.com/mapfiles/place_api/icons/v1/png_71/park-71.png",
            "icon_background_color": "#4DB546",
            "icon_mask_base_uri": "https://maps.gstatic.com/mapfiles/place_api/icons/v2/tree_pinlet",
            "name": "登戸2丁目公園",
            "opening_hours": {
                "open_now": true
            },
            "photos": [
                {
                    "height": 4032,
                    "html_attributions": [
                        "<a href=\"https://maps.google.com/maps/contrib/113174614779594019809\">セブマスター</a>"
                    ],
                    "photo_reference": "Aap_uEDh4wKyxowFnws_rDZXKpOURuuTPeUUHYSqcmGcDyX6SpeKaTwgcXs4KZmgaKGav03iGVfg7lNZhuXh5KSBp_fboB_56QTGIpMppb6bzgmOEJlPB0UcGrr5SzuoYAZTO7o5bGSyfhUkFsOP4ZsPGaW4Hgu6DHPBtxlN9GrtJ-8Tno5H",
                    "width": 3024
                }
            ],
            "place_id": "ChIJObe09K-EImAR8gZN4MWWJqs",
            "plus_code": {
                "compound_code": "J465+CX 日本、千葉県千葉市",
                "global_code": "8R72J465+CX"
            },
            "rating": 4.2,
            "reference": "ChIJObe09K-EImAR8gZN4MWWJqs",
            "scope": "GOOGLE",
            "types": [
                "park",
                "point_of_interest",
                "establishment"
            ],
            "user_ratings_total": 9,
            "vicinity": "千葉市中央区登戸２丁目３−３"
        },
        {
            "business_status": "OPERATIONAL",
            "geometry": {
                "location": {
                    "lat": 35.609375,
                    "lng": 140.1091592
                },
                "viewport": {
                    "northeast": {
                        "lat": 35.6107121802915,
                        "lng": 140.1105256802915
                    },
                    "southwest": {
                        "lat": 35.6080142197085,
                        "lng": 140.1078277197085
                    }
                }
            },
            "icon": "https://maps.gstatic.com/mapfiles/place_api/icons/v1/png_71/park-71.png",
            "icon_background_color": "#4DB546",
            "icon_mask_base_uri": "https://maps.gstatic.com/mapfiles/place_api/icons/v2/tree_pinlet",
            "name": "登戸1丁目公園",
            "opening_hours": {
                "open_now": true
            },
            "photos": [
                {
                    "height": 3024,
                    "html_attributions": [
                        "<a href=\"https://maps.google.com/maps/contrib/103961256567885613257\">k onikei</a>"
                    ],
                    "photo_reference": "Aap_uEB9cY5T43zLzGDs-owpuf2xqiJWA6cfOMfpt6sf_ghHDU0NTk2FzVzutAQWK0E1W2uYtTjylJLpT2Yo7aYmJQRSMMTRlDqI3rLBImkIDOC_NSfXu-BBPMsMRMUeiSNpJ2NX6Zxx082-nolcHJJdB9A20qVWVG_RRBXWS_U0Qww_qoRu",
                    "width": 4032
                }
            ],
            "place_id": "ChIJH-IIpa-EImARDlhIG3qavvg",
            "plus_code": {
                "compound_code": "J455+PM 日本、千葉県千葉市",
                "global_code": "8R72J455+PM"
            },
            "rating": 3.4,
            "reference": "ChIJH-IIpa-EImARDlhIG3qavvg",
            "scope": "GOOGLE",
            "types": [
                "park",
                "point_of_interest",
                "establishment"
            ],
            "user_ratings_total": 36,
            "vicinity": "千葉市中央区登戸１丁目９−１７"
        },
        {
            "business_status": "OPERATIONAL",
            "geometry": {
                "location": {
                    "lat": 35.6092501,
                    "lng": 140.1091292
                },
                "viewport": {
                    "northeast": {
                        "lat": 35.6105624302915,
                        "lng": 140.1104208802915
                    },
                    "southwest": {
                        "lat": 35.6078644697085,
                        "lng": 140.1077229197085
                    }
                }
            },
            "icon": "https://maps.gstatic.com/mapfiles/place_api/icons/v1/png_71/park-71.png",
            "icon_background_color": "#4DB546",
            "icon_mask_base_uri": "https://maps.gstatic.com/mapfiles/place_api/icons/v2/tree_pinlet",
            "name": "Nobuto park",
            "opening_hours": {
                "open_now": true
            },
            "photos": [
                {
                    "height": 2592,
                    "html_attributions": [
                        "<a href=\"https://maps.google.com/maps/contrib/109195762726474163403\">Y. Koizumi</a>"
                    ],
                    "photo_reference": "Aap_uEDaf-4FhShXF1bZWnhzIqJ6Pw5a_XdDo60wSVR35hWM98p1oN7_EmroGFQ-e6fmfHhhj6HYMwvoh7XPDnKU7Y8Gg7SDb_Cg36rhbDi4rKeqIUdTR3orvyAxqMsBc3JaEMoUWNoU1r0SxARIBpYu-gm6ZKDtt3T4BMvcHcVdRbr9HEDR",
                    "width": 4608
                }
            ],
            "place_id": "ChIJDb5-r6-EImARqeEjwKnpTYc",
            "plus_code": {
                "compound_code": "J455+PM 日本、千葉県千葉市",
                "global_code": "8R72J455+PM"
            },
            "rating": 3.3,
            "reference": "ChIJDb5-r6-EImARqeEjwKnpTYc",
            "scope": "GOOGLE",
            "types": [
                "park",
                "point_of_interest",
                "establishment"
            ],
            "user_ratings_total": 3,
            "vicinity": "千葉市中央区登戸１丁目８"
        }
    ],
    "status": "OK"
}