{
    "html_attributions": [],
    "results": [
        {
            "business_status": "OPERATIONAL",
            "geometry": {
                "location": {
                    "lat": 35.61112,
                    "lng": 140.1150741
                },
                "viewport": {
                    "northeast": {
                        "lat": 35.61225478029149,
                        "lng": 140.1162480802915
                    },
                    "southwest": {
                        "lat": 35.6095568197085,
                        "lng": 140.1135501197085
                    }
                }
            },
            "icon": "https://maps.gstatic.com/mapfiles/place_api/icons/v1/png_71/cafe-71.png",
            "icon_background_color": "#FF9E67",
            "icon_mask_base_uri": "https://maps.gstatic.com/mapfiles/place_api/icons/v2/cafe_pinlet",
            "name": "スターバックス コーヒー そごう千葉ジュンヌ店",
            "opening_hours": {
                "open_now": true
            },
            "photos": [
                {
                    "height": 3024,
                    "html_attributions": [
                        "<a href=\"https://maps.google.com/maps/contrib/107705833309561868785\">スタバカ</a>"
                    ],
                    "photo_reference": "Aap_uEAu-O-3FPIH3qKB-z7lEQbIvaNuh2WHUXMvclqyF_u64IfWwGJFp1vPJ851CYMSIaQldLFPx62NfaZ--KGG4MfNNxynFKq0TOgKBlxGu7PywLYlwF6I3i_53dokkZV4Jg1yK9jB6V3_kZq6KOIA3gFwDeZQbtPcxXr07iLim1dnTbMf",
                    "width": 4032
                }
            ],
            "place_id": "ChIJdxIwILGEImARzIawi2Lj-HY",
            "plus_code": {
                "compound_code": "J468+C2 日本、千葉県千葉市",
                "global_code": "8R72J468+C2"
            },
            "price_level": 2,
            "rating": 3.8,
            "reference": "ChIJdxIwILGEImARzIawi2Lj-HY",
            "scope": "GOOGLE",
            "types": [
                "cafe",
                "food",
                "point_of_interest",
                "store",
                "establishment"
            ],
            "user_ratings_total": 375,
            "vicinity": "千葉市中央区新町１００１ そごう千葉店 ジュンヌ"
        },
        {
            "business_status": "OPERATIONAL",
            "geometry": {
                "location": {
                    "lat": 35.6116593,
                    "lng": 140.1146466
                },
                "viewport": {
                    "northeast": {
                        "lat": 35.6130469802915,
                        "lng": 140.1159681802915
                    },
                    "southwest": {
                        "lat": 35.6103490197085,
                        "lng": 140.1132702197085
                    }
                }
            },
            "icon": "https://maps.gstatic.com/mapfiles/place_api/icons/v1/png_71/cafe-71.png",
            "icon_background_color": "#FF9E67",
            "icon_mask_base_uri": "https://maps.gstatic.com/mapfiles/place_api/icons/v2/cafe_pinlet",
            "name": "カフェミラノ 京成千葉駅前店",
            "opening_hours": {
                "open_now": false
            },
            "photos": [
                {
                    "height": 2481,
                    "html_attributions": [
                        "<a href=\"https://maps.google.com/maps/contrib/115929261995272923726\">Take Shinotsuka</a>"
                    ],
                    "photo_reference": "Aap_uEDgmRWbVCN3l-xSVexKA_D93kOFbEnF8U5pyDMsM1HZWOGeqmDwsDN2XeAfhCfgz4LfJJWEkya5C53siSe3NuzwwxwuOknjrS-ir-3eLZbNIwOh_qNB0WRCnaoebfLxUzvwcaMBqNS3S0sh1zeavF35aX_ZRiApfRjG3Cm5sldBjgE6",
                    "width": 3308
                }
            ],
            "place_id": "ChIJ75pC8rCEImAR__1yWkCtZSM",
            "plus_code": {
                "compound_code": "J467+MV 日本、千葉県千葉市",
                "global_code": "8R72J467+MV"
            },
            "price_level": 2,
            "rating": 3.5,
            "reference": "ChIJ75pC8rCEImAR__1yWkCtZSM",
            "scope": "GOOGLE",
            "types": [
                "cafe",
                "food",
                "point_of_interest",
                "store",
                "establishment"
            ],
            "user_ratings_total": 142,
            "vicinity": "千葉市中央区新町２５０−３ 京成千葉駅構内"
        },
        {
            "business_status": "OPERATIONAL",
            "geometry": {
                "location": {
                    "lat": 35.6113463,
                    "lng": 140.1159328
                },
                "viewport": {
                    "northeast": {
                        "lat": 35.6126952802915,
                        "lng": 140.1172817802915
                    },
                    "southwest": {
                        "lat": 35.6099973197085,
                        "lng": 140.1145838197085
                    }
                }
            },
            "icon": "https://maps.gstatic.com/mapfiles/place_api/icons/v1/png_71/cafe-71.png",
            "icon_background_color": "#FF9E67",
            "icon_mask_base_uri": "https://maps.gstatic.com/mapfiles/place_api/icons/v2/cafe_pinlet",
            "name": "cafe yummy waffle",
            "opening_hours": {
                "open_now": false
            },
            "photos": [
                {
                    "height": 4032,
                    "html_attributions": [
                        "<a href=\"https://maps.google.com/maps/contrib/112927697405117433587\">Peter Peter</a>"
                    ],
                    "photo_reference": "Aap_uECf3XEKu9Nwx0bBFC3GUd8hElPb2PKAZ-wVmJu0cIp-l1I660Tm4tM4wQd6YkrpYopUpVzoY5DhdxvraMyKoaJkoPEzV7CfwF4ywf8VmyCkkk-VSKB3TeyOa-Bt_AjoAG3X6h_QhWomDinANCxfTdeNqBDiYN8tmfHiSyjeUiuoVNJc",
                    "width": 3024
                }
            ],
            "place_id": "ChIJn0KQLLGEImAR41SPFv2sR1c",
            "plus_code": {
                "compound_code": "J468+G9 日本、千葉県千葉市",
                "global_code": "8R72J468+G9"
            },
            "price_level": 2,
            "rating": 3.6,
            "reference": "ChIJn0KQLLGEImAR41SPFv2sR1c",
            "scope": "GOOGLE",
            "types": [
                "cafe",
                "food",
                "point_of_interest",
                "establishment"
            ],
            "user_ratings_total": 15,
            "vicinity": "千葉市中央区富士見２丁目４−３"
        },
        {
            "business_status": "OPERATIONAL",
            "geometry": {
                "location": {
                    "lat": 35.6111478,
                    "lng": 140.115104
                },
                "viewport": {
                    "northeast": {
                        "lat": 35.6121777802915,
                        "lng": 140.1163473302915
                    },
                    "southwest": {
                        "lat": 35.6094798197085,
                        "lng": 140.1136493697085
                    }
                }
            },
            "icon": "https://maps.gstatic.com/mapfiles/place_api/icons/v1/png_71/cafe-71.png",
            "icon_background_color": "#FF9E67",
            "icon_mask_base_uri": "https://maps.gstatic.com/mapfiles/place_api/icons/v2/cafe_pinlet",
            "name": "ラ・メゾン アンソレイユターブル そごう千葉ジュンヌ店",
            "opening_hours": {
                "open_now": false
            },
            "photos": [
                {
                    "height": 3000,
                    "html_attributions": [
                        "<a href=\"https://maps.google.com/maps/contrib/102492868020955710840\">chihiro mikami</a>"
                    ],
                    "photo_reference": "Aap_uEDyVxmnE1kqsRFt7EzeF0eb256EYnrAn5FvN471tj7bX3DieR2ScUyjKHSUIfqCLzcZjTRfQLIzJBG9ouCybgwoCauZdTii9nLmJqv8vlWfc-RUMiE4yEkkvEvMGFNw2rhB3sDBwNHhGNjTRfLNk7wHS5qt7ZTM-4R22vPoFwxhtTN1",
                    "width": 4000
                }
            ],
            "place_id": "ChIJdxIwILGEImARA-hZ8a_7jEs",
            "plus_code": {
                "compound_code": "J468+F2 日本、千葉県千葉市",
                "global_code": "8R72J468+F2"
            },
            "price_level": 3,
            "rating": 3.8,
            "reference": "ChIJdxIwILGEImARA-hZ8a_7jEs",
            "scope": "GOOGLE",
            "types": [
                "cafe",
                "bakery",
                "meal_takeaway",
                "restaurant",
                "food",
                "point_of_interest",
                "store",
                "establishment"
            ],
            "user_ratings_total": 141,
            "vicinity": "千葉市中央区新町１００１ そごう千葉ジュンヌ 4階"
        },
        {
            "business_status": "OPERATIONAL",
            "geometry": {
                "location": {
                    "lat": 35.6113391,
                    "lng": 140.1142678
                },
                "viewport": {
                    "northeast": {
                        "lat": 35.6126938302915,
                        "lng": 140.1156174802915
                    },
                    "southwest": {
                        "lat": 35.60999586970851,
                        "lng": 140.1129195197085
                    }
                }
            },
            "icon": "https://maps.gstatic.com/mapfiles/place_api/icons/v1/png_71/cafe-71.png",
            "icon_background_color": "#FF9E67",
            "icon_mask_base_uri": "https://maps.gstatic.com/mapfiles/place_api/icons/v2/cafe_pinlet",
            "name": "UCCカフェメルカード 千葉店",
            "opening_hours": {
                "open_now": false
            },
            "photos": [
                {
                    "height": 3000,
                    "html_attributions": [
                        "<a href=\"https://maps.google.com/maps/contrib/110234346347887660824\">山本耕一郎</a>"
                    ],
                    "photo_reference": "Aap_uEBqXQPbCRJyWBJaUGcqum6V8nwSejkvuIoCICh4iCxG6e6MNdZIf7I9N-rmu42zjQaoSx0WmIRoPmRP5yApHRpHYjHFdGS9HIdtOLiuhPUE0yrj3svKGlQZRBv7e9Epcn8IB9J_WQOfRB60WG4CSzg6Y3Fn75XgV9Vm6YhOo5CDgiPO",
                    "width": 5333
                }
            ],
            "place_id": "ChIJ62t5XbCEImARujJ1-OqgzQI",
            "plus_code": {
                "compound_code": "J467+GP 日本、千葉県千葉市",
                "global_code": "8R72J467+GP"
            },
            "price_level": 2,
            "rating": 4.3,
            "reference": "ChIJ62t5XbCEImARujJ1-OqgzQI",
            "scope": "GOOGLE",
            "types": [
                "cafe",
                "food",
                "point_of_interest",
                "store",
                "establishment"
            ],
            "user_ratings_total": 4,
            "vicinity": "千葉市中央区新町１０００"
        },
        {
            "business_status": "OPERATIONAL",
            "geometry": {
                "location": {
                    "lat": 35.611911,
                    "lng": 140.1149135
                },
                "viewport": {
                    "northeast": {
                        "lat": 35.6131651302915,
                        "lng": 140.1161497802915
                    },
                    "southwest": {
                        "lat": 35.6104671697085,
                        "lng": 140.1134518197085
                    }
                }
            },
            "icon": "https://maps.gstatic.com/mapfiles/place_api/icons/v1/png_71/cafe-71.png",
            "icon_background_color": "#FF9E67",
            "icon_mask_base_uri": "https://maps.gstatic.com/mapfiles/place_api/icons/v2/cafe_pinlet",
            "name": "キハチ カフェ ペリエ千葉",
            "opening_hours": {
                "open_now": false
            },
            "photos": [
                {
                    "height": 1512,
                    "html_attributions": [
                        "<a href=\"https://maps.google.com/maps/contrib/107532596336854868015\">キハチ カフェ ペリエ千葉</a>"
                    ],
                    "photo_reference": "Aap_uECfrDCc0-rWocxCbi2EzY-Zd6IfRKIBmDo2OLlit5qHr2q9Rd3wJnzMvV-06MdkaK6ywj7cFm0e0P6u2xTTsZ0rS_iBpLWVXPb-re9Edq_caMtiqfeDxDZiyw-zeHWROPNDbi2lAVG7_CTg-wn2eWJTL7OhA6Uol8nesnu_9ApdGoW4",
                    "width": 2016
                }
            ],
            "place_id": "ChIJdxUXtBGFImARWo1mwopise0",
            "plus_code": {
                "compound_code": "J467+QX 日本、千葉県千葉市",
                "global_code": "8R72J467+QX"
            },
            "price_level": 3,
            "rating": 3.6,
            "reference": "ChIJdxUXtBGFImARWo1mwopise0",
            "scope": "GOOGLE",
            "types": [
                "cafe",
                "food",
                "point_of_interest",
                "establishment"
            ],
            "user_ratings_total": 55,
            "vicinity": "千葉市中央区新千葉１丁目１−１ ペリエ千葉 ストリート １"
        },
        {
            "business_status": "OPERATIONAL",
            "geometry": {
                "location": {
                    "lat": 35.6113686,
                    "lng": 140.114182
                },
                "viewport": {
                    "northeast": {
                        "lat": 35.6125997802915,
                        "lng": 140.1157814302915
                    },
                    "southwest": {
                        "lat": 35.6099018197085,
                        "lng": 140.1130834697085
                    }
                }
            },
            "icon": "https://maps.gstatic.com/mapfiles/place_api/icons/v1/png_71/cafe-71.png",
            "icon_background_color": "#FF9E67",
            "icon_mask_base_uri": "https://maps.gstatic.com/mapfiles/place_api/icons/v2/cafe_pinlet",
            "name": "TASSE D'OR",
            "photos": [
                {
                    "height": 1836,
                    "html_attributions": [
                        "<a href=\"https://maps.google.com/maps/contrib/117781154332247539189\">おぴぴぴ</a>"
                    ],
                    "photo_reference": "Aap_uEB5b8GTpfYbuetMqnf5WgUMTLeeAUo8XKMXyo9jvxepw-4O4jpchz8OSMOU2iAf0lN8OSmvrR4IF5OsVHLA8fHKOTyt6y49QyQZYVABdOrjjmhiOLen1BoASFbqKA8p_3w0UnNchsgY841QRiJxYD-mSU_WmYdJEUH6Us2647JUcj7m",
                    "width": 3264
                }
            ],
            "place_id": "ChIJw7nE8LCEImARq9N8ix9e08M",
            "plus_code": {
                "compound_code": "J467+GM 日本、千葉県千葉市",
                "global_code": "8R72J467+GM"
            },
            "reference": "ChIJw7nE8LCEImARq9N8ix9e08M",
            "scope": "GOOGLE",
            "types": [
                "cafe",
                "food",
                "point_of_interest",
                "establishment"
            ],
            "vicinity": "千葉市中央区新町１０００"
        },
        {
            "business_status": "OPERATIONAL",
            "geometry": {
                "location": {
                    "lat": 35.611154,
                    "lng": 140.1158708
                },
                "viewport": {
                    "northeast": {
                        "lat": 35.6125029802915,
                        "lng": 140.1172197802915
                    },
                    "southwest": {
                        "lat": 35.6098050197085,
                        "lng": 140.1145218197085
                    }
                }
            },
            "icon": "https://maps.gstatic.com/mapfiles/place_api/icons/v1/png_71/cafe-71.png",
            "icon_background_color": "#FF9E67",
            "icon_mask_base_uri": "https://maps.gstatic.com/mapfiles/place_api/icons/v2/cafe_pinlet",
            "name": "Cafe&Bar Vintage",
            "opening_hours": {
                "open_now": true
            },
            "photos": [
                {
                    "height": 1328,
                    "html_attributions": [
                        "<a href=\"https://maps.google.com/maps/contrib/111507483365925315427\">Cafe&amp;Bar Vintage</a>"
                    ],
                    "photo_reference": "Aap_uEA-95-eVGGp48GA_JaSSmTokGqG7OJJJ7UVaN41gPTjj16sMhFmXn16ZBv3c62TZBpXcLERToNRyMjWbPa-3V-S9Jr_FPyO5WdCV5pPj4htdGHtiAb_47WaXzDOhwSXg5tpHWJTpr0IKBDKHMlC3ULgtt8HBQSgSNSIXBxkTpbYzY2G",
                    "width": 2358
                }
            ],
            "place_id": "ChIJh3aabOiFImARPKvzh1VHEk0",
            "plus_code": {
                "compound_code": "J468+F8 日本、千葉県千葉市",
                "global_code": "8R72J468+F8"
            },
            "rating": 4,
            "reference": "ChIJh3aabOiFImARPKvzh1VHEk0",
            "scope": "GOOGLE",
            "types": [
                "cafe",
                "food",
                "point_of_interest",
                "establishment"
            ],
            "user_ratings_total": 2,
            "vicinity": "千葉市中央区富士見2−２５ 千葉ショッピングセンター入口(千葉駅側 1AOブロック １号"
        },
        {
            "business_status": "OPERATIONAL",
            "geometry": {
                "location": {
                    "lat": 35.612289,
                    "lng": 140.1143145
                },
                "viewport": {
                    "northeast": {
                        "lat": 35.6134034802915,
                        "lng": 140.1157367802915
                    },
                    "southwest": {
                        "lat": 35.6107055197085,
                        "lng": 140.1130388197085
                    }
                }
            },
            "icon": "https://maps.gstatic.com/mapfiles/place_api/icons/v1/png_71/cafe-71.png",
            "icon_background_color": "#FF9E67",
            "icon_mask_base_uri": "https://maps.gstatic.com/mapfiles/place_api/icons/v2/cafe_pinlet",
            "name": "KEY COFEE Club since1920 ペリエ千葉店",
            "opening_hours": {
                "open_now": false
            },
            "photos": [
                {
                    "height": 3000,
                    "html_attributions": [
                        "<a href=\"https://maps.google.com/maps/contrib/118163576928475247800\">たいやき</a>"
                    ],
                    "photo_reference": "Aap_uEDh7YrhLhyDDtwW5NxsVCeaDhVySAClWMM6tLrwmqCgLtOpI9sojfRNShOuT7W3_XNt-PZN1T0VhA5rAPOo5i16bUpdmjz1CH3c6OsPBU6oKsyGGw18a6d5jlukP-WR2MaUOmoduXRhdG5lzWHxcq6JumKoMiSPEU6Rf0Xh-FqVDChs",
                    "width": 4000
                }
            ],
            "place_id": "ChIJefmWhoeFImARmq_sSg0ahL0",
            "plus_code": {
                "compound_code": "J467+WP 日本、千葉県千葉市",
                "global_code": "8R72J467+WP"
            },
            "rating": 3.8,
            "reference": "ChIJefmWhoeFImARmq_sSg0ahL0",
            "scope": "GOOGLE",
            "types": [
                "cafe",
                "food",
                "point_of_interest",
                "establishment"
            ],
            "user_ratings_total": 18,
            "vicinity": "千葉市中央区新千葉１丁目１"
        },
        {
            "business_status": "OPERATIONAL",
            "geometry": {
                "location": {
                    "lat": 35.6111203,
                    "lng": 140.1159437
                },
                "viewport": {
                    "northeast": {
                        "lat": 35.61246928029151,
                        "lng": 140.1172926802915
                    },
                    "southwest": {
                        "lat": 35.60977131970851,
                        "lng": 140.1145947197085
                    }
                }
            },
            "icon": "https://maps.gstatic.com/mapfiles/place_api/icons/v1/png_71/cafe-71.png",
            "icon_background_color": "#FF9E67",
            "icon_mask_base_uri": "https://maps.gstatic.com/mapfiles/place_api/icons/v2/cafe_pinlet",
            "name": "Pearl Lady 千葉C・one店",
            "opening_hours": {
                "open_now": false
            },
            "photos": [
                {
                    "height": 1536,
                    "html_attributions": [
                        "<a href=\"https://maps.google.com/maps/contrib/104321686475976474907\">Y Y</a>"
                    ],
                    "photo_reference": "Aap_uEBnYJA7xz8K6G3JP1LX2ey1-I7iloq2JtKEPTAFCfBj8iw_LFsciNu8Z5nqKa6QYg18kTAGAIphWQcT6Qvq4veUE0mRVxRYL5UWX1V1Mv0UMeblWxbvyJAMK3Yr_S5zv-v-kJqa39mkmW3wwROdo_HnkWIVU1VIijg7doArKrnTPkww",
                    "width": 2048
                }
            ],
            "place_id": "ChIJGR-LLbGEImAR_6uHml4SXDo",
            "plus_code": {
                "compound_code": "J468+C9 日本、千葉県千葉市",
                "global_code": "8R72J468+C9"
            },
            "price_level": 1,
            "rating": 3.3,
            "reference": "ChIJGR-LLbGEImAR_6uHml4SXDo",
            "scope": "GOOGLE",
            "types": [
                "cafe",
                "restaurant",
                "food",
                "point_of_interest",
                "store",
                "establishment"
            ],
            "user_ratings_total": 119,
            "vicinity": "千葉市中央区富士見２丁目２５−１ C・one内"
        }
    ],
    "status": "OK"
}