{
    "html_attributions": [],
    "results": [
        {
            "business_status": "OPERATIONAL",
            "geometry": {
                "location": {
                    "lat": 35.6142922,
                    "lng": 140.1190188
                },
                "viewport": {
                    "northeast": {
                        "lat": 35.6154749802915,
                        "lng": 140.1201785302915
                    },
                    "southwest": {
                        "lat": 35.6127770197085,
                        "lng": 140.1174805697085
                    }
                }
            },
            "icon": "https://maps.gstatic.com/mapfiles/place_api/icons/v1/png_71/park-71.png",
            "icon_background_color": "#4DB546",
            "icon_mask_base_uri": "https://maps.gstatic.com/mapfiles/place_api/icons/v2/tree_pinlet",
            "name": "要町街園",
            "opening_hours": {
                "open_now": true
            },
            "place_id": "ChIJ21utgreEImARKVRwGbV4pSE",
            "plus_code": {
                "compound_code": "J479+PJ 日本、千葉県千葉市",
                "global_code": "8R72J479+PJ"
            },
            "reference": "ChIJ21utgreEImARKVRwGbV4pSE",
            "scope": "GOOGLE",
            "types": [
                "park",
                "point_of_interest",
                "establishment"
            ],
            "vicinity": "千葉市中央区要町６丁目１６−１８"
        }
    ],
    "status": "OK"
}