{
    "html_attributions": [],
    "results": [
        {
            "business_status": "OPERATIONAL",
            "geometry": {
                "location": {
                    "lat": 35.6095109,
                    "lng": 140.1120122
                },
                "viewport": {
                    "northeast": {
                        "lat": 35.6108578302915,
                        "lng": 140.1133483302915
                    },
                    "southwest": {
                        "lat": 35.6081598697085,
                        "lng": 140.1106503697085
                    }
                }
            },
            "icon": "https://maps.gstatic.com/mapfiles/place_api/icons/v1/png_71/park-71.png",
            "icon_background_color": "#4DB546",
            "icon_mask_base_uri": "https://maps.gstatic.com/mapfiles/place_api/icons/v2/tree_pinlet",
            "name": "新町公園",
            "opening_hours": {
                "open_now": true
            },
            "photos": [
                {
                    "height": 2592,
                    "html_attributions": [
                        "<a href=\"https://maps.google.com/maps/contrib/102404119692762604467\">Mt High</a>"
                    ],
                    "photo_reference": "Aap_uEAe1iuzQ_Hy4bUKA54mlMlmIxqJ1F8j3F3NCmGy2ggdLOpQvmBHfEtTXL2kNuFVTbbLFN4YAD8wlKXy0h5Gl2UL6E4u1gL6TW3R8LceSya1ebRQ-1Zwtq_Y4OZYj5yPm7hZexExd4XFsKFrd4g-DHqOb_DR7Gd4tRc1UARFEADa_TzP",
                    "width": 3872
                }
            ],
            "place_id": "ChIJV217zrGEImARyojDCcmzASs",
            "plus_code": {
                "compound_code": "J456+RR 日本、千葉県千葉市",
                "global_code": "8R72J456+RR"
            },
            "rating": 3.3,
            "reference": "ChIJV217zrGEImARyojDCcmzASs",
            "scope": "GOOGLE",
            "types": [
                "park",
                "point_of_interest",
                "establishment"
            ],
            "user_ratings_total": 6,
            "vicinity": "千葉市中央区新町２３−２"
        },
        {
            "business_status": "OPERATIONAL",
            "geometry": {
                "location": {
                    "lat": 35.611159,
                    "lng": 140.112923
                },
                "viewport": {
                    "northeast": {
                        "lat": 35.6125079802915,
                        "lng": 140.1142719802915
                    },
                    "southwest": {
                        "lat": 35.6098100197085,
                        "lng": 140.1115740197085
                    }
                }
            },
            "icon": "https://maps.gstatic.com/mapfiles/place_api/icons/v1/png_71/park-71.png",
            "icon_background_color": "#4DB546",
            "icon_mask_base_uri": "https://maps.gstatic.com/mapfiles/place_api/icons/v2/tree_pinlet",
            "name": "屋上庭園",
            "opening_hours": {
                "open_now": false
            },
            "place_id": "ChIJxWWqpPWFImAR9hskleawdqM",
            "plus_code": {
                "compound_code": "J467+F5 日本、千葉県千葉市",
                "global_code": "8R72J467+F5"
            },
            "reference": "ChIJxWWqpPWFImAR9hskleawdqM",
            "scope": "GOOGLE",
            "types": [
                "park",
                "point_of_interest",
                "establishment"
            ],
            "vicinity": "千葉市中央区新町１０００"
        },
        {
            "business_status": "OPERATIONAL",
            "geometry": {
                "location": {
                    "lat": 35.6083549,
                    "lng": 140.1124976
                },
                "viewport": {
                    "northeast": {
                        "lat": 35.6098294302915,
                        "lng": 140.1138815302915
                    },
                    "southwest": {
                        "lat": 35.6071314697085,
                        "lng": 140.1111835697085
                    }
                }
            },
            "icon": "https://maps.gstatic.com/mapfiles/place_api/icons/v1/png_71/park-71.png",
            "icon_background_color": "#4DB546",
            "icon_mask_base_uri": "https://maps.gstatic.com/mapfiles/place_api/icons/v2/tree_pinlet",
            "name": "砂山公園",
            "opening_hours": {
                "open_now": true
            },
            "photos": [
                {
                    "height": 2592,
                    "html_attributions": [
                        "<a href=\"https://maps.google.com/maps/contrib/102404119692762604467\">Mt High</a>"
                    ],
                    "photo_reference": "Aap_uEA1PIUK82-4rQjym6yX-czRmBWuwgIA3YDGTClDrz3lAZ2Kymkumyzlrk18Odb4MovqGMVi04RpJjipvynriBwc_-L-TurUe5QDV-evxp16gHSxmNeRE-gqvJjEYGX8qPbsEQl2G6NkDqCQnpKOrwuBJ_7wB950W3snYxNFwE2Wbvrm",
                    "width": 3872
                }
            ],
            "place_id": "ChIJFYJJ7bGEImARcjwh62xYWDo",
            "plus_code": {
                "compound_code": "J456+8X 日本、千葉県千葉市",
                "global_code": "8R72J456+8X"
            },
            "rating": 3.9,
            "reference": "ChIJFYJJ7bGEImARcjwh62xYWDo",
            "scope": "GOOGLE",
            "types": [
                "park",
                "point_of_interest",
                "establishment"
            ],
            "user_ratings_total": 8,
            "vicinity": "千葉市中央区新田町１４"
        }
    ],
    "status": "OK"
}