{
    "html_attributions": [],
    "results": [
        {
            "business_status": "OPERATIONAL",
            "geometry": {
                "location": {
                    "lat": 35.6082504,
                    "lng": 140.1172187
                },
                "viewport": {
                    "northeast": {
                        "lat": 35.6095993802915,
                        "lng": 140.1185676802915
                    },
                    "southwest": {
                        "lat": 35.6069014197085,
                        "lng": 140.1158697197085
                    }
                }
            },
            "icon": "https://maps.gstatic.com/mapfiles/place_api/icons/v1/png_71/movies-71.png",
            "icon_background_color": "#13B5C7",
            "icon_mask_base_uri": "https://maps.gstatic.com/mapfiles/place_api/icons/v2/movie_pinlet",
            "name": "京成ローザ１０ウエスト",
            "photos": [
                {
                    "height": 3096,
                    "html_attributions": [
                        "<a href=\"https://maps.google.com/maps/contrib/112408750752197226141\">A H</a>"
                    ],
                    "photo_reference": "Aap_uEDSMzucSNZ1uUNVy_-bx3q9Il9hjmS6Uqrdw2IHb9dA7fZp0ryp_XzvD8chiXCErXCOQXrN3orArvwnpb4GffGK424iEpXsNbDglMITM4VgFu-jWiYqXqCm-Ed0TlnRmdJMy35-AD93qhPbIDgV6To7vGH52WPdXtPPTF_uLzfyftbH",
                    "width": 5504
                }
            ],
            "place_id": "ChIJEbjXOYWFImARLioL7A9EFZI",
            "plus_code": {
                "compound_code": "J458+8V 日本、千葉県千葉市",
                "global_code": "8R72J458+8V"
            },
            "rating": 3.7,
            "reference": "ChIJEbjXOYWFImARLioL7A9EFZI",
            "scope": "GOOGLE",
            "types": [
                "movie_theater",
                "point_of_interest",
                "establishment"
            ],
            "user_ratings_total": 15,
            "vicinity": "京成ローザ１０ウエスト, 15, １５ 本千葉町, 中央区 千葉市"
        }
    ],
    "status": "OK"
}