{
    "html_attributions": [],
    "results": [
        {
            "business_status": "OPERATIONAL",
            "geometry": {
                "location": {
                    "lat": 35.6088193,
                    "lng": 140.1190464
                },
                "viewport": {
                    "northeast": {
                        "lat": 35.61014803029149,
                        "lng": 140.1203794302915
                    },
                    "southwest": {
                        "lat": 35.6074500697085,
                        "lng": 140.1176814697085
                    }
                }
            },
            "icon": "https://maps.gstatic.com/mapfiles/place_api/icons/v1/png_71/park-71.png",
            "icon_background_color": "#4DB546",
            "icon_mask_base_uri": "https://maps.gstatic.com/mapfiles/place_api/icons/v2/tree_pinlet",
            "name": "富士見街園",
            "opening_hours": {
                "open_now": true
            },
            "photos": [
                {
                    "height": 2568,
                    "html_attributions": [
                        "<a href=\"https://maps.google.com/maps/contrib/112587955956260545455\">林雅彦</a>"
                    ],
                    "photo_reference": "Aap_uECQZmPAcgBjMU2phcySkyWzzWbJ-Ex6QcdvMlQhG14tf-ndy9lcvT47QOj6-ueeuG6BeIOQOlX7xiHPfkpoWFsMXSH3FysVnltWmvjToDtVGhVKlIRkZeCqiwm4Z-fywcloe9jS3mizPA4-gfjK2KbU6U8GAndZXwv8H13EOEif1gwW",
                    "width": 2456
                }
            ],
            "place_id": "ChIJMRRds7WEImARTPdDVDO3m1o",
            "plus_code": {
                "compound_code": "J459+GJ 日本、千葉県千葉市",
                "global_code": "8R72J459+GJ"
            },
            "rating": 3.7,
            "reference": "ChIJMRRds7WEImARTPdDVDO3m1o",
            "scope": "GOOGLE",
            "types": [
                "park",
                "point_of_interest",
                "establishment"
            ],
            "user_ratings_total": 6,
            "vicinity": "千葉市中央区富士見２丁目２５−２"
        }
    ],
    "status": "OK"
}