{
    "html_attributions": [],
    "results": [
        {
            "business_status": "OPERATIONAL",
            "geometry": {
                "location": {
                    "lat": 35.6135517,
                    "lng": 140.1141565
                },
                "viewport": {
                    "northeast": {
                        "lat": 35.6149006802915,
                        "lng": 140.1155054802915
                    },
                    "southwest": {
                        "lat": 35.6122027197085,
                        "lng": 140.1128075197085
                    }
                }
            },
            "icon": "https://maps.gstatic.com/mapfiles/place_api/icons/v1/png_71/shopping-71.png",
            "icon_background_color": "#4B96F3",
            "icon_mask_base_uri": "https://maps.gstatic.com/mapfiles/place_api/icons/v2/shopping_pinlet",
            "name": "豆NAKANO",
            "opening_hours": {
                "open_now": false
            },
            "photos": [
                {
                    "height": 2214,
                    "html_attributions": [
                        "<a href=\"https://maps.google.com/maps/contrib/113215034273110103829\">桃次郎</a>"
                    ],
                    "photo_reference": "Aap_uEDgyUWOm7ld2KxU14HXZLbvveWwf-08ikbVWjCA1lnefLPEq9raywyJKd3yjXPMFIvIwGG-hVmw1iAroBkJFnHOtazniURpvVCLSN1feWbg5sXUpYhAnGYZN7A66iENDLP5lA90khdWhgPj6HgAIvRdXB2G7xHyKqGq6Nz--kaEv61O",
                    "width": 3716
                }
            ],
            "place_id": "ChIJfaxni7qEImARbPOdF-GYsK4",
            "plus_code": {
                "compound_code": "J477+CM 日本、千葉県千葉市",
                "global_code": "8R72J477+CM"
            },
            "rating": 4.3,
            "reference": "ChIJfaxni7qEImARbPOdF-GYsK4",
            "scope": "GOOGLE",
            "types": [
                "cafe",
                "food",
                "point_of_interest",
                "store",
                "establishment"
            ],
            "user_ratings_total": 104,
            "vicinity": "千葉市中央区弁天１丁目１−２ 1F be-place 1F JR 側 be-placeJR側"
        },
        {
            "business_status": "OPERATIONAL",
            "geometry": {
                "location": {
                    "lat": 35.6129842,
                    "lng": 140.1141369
                },
                "viewport": {
                    "northeast": {
                        "lat": 35.6146346302915,
                        "lng": 140.1156448802915
                    },
                    "southwest": {
                        "lat": 35.6119366697085,
                        "lng": 140.1129469197085
                    }
                }
            },
            "icon": "https://maps.gstatic.com/mapfiles/place_api/icons/v1/png_71/cafe-71.png",
            "icon_background_color": "#FF9E67",
            "icon_mask_base_uri": "https://maps.gstatic.com/mapfiles/place_api/icons/v2/cafe_pinlet",
            "name": "星乃珈琲店 ペリエ千葉店",
            "opening_hours": {
                "open_now": true
            },
            "photos": [
                {
                    "height": 2336,
                    "html_attributions": [
                        "<a href=\"https://maps.google.com/maps/contrib/108667815268645270499\">ステキなステイ</a>"
                    ],
                    "photo_reference": "Aap_uEDaTRKax4faqAjyLMV8aYtCy0xieia8QEOGNs6Tsnk1yVMyGZic4R4zWTFdJeXHCS73PtCYJXqp5e8dApIqst6mgy798JVfRobK6YO-2O6IWYSIGXKIn2idB2mSa3eLMOiXqenS9ONuNQD10pGXfZhDPFFEtI7MvsITgQnZV3w-amAr",
                    "width": 4128
                }
            ],
            "place_id": "ChIJyd_hHKWEImARegbNhYsldYA",
            "plus_code": {
                "compound_code": "J477+5M 日本、千葉県千葉市",
                "global_code": "8R72J477+5M"
            },
            "price_level": 2,
            "rating": 3.6,
            "reference": "ChIJyd_hHKWEImARegbNhYsldYA",
            "scope": "GOOGLE",
            "types": [
                "cafe",
                "food",
                "point_of_interest",
                "store",
                "establishment"
            ],
            "user_ratings_total": 129,
            "vicinity": "千葉市中央区新千葉１丁目１−１ ペリエ千葉店5F"
        },
        {
            "business_status": "OPERATIONAL",
            "geometry": {
                "location": {
                    "lat": 35.6132438,
                    "lng": 140.1147283
                },
                "viewport": {
                    "northeast": {
                        "lat": 35.6147644302915,
                        "lng": 140.1159191302915
                    },
                    "southwest": {
                        "lat": 35.6120664697085,
                        "lng": 140.1132211697085
                    }
                }
            },
            "icon": "https://maps.gstatic.com/mapfiles/place_api/icons/v1/png_71/cafe-71.png",
            "icon_background_color": "#FF9E67",
            "icon_mask_base_uri": "https://maps.gstatic.com/mapfiles/place_api/icons/v2/cafe_pinlet",
            "name": "タリーズコーヒー ペリエ千葉ストリート2店",
            "opening_hours": {
                "open_now": true
            },
            "photos": [
                {
                    "height": 2684,
                    "html_attributions": [
                        "<a href=\"https://maps.google.com/maps/contrib/112587955956260545455\">林雅彦</a>"
                    ],
                    "photo_reference": "Aap_uEBmYoRnDrPnuofD8cU01QG1tc5bFFUYRyT9WepT2UBRCBPs1LodB4yCJVUzD1qSMVZMj6UWl9Qd2rYUilG0YUlQPFDGrhM6aYmbV5qt7MZbKsd_84mZLpbiKVyzRPAUCXSS8KzT2gYi8QQC_0XNZSQM2vAmDb7jIWxopotA_ZOCXVFr",
                    "width": 2538
                }
            ],
            "place_id": "ChIJITdSkLCEImARPZ343JVvlDw",
            "plus_code": {
                "compound_code": "J477+7V 日本、千葉県千葉市",
                "global_code": "8R72J477+7V"
            },
            "price_level": 2,
            "rating": 3.7,
            "reference": "ChIJITdSkLCEImARPZ343JVvlDw",
            "scope": "GOOGLE",
            "types": [
                "cafe",
                "food",
                "point_of_interest",
                "store",
                "establishment"
            ],
            "user_ratings_total": 243,
            "vicinity": "千葉市中央区新千葉１丁目１−１"
        },
        {
            "business_status": "OPERATIONAL",
            "geometry": {
                "location": {
                    "lat": 35.6130261,
                    "lng": 140.1156492
                },
                "viewport": {
                    "northeast": {
                        "lat": 35.6143750802915,
                        "lng": 140.1169981802915
                    },
                    "southwest": {
                        "lat": 35.6116771197085,
                        "lng": 140.1143002197085
                    }
                }
            },
            "icon": "https://maps.gstatic.com/mapfiles/place_api/icons/v1/png_71/cafe-71.png",
            "icon_background_color": "#FF9E67",
            "icon_mask_base_uri": "https://maps.gstatic.com/mapfiles/place_api/icons/v2/cafe_pinlet",
            "name": "ドトールコーヒーショップ 千葉駅東口店",
            "opening_hours": {
                "open_now": false
            },
            "photos": [
                {
                    "height": 3000,
                    "html_attributions": [
                        "<a href=\"https://maps.google.com/maps/contrib/115264904749016195379\">Junichi Nakaya</a>"
                    ],
                    "photo_reference": "Aap_uEAOmakC1svgAZfuqvU6W0B5jHBJbnvFJXZ8TFfeDsiZJVEH5R--NOUarrMPwxTDnVcZ9B2ielrH_ANEbm0auor_c-bpD0s6bpK5HulI5PB6kOJHgMpDZ7BZoZREv0J_H4SpOqRFtKiicIIZHOUKrf67W2aBDNnuhZbFjkaj2csjeUUH",
                    "width": 4000
                }
            ],
            "place_id": "ChIJITdSkLCEImARHdd4RMLCErU",
            "plus_code": {
                "compound_code": "J478+67 日本、千葉県千葉市",
                "global_code": "8R72J478+67"
            },
            "price_level": 1,
            "rating": 3.4,
            "reference": "ChIJITdSkLCEImARHdd4RMLCErU",
            "scope": "GOOGLE",
            "types": [
                "cafe",
                "food",
                "point_of_interest",
                "establishment"
            ],
            "user_ratings_total": 295,
            "vicinity": "千葉市中央区新千葉１丁目１−１"
        },
        {
            "business_status": "OPERATIONAL",
            "geometry": {
                "location": {
                    "lat": 35.6127815,
                    "lng": 140.1145928
                },
                "viewport": {
                    "northeast": {
                        "lat": 35.6137828802915,
                        "lng": 140.1160531302915
                    },
                    "southwest": {
                        "lat": 35.6110849197085,
                        "lng": 140.1133551697085
                    }
                }
            },
            "icon": "https://maps.gstatic.com/mapfiles/place_api/icons/v1/png_71/cafe-71.png",
            "icon_background_color": "#FF9E67",
            "icon_mask_base_uri": "https://maps.gstatic.com/mapfiles/place_api/icons/v2/cafe_pinlet",
            "name": "ヴィレッジヴァンガード ダイナー ペリエ千葉店",
            "opening_hours": {
                "open_now": false
            },
            "photos": [
                {
                    "height": 3264,
                    "html_attributions": [
                        "<a href=\"https://maps.google.com/maps/contrib/112378770988411899782\">ヴィレッジヴァンガード ダイナー ペリエ千葉店</a>"
                    ],
                    "photo_reference": "Aap_uEDh553AlRBoeKvctoVggQkajJTKtZRiyoMmDcOPCmf_yfgzJVQAh9MiayhJLbPOU8RyowQucel0Ctt3pMoQxk8bGEYHCpLdGNxAzsfjEYC6tWt74KID6GQEILzd0TYyGacVwhm-f2NXrNS1uw7ScXpcopthBdjTwTqyjRh2hq5H9UOB",
                    "width": 4928
                }
            ],
            "place_id": "ChIJ7QmnyHCFImARXV7FtLLdIL8",
            "plus_code": {
                "compound_code": "J477+4R 日本、千葉県千葉市",
                "global_code": "8R72J477+4R"
            },
            "price_level": 2,
            "rating": 4.5,
            "reference": "ChIJ7QmnyHCFImARXV7FtLLdIL8",
            "scope": "GOOGLE",
            "types": [
                "cafe",
                "restaurant",
                "food",
                "point_of_interest",
                "establishment"
            ],
            "user_ratings_total": 200,
            "vicinity": "千葉市中央区新千葉１丁目１−１ ペリエ千葉 B1"
        },
        {
            "business_status": "OPERATIONAL",
            "geometry": {
                "location": {
                    "lat": 35.613591,
                    "lng": 140.114145
                },
                "viewport": {
                    "northeast": {
                        "lat": 35.6149399802915,
                        "lng": 140.1154939802915
                    },
                    "southwest": {
                        "lat": 35.6122420197085,
                        "lng": 140.1127960197085
                    }
                }
            },
            "icon": "https://maps.gstatic.com/mapfiles/place_api/icons/v1/png_71/cafe-71.png",
            "icon_background_color": "#FF9E67",
            "icon_mask_base_uri": "https://maps.gstatic.com/mapfiles/place_api/icons/v2/cafe_pinlet",
            "name": "喫茶道",
            "opening_hours": {
                "open_now": true
            },
            "photos": [
                {
                    "height": 3024,
                    "html_attributions": [
                        "<a href=\"https://maps.google.com/maps/contrib/108792409448811245718\">喫茶道</a>"
                    ],
                    "photo_reference": "Aap_uEBAGpP1v3SZJs5lFr2QsM_ZxFlwPHmkGPxSjFjx7WQ3dpB23Vq6xm_1C7uu6LbdrdbvbaYeoIl5pxqhgrVVu1XSenK4uJDRoYJx3AyEQq1V5mFxaykfugulVA6btRo8O7mBQAVvX1rnMbsuT8JAQRTeMYMZ6JJLgRUXkkw1t6DegyD3",
                    "width": 4032
                }
            ],
            "place_id": "ChIJXwamZLqEImARFcCiZSz76ts",
            "plus_code": {
                "compound_code": "J477+CM 日本、千葉県千葉市",
                "global_code": "8R72J477+CM"
            },
            "rating": 4.3,
            "reference": "ChIJXwamZLqEImARFcCiZSz76ts",
            "scope": "GOOGLE",
            "types": [
                "cafe",
                "food",
                "point_of_interest",
                "store",
                "establishment"
            ],
            "user_ratings_total": 9,
            "vicinity": "千葉市中央区弁天１丁目１−１"
        },
        {
            "business_status": "OPERATIONAL",
            "geometry": {
                "location": {
                    "lat": 35.6135887,
                    "lng": 140.1151903
                },
                "viewport": {
                    "northeast": {
                        "lat": 35.6149376802915,
                        "lng": 140.1165392802915
                    },
                    "southwest": {
                        "lat": 35.6122397197085,
                        "lng": 140.1138413197085
                    }
                }
            },
            "icon": "https://maps.gstatic.com/mapfiles/place_api/icons/v1/png_71/cafe-71.png",
            "icon_background_color": "#FF9E67",
            "icon_mask_base_uri": "https://maps.gstatic.com/mapfiles/place_api/icons/v2/cafe_pinlet",
            "name": "leafcafe",
            "opening_hours": {
                "open_now": false
            },
            "place_id": "ChIJv92MEaSFImARymFdDmNU5oI",
            "plus_code": {
                "compound_code": "J478+C3 日本、千葉県千葉市",
                "global_code": "8R72J478+C3"
            },
            "reference": "ChIJv92MEaSFImARymFdDmNU5oI",
            "scope": "GOOGLE",
            "types": [
                "cafe",
                "food",
                "point_of_interest",
                "store",
                "establishment"
            ],
            "vicinity": "千葉市中央区弁天２丁目１−１ 秋葉ビル 2F"
        }
    ],
    "status": "OK"
}