{
    "html_attributions": [],
    "results": [
        {
            "business_status": "OPERATIONAL",
            "geometry": {
                "location": {
                    "lat": 35.6133282,
                    "lng": 140.1134538
                },
                "viewport": {
                    "northeast": {
                        "lat": 35.61481028029149,
                        "lng": 140.1152933802915
                    },
                    "southwest": {
                        "lat": 35.61211231970849,
                        "lng": 140.1125954197085
                    }
                }
            },
            "icon": "https://maps.gstatic.com/mapfiles/place_api/icons/v1/png_71/park-71.png",
            "icon_background_color": "#4DB546",
            "icon_mask_base_uri": "https://maps.gstatic.com/mapfiles/place_api/icons/v2/tree_pinlet",
            "name": "えきうえひろば",
            "opening_hours": {
                "open_now": false
            },
            "photos": [
                {
                    "height": 4128,
                    "html_attributions": [
                        "<a href=\"https://maps.google.com/maps/contrib/100113246288856059983\">Shinji Otsubo</a>"
                    ],
                    "photo_reference": "Aap_uEAWF-moYFO6BhH-CLZBtnYqor2ny9aGZAS-kiODaF9M-bz-KYnS2zxPRFHWEQrVa8J5dZcWIoabhN8pEeMir0qIkkRe4yJVkHtWn-tgc2Md08Lf3ueLHqnkDHE6qq7Abrd5XIM3Uyiy03fCgQLY2YDYcDHj0OgQ5J_d-5XFavclzy6j",
                    "width": 3096
                }
            ],
            "place_id": "ChIJ1-NOj7qEImARrEy41uhzWk4",
            "plus_code": {
                "compound_code": "J477+89 日本、千葉県千葉市",
                "global_code": "8R72J477+89"
            },
            "rating": 5,
            "reference": "ChIJ1-NOj7qEImARrEy41uhzWk4",
            "scope": "GOOGLE",
            "types": [
                "park",
                "point_of_interest",
                "establishment"
            ],
            "user_ratings_total": 3,
            "vicinity": "千葉市中央区新千葉１丁目１−１"
        },
        {
            "business_status": "OPERATIONAL",
            "geometry": {
                "location": {
                    "lat": 35.6131387,
                    "lng": 140.1110294
                },
                "viewport": {
                    "northeast": {
                        "lat": 35.6145112802915,
                        "lng": 140.1124776302915
                    },
                    "southwest": {
                        "lat": 35.6118133197085,
                        "lng": 140.1097796697085
                    }
                }
            },
            "icon": "https://maps.gstatic.com/mapfiles/place_api/icons/v1/png_71/park-71.png",
            "icon_background_color": "#4DB546",
            "icon_mask_base_uri": "https://maps.gstatic.com/mapfiles/place_api/icons/v2/tree_pinlet",
            "name": "新千葉公園",
            "photos": [
                {
                    "height": 3024,
                    "html_attributions": [
                        "<a href=\"https://maps.google.com/maps/contrib/101348807858487409568\">平倉結美</a>"
                    ],
                    "photo_reference": "Aap_uEAgOTaOOYUYgyOXhDpr7zL4Jh5TzpfNqX1BgOmcxzfefLCTz_k0w4E9ffD-q0p-t6fRxM9asPLaUGGvNgL2MNncIXNmZbdem7uWvm7FWY14uvg1GdL8AeVnPkWO2ruKBdbKBlcrWfOy1F4Oi3w-UEZ5MaFdeDHvY1Y2E8hHAA1TzFxm",
                    "width": 4032
                }
            ],
            "place_id": "ChIJ7bp68jmFImARBbzu0Eo0cXk",
            "plus_code": {
                "compound_code": "J476+7C 日本、千葉県千葉市",
                "global_code": "8R72J476+7C"
            },
            "rating": 3.5,
            "reference": "ChIJ7bp68jmFImARBbzu0Eo0cXk",
            "scope": "GOOGLE",
            "types": [
                "park",
                "point_of_interest",
                "establishment"
            ],
            "user_ratings_total": 2,
            "vicinity": "千葉市中央区新千葉２丁目２−３"
        },
        {
            "business_status": "OPERATIONAL",
            "geometry": {
                "location": {
                    "lat": 35.6141932,
                    "lng": 140.114431
                },
                "viewport": {
                    "northeast": {
                        "lat": 35.6155155802915,
                        "lng": 140.1157587802915
                    },
                    "southwest": {
                        "lat": 35.6128176197085,
                        "lng": 140.1130608197085
                    }
                }
            },
            "icon": "https://maps.gstatic.com/mapfiles/place_api/icons/v1/png_71/park-71.png",
            "icon_background_color": "#4DB546",
            "icon_mask_base_uri": "https://maps.gstatic.com/mapfiles/place_api/icons/v2/tree_pinlet",
            "name": "あづまだいこうえん",
            "opening_hours": {
                "open_now": true
            },
            "photos": [
                {
                    "height": 1012,
                    "html_attributions": [
                        "<a href=\"https://maps.google.com/maps/contrib/101758697693661349022\">S Hama</a>"
                    ],
                    "photo_reference": "Aap_uEDgIZzkY46dsmCeHpzZ2Da9woYejZC1xwx4GHQo4Mqf62pMbr8h6NN7x8d5lPCaeGBKFY_OLx4G5JgdCD98jM6zfAZd1GG0Y40EEqVGbi8NSyEeG8qUmczR5EqkzZwax8tT_YPef25hHIphQhaBDSg0eG5g7XRjtD1WHAzDRufEWc4U",
                    "width": 1800
                }
            ],
            "place_id": "ChIJr5TjZ7qEImARlaE291QvTmw",
            "plus_code": {
                "compound_code": "J477+MQ 日本、千葉県千葉市",
                "global_code": "8R72J477+MQ"
            },
            "rating": 3.3,
            "reference": "ChIJr5TjZ7qEImARlaE291QvTmw",
            "scope": "GOOGLE",
            "types": [
                "park",
                "point_of_interest",
                "establishment"
            ],
            "user_ratings_total": 13,
            "vicinity": "千葉市中央区弁天１丁目１８−１"
        }
    ],
    "status": "OK"
}