{
    "html_attributions": [],
    "results": [
        {
            "business_status": "OPERATIONAL",
            "geometry": {
                "location": {
                    "lat": 35.616598,
                    "lng": 140.1182217
                },
                "viewport": {
                    "northeast": {
                        "lat": 35.61794698029149,
                        "lng": 140.1195706802915
                    },
                    "southwest": {
                        "lat": 35.61524901970849,
                        "lng": 140.1168727197085
                    }
                }
            },
            "icon": "https://maps.gstatic.com/mapfiles/place_api/icons/v1/png_71/park-71.png",
            "icon_background_color": "#4DB546",
            "icon_mask_base_uri": "https://maps.gstatic.com/mapfiles/place_api/icons/v2/tree_pinlet",
            "name": "千葉公園 南口",
            "photos": [
                {
                    "height": 3648,
                    "html_attributions": [
                        "<a href=\"https://maps.google.com/maps/contrib/113404981139604813749\">百目木陽介</a>"
                    ],
                    "photo_reference": "Aap_uECcABI7fDLbspOAR2ADYUH-DkVVW6QYSMdnh-cY-K0jj5Blub7WwQwZ3znzmE_UV7xx1FHB7D9YDcGu9Z-QzmUhixT4kU2_fYS-0aQPOFRrYDps50uPOOrZDCtg8o_7pcCgFrKHZnW6Emi_IJDImpM-r27qOctkkamYQ3iTGC0jduh5",
                    "width": 5472
                }
            ],
            "place_id": "ChIJY9PfpbmEImAR5xHG-5wQ8mI",
            "plus_code": {
                "compound_code": "J489+J7 日本、千葉県千葉市",
                "global_code": "8R72J489+J7"
            },
            "rating": 4,
            "reference": "ChIJY9PfpbmEImAR5xHG-5wQ8mI",
            "scope": "GOOGLE",
            "types": [
                "park",
                "point_of_interest",
                "establishment"
            ],
            "user_ratings_total": 2,
            "vicinity": "千葉市中央区弁天３丁目１"
        },
        {
            "business_status": "OPERATIONAL",
            "geometry": {
                "location": {
                    "lat": 35.61798319999999,
                    "lng": 140.116487
                },
                "viewport": {
                    "northeast": {
                        "lat": 35.61933218029149,
                        "lng": 140.1178359802915
                    },
                    "southwest": {
                        "lat": 35.61663421970849,
                        "lng": 140.1151380197085
                    }
                }
            },
            "icon": "https://maps.gstatic.com/mapfiles/place_api/icons/v1/png_71/park-71.png",
            "icon_background_color": "#4DB546",
            "icon_mask_base_uri": "https://maps.gstatic.com/mapfiles/place_api/icons/v2/tree_pinlet",
            "name": "荒木山",
            "photos": [
                {
                    "height": 4000,
                    "html_attributions": [
                        "<a href=\"https://maps.google.com/maps/contrib/113404981139604813749\">百目木陽介</a>"
                    ],
                    "photo_reference": "Aap_uEAxRvt2mwFC-wm2DL0_9PXL-H3tBYUOOBCXYByeyNo9AOU1lAYSb4Sgvx6NJsULfiWC7Hoxou-GsRj4CG_CEwVrSppqjsxGxx50LG8NDnXolXi0yb_yCrJUCGJejFK3o_h2RBN69bxoVt6IlteA6svQNXEDlOLvJUu0_i20N4IniXzJ",
                    "width": 6000
                }
            ],
            "place_id": "ChIJQUvObIeFImARKFS0VDOYaIg",
            "plus_code": {
                "compound_code": "J498+5H 日本、千葉県千葉市",
                "global_code": "8R72J498+5H"
            },
            "rating": 4.2,
            "reference": "ChIJQUvObIeFImARKFS0VDOYaIg",
            "scope": "GOOGLE",
            "types": [
                "park",
                "point_of_interest",
                "establishment"
            ],
            "user_ratings_total": 6,
            "vicinity": "千葉市中央区弁天３丁目４−７−２"
        },
        {
            "business_status": "OPERATIONAL",
            "geometry": {
                "location": {
                    "lat": 35.6161512,
                    "lng": 140.1158095
                },
                "viewport": {
                    "northeast": {
                        "lat": 35.6175205802915,
                        "lng": 140.1171312802915
                    },
                    "southwest": {
                        "lat": 35.61482261970851,
                        "lng": 140.1144333197085
                    }
                }
            },
            "icon": "https://maps.gstatic.com/mapfiles/place_api/icons/v1/png_71/park-71.png",
            "icon_background_color": "#4DB546",
            "icon_mask_base_uri": "https://maps.gstatic.com/mapfiles/place_api/icons/v2/tree_pinlet",
            "name": "弁天公園",
            "opening_hours": {
                "open_now": true
            },
            "photos": [
                {
                    "height": 3000,
                    "html_attributions": [
                        "<a href=\"https://maps.google.com/maps/contrib/111695250973170610772\">masashi miyauchi</a>"
                    ],
                    "photo_reference": "Aap_uEAyLZeOkDBw87RtjKZK3DRbVyGkWVLs05bvjgvISsoGcPUuZr0MLLcSbbYG_ufLI9Igwobln8C9n7FVjePGpX_5-vov5EQ3FCuHRsoT3k5jRAszEMwiyIyb2pNfJBRuJsemG6z7YJTxbHIZ9OJ4JVsf_9g2FACYWxehJZd48P14-DJz",
                    "width": 4000
                }
            ],
            "place_id": "ChIJj0W_zbuEImARTckDWHq4QZc",
            "plus_code": {
                "compound_code": "J488+F8 日本、千葉県千葉市",
                "global_code": "8R72J488+F8"
            },
            "rating": 3,
            "reference": "ChIJj0W_zbuEImARTckDWHq4QZc",
            "scope": "GOOGLE",
            "types": [
                "park",
                "point_of_interest",
                "establishment"
            ],
            "user_ratings_total": 5,
            "vicinity": "千葉市中央区弁天２丁目１４"
        },
        {
            "business_status": "OPERATIONAL",
            "geometry": {
                "location": {
                    "lat": 35.618602,
                    "lng": 140.1167568
                },
                "viewport": {
                    "northeast": {
                        "lat": 35.6199509802915,
                        "lng": 140.1181057802915
                    },
                    "southwest": {
                        "lat": 35.6172530197085,
                        "lng": 140.1154078197085
                    }
                }
            },
            "icon": "https://maps.gstatic.com/mapfiles/place_api/icons/v1/png_71/park-71.png",
            "icon_background_color": "#4DB546",
            "icon_mask_base_uri": "https://maps.gstatic.com/mapfiles/place_api/icons/v2/tree_pinlet",
            "name": "蓮華亭",
            "photos": [
                {
                    "height": 3840,
                    "html_attributions": [
                        "<a href=\"https://maps.google.com/maps/contrib/109488073033996565147\">佐藤義明</a>"
                    ],
                    "photo_reference": "Aap_uECHid0sk2v9fFqXiGq02WzirTxeBk_XN6Xm4nWnxb4VZTmWc-XeTzX_rEMmyLA_YBbJuVc4kRjDOjGX74ujPP9r1IYrBvZB2n6iBF5sNTSlzmIbnnb2LCN-9aIMuAWsNUFUHEkSVidTc4uFX8OqSj2r9QXfLPXNZniI5urW21Syjnrk",
                    "width": 2160
                }
            ],
            "place_id": "ChIJq6pOU7mEImARbGCrsujfGoM",
            "plus_code": {
                "compound_code": "J498+CP 日本、千葉県千葉市",
                "global_code": "8R72J498+CP"
            },
            "rating": 3.1,
            "reference": "ChIJq6pOU7mEImARbGCrsujfGoM",
            "scope": "GOOGLE",
            "types": [
                "tourist_attraction",
                "park",
                "point_of_interest",
                "establishment"
            ],
            "user_ratings_total": 8,
            "vicinity": "千葉市中央区弁天３丁目４−８"
        }
    ],
    "status": "OK"
}