{
    "html_attributions": [],
    "results": [
        {
            "business_status": "OPERATIONAL",
            "geometry": {
                "location": {
                    "lat": 35.61491589999999,
                    "lng": 140.1111981
                },
                "viewport": {
                    "northeast": {
                        "lat": 35.6162661302915,
                        "lng": 140.1125157802915
                    },
                    "southwest": {
                        "lat": 35.6135681697085,
                        "lng": 140.1098178197085
                    }
                }
            },
            "icon": "https://maps.gstatic.com/mapfiles/place_api/icons/v1/png_71/cafe-71.png",
            "icon_background_color": "#FF9E67",
            "icon_mask_base_uri": "https://maps.gstatic.com/mapfiles/place_api/icons/v2/cafe_pinlet",
            "name": "弁天食房",
            "opening_hours": {
                "open_now": false
            },
            "photos": [
                {
                    "height": 2160,
                    "html_attributions": [
                        "<a href=\"https://maps.google.com/maps/contrib/115515108649789520960\">Lapin chat</a>"
                    ],
                    "photo_reference": "Aap_uECSsPMckdy6hBxB3KHG0U2ABddmuKErBHJFNQo-1g7FtjNXQHGBJ8ZQkJxj5AFnMhbcH56HfjS7i_KsvYLfR9Er0qS68n_vNgEAGqua99kWS64rjOv0Fja2dqG4n5W4B_WMpxI7-ePQev6DWw9rPoubwkvp2trxLnD85hcf0FyHzVNE",
                    "width": 3840
                }
            ],
            "place_id": "ChIJIZm3zKSEImARnipwHQmHX3Y",
            "plus_code": {
                "compound_code": "J476+XF 日本、千葉県千葉市",
                "global_code": "8R72J476+XF"
            },
            "rating": 5,
            "reference": "ChIJIZm3zKSEImARnipwHQmHX3Y",
            "scope": "GOOGLE",
            "types": [
                "cafe",
                "food",
                "point_of_interest",
                "establishment"
            ],
            "user_ratings_total": 5,
            "vicinity": "千葉市中央区弁天１丁目３−６"
        },
        {
            "business_status": "OPERATIONAL",
            "geometry": {
                "location": {
                    "lat": 35.6148605,
                    "lng": 140.1112138
                },
                "viewport": {
                    "northeast": {
                        "lat": 35.6162112802915,
                        "lng": 140.1125182802915
                    },
                    "southwest": {
                        "lat": 35.6135133197085,
                        "lng": 140.1098203197085
                    }
                }
            },
            "icon": "https://maps.gstatic.com/mapfiles/place_api/icons/v1/png_71/cafe-71.png",
            "icon_background_color": "#FF9E67",
            "icon_mask_base_uri": "https://maps.gstatic.com/mapfiles/place_api/icons/v2/cafe_pinlet",
            "name": "らぼろ",
            "opening_hours": {
                "open_now": false
            },
            "photos": [
                {
                    "height": 5488,
                    "html_attributions": [
                        "<a href=\"https://maps.google.com/maps/contrib/106413816131071242411\">さがゆう</a>"
                    ],
                    "photo_reference": "Aap_uECo5bEs9irXCo-O7PjuAAz8IzFGlzCfiFP0ylwjq6mkx-j3CNO0nFtubVOSqs5SZ9nWhjU9e4klL1_R3-FLIS4hvhesN739y4nVKJR4c7O-yNmSW8pV_3we8jSoNFM59HZQpgm2yaAblNbl6TjbYIWgMt2GgTu01o_CS2g9EzMvphwc",
                    "width": 3088
                }
            ],
            "place_id": "ChIJsfzZlbiFImAR47O6eztDVls",
            "plus_code": {
                "compound_code": "J476+WF 日本、千葉県千葉市",
                "global_code": "8R72J476+WF"
            },
            "reference": "ChIJsfzZlbiFImAR47O6eztDVls",
            "scope": "GOOGLE",
            "types": [
                "cafe",
                "food",
                "point_of_interest",
                "establishment"
            ],
            "vicinity": "千葉市中央区弁天１丁目３−６"
        }
    ],
    "status": "OK"
}