{
    "html_attributions": [],
    "results": [
        {
            "business_status": "OPERATIONAL",
            "geometry": {
                "location": {
                    "lat": 35.6169372,
                    "lng": 140.107427
                },
                "viewport": {
                    "northeast": {
                        "lat": 35.6183095302915,
                        "lng": 140.1087880302915
                    },
                    "southwest": {
                        "lat": 35.61561156970851,
                        "lng": 140.1060900697085
                    }
                }
            },
            "icon": "https://maps.gstatic.com/mapfiles/place_api/icons/v1/png_71/park-71.png",
            "icon_background_color": "#4DB546",
            "icon_mask_base_uri": "https://maps.gstatic.com/mapfiles/place_api/icons/v2/tree_pinlet",
            "name": "鳩尾公園",
            "opening_hours": {
                "open_now": true
            },
            "place_id": "ChIJ-dj5x6mFImARYuLdlXMNq90",
            "plus_code": {
                "compound_code": "J484+QX 日本、千葉県千葉市",
                "global_code": "8R72J484+QX"
            },
            "rating": 3,
            "reference": "ChIJ-dj5x6mFImARYuLdlXMNq90",
            "scope": "GOOGLE",
            "types": [
                "park",
                "point_of_interest",
                "establishment"
            ],
            "user_ratings_total": 1,
            "vicinity": "千葉市中央区汐見丘町２５"
        }
    ],
    "status": "OK"
}