{
    "html_attributions": [],
    "results": [
        {
            "business_status": "OPERATIONAL",
            "geometry": {
                "location": {
                    "lat": 35.61133179999999,
                    "lng": 140.1130815
                },
                "viewport": {
                    "northeast": {
                        "lat": 35.6128121802915,
                        "lng": 140.1142793802915
                    },
                    "southwest": {
                        "lat": 35.6101142197085,
                        "lng": 140.1115814197085
                    }
                }
            },
            "icon": "https://maps.gstatic.com/mapfiles/place_api/icons/v1/png_71/cafe-71.png",
            "icon_background_color": "#FF9E67",
            "icon_mask_base_uri": "https://maps.gstatic.com/mapfiles/place_api/icons/v2/cafe_pinlet",
            "name": "ナチュラルマーケットそごう千葉店",
            "opening_hours": {
                "open_now": false
            },
            "photos": [
                {
                    "height": 7296,
                    "html_attributions": [
                        "<a href=\"https://maps.google.com/maps/contrib/107775492706804817613\">black miyabi</a>"
                    ],
                    "photo_reference": "Aap_uED6-G2z-y5VBNpRVfBJcYAmA_tlNeW7YbF7qD-eUSMhCEXjrAjOt2Yj8sTU8QbhmeLCtGy4Ucpm36okwIAOlQiy8XZG6j_--qgJB_1d7aD9uiR_8tWv8ePp_Tn--NMzoJfcDtYGmAVC-j-vQXUtH4aE_gzNqW3pc4fDZMEmq7yXGrD5",
                    "width": 5472
                }
            ],
            "place_id": "ChIJ62t5XbCEImAR-ETRsXWeqWk",
            "plus_code": {
                "compound_code": "J467+G6 日本、千葉県千葉市",
                "global_code": "8R72J467+G6"
            },
            "price_level": 2,
            "rating": 3.8,
            "reference": "ChIJ62t5XbCEImAR-ETRsXWeqWk",
            "scope": "GOOGLE",
            "types": [
                "cafe",
                "food",
                "point_of_interest",
                "establishment"
            ],
            "user_ratings_total": 6,
            "vicinity": "千葉市中央区新町１０００"
        },
        {
            "business_status": "OPERATIONAL",
            "geometry": {
                "location": {
                    "lat": 35.6113824,
                    "lng": 140.1129916
                },
                "viewport": {
                    "northeast": {
                        "lat": 35.6128374802915,
                        "lng": 140.1142344302915
                    },
                    "southwest": {
                        "lat": 35.6101395197085,
                        "lng": 140.1115364697085
                    }
                }
            },
            "icon": "https://maps.gstatic.com/mapfiles/place_api/icons/v1/png_71/cafe-71.png",
            "icon_background_color": "#FF9E67",
            "icon_mask_base_uri": "https://maps.gstatic.com/mapfiles/place_api/icons/v2/cafe_pinlet",
            "name": "スターバックス コーヒー 千葉センシティタワー店",
            "opening_hours": {
                "open_now": true
            },
            "photos": [
                {
                    "height": 3024,
                    "html_attributions": [
                        "<a href=\"https://maps.google.com/maps/contrib/107705833309561868785\">スタバカ</a>"
                    ],
                    "photo_reference": "Aap_uEBS22xeBIX7nLPn2vxp2ZXs-CofQwAZ1APXAYTTN9zhCYKoooYzNE-foRsyb6yyc3_LCE_BNcrWh7dy-uBUPaz88EblsgLtUyKe72yc86K7NIRlwUZypoWZFzxmfe9Njtaz0RXIJZxRSMX2kqKuyXwNT8zbFTPWI07H03GE6uxTqdvj",
                    "width": 4032
                }
            ],
            "place_id": "ChIJ62t5XbCEImARqUABCjTf4VQ",
            "plus_code": {
                "compound_code": "J467+H5 日本、千葉県千葉市",
                "global_code": "8R72J467+H5"
            },
            "price_level": 2,
            "rating": 3.8,
            "reference": "ChIJ62t5XbCEImARqUABCjTf4VQ",
            "scope": "GOOGLE",
            "types": [
                "cafe",
                "food",
                "point_of_interest",
                "store",
                "establishment"
            ],
            "user_ratings_total": 330,
            "vicinity": "千葉市中央区新町１０００ 千葉センシティタワ"
        },
        {
            "business_status": "OPERATIONAL",
            "geometry": {
                "location": {
                    "lat": 35.6116944,
                    "lng": 140.1137334
                },
                "viewport": {
                    "northeast": {
                        "lat": 35.6131908802915,
                        "lng": 140.1150295302915
                    },
                    "southwest": {
                        "lat": 35.6104929197085,
                        "lng": 140.1123315697085
                    }
                }
            },
            "icon": "https://maps.gstatic.com/mapfiles/place_api/icons/v1/png_71/cafe-71.png",
            "icon_background_color": "#FF9E67",
            "icon_mask_base_uri": "https://maps.gstatic.com/mapfiles/place_api/icons/v2/cafe_pinlet",
            "name": "プロント 千葉そごう前店",
            "opening_hours": {
                "open_now": false
            },
            "photos": [
                {
                    "height": 960,
                    "html_attributions": [
                        "<a href=\"https://maps.google.com/maps/contrib/102218607358590383720\">プロント PRONTO 千葉そごう前店</a>"
                    ],
                    "photo_reference": "Aap_uEAW5iLf8KrI66YPnbFDa19co3ae8CJessvoAFeS0VtpKWuWZdStNIbf2qffYJ2RKjQlcaPTtKyUhMuy6YmtLLo63vI3IIfbC1kbmDAMpkhLsvzCK9Fptg1Z_3iUARy5SiMzXsAmP5ah-QnaMOEpexfrDG1PjHTqdmVn8RErhhTPeXAf",
                    "width": 960
                }
            ],
            "place_id": "ChIJT1l5YLCEImAR4vkdKJG7IzY",
            "plus_code": {
                "compound_code": "J467+MF 日本、千葉県千葉市",
                "global_code": "8R72J467+MF"
            },
            "price_level": 2,
            "rating": 3.5,
            "reference": "ChIJT1l5YLCEImAR4vkdKJG7IzY",
            "scope": "GOOGLE",
            "types": [
                "cafe",
                "meal_takeaway",
                "bar",
                "restaurant",
                "food",
                "point_of_interest",
                "store",
                "establishment"
            ],
            "user_ratings_total": 446,
            "vicinity": "千葉市中央区新町１０００ 千葉そごう京成千葉駅構内"
        },
        {
            "business_status": "OPERATIONAL",
            "geometry": {
                "location": {
                    "lat": 35.6115193,
                    "lng": 140.1132823
                },
                "viewport": {
                    "northeast": {
                        "lat": 35.61290593029149,
                        "lng": 140.1143797802915
                    },
                    "southwest": {
                        "lat": 35.61020796970849,
                        "lng": 140.1116818197085
                    }
                }
            },
            "icon": "https://maps.gstatic.com/mapfiles/place_api/icons/v1/png_71/cafe-71.png",
            "icon_background_color": "#FF9E67",
            "icon_mask_base_uri": "https://maps.gstatic.com/mapfiles/place_api/icons/v2/cafe_pinlet",
            "name": "ハニカムモードキッチン 千葉そごう店",
            "place_id": "ChIJmw7ZUfaFImARnsbOlsoCTGs",
            "plus_code": {
                "compound_code": "J467+J8 日本、千葉県千葉市",
                "global_code": "8R72J467+J8"
            },
            "reference": "ChIJmw7ZUfaFImARnsbOlsoCTGs",
            "scope": "GOOGLE",
            "types": [
                "cafe",
                "food",
                "point_of_interest",
                "establishment"
            ],
            "vicinity": "千葉市中央区新町"
        },
        {
            "business_status": "OPERATIONAL",
            "geometry": {
                "location": {
                    "lat": 35.6110418,
                    "lng": 140.1131004
                },
                "viewport": {
                    "northeast": {
                        "lat": 35.6124544302915,
                        "lng": 140.1144569302915
                    },
                    "southwest": {
                        "lat": 35.6097564697085,
                        "lng": 140.1117589697085
                    }
                }
            },
            "icon": "https://maps.gstatic.com/mapfiles/place_api/icons/v1/png_71/restaurant-71.png",
            "icon_background_color": "#FF9E67",
            "icon_mask_base_uri": "https://maps.gstatic.com/mapfiles/place_api/icons/v2/restaurant_pinlet",
            "name": "マノアパンケーキハウス",
            "opening_hours": {
                "open_now": false
            },
            "photos": [
                {
                    "height": 2160,
                    "html_attributions": [
                        "<a href=\"https://maps.google.com/maps/contrib/113938741338978645132\">naomi</a>"
                    ],
                    "photo_reference": "Aap_uEBKeaNayseIQ5ezLfpgEettz9a-Fl0uKhpJAF7Z6kJkim0bMQ75jy2vMeI4vXElBprdcv-FWSqnwjKPCQrJTX2rQI36BPcfUI9fYPyRiqgA5aLvnWegOnFyMzPCPY-datERf08Iigq_I4Fvl0OrREwNxVEWurNOloanERQL3z-jw2h3",
                    "width": 3084
                }
            ],
            "place_id": "ChIJ6ViyRLCEImARHZabu7a8zN0",
            "plus_code": {
                "compound_code": "J467+C6 日本、千葉県千葉市",
                "global_code": "8R72J467+C6"
            },
            "price_level": 2,
            "rating": 3.7,
            "reference": "ChIJ6ViyRLCEImARHZabu7a8zN0",
            "scope": "GOOGLE",
            "types": [
                "cafe",
                "restaurant",
                "food",
                "point_of_interest",
                "establishment"
            ],
            "user_ratings_total": 76,
            "vicinity": "千葉市中央区新町１０００ そごう千葉店 B1F"
        },
        {
            "business_status": "OPERATIONAL",
            "geometry": {
                "location": {
                    "lat": 35.61119699999999,
                    "lng": 140.113629
                },
                "viewport": {
                    "northeast": {
                        "lat": 35.61254598029149,
                        "lng": 140.1149779802915
                    },
                    "southwest": {
                        "lat": 35.60984801970849,
                        "lng": 140.1122800197085
                    }
                }
            },
            "icon": "https://maps.gstatic.com/mapfiles/place_api/icons/v1/png_71/cafe-71.png",
            "icon_background_color": "#FF9E67",
            "icon_mask_base_uri": "https://maps.gstatic.com/mapfiles/place_api/icons/v2/cafe_pinlet",
            "name": "パルパティオカフェ そごう千葉店",
            "opening_hours": {
                "open_now": false
            },
            "photos": [
                {
                    "height": 4032,
                    "html_attributions": [
                        "<a href=\"https://maps.google.com/maps/contrib/105234407697812553698\">mojin music cafe</a>"
                    ],
                    "photo_reference": "Aap_uEC60DKZSn4fxUHkyrci_9LzpChKxZx88HP9ODN-3Yb4yS400lQso9I7i82sQXIwfAsArQv-zScGR3iiu4mnIrtAnuJCKuhgOiku9TyWVlxM6aOSPlGNUOMTDRxBbcxT-0LeYe6Ba1gBjZ8oJdjvdiqv3Ehtea9QNFkWxOLZevhsgKXI",
                    "width": 3024
                }
            ],
            "place_id": "ChIJE-AAWbCEImAR_1t8uQY0At8",
            "plus_code": {
                "compound_code": "J467+FF 日本、千葉県千葉市",
                "global_code": "8R72J467+FF"
            },
            "rating": 4.7,
            "reference": "ChIJE-AAWbCEImAR_1t8uQY0At8",
            "scope": "GOOGLE",
            "types": [
                "cafe",
                "food",
                "point_of_interest",
                "store",
                "establishment"
            ],
            "user_ratings_total": 10,
            "vicinity": "千葉市中央区新町１０００"
        }
    ],
    "status": "OK"
}