{
    "html_attributions": [],
    "results": [
        {
            "business_status": "OPERATIONAL",
            "geometry": {
                "location": {
                    "lat": 35.614638,
                    "lng": 140.112054
                },
                "viewport": {
                    "northeast": {
                        "lat": 35.6160515802915,
                        "lng": 140.1134634302915
                    },
                    "southwest": {
                        "lat": 35.6133536197085,
                        "lng": 140.1107654697085
                    }
                }
            },
            "icon": "https://maps.gstatic.com/mapfiles/place_api/icons/v1/png_71/cafe-71.png",
            "icon_background_color": "#FF9E67",
            "icon_mask_base_uri": "https://maps.gstatic.com/mapfiles/place_api/icons/v2/cafe_pinlet",
            "name": "カフェ・コオラニ",
            "opening_hours": {
                "open_now": false
            },
            "photos": [
                {
                    "height": 3000,
                    "html_attributions": [
                        "<a href=\"https://maps.google.com/maps/contrib/116632077319732287150\">カフェ・コオラニ</a>"
                    ],
                    "photo_reference": "Aap_uEBG7kXJcRZwvy3a4UETJ8WgaBXmQHg6wQg4lE9nl5z-Kyz1FuiDElbuv17OBjkZVK7OQSeYtv5-RO5NInmmALjc42nsSpyC3yrFy4EGF850xT37k4d7KWA070cUCZpfAkhr9UsR2GAt0XpeMol-7x9bBMOADyM1Ynm3FQF-VrukWtH1",
                    "width": 4000
                }
            ],
            "place_id": "ChIJJ0T3JruEImARIXZf4NUCmWY",
            "plus_code": {
                "compound_code": "J476+VR 日本、千葉県千葉市",
                "global_code": "8R72J476+VR"
            },
            "rating": 3.5,
            "reference": "ChIJJ0T3JruEImARIXZf4NUCmWY",
            "scope": "GOOGLE",
            "types": [
                "cafe",
                "meal_takeaway",
                "restaurant",
                "food",
                "point_of_interest",
                "establishment"
            ],
            "user_ratings_total": 38,
            "vicinity": "千葉市中央区弁天１丁目２−１２ 町沼澤ビル ２Ｆ"
        },
        {
            "business_status": "OPERATIONAL",
            "geometry": {
                "location": {
                    "lat": 35.6151041,
                    "lng": 140.113192
                },
                "viewport": {
                    "northeast": {
                        "lat": 35.61649398029149,
                        "lng": 140.1145365802915
                    },
                    "southwest": {
                        "lat": 35.6137960197085,
                        "lng": 140.1118386197085
                    }
                }
            },
            "icon": "https://maps.gstatic.com/mapfiles/place_api/icons/v1/png_71/cafe-71.png",
            "icon_background_color": "#FF9E67",
            "icon_mask_base_uri": "https://maps.gstatic.com/mapfiles/place_api/icons/v2/cafe_pinlet",
            "name": "Blona",
            "opening_hours": {
                "open_now": false
            },
            "photos": [
                {
                    "height": 3264,
                    "html_attributions": [
                        "<a href=\"https://maps.google.com/maps/contrib/105598464334893464433\">mary requiem</a>"
                    ],
                    "photo_reference": "Aap_uEBhx_OZuNgAUO2JYGvmaODm-qfA-jUtr0-xMZhOeEl7RyhUzzBw2-_1cyLsAtgFSHzyFCXOVrely3EWrrgXGHwbKd78-osKAptDvu-hJDaq1Ogv7iD0FEavb-ugvPhx8WbkLzje3izTJ0iJXozUFFBJub7LI0Tbul7wN3KQvXG3fQbl",
                    "width": 4928
                }
            ],
            "place_id": "ChIJ_yk3A7uEImARpmHu5l0fkio",
            "plus_code": {
                "compound_code": "J487+27 日本、千葉県千葉市",
                "global_code": "8R72J487+27"
            },
            "rating": 3.7,
            "reference": "ChIJ_yk3A7uEImARpmHu5l0fkio",
            "scope": "GOOGLE",
            "types": [
                "cafe",
                "food",
                "point_of_interest",
                "establishment"
            ],
            "user_ratings_total": 15,
            "vicinity": "千葉市中央区弁天１丁目２０−５"
        },
        {
            "business_status": "OPERATIONAL",
            "geometry": {
                "location": {
                    "lat": 35.6145287,
                    "lng": 140.1133106
                },
                "viewport": {
                    "northeast": {
                        "lat": 35.6159168302915,
                        "lng": 140.1146922802915
                    },
                    "southwest": {
                        "lat": 35.6132188697085,
                        "lng": 140.1119943197085
                    }
                }
            },
            "icon": "https://maps.gstatic.com/mapfiles/place_api/icons/v1/png_71/restaurant-71.png",
            "icon_background_color": "#FF9E67",
            "icon_mask_base_uri": "https://maps.gstatic.com/mapfiles/place_api/icons/v2/restaurant_pinlet",
            "name": "路地裏カフェ",
            "opening_hours": {
                "open_now": true
            },
            "photos": [
                {
                    "height": 1368,
                    "html_attributions": [
                        "<a href=\"https://maps.google.com/maps/contrib/113610528538043356448\">路地裏カフェ</a>"
                    ],
                    "photo_reference": "Aap_uECK0MEtsUUiBOgpCK3f0I661xbGbc_SABqfu-wgB7KP1qWEi7cU8-qmTfIHUzSaVMdTHM8f8oD2dXj8mp7B1vvx4wY4fzGODNHacZUXrz_FftdKrvDJDu7UUGN-o0L3fkoUrECyVWb2ueQbIwEKuB2yjNdP8oteZrF4GIJPeDPz6v5Z",
                    "width": 2048
                }
            ],
            "place_id": "ChIJb4BjB8WFImARm0vnSoyxZ94",
            "plus_code": {
                "compound_code": "J477+R8 日本、千葉県千葉市",
                "global_code": "8R72J477+R8"
            },
            "rating": 4.5,
            "reference": "ChIJb4BjB8WFImARm0vnSoyxZ94",
            "scope": "GOOGLE",
            "types": [
                "cafe",
                "restaurant",
                "food",
                "point_of_interest",
                "store",
                "establishment"
            ],
            "user_ratings_total": 142,
            "vicinity": "千葉市中央区弁天１丁目１５−８ サンライズ椿森 1F"
        },
        {
            "business_status": "CLOSED_TEMPORARILY",
            "geometry": {
                "location": {
                    "lat": 35.614654,
                    "lng": 140.1120573
                },
                "viewport": {
                    "northeast": {
                        "lat": 35.61606183029151,
                        "lng": 140.1134613802915
                    },
                    "southwest": {
                        "lat": 35.61336386970851,
                        "lng": 140.1107634197085
                    }
                }
            },
            "icon": "https://maps.gstatic.com/mapfiles/place_api/icons/v1/png_71/cafe-71.png",
            "icon_background_color": "#FF9E67",
            "icon_mask_base_uri": "https://maps.gstatic.com/mapfiles/place_api/icons/v2/cafe_pinlet",
            "name": "カフェコオラニ〜モンブランとコーヒーのお店",
            "permanently_closed": true,
            "photos": [
                {
                    "height": 750,
                    "html_attributions": [
                        "<a href=\"https://maps.google.com/maps/contrib/105734378152347426463\">カフェコオラニ〜モンブランとコーヒーのお店</a>"
                    ],
                    "photo_reference": "Aap_uEDaVW_TuqyqtOMr7XXVV_H5M091qF5HBegBg1WZMbtqh2XzNCfzyd0jRHfD9g5u7uvw48sVKI2HH7Gv5iBtbZpP5gLNu6xpwdM0nt8O6TR8zi-Rol8fEAd6ij-Sd-ElKQiE_1pNi55mZ2s1V8445-YcjFpAn_FSVVDo47VhanGuEidi",
                    "width": 1000
                }
            ],
            "place_id": "ChIJV11IBGOFImAREjgZvOPdZVE",
            "plus_code": {
                "compound_code": "J476+VR 日本、千葉県千葉市",
                "global_code": "8R72J476+VR"
            },
            "rating": 4.6,
            "reference": "ChIJV11IBGOFImAREjgZvOPdZVE",
            "scope": "GOOGLE",
            "types": [
                "cafe",
                "food",
                "point_of_interest",
                "establishment"
            ],
            "user_ratings_total": 13,
            "vicinity": "千葉市中央区弁天１丁目２−１２ 町 沼澤ビル 2F"
        }
    ],
    "status": "OK"
}