{
    "html_attributions": [],
    "results": [
        {
            "business_status": "OPERATIONAL",
            "geometry": {
                "location": {
                    "lat": 35.60824529999999,
                    "lng": 140.1165454
                },
                "viewport": {
                    "northeast": {
                        "lat": 35.60961328029149,
                        "lng": 140.1181558302915
                    },
                    "southwest": {
                        "lat": 35.60691531970849,
                        "lng": 140.1154578697085
                    }
                }
            },
            "icon": "https://maps.gstatic.com/mapfiles/place_api/icons/v1/png_71/generic_business-71.png",
            "icon_background_color": "#7B9EB0",
            "icon_mask_base_uri": "https://maps.gstatic.com/mapfiles/place_api/icons/v2/generic_pinlet",
            "name": "VEGAアサヒボウリングセンター",
            "opening_hours": {
                "open_now": true
            },
            "photos": [
                {
                    "height": 3024,
                    "html_attributions": [
                        "<a href=\"https://maps.google.com/maps/contrib/104123419505657050521\">手洲兎投稿</a>"
                    ],
                    "photo_reference": "Aap_uECwrvwwTWFxDxkdCdNifZ-HLLiSbRanh-pMNsszfK6_rp8y4QWajdT_NIYZqV5QH5IN-AAaJMdcYWdYazJ9g1euh3JRTwmfftPAuPOXgsti7A5mdmi_SDpgvVBFvSR8UyH04EJZ0fm_H_NoFsqy_XNCrDFZUov-pjGhICwuGO7N9tvx",
                    "width": 4032
                }
            ],
            "place_id": "ChIJl4fvCrSEImARAudtvHHFKr8",
            "plus_code": {
                "compound_code": "J458+7J 日本、千葉県千葉市",
                "global_code": "8R72J458+7J"
            },
            "rating": 3.8,
            "reference": "ChIJl4fvCrSEImARAudtvHHFKr8",
            "scope": "GOOGLE",
            "types": [
                "bowling_alley",
                "point_of_interest",
                "establishment"
            ],
            "user_ratings_total": 199,
            "vicinity": "千葉市中央区新宿２丁目１−５"
        }
    ],
    "status": "OK"
}