{
    "html_attributions": [],
    "results": [
        {
            "business_status": "OPERATIONAL",
            "geometry": {
                "location": {
                    "lat": 35.6248089,
                    "lng": 139.7219177
                },
                "viewport": {
                    "northeast": {
                        "lat": 35.6262109802915,
                        "lng": 139.7232911802915
                    },
                    "southwest": {
                        "lat": 35.6235130197085,
                        "lng": 139.7205932197085
                    }
                }
            },
            "icon": "https://maps.gstatic.com/mapfiles/place_api/icons/v1/png_71/cafe-71.png",
            "icon_background_color": "#FF9E67",
            "icon_mask_base_uri": "https://maps.gstatic.com/mapfiles/place_api/icons/v2/cafe_pinlet",
            "name": "ドトールコーヒーショップ 五反田桜田通り店",
            "opening_hours": {
                "open_now": false
            },
            "photos": [
                {
                    "height": 2880,
                    "html_attributions": [
                        "<a href=\"https://maps.google.com/maps/contrib/107299797706354914588\">taira inari</a>"
                    ],
                    "photo_reference": "Aap_uECju4C1qbjkB2W1X6zze6ICJEG1chAh1NXGbSzDJFDf-8oJkb4TfHhBH7kuWpSbMO6k7-VqGrlPSYCp7FmPk-ZHx0-GiYKP1wspYuUS6s6gu-yUhdUqi5zvj6h1z2spLzePxTUUhgwOe8QqaPy2Si62EjQJfP73ztjrwsLKufFCDnT1",
                    "width": 2160
                }
            ],
            "place_id": "ChIJa2lBK_uKGGAR45MpFaPuSGY",
            "plus_code": {
                "compound_code": "JPFC+WQ 日本、東京都品川区",
                "global_code": "8Q7XJPFC+WQ"
            },
            "price_level": 1,
            "rating": 3.6,
            "reference": "ChIJa2lBK_uKGGAR45MpFaPuSGY",
            "scope": "GOOGLE",
            "types": [
                "cafe",
                "food",
                "point_of_interest",
                "establishment"
            ],
            "user_ratings_total": 534,
            "vicinity": "品川区西五反田１丁目３０−２"
        },
        {
            "business_status": "OPERATIONAL",
            "geometry": {
                "location": {
                    "lat": 35.6241406,
                    "lng": 139.721761
                },
                "viewport": {
                    "northeast": {
                        "lat": 35.6254895802915,
                        "lng": 139.7231099802915
                    },
                    "southwest": {
                        "lat": 35.6227916197085,
                        "lng": 139.7204120197085
                    }
                }
            },
            "icon": "https://maps.gstatic.com/mapfiles/place_api/icons/v1/png_71/bar-71.png",
            "icon_background_color": "#FF9E67",
            "icon_mask_base_uri": "https://maps.gstatic.com/mapfiles/place_api/icons/v2/bar_pinlet",
            "name": "No.19 cafe",
            "opening_hours": {
                "open_now": true
            },
            "photos": [
                {
                    "height": 1108,
                    "html_attributions": [
                        "<a href=\"https://maps.google.com/maps/contrib/113743411491977371266\">No.19 cafe</a>"
                    ],
                    "photo_reference": "Aap_uEDd1vxS0APxE1jwISiTKgkwrfkk9QAnhechA4R6M-VnAL3tQSilIa5x_IuWSSjnhCRJo7Hw5I2VvKiqx0zFyzjLJ0dNTWsM3iRhzvq2of-7c1DFlOG6BGh0r43jbwq_J8XKjGgswLyqv4UwUGO4-gZTopIM644HqtZjGtEQ7GEoH-k8",
                    "width": 1478
                }
            ],
            "place_id": "ChIJdxbAkQKLGGARqbU7mRWUfj4",
            "plus_code": {
                "compound_code": "JPFC+MP 日本、東京都品川区",
                "global_code": "8Q7XJPFC+MP"
            },
            "rating": 5,
            "reference": "ChIJdxbAkQKLGGARqbU7mRWUfj4",
            "scope": "GOOGLE",
            "types": [
                "bar",
                "cafe",
                "food",
                "point_of_interest",
                "establishment"
            ],
            "user_ratings_total": 1,
            "vicinity": "品川区西五反田１丁目３２−３ DAIビル 2F"
        },
        {
            "business_status": "OPERATIONAL",
            "geometry": {
                "location": {
                    "lat": 35.6236398,
                    "lng": 139.7222145
                },
                "viewport": {
                    "northeast": {
                        "lat": 35.62489533029149,
                        "lng": 139.7234899802915
                    },
                    "southwest": {
                        "lat": 35.6221973697085,
                        "lng": 139.7207920197085
                    }
                }
            },
            "icon": "https://maps.gstatic.com/mapfiles/place_api/icons/v1/png_71/cafe-71.png",
            "icon_background_color": "#FF9E67",
            "icon_mask_base_uri": "https://maps.gstatic.com/mapfiles/place_api/icons/v2/cafe_pinlet",
            "name": "ダイキン製造（株）カフェテリア",
            "opening_hours": {
                "open_now": false
            },
            "place_id": "ChIJAZTYeBKLGGARUj4ZQEcxlEc",
            "plus_code": {
                "compound_code": "JPFC+FV 日本、東京都品川区",
                "global_code": "8Q7XJPFC+FV"
            },
            "reference": "ChIJAZTYeBKLGGARUj4ZQEcxlEc",
            "scope": "GOOGLE",
            "types": [
                "cafe",
                "food",
                "point_of_interest",
                "store",
                "establishment"
            ],
            "vicinity": "品川区西五反田１丁目２４−４"
        },
        {
            "business_status": "OPERATIONAL",
            "geometry": {
                "location": {
                    "lat": 35.6236235,
                    "lng": 139.7224401
                },
                "viewport": {
                    "northeast": {
                        "lat": 35.62485978029149,
                        "lng": 139.7236906802915
                    },
                    "southwest": {
                        "lat": 35.6221618197085,
                        "lng": 139.7209927197085
                    }
                }
            },
            "icon": "https://maps.gstatic.com/mapfiles/place_api/icons/v1/png_71/cafe-71.png",
            "icon_background_color": "#FF9E67",
            "icon_mask_base_uri": "https://maps.gstatic.com/mapfiles/place_api/icons/v2/cafe_pinlet",
            "name": "TEEBLATT（ティーブラット）",
            "opening_hours": {
                "open_now": true
            },
            "photos": [
                {
                    "height": 4032,
                    "html_attributions": [
                        "<a href=\"https://maps.google.com/maps/contrib/109192320659697879372\">TEEBLATT（ティーブラット）</a>"
                    ],
                    "photo_reference": "Aap_uEAgbPfuwO4TgIlsIkRd27ddZDSspCuv8THzpbTHKGGeF5wsjlvJYqvCrHVDDAz08kZeklbfJilFspuj9d3Hn_QsuKENX4ZWUOEXiqCxq7OjJ-ajRxl56FnhkHeXNlbqRzS3nOKP5_R7z6PPGEUkRmOhEj_1Pw_d-M_MIW-PulZWXnUo",
                    "width": 3024
                }
            ],
            "place_id": "ChIJsRFuSOWLGGARJfbPyg-uhYE",
            "plus_code": {
                "compound_code": "JPFC+CX 日本、東京都品川区",
                "global_code": "8Q7XJPFC+CX"
            },
            "rating": 5,
            "reference": "ChIJsRFuSOWLGGARJfbPyg-uhYE",
            "scope": "GOOGLE",
            "types": [
                "cafe",
                "food",
                "point_of_interest",
                "establishment"
            ],
            "user_ratings_total": 1,
            "vicinity": "品川区西五反田１丁目２４−４ タキゲンビル 1F"
        }
    ],
    "status": "OK"
}