{
    "html_attributions": [],
    "results": [
        {
            "business_status": "OPERATIONAL",
            "geometry": {
                "location": {
                    "lat": 35.6637073,
                    "lng": 139.6683383
                },
                "viewport": {
                    "northeast": {
                        "lat": 35.66505628029149,
                        "lng": 139.6696872802915
                    },
                    "southwest": {
                        "lat": 35.6623583197085,
                        "lng": 139.6669893197085
                    }
                }
            },
            "icon": "https://maps.gstatic.com/mapfiles/place_api/icons/v1/png_71/generic_business-71.png",
            "icon_background_color": "#7B9EB0",
            "icon_mask_base_uri": "https://maps.gstatic.com/mapfiles/place_api/icons/v2/generic_pinlet",
            "name": "ギャラリーハナ 下北沢",
            "photos": [
                {
                    "height": 2160,
                    "html_attributions": [
                        "<a href=\"https://maps.google.com/maps/contrib/118252634782609753961\">奈塚Q弥</a>"
                    ],
                    "photo_reference": "Aap_uECO66Dig2PKzFiiAFp1m7st_svC8fGFeK6Ti9IlilgCL7Oj0OkFs4jtOY3UHsMrmZG_VizDdAoHZSypHnRrCXR3_Zwqlw7W7Gl3o8lZhZ-UKlNgNdedCjEJBQHFCPa6xVi4COYE5snr_YT4u1yu3Uwm3zz4hMtzHsJSpAo5wO1BF_D0",
                    "width": 3840
                }
            ],
            "place_id": "ChIJSYid4WrzGGARbTpfCeqdJcI",
            "plus_code": {
                "compound_code": "MM79+F8 日本、東京都世田谷区",
                "global_code": "8Q7XMM79+F8"
            },
            "rating": 4.4,
            "reference": "ChIJSYid4WrzGGARbTpfCeqdJcI",
            "scope": "GOOGLE",
            "types": [
                "art_gallery",
                "point_of_interest",
                "establishment"
            ],
            "user_ratings_total": 17,
            "vicinity": "世田谷区北沢３丁目２６−２"
        },
        {
            "business_status": "OPERATIONAL",
            "geometry": {
                "location": {
                    "lat": 35.66324179999999,
                    "lng": 139.6697115
                },
                "viewport": {
                    "northeast": {
                        "lat": 35.66460363029149,
                        "lng": 139.6710086802915
                    },
                    "southwest": {
                        "lat": 35.6619056697085,
                        "lng": 139.6683107197085
                    }
                }
            },
            "icon": "https://maps.gstatic.com/mapfiles/place_api/icons/v1/png_71/generic_business-71.png",
            "icon_background_color": "#7B9EB0",
            "icon_mask_base_uri": "https://maps.gstatic.com/mapfiles/place_api/icons/v2/generic_pinlet",
            "name": "ENTRANCE HALL",
            "photos": [
                {
                    "height": 2322,
                    "html_attributions": [
                        "<a href=\"https://maps.google.com/maps/contrib/100689039355298728862\">Ortelius Abraham</a>"
                    ],
                    "photo_reference": "Aap_uECioVuTViJoVZiKNoRFcAt7beiQBMzpA-VpFU1YxM5ORWAL0x4PLEIWxQRvjup_bqJCjvssyo-1OiAHwa22sLmN24amMANGS_qV8OW5J9mz9Z-_NKhVJeZizUBEWmQsfHQCX-xkbhbiR6QqgnTw0L0tBo9tRLB-afkRPIZJ13EMPcnB",
                    "width": 4128
                }
            ],
            "place_id": "ChIJ--C-H73zGGARRC_ooBbeABU",
            "plus_code": {
                "compound_code": "MM79+7V 日本、東京都世田谷区",
                "global_code": "8Q7XMM79+7V"
            },
            "rating": 3,
            "reference": "ChIJ--C-H73zGGARRC_ooBbeABU",
            "scope": "GOOGLE",
            "types": [
                "art_gallery",
                "point_of_interest",
                "establishment"
            ],
            "user_ratings_total": 1,
            "vicinity": "世田谷区北沢３丁目１９−２０ reload1-1"
        },
        {
            "business_status": "OPERATIONAL",
            "geometry": {
                "location": {
                    "lat": 35.6628191,
                    "lng": 139.6686785
                },
                "viewport": {
                    "northeast": {
                        "lat": 35.6641680802915,
                        "lng": 139.6700274802915
                    },
                    "southwest": {
                        "lat": 35.6614701197085,
                        "lng": 139.6673295197085
                    }
                }
            },
            "icon": "https://maps.gstatic.com/mapfiles/place_api/icons/v1/png_71/generic_business-71.png",
            "icon_background_color": "#7B9EB0",
            "icon_mask_base_uri": "https://maps.gstatic.com/mapfiles/place_api/icons/v2/generic_pinlet",
            "name": "武蔵屋画廊",
            "opening_hours": {
                "open_now": false
            },
            "photos": [
                {
                    "height": 2448,
                    "html_attributions": [
                        "<a href=\"https://maps.google.com/maps/contrib/117193410134810193477\">ＧｏＧｏＡＲＴゴーゴーアート</a>"
                    ],
                    "photo_reference": "Aap_uEAfDQx2v6j8IsnkrF6dLg2HLCzAXSn7DWX1dtQbSGDmmPWoKSPLb5-W5zDkslGcvie_OYURlHn0hf3GUTfsjEm8Is8mjk31gD4pS5Ym3b2IxvI5BAhpj5v35jjDwshITO9mLUXrmkIX01XT0bKvwkZR8bTN3CJ_Wqjb1-orwHbij0RO",
                    "width": 3264
                }
            ],
            "place_id": "ChIJK7KaGVLzGGARRooYVQarzGA",
            "plus_code": {
                "compound_code": "MM79+4F 日本、東京都世田谷区",
                "global_code": "8Q7XMM79+4F"
            },
            "rating": 4.5,
            "reference": "ChIJK7KaGVLzGGARRooYVQarzGA",
            "scope": "GOOGLE",
            "types": [
                "art_gallery",
                "point_of_interest",
                "establishment"
            ],
            "user_ratings_total": 2,
            "vicinity": "世田谷区北沢２丁目３２−８"
        }
    ],
    "status": "OK"
}