{
    "html_attributions": [],
    "results": [
        {
            "business_status": "OPERATIONAL",
            "geometry": {
                "location": {
                    "lat": 35.6618402,
                    "lng": 139.6686491
                },
                "viewport": {
                    "northeast": {
                        "lat": 35.6631891802915,
                        "lng": 139.6699980802915
                    },
                    "southwest": {
                        "lat": 35.6604912197085,
                        "lng": 139.6673001197085
                    }
                }
            },
            "icon": "https://maps.gstatic.com/mapfiles/place_api/icons/v1/png_71/generic_business-71.png",
            "icon_background_color": "#7B9EB0",
            "icon_mask_base_uri": "https://maps.gstatic.com/mapfiles/place_api/icons/v2/generic_pinlet",
            "name": "下北アートスペース ギャラリー",
            "place_id": "ChIJPzXLSWrzGGARjuUClm-XogE",
            "plus_code": {
                "compound_code": "MM69+PF 日本、東京都世田谷区",
                "global_code": "8Q7XMM69+PF"
            },
            "rating": 5,
            "reference": "ChIJPzXLSWrzGGARjuUClm-XogE",
            "scope": "GOOGLE",
            "types": [
                "art_gallery",
                "museum",
                "point_of_interest",
                "establishment"
            ],
            "user_ratings_total": 1,
            "vicinity": "世田谷区北沢２丁目９−３ 久冨ビルB1F"
        }
    ],
    "status": "OK"
}