{
    "html_attributions": [],
    "results": [
        {
            "business_status": "OPERATIONAL",
            "geometry": {
                "location": {
                    "lat": 35.6588587,
                    "lng": 139.6676257
                },
                "viewport": {
                    "northeast": {
                        "lat": 35.66015648029149,
                        "lng": 139.6689359302915
                    },
                    "southwest": {
                        "lat": 35.65745851970849,
                        "lng": 139.6662379697085
                    }
                }
            },
            "icon": "https://maps.gstatic.com/mapfiles/place_api/icons/v1/png_71/movies-71.png",
            "icon_background_color": "#13B5C7",
            "icon_mask_base_uri": "https://maps.gstatic.com/mapfiles/place_api/icons/v2/movie_pinlet",
            "name": "下北沢トリウッド",
            "photos": [
                {
                    "height": 2448,
                    "html_attributions": [
                        "<a href=\"https://maps.google.com/maps/contrib/114311166599729652771\">Kei SAKURA</a>"
                    ],
                    "photo_reference": "Aap_uEDrModPTlZcee8aDM0Wzqoq-NkbsWXwV81cTUpyxIXOsoLJNId5n29nN9VxrlGeA9Er5gAPGuuWyeDomPm10F1n39giwWYVWHlp5nmp8hIE2Fs988B75IuIqvFMUys5d0w1LKNjBfMRcgOViYQfJ7ldFIU7W2I60aHJuj8yTQFJDgeW",
                    "width": 3264
                }
            ],
            "place_id": "ChIJQeShDWnzGGARY48RnCePrWg",
            "plus_code": {
                "compound_code": "MM59+G3 日本、東京都世田谷区",
                "global_code": "8Q7XMM59+G3"
            },
            "rating": 4.1,
            "reference": "ChIJQeShDWnzGGARY48RnCePrWg",
            "scope": "GOOGLE",
            "types": [
                "movie_theater",
                "point_of_interest",
                "establishment"
            ],
            "user_ratings_total": 155,
            "vicinity": "世田谷区代沢５丁目３２−５ シェルボ下北沢 ２Ｆ"
        }
    ],
    "status": "OK"
}