{
    "html_attributions": [],
    "results": [
        {
            "business_status": "OPERATIONAL",
            "geometry": {
                "location": {
                    "lat": 35.6603223,
                    "lng": 139.6660957
                },
                "viewport": {
                    "northeast": {
                        "lat": 35.66167128029149,
                        "lng": 139.6674446802915
                    },
                    "southwest": {
                        "lat": 35.65897331970849,
                        "lng": 139.6647467197085
                    }
                }
            },
            "icon": "https://maps.gstatic.com/mapfiles/place_api/icons/v1/png_71/movies-71.png",
            "icon_background_color": "#13B5C7",
            "icon_mask_base_uri": "https://maps.gstatic.com/mapfiles/place_api/icons/v2/movie_pinlet",
            "name": "シモキタ - エキマエ - シネマ『K2』",
            "opening_hours": {
                "open_now": true
            },
            "place_id": "ChIJ_2TEi5TzGGARpp8iYpIVOBQ",
            "plus_code": {
                "compound_code": "MM68+4C 日本、東京都世田谷区",
                "global_code": "8Q7XMM68+4C"
            },
            "reference": "ChIJ_2TEi5TzGGARpp8iYpIVOBQ",
            "scope": "GOOGLE",
            "types": [
                "movie_theater",
                "point_of_interest",
                "establishment"
            ],
            "vicinity": "世田谷区北沢２丁目２１ 2F tefu ) lounge"
        }
    ],
    "status": "OK"
}