{
    "html_attributions": [],
    "results": [
        {
            "business_status": "OPERATIONAL",
            "geometry": {
                "location": {
                    "lat": 35.6219724,
                    "lng": 139.7197172
                },
                "viewport": {
                    "northeast": {
                        "lat": 35.62332138029151,
                        "lng": 139.7210661802915
                    },
                    "southwest": {
                        "lat": 35.62062341970851,
                        "lng": 139.7183682197085
                    }
                }
            },
            "icon": "https://maps.gstatic.com/mapfiles/place_api/icons/v1/png_71/park-71.png",
            "icon_background_color": "#4DB546",
            "icon_mask_base_uri": "https://maps.gstatic.com/mapfiles/place_api/icons/v2/tree_pinlet",
            "name": "ＴＯＣビル 喫煙所",
            "place_id": "ChIJ65cAxaiLGGARdv68X12qC0o",
            "plus_code": {
                "compound_code": "JPC9+QV 日本、東京都品川区",
                "global_code": "8Q7XJPC9+QV"
            },
            "reference": "ChIJ65cAxaiLGGARdv68X12qC0o",
            "scope": "GOOGLE",
            "types": [
                "park",
                "point_of_interest",
                "establishment"
            ],
            "vicinity": "品川区西五反田７丁目２２−１７ TOCビル"
        }
    ],
    "status": "OK"
}