{
    "html_attributions": [],
    "results": [
        {
            "business_status": "OPERATIONAL",
            "geometry": {
                "location": {
                    "lat": 35.6261138,
                    "lng": 139.7236188
                },
                "viewport": {
                    "northeast": {
                        "lat": 35.6274988302915,
                        "lng": 139.7247484302915
                    },
                    "southwest": {
                        "lat": 35.6248008697085,
                        "lng": 139.7220504697085
                    }
                }
            },
            "icon": "https://maps.gstatic.com/mapfiles/place_api/icons/v1/png_71/cafe-71.png",
            "icon_background_color": "#FF9E67",
            "icon_mask_base_uri": "https://maps.gstatic.com/mapfiles/place_api/icons/v2/cafe_pinlet",
            "name": "WIRED CAFE Dining Lounge アトレ五反田店",
            "opening_hours": {
                "open_now": false
            },
            "photos": [
                {
                    "height": 850,
                    "html_attributions": [
                        "<a href=\"https://maps.google.com/maps/contrib/116665026724216118258\">WIRED CAFE Dining Lounge アトレ五反田店</a>"
                    ],
                    "photo_reference": "Aap_uEAeRI2TA3Id9AGyfxLbfXmsbXbEuiNrkW-fV1N8RdJ3DKzM8GtFqOpQSd4aO3KIqwPQdEzOXeMAZhfNvsP9gsE2BcFlHGL3YqYhB04eVgKOuDbqkMpQR-5PjC-5KqtcFjhhNOoBDm0pfD7yYmwSvtyClmFkXL9ppC_iebO03sPTMUdn",
                    "width": 1700
                }
            ],
            "place_id": "ChIJTSvwE_uKGGARi5GgRkd0atw",
            "plus_code": {
                "compound_code": "JPGF+CC 日本、東京都品川区",
                "global_code": "8Q7XJPGF+CC"
            },
            "price_level": 2,
            "rating": 3.4,
            "reference": "ChIJTSvwE_uKGGARi5GgRkd0atw",
            "scope": "GOOGLE",
            "types": [
                "cafe",
                "food",
                "point_of_interest",
                "store",
                "establishment"
            ],
            "user_ratings_total": 206,
            "vicinity": "品川区東五反田１丁目２６−１４ アトレヴィ五反田 2F"
        },
        {
            "business_status": "OPERATIONAL",
            "geometry": {
                "location": {
                    "lat": 35.6255096,
                    "lng": 139.7245504
                },
                "viewport": {
                    "northeast": {
                        "lat": 35.62695563029149,
                        "lng": 139.7257341802915
                    },
                    "southwest": {
                        "lat": 35.6242576697085,
                        "lng": 139.7230362197085
                    }
                }
            },
            "icon": "https://maps.gstatic.com/mapfiles/place_api/icons/v1/png_71/cafe-71.png",
            "icon_background_color": "#FF9E67",
            "icon_mask_base_uri": "https://maps.gstatic.com/mapfiles/place_api/icons/v2/cafe_pinlet",
            "name": "スターバックス コーヒー 五反田東急スクエア店",
            "opening_hours": {
                "open_now": true
            },
            "photos": [
                {
                    "height": 3024,
                    "html_attributions": [
                        "<a href=\"https://maps.google.com/maps/contrib/107705833309561868785\">スタバカ</a>"
                    ],
                    "photo_reference": "Aap_uECFD32na51K84kIU2r1yz0az2etbk37uE8bRf1XalvsrO_NFP0PiEK47JvA2PEVlKyl2JpV5XX6anbEUN5iypZPAV3kx7TqNBX_VezD9U0TQ3cXkUDWLtmN7CmR0U-7_7ZJ3aPJCKrMv6gQ9MP8kqWNqhLoGn6azsGyHApUn3ptBzMb",
                    "width": 4032
                }
            ],
            "place_id": "ChIJrcxZVPqKGGARo6ZVFSiWANg",
            "plus_code": {
                "compound_code": "JPGF+6R 日本、東京都品川区",
                "global_code": "8Q7XJPGF+6R"
            },
            "price_level": 2,
            "rating": 3.7,
            "reference": "ChIJrcxZVPqKGGARo6ZVFSiWANg",
            "scope": "GOOGLE",
            "types": [
                "cafe",
                "food",
                "point_of_interest",
                "store",
                "establishment"
            ],
            "user_ratings_total": 382,
            "vicinity": "品川区東五反田２丁目１−２ 五反田東急スクエア"
        },
        {
            "business_status": "OPERATIONAL",
            "geometry": {
                "location": {
                    "lat": 35.6266251,
                    "lng": 139.7243999
                },
                "viewport": {
                    "northeast": {
                        "lat": 35.6279740802915,
                        "lng": 139.7257488802915
                    },
                    "southwest": {
                        "lat": 35.6252761197085,
                        "lng": 139.7230509197085
                    }
                }
            },
            "icon": "https://maps.gstatic.com/mapfiles/place_api/icons/v1/png_71/cafe-71.png",
            "icon_background_color": "#FF9E67",
            "icon_mask_base_uri": "https://maps.gstatic.com/mapfiles/place_api/icons/v2/cafe_pinlet",
            "name": "エクセルシオール カフェ 五反田東口店",
            "opening_hours": {
                "open_now": true
            },
            "photos": [
                {
                    "height": 6325,
                    "html_attributions": [
                        "<a href=\"https://maps.google.com/maps/contrib/109499756516052727426\">Mikinari Hirai</a>"
                    ],
                    "photo_reference": "Aap_uED1wUCJKCmphmHEAovgrV8LpttvjMhLFE4NdQshP9pOMNvDSULzWys4B7OTOPnzix7lw2fWzxe4bBGWp4Kw-08RiSnE7Zukyr_Xf7fz9AmQrK1M5MGiAFFcu9vxF5v8y1FHtjDo9EI0mLV9OcYu3lNsKo1pURddKYqDIlEqzuskxHw",
                    "width": 9488
                }
            ],
            "place_id": "ChIJC5W-oPuKGGARtL2KKs8K-GI",
            "plus_code": {
                "compound_code": "JPGF+MQ 日本、東京都品川区",
                "global_code": "8Q7XJPGF+MQ"
            },
            "price_level": 2,
            "rating": 3.4,
            "reference": "ChIJC5W-oPuKGGARtL2KKs8K-GI",
            "scope": "GOOGLE",
            "types": [
                "cafe",
                "food",
                "point_of_interest",
                "establishment"
            ],
            "user_ratings_total": 457,
            "vicinity": "品川区東五反田１丁目１３−１０ さくらビル １Ｆ・２Ｆ"
        },
        {
            "business_status": "OPERATIONAL",
            "geometry": {
                "location": {
                    "lat": 35.6255408,
                    "lng": 139.7245504
                },
                "viewport": {
                    "northeast": {
                        "lat": 35.62696328029149,
                        "lng": 139.7257194302915
                    },
                    "southwest": {
                        "lat": 35.6242653197085,
                        "lng": 139.7230214697085
                    }
                }
            },
            "icon": "https://maps.gstatic.com/mapfiles/place_api/icons/v1/png_71/cafe-71.png",
            "icon_background_color": "#FF9E67",
            "icon_mask_base_uri": "https://maps.gstatic.com/mapfiles/place_api/icons/v2/cafe_pinlet",
            "name": "Sign gotanda｜五反田",
            "opening_hours": {
                "open_now": true
            },
            "photos": [
                {
                    "height": 1333,
                    "html_attributions": [
                        "<a href=\"https://maps.google.com/maps/contrib/110044026965127200822\">Sign gotanda｜五反田</a>"
                    ],
                    "photo_reference": "Aap_uECPQcudlJe4wruaNdElhoRTg5QXOr4fxRuAkeGXH2V3k-FYCoQWVMECULZWhsr5nxoN5eIZl8QNtfQoIN9mxB8p5tqvfCx6nRVQ8as46rHNjlPHJjTbvAmrWnGEstyHszebMM3s7Xuc6H-qxgJpElpYRX0tg3FawqY2z39izu1rY27G",
                    "width": 2000
                }
            ],
            "place_id": "ChIJFaBYVPqKGGARu46J1C0m954",
            "plus_code": {
                "compound_code": "JPGF+6R 日本、東京都品川区",
                "global_code": "8Q7XJPGF+6R"
            },
            "price_level": 2,
            "rating": 3.5,
            "reference": "ChIJFaBYVPqKGGARu46J1C0m954",
            "scope": "GOOGLE",
            "types": [
                "cafe",
                "food",
                "point_of_interest",
                "establishment"
            ],
            "user_ratings_total": 227,
            "vicinity": "品川区東五反田２丁目１−２ 五反田東急スクエア ４F"
        },
        {
            "business_status": "OPERATIONAL",
            "geometry": {
                "location": {
                    "lat": 35.6254614,
                    "lng": 139.7236306
                },
                "viewport": {
                    "northeast": {
                        "lat": 35.6268103802915,
                        "lng": 139.7249795802915
                    },
                    "southwest": {
                        "lat": 35.6241124197085,
                        "lng": 139.7222816197085
                    }
                }
            },
            "icon": "https://maps.gstatic.com/mapfiles/place_api/icons/v1/png_71/cafe-71.png",
            "icon_background_color": "#FF9E67",
            "icon_mask_base_uri": "https://maps.gstatic.com/mapfiles/place_api/icons/v2/cafe_pinlet",
            "name": "オスロコーヒー 五反田駅前店",
            "opening_hours": {
                "open_now": true
            },
            "photos": [
                {
                    "height": 6287,
                    "html_attributions": [
                        "<a href=\"https://maps.google.com/maps/contrib/109499756516052727426\">Mikinari Hirai</a>"
                    ],
                    "photo_reference": "Aap_uECkRy7D9NBdhjkgzDRlxwQMUUUvLkEncJ1mMBQrFW-gaf2bt-_oO0VEd_1tjhRH-3Dm8ZR4qqb3lr6oIWYs-HxZN7RXHeDJadbyderRzSwDss1Q_39nOs0fTFHNAz_KleEHX5wNvds6SHjb4hf9vluWxlLOfKwW6DjEJ82nvA-GVoo",
                    "width": 9430
                }
            ],
            "place_id": "ChIJ-4X1HPuKGGARhl9KtX8N7DQ",
            "plus_code": {
                "compound_code": "JPGF+5F 日本、東京都品川区",
                "global_code": "8Q7XJPGF+5F"
            },
            "price_level": 2,
            "rating": 3.7,
            "reference": "ChIJ-4X1HPuKGGARhl9KtX8N7DQ",
            "scope": "GOOGLE",
            "types": [
                "cafe",
                "food",
                "point_of_interest",
                "store",
                "establishment"
            ],
            "user_ratings_total": 364,
            "vicinity": "品川区西五反田１丁目５−２"
        },
        {
            "business_status": "OPERATIONAL",
            "geometry": {
                "location": {
                    "lat": 35.625211,
                    "lng": 139.723852
                },
                "viewport": {
                    "northeast": {
                        "lat": 35.6265566302915,
                        "lng": 139.7251198802915
                    },
                    "southwest": {
                        "lat": 35.6238586697085,
                        "lng": 139.7224219197085
                    }
                }
            },
            "icon": "https://maps.gstatic.com/mapfiles/place_api/icons/v1/png_71/cafe-71.png",
            "icon_background_color": "#FF9E67",
            "icon_mask_base_uri": "https://maps.gstatic.com/mapfiles/place_api/icons/v2/cafe_pinlet",
            "name": "カフェ＆バープロント五反田西口店",
            "opening_hours": {
                "open_now": false
            },
            "photos": [
                {
                    "height": 3024,
                    "html_attributions": [
                        "<a href=\"https://maps.google.com/maps/contrib/108159290772176221430\">カフェ＆バープロント五反田西口店</a>"
                    ],
                    "photo_reference": "Aap_uEDQ3mf5TsJQCHyz7H4wM0ZKgFLfbLgGb6l3Ku_1IGoVjCyqJI-FzRhIxCtvO48S47Y4cU1XKut7IkMopPk2ZrL8tahDIzUsKmL4t3RK_DnbCNAar7RHLQBaK3_MLS1Oh0Enx5XQJkszrw1MWsCWpFSu-f0Y0cPENjb6_rqvVxTV4xHI",
                    "width": 4032
                }
            ],
            "place_id": "ChIJud-K_PqKGGARhqVte0hF1hE",
            "plus_code": {
                "compound_code": "JPGF+3G 日本、東京都品川区",
                "global_code": "8Q7XJPGF+3G"
            },
            "price_level": 2,
            "rating": 3.3,
            "reference": "ChIJud-K_PqKGGARhqVte0hF1hE",
            "scope": "GOOGLE",
            "types": [
                "cafe",
                "bar",
                "food",
                "point_of_interest",
                "establishment"
            ],
            "user_ratings_total": 479,
            "vicinity": "品川区西五反田１丁目７−１"
        },
        {
            "business_status": "OPERATIONAL",
            "geometry": {
                "location": {
                    "lat": 35.62667090000001,
                    "lng": 139.7236191
                },
                "viewport": {
                    "northeast": {
                        "lat": 35.6281809302915,
                        "lng": 139.7254419802915
                    },
                    "southwest": {
                        "lat": 35.6254829697085,
                        "lng": 139.7227440197085
                    }
                }
            },
            "icon": "https://maps.gstatic.com/mapfiles/place_api/icons/v1/png_71/cafe-71.png",
            "icon_background_color": "#FF9E67",
            "icon_mask_base_uri": "https://maps.gstatic.com/mapfiles/place_api/icons/v2/cafe_pinlet",
            "name": "ドトールコーヒーショップ 都営五反田店",
            "opening_hours": {
                "open_now": false
            },
            "photos": [
                {
                    "height": 3024,
                    "html_attributions": [
                        "<a href=\"https://maps.google.com/maps/contrib/106251016197426376806\">Tabi Kawasemi</a>"
                    ],
                    "photo_reference": "Aap_uEB_TeJZJ0vGJeN6xBrc_Lr70AqEo2XFe83QyATYji160tjsaEWjo1hHAZPGIOX6vhUQg2UXch7EvVbl-RNvceR7sW-tZrBOEcaMSSz2v3hz4J_0CfJIHidqkW91n_x8yQ9GGyg6zVN8HZvhmLkzlt--lH1AzaBWkUQhkk3rRWDd3Cl-",
                    "width": 4032
                }
            ],
            "place_id": "ChIJJWHlEfuKGGARogOgPutdT2I",
            "plus_code": {
                "compound_code": "JPGF+MC 日本、東京都品川区",
                "global_code": "8Q7XJPGF+MC"
            },
            "price_level": 1,
            "rating": 3.5,
            "reference": "ChIJJWHlEfuKGGARogOgPutdT2I",
            "scope": "GOOGLE",
            "types": [
                "cafe",
                "food",
                "point_of_interest",
                "establishment"
            ],
            "user_ratings_total": 192,
            "vicinity": "品川区東五反田１丁目２６−２"
        },
        {
            "business_status": "OPERATIONAL",
            "geometry": {
                "location": {
                    "lat": 35.6262092,
                    "lng": 139.7238356
                },
                "viewport": {
                    "northeast": {
                        "lat": 35.6275969302915,
                        "lng": 139.7253314302915
                    },
                    "southwest": {
                        "lat": 35.6248989697085,
                        "lng": 139.7226334697085
                    }
                }
            },
            "icon": "https://maps.gstatic.com/mapfiles/place_api/icons/v1/png_71/cafe-71.png",
            "icon_background_color": "#FF9E67",
            "icon_mask_base_uri": "https://maps.gstatic.com/mapfiles/place_api/icons/v2/cafe_pinlet",
            "name": "Rød",
            "opening_hours": {
                "open_now": true
            },
            "place_id": "ChIJ____v_uKGGARszshP_Gz-QY",
            "plus_code": {
                "compound_code": "JPGF+FG 日本、東京都品川区",
                "global_code": "8Q7XJPGF+FG"
            },
            "rating": 3.5,
            "reference": "ChIJ____v_uKGGARszshP_Gz-QY",
            "scope": "GOOGLE",
            "types": [
                "cafe",
                "food",
                "point_of_interest",
                "establishment"
            ],
            "user_ratings_total": 2,
            "vicinity": "品川区東五反田１丁目２６−２"
        },
        {
            "business_status": "OPERATIONAL",
            "geometry": {
                "location": {
                    "lat": 35.6254832,
                    "lng": 139.7235837
                },
                "viewport": {
                    "northeast": {
                        "lat": 35.6268716302915,
                        "lng": 139.7249874302915
                    },
                    "southwest": {
                        "lat": 35.6241736697085,
                        "lng": 139.7222894697085
                    }
                }
            },
            "icon": "https://maps.gstatic.com/mapfiles/place_api/icons/v1/png_71/cafe-71.png",
            "icon_background_color": "#FF9E67",
            "icon_mask_base_uri": "https://maps.gstatic.com/mapfiles/place_api/icons/v2/cafe_pinlet",
            "name": "珈琲茶館 集 五反田西口店",
            "opening_hours": {
                "open_now": false
            },
            "photos": [
                {
                    "height": 3024,
                    "html_attributions": [
                        "<a href=\"https://maps.google.com/maps/contrib/106503699776924335378\">JC</a>"
                    ],
                    "photo_reference": "Aap_uECEVtj88mWA9aQ1RHi4vmODT-EedXRYP_mGpbmJyXarLUwuS2KGIimGtKR-Ke6AIMgsa5tBboMLNfIIdahetY2Owy3x9f7dpQZSpn_RQbJtSxDZGOrM-gbPjG4DAssRV8fxbqsjdIBD7W-gpW8k5EzgO-_9KHUlnsKfUPRdWuzisbzW",
                    "width": 4032
                }
            ],
            "place_id": "ChIJd3f-HPuKGGAR286w2KEY4cw",
            "plus_code": {
                "compound_code": "JPGF+5C 日本、東京都品川区",
                "global_code": "8Q7XJPGF+5C"
            },
            "price_level": 3,
            "rating": 3.6,
            "reference": "ChIJd3f-HPuKGGAR286w2KEY4cw",
            "scope": "GOOGLE",
            "types": [
                "cafe",
                "food",
                "point_of_interest",
                "establishment"
            ],
            "user_ratings_total": 127,
            "vicinity": "品川区西五反田１丁目５−２ トラヤビル ２F"
        },
        {
            "business_status": "OPERATIONAL",
            "geometry": {
                "location": {
                    "lat": 35.6255409,
                    "lng": 139.724551
                },
                "viewport": {
                    "northeast": {
                        "lat": 35.62696343029149,
                        "lng": 139.7257196302915
                    },
                    "southwest": {
                        "lat": 35.62426546970849,
                        "lng": 139.7230216697085
                    }
                }
            },
            "icon": "https://maps.gstatic.com/mapfiles/place_api/icons/v1/png_71/cafe-71.png",
            "icon_background_color": "#FF9E67",
            "icon_mask_base_uri": "https://maps.gstatic.com/mapfiles/place_api/icons/v2/cafe_pinlet",
            "name": "Sign GOTANDA",
            "opening_hours": {
                "open_now": true
            },
            "place_id": "ChIJzw4OmymLGGARs6HPi43x4-A",
            "plus_code": {
                "compound_code": "JPGF+6R 日本、東京都品川区",
                "global_code": "8Q7XJPGF+6R"
            },
            "reference": "ChIJzw4OmymLGGARs6HPi43x4-A",
            "scope": "GOOGLE",
            "types": [
                "cafe",
                "food",
                "point_of_interest",
                "establishment"
            ],
            "vicinity": "品川区東五反田２丁目１−２ remy gotanda 4F"
        }
    ],
    "status": "OK"
}