{
    "html_attributions": [],
    "results": [
        {
            "business_status": "OPERATIONAL",
            "geometry": {
                "location": {
                    "lat": 35.6277369,
                    "lng": 139.7235752
                },
                "viewport": {
                    "northeast": {
                        "lat": 35.62908588029149,
                        "lng": 139.7249241802915
                    },
                    "southwest": {
                        "lat": 35.6263879197085,
                        "lng": 139.7222262197085
                    }
                }
            },
            "icon": "https://maps.gstatic.com/mapfiles/place_api/icons/v1/png_71/park-71.png",
            "icon_background_color": "#4DB546",
            "icon_mask_base_uri": "https://maps.gstatic.com/mapfiles/place_api/icons/v2/tree_pinlet",
            "name": "五反田公園",
            "opening_hours": {
                "open_now": true
            },
            "photos": [
                {
                    "height": 3000,
                    "html_attributions": [
                        "<a href=\"https://maps.google.com/maps/contrib/115961754164842440153\">Toru Nishiyama</a>"
                    ],
                    "photo_reference": "Aap_uEBUDgdksGKmgfzALMwNDGwhUevkuuyW9QJ77J0xQn1jL9ujMZNKijC2kArU8kZDwVR9J6W055tpphFxZ9CFJ1rTfZ0NoMMOJN2TZE7b_5T9jdFQTxybdUGUNOQSs-FERN0Yyx5OtWIZipGt5L1W6FJSclsbQ4dgcR1JBnFYHS2NRoXo",
                    "width": 4000
                }
            ],
            "place_id": "ChIJe9gEf_uKGGAR9sOSpLmHk5Y",
            "plus_code": {
                "compound_code": "JPHF+3C 日本、東京都品川区",
                "global_code": "8Q7XJPHF+3C"
            },
            "rating": 3.6,
            "reference": "ChIJe9gEf_uKGGAR9sOSpLmHk5Y",
            "scope": "GOOGLE",
            "types": [
                "park",
                "tourist_attraction",
                "point_of_interest",
                "establishment"
            ],
            "user_ratings_total": 66,
            "vicinity": "品川区東五反田５丁目２５−２７"
        }
    ],
    "status": "OK"
}