{
    "html_attributions": [],
    "results": [
        {
            "business_status": "OPERATIONAL",
            "geometry": {
                "location": {
                    "lat": 35.6593603,
                    "lng": 139.6639206
                },
                "viewport": {
                    "northeast": {
                        "lat": 35.6607092802915,
                        "lng": 139.6652695802915
                    },
                    "southwest": {
                        "lat": 35.6580113197085,
                        "lng": 139.6625716197085
                    }
                }
            },
            "icon": "https://maps.gstatic.com/mapfiles/place_api/icons/v1/png_71/shopping-71.png",
            "icon_background_color": "#4B96F3",
            "icon_mask_base_uri": "https://maps.gstatic.com/mapfiles/place_api/icons/v2/shopping_pinlet",
            "name": "発酵デパートメント",
            "opening_hours": {
                "open_now": false
            },
            "photos": [
                {
                    "height": 3024,
                    "html_attributions": [
                        "<a href=\"https://maps.google.com/maps/contrib/109404952671193835951\">ねこハンド</a>"
                    ],
                    "photo_reference": "Aap_uEBa2gMzlPxphRI6Vpnlv96tLaCrHmVv4-6IrayZoxWhUf2W0CTcn26XnKSfD6Vo_xcTRS-DiUFX3AXQKsuGHeM6Pln_SIWiy5ayxdZpXrSONzZk5TTEde2C0TdcRN0SkxkntydrcXxqSDENJiH5otycVwcFE8iwRy2IdulgO8pnXxy4",
                    "width": 4032
                }
            ],
            "place_id": "ChIJ2bcN4MPzGGARueDcKrvgxk4",
            "plus_code": {
                "compound_code": "MM57+PH 日本、東京都世田谷区",
                "global_code": "8Q7XMM57+PH"
            },
            "rating": 4,
            "reference": "ChIJ2bcN4MPzGGARueDcKrvgxk4",
            "scope": "GOOGLE",
            "types": [
                "cafe",
                "food",
                "point_of_interest",
                "store",
                "establishment"
            ],
            "user_ratings_total": 47,
            "vicinity": "世田谷区代田２丁目３６−１５"
        },
        {
            "business_status": "OPERATIONAL",
            "geometry": {
                "location": {
                    "lat": 35.6597356,
                    "lng": 139.6637649
                },
                "viewport": {
                    "northeast": {
                        "lat": 35.66108458029149,
                        "lng": 139.6651138802915
                    },
                    "southwest": {
                        "lat": 35.6583866197085,
                        "lng": 139.6624159197085
                    }
                }
            },
            "icon": "https://maps.gstatic.com/mapfiles/place_api/icons/v1/png_71/cafe-71.png",
            "icon_background_color": "#FF9E67",
            "icon_mask_base_uri": "https://maps.gstatic.com/mapfiles/place_api/icons/v2/cafe_pinlet",
            "name": "BUSHITSUシモキタザワ",
            "opening_hours": {
                "open_now": false
            },
            "photos": [
                {
                    "height": 500,
                    "html_attributions": [
                        "<a href=\"https://maps.google.com/maps/contrib/114353222439491526699\">BUSHITSUシモキタザワ</a>"
                    ],
                    "photo_reference": "Aap_uECrAa4vZua3Ydc542T3_ceoeAigGeKm2UcpC615EWZWiOn_9_lGv8oXbnwfRtnj2NjBahzqZIsVcmIcmAkDuSojIgoSB4ZWmr5ZBYg8OctxOk2QsngjRdtBLIR5lY4SAbpKL95SOfDYAK7VBIKapOiQucEbRHtx8633TBxtX06tDzVf",
                    "width": 1400
                }
            ],
            "place_id": "ChIJvVKHcmnzGGARKvBK4FUL2eU",
            "plus_code": {
                "compound_code": "MM57+VG 日本、東京都世田谷区",
                "global_code": "8Q7XMM57+VG"
            },
            "rating": 3.7,
            "reference": "ChIJvVKHcmnzGGARKvBK4FUL2eU",
            "scope": "GOOGLE",
            "types": [
                "cafe",
                "food",
                "point_of_interest",
                "establishment"
            ],
            "user_ratings_total": 9,
            "vicinity": "〒155-0031 KBONE 2F, ５丁目-１-16 代田, 世田谷区"
        },
        {
            "business_status": "OPERATIONAL",
            "geometry": {
                "location": {
                    "lat": 35.6592521,
                    "lng": 139.6638031
                },
                "viewport": {
                    "northeast": {
                        "lat": 35.66060108029149,
                        "lng": 139.6651520802915
                    },
                    "southwest": {
                        "lat": 35.65790311970849,
                        "lng": 139.6624541197085
                    }
                }
            },
            "icon": "https://maps.gstatic.com/mapfiles/place_api/icons/v1/png_71/cafe-71.png",
            "icon_background_color": "#FF9E67",
            "icon_mask_base_uri": "https://maps.gstatic.com/mapfiles/place_api/icons/v2/cafe_pinlet",
            "name": "本の読める店fuzkue 下北沢",
            "opening_hours": {
                "open_now": true
            },
            "photos": [
                {
                    "height": 3024,
                    "html_attributions": [
                        "<a href=\"https://maps.google.com/maps/contrib/108608809205400335685\">Kazuhiko Umeda</a>"
                    ],
                    "photo_reference": "Aap_uEAjc96_iOy54oomVLujN8KQpg3OhDClFLz0Tbtn082s4RQnpq2bwJ-I3BU4vsfi_L1YGCWODfk4HiuCL_7T1R_6vO2OX6Vee5yZHXoKKsROGt7weZ7NRc1jCPdbUNRf060v3-CEUOmi8Db7lv3E8NfowZV1L1rP-eBKbNMGs9PIAs5f",
                    "width": 4032
                }
            ],
            "place_id": "ChIJaU_Lin7zGGARuAJF2gdYA08",
            "plus_code": {
                "compound_code": "MM57+PG 日本、東京都世田谷区",
                "global_code": "8Q7XMM57+PG"
            },
            "rating": 4.7,
            "reference": "ChIJaU_Lin7zGGARuAJF2gdYA08",
            "scope": "GOOGLE",
            "types": [
                "cafe",
                "food",
                "point_of_interest",
                "establishment"
            ],
            "user_ratings_total": 11,
            "vicinity": "世田谷区代田２丁目３６−１２ 下北線路街 BONUS TRACK内"
        }
    ],
    "status": "OK"
}