{
    "html_attributions": [],
    "results": [
        {
            "business_status": "OPERATIONAL",
            "geometry": {
                "location": {
                    "lat": 35.6622832,
                    "lng": 139.6667694
                },
                "viewport": {
                    "northeast": {
                        "lat": 35.6636321802915,
                        "lng": 139.6681183802915
                    },
                    "southwest": {
                        "lat": 35.6609342197085,
                        "lng": 139.6654204197085
                    }
                }
            },
            "icon": "https://maps.gstatic.com/mapfiles/place_api/icons/v1/png_71/restaurant-71.png",
            "icon_background_color": "#FF9E67",
            "icon_mask_base_uri": "https://maps.gstatic.com/mapfiles/place_api/icons/v2/restaurant_pinlet",
            "name": "フレッシュネスバーガー下北沢",
            "opening_hours": {
                "open_now": false
            },
            "photos": [
                {
                    "height": 1468,
                    "html_attributions": [
                        "<a href=\"https://maps.google.com/maps/contrib/105603294701906062099\">Tori Dori</a>"
                    ],
                    "photo_reference": "Aap_uECYtGaaIYMeZvgwnUDImn8J9crvFFrmjfOLb7gCmT9YncfiYfNHL0A8lzmNuHK9TFTZ34gzDJWYTUWgVDHVh_tsoT9TgtqEIHkKdZ8eJDNhW0SneRRZMWYNuVCbl7kG2OqvO1BAJcfOWifsxBMEb3eK9RP_CDjjnOfw290HQ7LR7sRN",
                    "width": 3264
                }
            ],
            "place_id": "ChIJ13sQdWvzGGARZcgYewNDwiM",
            "plus_code": {
                "compound_code": "MM68+WP 日本、東京都世田谷区",
                "global_code": "8Q7XMM68+WP"
            },
            "price_level": 2,
            "rating": 3.8,
            "reference": "ChIJ13sQdWvzGGARZcgYewNDwiM",
            "scope": "GOOGLE",
            "types": [
                "cafe",
                "restaurant",
                "food",
                "point_of_interest",
                "establishment"
            ],
            "user_ratings_total": 136,
            "vicinity": "世田谷区北沢２丁目２６−２３ プティ フルール 1階"
        },
        {
            "business_status": "OPERATIONAL",
            "geometry": {
                "location": {
                    "lat": 35.6622075,
                    "lng": 139.6667784
                },
                "viewport": {
                    "northeast": {
                        "lat": 35.6635564802915,
                        "lng": 139.6681273802915
                    },
                    "southwest": {
                        "lat": 35.6608585197085,
                        "lng": 139.6654294197085
                    }
                }
            },
            "icon": "https://maps.gstatic.com/mapfiles/place_api/icons/v1/png_71/cafe-71.png",
            "icon_background_color": "#FF9E67",
            "icon_mask_base_uri": "https://maps.gstatic.com/mapfiles/place_api/icons/v2/cafe_pinlet",
            "name": "パールレディ 下北沢店",
            "opening_hours": {
                "open_now": false
            },
            "photos": [
                {
                    "height": 3265,
                    "html_attributions": [
                        "<a href=\"https://maps.google.com/maps/contrib/107804304792480228126\">さへきひろのぶ</a>"
                    ],
                    "photo_reference": "Aap_uEBrmiVy64f1ts2aW6i7dKHu1kGZfNe_Hj-EtysOTEaVojp3mITh501N0v4doxg7u3R8uJH7HR8zOE0lvcb_YLlbo0B24l0CF2pgjIeYIflTGzPBLT6_Be2ryWWyI1FiVmEHqoQWQOrWYvUVZOfKtqiMTyCL1WxdAcQXtAtAj3KOFXX3",
                    "width": 4898
                }
            ],
            "place_id": "ChIJZ11ld2vzGGARk99VXFMDGWU",
            "plus_code": {
                "compound_code": "MM68+VP 日本、東京都世田谷区",
                "global_code": "8Q7XMM68+VP"
            },
            "price_level": 1,
            "rating": 4,
            "reference": "ChIJZ11ld2vzGGARk99VXFMDGWU",
            "scope": "GOOGLE",
            "types": [
                "cafe",
                "food",
                "point_of_interest",
                "establishment"
            ],
            "user_ratings_total": 17,
            "vicinity": "世田谷区北沢２−２６−２４ 102 オーブ井部"
        },
        {
            "business_status": "OPERATIONAL",
            "geometry": {
                "location": {
                    "lat": 35.6621493,
                    "lng": 139.6674723
                },
                "viewport": {
                    "northeast": {
                        "lat": 35.66346453029149,
                        "lng": 139.6687876302915
                    },
                    "southwest": {
                        "lat": 35.66076656970849,
                        "lng": 139.6660896697085
                    }
                }
            },
            "icon": "https://maps.gstatic.com/mapfiles/place_api/icons/v1/png_71/cafe-71.png",
            "icon_background_color": "#FF9E67",
            "icon_mask_base_uri": "https://maps.gstatic.com/mapfiles/place_api/icons/v2/cafe_pinlet",
            "name": "珈琲館 下北沢店",
            "opening_hours": {
                "open_now": true
            },
            "photos": [
                {
                    "height": 4000,
                    "html_attributions": [
                        "<a href=\"https://maps.google.com/maps/contrib/110545336151100721681\">田島正巳</a>"
                    ],
                    "photo_reference": "Aap_uECEPumT9UOGKpa5x38KzxRaKTppWqopU8WBl6EO0dvF5nTyyJTMo9UCRQE7NY5xZ1Yye1DGgCGhTl47ec2ofFvQq8V596hT-_7w-gL_6bD4vRDvXBhy9uIvxJyVvfyz3t-RzeLGqyG-I-ZGIOQ6v66-7a-cFs4sdoj15NolzOrbe1vW",
                    "width": 3000
                }
            ],
            "place_id": "ChIJQ6lgpmvzGGARgDFvEFmVPPw",
            "plus_code": {
                "compound_code": "MM68+VX 日本、東京都世田谷区",
                "global_code": "8Q7XMM68+VX"
            },
            "rating": 3.7,
            "reference": "ChIJQ6lgpmvzGGARgDFvEFmVPPw",
            "scope": "GOOGLE",
            "types": [
                "cafe",
                "food",
                "point_of_interest",
                "store",
                "establishment"
            ],
            "user_ratings_total": 276,
            "vicinity": "世田谷区北沢２丁目２５−１９ ピアザ近江屋ビル B1"
        },
        {
            "business_status": "OPERATIONAL",
            "geometry": {
                "location": {
                    "lat": 35.6611836,
                    "lng": 139.6675126
                },
                "viewport": {
                    "northeast": {
                        "lat": 35.6625365802915,
                        "lng": 139.6688810802915
                    },
                    "southwest": {
                        "lat": 35.6598386197085,
                        "lng": 139.6661831197085
                    }
                }
            },
            "icon": "https://maps.gstatic.com/mapfiles/place_api/icons/v1/png_71/cafe-71.png",
            "icon_background_color": "#FF9E67",
            "icon_mask_base_uri": "https://maps.gstatic.com/mapfiles/place_api/icons/v2/cafe_pinlet",
            "name": "Blue Monday",
            "opening_hours": {
                "open_now": true
            },
            "photos": [
                {
                    "height": 3448,
                    "html_attributions": [
                        "<a href=\"https://maps.google.com/maps/contrib/108079254078833695133\">運転太郎</a>"
                    ],
                    "photo_reference": "Aap_uECPvMGQPtWoqF16ZkjC8fI-fEGbqCNy7iqv_ziAJpEn_cxJrUs4w2a5DK0a0_sN7dzxjm26AzgvfrUUZCjd_bXFFE6E29HxUJPV916FEN3EFKvU8twBoBhzglmcmQrE7ipG1qt0JMQi5PpmHVngjCa_PQPIwfh-4KiT--YGArrpjInj",
                    "width": 4592
                }
            ],
            "place_id": "ChIJ1VIwxmvzGGARO2kRMwuc_nA",
            "plus_code": {
                "compound_code": "MM69+F2 日本、東京都世田谷区",
                "global_code": "8Q7XMM69+F2"
            },
            "rating": 4.4,
            "reference": "ChIJ1VIwxmvzGGARO2kRMwuc_nA",
            "scope": "GOOGLE",
            "types": [
                "cafe",
                "bar",
                "food",
                "point_of_interest",
                "establishment"
            ],
            "user_ratings_total": 82,
            "vicinity": "世田谷区北沢２−１９−１０ しもきたビル2階"
        },
        {
            "business_status": "OPERATIONAL",
            "geometry": {
                "location": {
                    "lat": 35.6611519,
                    "lng": 139.667742
                },
                "viewport": {
                    "northeast": {
                        "lat": 35.6625310302915,
                        "lng": 139.6690758802915
                    },
                    "southwest": {
                        "lat": 35.6598330697085,
                        "lng": 139.6663779197085
                    }
                }
            },
            "icon": "https://maps.gstatic.com/mapfiles/place_api/icons/v1/png_71/restaurant-71.png",
            "icon_background_color": "#FF9E67",
            "icon_mask_base_uri": "https://maps.gstatic.com/mapfiles/place_api/icons/v2/restaurant_pinlet",
            "name": "マクドナルド 下北沢店",
            "opening_hours": {
                "open_now": true
            },
            "photos": [
                {
                    "height": 3024,
                    "html_attributions": [
                        "<a href=\"https://maps.google.com/maps/contrib/105293153640180118841\">オレ吉</a>"
                    ],
                    "photo_reference": "Aap_uEAxIi28PGF9JjmADTT6s61M40sN2Qsd6TXedCRzOi5D2ze5RjhkQP7LSGHyziyugcfeP1kRKETBPFuYwulhrNQ22UA4TcwGTC8SjY7DZB56d8eNbFNuka1Vj9km_E2-OUs67s7mW6M9o44njH6kdWP6ttvavZVJ9aueKFLSPg-TW-JL",
                    "width": 4032
                }
            ],
            "place_id": "ChIJh8_SzmvzGGAR-_HNEAzJ5MM",
            "plus_code": {
                "compound_code": "MM69+F3 日本、東京都世田谷区",
                "global_code": "8Q7XMM69+F3"
            },
            "price_level": 1,
            "rating": 3.4,
            "reference": "ChIJh8_SzmvzGGAR-_HNEAzJ5MM",
            "scope": "GOOGLE",
            "types": [
                "cafe",
                "restaurant",
                "food",
                "point_of_interest",
                "store",
                "establishment"
            ],
            "user_ratings_total": 518,
            "vicinity": "世田谷区北沢２丁目１２−８ 半戸ビル"
        },
        {
            "business_status": "OPERATIONAL",
            "geometry": {
                "location": {
                    "lat": 35.66151549999999,
                    "lng": 139.6670127
                },
                "viewport": {
                    "northeast": {
                        "lat": 35.6629313802915,
                        "lng": 139.6687372302915
                    },
                    "southwest": {
                        "lat": 35.6602334197085,
                        "lng": 139.6660392697085
                    }
                }
            },
            "icon": "https://maps.gstatic.com/mapfiles/place_api/icons/v1/png_71/cafe-71.png",
            "icon_background_color": "#FF9E67",
            "icon_mask_base_uri": "https://maps.gstatic.com/mapfiles/place_api/icons/v2/cafe_pinlet",
            "name": "スターバックス コーヒー シモキタエキウエ店",
            "opening_hours": {
                "open_now": true
            },
            "photos": [
                {
                    "height": 1774,
                    "html_attributions": [
                        "<a href=\"https://maps.google.com/maps/contrib/113169324702800076888\">tako</a>"
                    ],
                    "photo_reference": "Aap_uEDMm3NDv24WZVqs1-MgyxzPjp42N_eG4-TAUlAnaambkR7ZhaRCgjUuMDa1a_WXQ6hOzMC3we3aYEoPLps3w5idhiAKhGvP75KsCCp4kAPuv_aVF7tI3YEdiz6KAHuM-ZmbSohZFi8hVM64VgkRyTzq-x2NpQmoJeAL1x9GvYRXefgh",
                    "width": 3840
                }
            ],
            "place_id": "ChIJgR37t6TzGGARQFWn-pmaGTU",
            "plus_code": {
                "compound_code": "MM68+JR 日本、東京都世田谷区",
                "global_code": "8Q7XMM68+JR"
            },
            "price_level": 2,
            "rating": 4,
            "reference": "ChIJgR37t6TzGGARQFWn-pmaGTU",
            "scope": "GOOGLE",
            "types": [
                "meal_takeaway",
                "cafe",
                "restaurant",
                "food",
                "point_of_interest",
                "store",
                "establishment"
            ],
            "user_ratings_total": 84,
            "vicinity": "世田谷区北沢２丁目２４−２ 小田急下北沢駅 シモキタエキウエ内"
        },
        {
            "business_status": "OPERATIONAL",
            "geometry": {
                "location": {
                    "lat": 35.6617101,
                    "lng": 139.6669412
                },
                "viewport": {
                    "northeast": {
                        "lat": 35.6630630802915,
                        "lng": 139.6682918302915
                    },
                    "southwest": {
                        "lat": 35.6603651197085,
                        "lng": 139.6655938697085
                    }
                }
            },
            "icon": "https://maps.gstatic.com/mapfiles/place_api/icons/v1/png_71/cafe-71.png",
            "icon_background_color": "#FF9E67",
            "icon_mask_base_uri": "https://maps.gstatic.com/mapfiles/place_api/icons/v2/cafe_pinlet",
            "name": "Castella baby",
            "place_id": "ChIJF7DCjafzGGAROHmtFVR1ZiU",
            "plus_code": {
                "compound_code": "MM68+MQ 日本、東京都世田谷区",
                "global_code": "8Q7XMM68+MQ"
            },
            "rating": 1,
            "reference": "ChIJF7DCjafzGGAROHmtFVR1ZiU",
            "scope": "GOOGLE",
            "types": [
                "cafe",
                "food",
                "point_of_interest",
                "establishment"
            ],
            "user_ratings_total": 1,
            "vicinity": "世田谷区北沢２丁目２５−２３"
        },
        {
            "business_status": "OPERATIONAL",
            "geometry": {
                "location": {
                    "lat": 35.6619474,
                    "lng": 139.6666551
                },
                "viewport": {
                    "northeast": {
                        "lat": 35.66330353029149,
                        "lng": 139.6680343802915
                    },
                    "southwest": {
                        "lat": 35.66060556970849,
                        "lng": 139.6653364197085
                    }
                }
            },
            "icon": "https://maps.gstatic.com/mapfiles/place_api/icons/v1/png_71/cafe-71.png",
            "icon_background_color": "#FF9E67",
            "icon_mask_base_uri": "https://maps.gstatic.com/mapfiles/place_api/icons/v2/cafe_pinlet",
            "name": "NORAH’S COFFEE TABLE",
            "opening_hours": {
                "open_now": false
            },
            "photos": [
                {
                    "height": 4032,
                    "html_attributions": [
                        "<a href=\"https://maps.google.com/maps/contrib/108792648669763890560\">川田ありさ</a>"
                    ],
                    "photo_reference": "Aap_uEDBQF7SWmQ516UN9h-uYQLVW-tbl_XWl_7LPxS0eMcTBWSoHLwQ-lVmwrDjg5NBUPLm7jwvU5DoFDJ06p2xlmN25nxyKxUULezVnq_e_jgV0ZWo_bA-Q3lzOTTkgx9AErjy4jUxgWgTquzvi3bZRhFr7hUA73_OU8aL2OCGP3S6sKJO",
                    "width": 3024
                }
            ],
            "place_id": "ChIJ_63ynmvzGGARlAWeIfaAIZ8",
            "plus_code": {
                "compound_code": "MM68+QM 日本、東京都世田谷区",
                "global_code": "8Q7XMM68+QM"
            },
            "rating": 4.3,
            "reference": "ChIJ_63ynmvzGGARlAWeIfaAIZ8",
            "scope": "GOOGLE",
            "types": [
                "cafe",
                "food",
                "point_of_interest",
                "store",
                "establishment"
            ],
            "user_ratings_total": 83,
            "vicinity": "世田谷区北沢２丁目２６−２５"
        },
        {
            "business_status": "OPERATIONAL",
            "geometry": {
                "location": {
                    "lat": 35.6611457,
                    "lng": 139.6674178
                },
                "viewport": {
                    "northeast": {
                        "lat": 35.6625367302915,
                        "lng": 139.6688363802915
                    },
                    "southwest": {
                        "lat": 35.6598387697085,
                        "lng": 139.6661384197085
                    }
                }
            },
            "icon": "https://maps.gstatic.com/mapfiles/place_api/icons/v1/png_71/cafe-71.png",
            "icon_background_color": "#FF9E67",
            "icon_mask_base_uri": "https://maps.gstatic.com/mapfiles/place_api/icons/v2/cafe_pinlet",
            "name": "メンサポーカー",
            "place_id": "ChIJnemyx2vzGGARLW8aWQu5Wx8",
            "plus_code": {
                "compound_code": "MM68+FX 日本、東京都世田谷区",
                "global_code": "8Q7XMM68+FX"
            },
            "reference": "ChIJnemyx2vzGGARLW8aWQu5Wx8",
            "scope": "GOOGLE",
            "types": [
                "cafe",
                "food",
                "point_of_interest",
                "establishment"
            ],
            "vicinity": "世田谷区北沢２丁目１９−１０"
        },
        {
            "business_status": "OPERATIONAL",
            "geometry": {
                "location": {
                    "lat": 35.6609912,
                    "lng": 139.6666119
                },
                "viewport": {
                    "northeast": {
                        "lat": 35.66240308029149,
                        "lng": 139.6678545802915
                    },
                    "southwest": {
                        "lat": 35.6597051197085,
                        "lng": 139.6651566197085
                    }
                }
            },
            "icon": "https://maps.gstatic.com/mapfiles/place_api/icons/v1/png_71/cafe-71.png",
            "icon_background_color": "#FF9E67",
            "icon_mask_base_uri": "https://maps.gstatic.com/mapfiles/place_api/icons/v2/cafe_pinlet",
            "name": "COFFEE STYLE UCC 下北沢店 (コーヒースタイルUCC)",
            "opening_hours": {
                "open_now": false
            },
            "photos": [
                {
                    "height": 1250,
                    "html_attributions": [
                        "<a href=\"https://maps.google.com/maps/contrib/118012364187148072877\">COFFEE STYLE UCC 下北沢店 (コーヒースタイルUCC)</a>"
                    ],
                    "photo_reference": "Aap_uEC5X2ZmwGYQhjDkAIwozsf9ewsshfqcXavjOxDO1m8YWSJcxcjpfjCX7JD2RoOewUEW5RJhj1aROJubRS7ZVRIM9Xe3kPxwzRRVxcO9xsrqEDH_nzQgoI_NNsrIrDpII6WTA4Fq4mH8tCAiyrR3WrtWySj2uW-8rDgOWbrext4cNqne",
                    "width": 2000
                }
            ],
            "place_id": "ChIJUy-6wu3zGGARP9DfPHNTFdg",
            "plus_code": {
                "compound_code": "MM68+9J 日本、東京都世田谷区",
                "global_code": "8Q7XMM68+9J"
            },
            "rating": 4.5,
            "reference": "ChIJUy-6wu3zGGARP9DfPHNTFdg",
            "scope": "GOOGLE",
            "types": [
                "cafe",
                "food",
                "point_of_interest",
                "store",
                "establishment"
            ],
            "user_ratings_total": 10,
            "vicinity": "世田谷区北沢２丁目２４−２ 下北沢駅 シモキタエキウエ"
        },
        {
            "business_status": "OPERATIONAL",
            "geometry": {
                "location": {
                    "lat": 35.6609546,
                    "lng": 139.6674457
                },
                "viewport": {
                    "northeast": {
                        "lat": 35.6622972802915,
                        "lng": 139.6687348802915
                    },
                    "southwest": {
                        "lat": 35.65959931970851,
                        "lng": 139.6660369197085
                    }
                }
            },
            "icon": "https://maps.gstatic.com/mapfiles/place_api/icons/v1/png_71/generic_business-71.png",
            "icon_background_color": "#7B9EB0",
            "icon_mask_base_uri": "https://maps.gstatic.com/mapfiles/place_api/icons/v2/generic_pinlet",
            "name": "Minus Blue 下北沢店 (シーシャ）",
            "opening_hours": {
                "open_now": true
            },
            "photos": [
                {
                    "height": 2832,
                    "html_attributions": [
                        "<a href=\"https://maps.google.com/maps/contrib/112752466911377905158\">Minus Blue 下北沢店 (シーシャ）</a>"
                    ],
                    "photo_reference": "Aap_uEC4g5-zOIWscCQEF_F3BcKhCYLBmTANUv4qnvtn-4OocnkbGXuY7MaX9iGxmjNTyJQySJrYrj45mTzMytyGqq1WAhaI_XrEzr3hmQWObVpm0TmrwLzt_MxEx8Z7BWiIOYIVfHDCqPUxNSZMTSg_FweXfthy8lZr3cLvw3AfzDJFvoBJ",
                    "width": 4256
                }
            ],
            "place_id": "ChIJl5UNUUTzGGARdDKbtlH7hQ4",
            "plus_code": {
                "compound_code": "MM68+9X 日本、東京都世田谷区",
                "global_code": "8Q7XMM68+9X"
            },
            "rating": 5,
            "reference": "ChIJl5UNUUTzGGARdDKbtlH7hQ4",
            "scope": "GOOGLE",
            "types": [
                "cafe",
                "bar",
                "food",
                "point_of_interest",
                "store",
                "establishment"
            ],
            "user_ratings_total": 23,
            "vicinity": "世田谷区北沢２丁目１９−１２ 白川ビル ２階 MinusBlue下北沢店"
        },
        {
            "business_status": "OPERATIONAL",
            "geometry": {
                "location": {
                    "lat": 35.6620226,
                    "lng": 139.667564
                },
                "viewport": {
                    "northeast": {
                        "lat": 35.6633715802915,
                        "lng": 139.6689129802915
                    },
                    "southwest": {
                        "lat": 35.6606736197085,
                        "lng": 139.6662150197085
                    }
                }
            },
            "icon": "https://maps.gstatic.com/mapfiles/place_api/icons/v1/png_71/cafe-71.png",
            "icon_background_color": "#FF9E67",
            "icon_mask_base_uri": "https://maps.gstatic.com/mapfiles/place_api/icons/v2/cafe_pinlet",
            "name": "フライトラウンジ",
            "opening_hours": {
                "open_now": true
            },
            "photos": [
                {
                    "height": 3024,
                    "html_attributions": [
                        "<a href=\"https://maps.google.com/maps/contrib/116749963337135560772\">Ozgu</a>"
                    ],
                    "photo_reference": "Aap_uEBCPXauXNI72wQyg0QNLXYTFdv0g1H_4MWHv4242ZudlQTT93kqWOsR66GO_IZWGcHgSTFFbu8lFK2KJFHMRngCqt57nh2hner2SUtUbjTGtFGhE8es6qQ6uR317CA7VF9YuaoLW-_SnqwOcUZMU3WiR1qHds6s0ANYzOo0FhbsCtrd",
                    "width": 4032
                }
            ],
            "place_id": "ChIJdQDDLijzGGAR6VYjU_Dqcmg",
            "plus_code": {
                "compound_code": "MM69+R2 日本、東京都世田谷区",
                "global_code": "8Q7XMM69+R2"
            },
            "rating": 4.4,
            "reference": "ChIJdQDDLijzGGAR6VYjU_Dqcmg",
            "scope": "GOOGLE",
            "types": [
                "cafe",
                "food",
                "point_of_interest",
                "establishment"
            ],
            "user_ratings_total": 14,
            "vicinity": "世田谷区北沢２丁目２４−５ シモキタフロント 4F"
        },
        {
            "business_status": "OPERATIONAL",
            "geometry": {
                "location": {
                    "lat": 35.6622081,
                    "lng": 139.6674054
                },
                "viewport": {
                    "northeast": {
                        "lat": 35.66349393029149,
                        "lng": 139.6687876302915
                    },
                    "southwest": {
                        "lat": 35.6607959697085,
                        "lng": 139.6660896697085
                    }
                }
            },
            "icon": "https://maps.gstatic.com/mapfiles/place_api/icons/v1/png_71/cafe-71.png",
            "icon_background_color": "#FF9E67",
            "icon_mask_base_uri": "https://maps.gstatic.com/mapfiles/place_api/icons/v2/cafe_pinlet",
            "name": "珈琲館 下北沢店",
            "opening_hours": {
                "open_now": true
            },
            "photos": [
                {
                    "height": 3425,
                    "html_attributions": [
                        "<a href=\"https://maps.google.com/maps/contrib/105603294701906062099\">Tori Dori</a>"
                    ],
                    "photo_reference": "Aap_uEBu_U6nCGaVqJHWXIwnuyrgLoRuvT8jnqVcxStcHg1jaVAa-vLenYxbv4vKUiLAm8N2CRvXArUAbqC6vWo_nU7FsyRxRMAKXG-CEjpVOT-PapM4NP2ErAAi8FyRlulFeMEj5l-KyJNBE1mjdNKOSYamb3bjXjGdDOWYNW1KQWCX0bVV",
                    "width": 1800
                }
            ],
            "place_id": "ChIJH_ZBnybzGGAR9dh8139WhMo",
            "plus_code": {
                "compound_code": "MM68+VX 日本、東京都世田谷区",
                "global_code": "8Q7XMM68+VX"
            },
            "price_level": 2,
            "rating": 3,
            "reference": "ChIJH_ZBnybzGGAR9dh8139WhMo",
            "scope": "GOOGLE",
            "types": [
                "cafe",
                "food",
                "point_of_interest",
                "establishment"
            ],
            "user_ratings_total": 1,
            "vicinity": "世田谷区北沢２丁目２５−１９"
        },
        {
            "business_status": "OPERATIONAL",
            "geometry": {
                "location": {
                    "lat": 35.66145819999999,
                    "lng": 139.665944
                },
                "viewport": {
                    "northeast": {
                        "lat": 35.66281448029149,
                        "lng": 139.6672492802915
                    },
                    "southwest": {
                        "lat": 35.6601165197085,
                        "lng": 139.6645513197085
                    }
                }
            },
            "icon": "https://maps.gstatic.com/mapfiles/place_api/icons/v1/png_71/cafe-71.png",
            "icon_background_color": "#FF9E67",
            "icon_mask_base_uri": "https://maps.gstatic.com/mapfiles/place_api/icons/v2/cafe_pinlet",
            "name": "ばななスタンド 下北沢店",
            "place_id": "ChIJi2W-Y2jzGGARPFOGcsTxEGs",
            "plus_code": {
                "compound_code": "MM68+H9 日本、東京都世田谷区",
                "global_code": "8Q7XMM68+H9"
            },
            "reference": "ChIJi2W-Y2jzGGARPFOGcsTxEGs",
            "scope": "GOOGLE",
            "types": [
                "cafe",
                "food",
                "point_of_interest",
                "establishment"
            ],
            "vicinity": "世田谷区北沢２丁目２３−６"
        },
        {
            "business_status": "OPERATIONAL",
            "geometry": {
                "location": {
                    "lat": 35.6621555,
                    "lng": 139.6675972
                },
                "viewport": {
                    "northeast": {
                        "lat": 35.66351593029151,
                        "lng": 139.6689080302915
                    },
                    "southwest": {
                        "lat": 35.66081796970851,
                        "lng": 139.6662100697085
                    }
                }
            },
            "icon": "https://maps.gstatic.com/mapfiles/place_api/icons/v1/png_71/cafe-71.png",
            "icon_background_color": "#FF9E67",
            "icon_mask_base_uri": "https://maps.gstatic.com/mapfiles/place_api/icons/v2/cafe_pinlet",
            "name": "猿田彥",
            "photos": [
                {
                    "height": 4032,
                    "html_attributions": [
                        "<a href=\"https://maps.google.com/maps/contrib/108994906039335958980\">Charis Wong</a>"
                    ],
                    "photo_reference": "Aap_uEAGAi0ZE0NfbnsrDXM1VYkS4Be94nm9dZTiEKorxFp4P4LBesGnKJzGqmIp8hxyy4oreCYOiypnf_ZgagLClWI28GZwk8nhq8qcMhz--5zQw6xDuzazqCskk3EmF3of9OfZmQLU1Mi3-lNvcGmx9M5cz-rTGtqyvWYYwtr6tSnetyac",
                    "width": 3024
                }
            ],
            "place_id": "ChIJa7JJ9pTzGGARwPi7ToTN84U",
            "plus_code": {
                "compound_code": "MM69+V2 日本、東京都世田谷区",
                "global_code": "8Q7XMM69+V2"
            },
            "price_level": 2,
            "rating": 5,
            "reference": "ChIJa7JJ9pTzGGARwPi7ToTN84U",
            "scope": "GOOGLE",
            "types": [
                "cafe",
                "food",
                "point_of_interest",
                "establishment"
            ],
            "user_ratings_total": 1,
            "vicinity": "世田谷区北沢２丁目２４−５"
        },
        {
            "business_status": "OPERATIONAL",
            "geometry": {
                "location": {
                    "lat": 35.6621374,
                    "lng": 139.6676453
                },
                "viewport": {
                    "northeast": {
                        "lat": 35.66348638029149,
                        "lng": 139.6689942802915
                    },
                    "southwest": {
                        "lat": 35.6607884197085,
                        "lng": 139.6662963197085
                    }
                }
            },
            "icon": "https://maps.gstatic.com/mapfiles/place_api/icons/v1/png_71/cafe-71.png",
            "icon_background_color": "#FF9E67",
            "icon_mask_base_uri": "https://maps.gstatic.com/mapfiles/place_api/icons/v2/cafe_pinlet",
            "name": "猿田彦珈琲 下北沢店",
            "opening_hours": {
                "open_now": false
            },
            "photos": [
                {
                    "height": 4032,
                    "html_attributions": [
                        "<a href=\"https://maps.google.com/maps/contrib/103234425906623964338\">小野寺真実</a>"
                    ],
                    "photo_reference": "Aap_uEC0tsjd44_Kyab_3aoFFxjUUViSZFwB90nHJh2uIBh4KoqMikTU3YJm88p5JwTpMYBcLub5LrHUzVGukztoQJWMqBZQ2lsNvYUabOOKNd3jKO8WvtahyispVDkI4NbbwjGGusZjqHEDVPjI70kPmQSyGFa5NYZNZ6HuYfeV8kUK5i_Q",
                    "width": 3024
                }
            ],
            "place_id": "ChIJH1Kbg5LzGGARnUoZlwfsPs8",
            "plus_code": {
                "compound_code": "MM69+V3 日本、東京都世田谷区",
                "global_code": "8Q7XMM69+V3"
            },
            "price_level": 2,
            "rating": 4.1,
            "reference": "ChIJH1Kbg5LzGGARnUoZlwfsPs8",
            "scope": "GOOGLE",
            "types": [
                "cafe",
                "food",
                "point_of_interest",
                "store",
                "establishment"
            ],
            "user_ratings_total": 55,
            "vicinity": "世田谷区北沢２丁目２４−５ シモキタフロント 1F"
        },
        {
            "business_status": "OPERATIONAL",
            "geometry": {
                "location": {
                    "lat": 35.6612744,
                    "lng": 139.6659095
                },
                "viewport": {
                    "northeast": {
                        "lat": 35.6626555302915,
                        "lng": 139.6672646302915
                    },
                    "southwest": {
                        "lat": 35.6599575697085,
                        "lng": 139.6645666697085
                    }
                }
            },
            "icon": "https://maps.gstatic.com/mapfiles/place_api/icons/v1/png_71/shopping-71.png",
            "icon_background_color": "#4B96F3",
            "icon_mask_base_uri": "https://maps.gstatic.com/mapfiles/place_api/icons/v2/shopping_pinlet",
            "name": "Shisha Bar Smoky【シーシャ＆バー】下北沢店",
            "opening_hours": {
                "open_now": true
            },
            "photos": [
                {
                    "height": 768,
                    "html_attributions": [
                        "<a href=\"https://maps.google.com/maps/contrib/118377500377904562553\">Shisha Bar Smoky【シーシャ＆バー】下北沢店</a>"
                    ],
                    "photo_reference": "Aap_uEAcatfZ1B_gVccxakR8fipq_ui-IwDtr7XbE_CVPYhbRG9wAtNVYauhfyU4JXUXFW7zEpPzXmSUFyWyR44EBTrY08RW_n2OgM39LKmpr0-FN9pfmFPtfu8ISPlXZDVd4XnizRGKkoO6KUPLo-FkSSFZCaUUqJsbNxDPkcTVgiiSSKF_",
                    "width": 1024
                }
            ],
            "place_id": "ChIJX7pZi1LzGGARRAVVMee5Djs",
            "plus_code": {
                "compound_code": "MM68+G9 日本、東京都世田谷区",
                "global_code": "8Q7XMM68+G9"
            },
            "rating": 5,
            "reference": "ChIJX7pZi1LzGGARRAVVMee5Djs",
            "scope": "GOOGLE",
            "types": [
                "cafe",
                "bar",
                "food",
                "point_of_interest",
                "store",
                "establishment"
            ],
            "user_ratings_total": 5,
            "vicinity": "世田谷区北沢２丁目２２−１３ ＸＡビル 3階"
        },
        {
            "business_status": "OPERATIONAL",
            "geometry": {
                "location": {
                    "lat": 35.6624122,
                    "lng": 139.6670853
                },
                "viewport": {
                    "northeast": {
                        "lat": 35.6637613802915,
                        "lng": 139.6683444302915
                    },
                    "southwest": {
                        "lat": 35.6610634197085,
                        "lng": 139.6656464697085
                    }
                }
            },
            "icon": "https://maps.gstatic.com/mapfiles/place_api/icons/v1/png_71/cafe-71.png",
            "icon_background_color": "#FF9E67",
            "icon_mask_base_uri": "https://maps.gstatic.com/mapfiles/place_api/icons/v2/cafe_pinlet",
            "name": "EXPRESSER",
            "opening_hours": {
                "open_now": false
            },
            "photos": [
                {
                    "height": 2160,
                    "html_attributions": [
                        "<a href=\"https://maps.google.com/maps/contrib/109031259826423962501\">Shi Nassy</a>"
                    ],
                    "photo_reference": "Aap_uECyUtyVs04f8Ytit57QP7qlkb0eQoepM-FiRQIFSHZXyMNWjkaOCouCwzmbfjdoz85-18YhMguqCFucgv-psKZT44UIRA9HmcjAdJdkS-wehbCpxSNJZ9AnmdncvPR7V3CHZBRyMTL0bGquxiiYND8LgnATyYZo_3v4VR9m9WCZdDoE",
                    "width": 2160
                }
            ],
            "place_id": "ChIJi8VjEPzzGGARxGbugqZKk1A",
            "plus_code": {
                "compound_code": "MM68+XR 日本、東京都世田谷区",
                "global_code": "8Q7XMM68+XR"
            },
            "rating": 3.5,
            "reference": "ChIJi8VjEPzzGGARxGbugqZKk1A",
            "scope": "GOOGLE",
            "types": [
                "cafe",
                "food",
                "point_of_interest",
                "establishment"
            ],
            "user_ratings_total": 10,
            "vicinity": "世田谷区北沢２丁目２５−１０"
        },
        {
            "business_status": "OPERATIONAL",
            "geometry": {
                "location": {
                    "lat": 35.6607173,
                    "lng": 139.6673825
                },
                "viewport": {
                    "northeast": {
                        "lat": 35.6620364302915,
                        "lng": 139.6687218802915
                    },
                    "southwest": {
                        "lat": 35.6593384697085,
                        "lng": 139.6660239197085
                    }
                }
            },
            "icon": "https://maps.gstatic.com/mapfiles/place_api/icons/v1/png_71/cafe-71.png",
            "icon_background_color": "#FF9E67",
            "icon_mask_base_uri": "https://maps.gstatic.com/mapfiles/place_api/icons/v2/cafe_pinlet",
            "name": "ミレニアム. 下北沢間借りカフェ",
            "opening_hours": {
                "open_now": false
            },
            "photos": [
                {
                    "height": 3024,
                    "html_attributions": [
                        "<a href=\"https://maps.google.com/maps/contrib/106324955056784914571\">tomo o</a>"
                    ],
                    "photo_reference": "Aap_uED_XVfErGjzaIWE9o-n1Vtd9buuzo-urYgPoZdPzOQZby-K9n5z7ZFblLeIAIhH1ds6SYaQYLXRo6zGivuEgLLCFkfC2n60MlYDILkbh5dkuikQrur8eZeXjkgMamWA_awFfbQgwfch7uvIfvMYmjryejqfRwx4yXnDPM3IisnTOf88",
                    "width": 4032
                }
            ],
            "place_id": "ChIJBcN4FIjzGGARnvF2fO2r01Q",
            "plus_code": {
                "compound_code": "MM68+7X 日本、東京都世田谷区",
                "global_code": "8Q7XMM68+7X"
            },
            "rating": 5,
            "reference": "ChIJBcN4FIjzGGARnvF2fO2r01Q",
            "scope": "GOOGLE",
            "types": [
                "cafe",
                "food",
                "point_of_interest",
                "establishment"
            ],
            "user_ratings_total": 6,
            "vicinity": "世田谷区北沢２丁目１９−１５ 平和ビル 4F"
        }
    ],
    "status": "OK"
}