{
    "html_attributions": [],
    "results": [
        {
            "business_status": "OPERATIONAL",
            "geometry": {
                "location": {
                    "lat": 35.6271244,
                    "lng": 139.7256709
                },
                "viewport": {
                    "northeast": {
                        "lat": 35.62839348029149,
                        "lng": 139.7270764802915
                    },
                    "southwest": {
                        "lat": 35.6256955197085,
                        "lng": 139.7243785197085
                    }
                }
            },
            "icon": "https://maps.gstatic.com/mapfiles/place_api/icons/v1/png_71/restaurant-71.png",
            "icon_background_color": "#FF9E67",
            "icon_mask_base_uri": "https://maps.gstatic.com/mapfiles/place_api/icons/v2/restaurant_pinlet",
            "name": "フレッシュネスバーガー東五反田",
            "opening_hours": {
                "open_now": false
            },
            "photos": [
                {
                    "height": 6328,
                    "html_attributions": [
                        "<a href=\"https://maps.google.com/maps/contrib/109499756516052727426\">Mikinari Hirai</a>"
                    ],
                    "photo_reference": "Aap_uEAkf6QKZ9qCHRWmBrMc2ob-B6Sb1uzmN9Vx8Yd4qVLdZrUA_ypf0EH5WxOUQgSrWOMDPnC9QE2eLo190tPw9GB0gFTRn7TawrRCN3-TOw-12N3jiD_Rtw5LJAV7Fg3T_vsepiRX6n6m8QVepOOIqz9tk13W1jXxDloJsTicSVdyc00",
                    "width": 9492
                }
            ],
            "place_id": "ChIJmcaWwPuKGGARHSererheFok",
            "plus_code": {
                "compound_code": "JPGG+R7 日本、東京都品川区",
                "global_code": "8Q7XJPGG+R7"
            },
            "price_level": 2,
            "rating": 3.4,
            "reference": "ChIJmcaWwPuKGGARHSererheFok",
            "scope": "GOOGLE",
            "types": [
                "cafe",
                "restaurant",
                "food",
                "point_of_interest",
                "establishment"
            ],
            "user_ratings_total": 168,
            "vicinity": "品川区東五反田１丁目１１−７ 三ｯ星ﾋﾞﾙ 1階"
        }
    ],
    "status": "OK"
}