{
    "html_attributions": [],
    "results": [
        {
            "business_status": "OPERATIONAL",
            "geometry": {
                "location": {
                    "lat": 35.6242396,
                    "lng": 139.7262741
                },
                "viewport": {
                    "northeast": {
                        "lat": 35.6254774302915,
                        "lng": 139.7274806302915
                    },
                    "southwest": {
                        "lat": 35.6227794697085,
                        "lng": 139.7247826697085
                    }
                }
            },
            "icon": "https://maps.gstatic.com/mapfiles/place_api/icons/v1/png_71/park-71.png",
            "icon_background_color": "#4DB546",
            "icon_mask_base_uri": "https://maps.gstatic.com/mapfiles/place_api/icons/v2/tree_pinlet",
            "name": "五反田ふれあい水辺広場",
            "opening_hours": {
                "open_now": true
            },
            "photos": [
                {
                    "height": 4224,
                    "html_attributions": [
                        "<a href=\"https://maps.google.com/maps/contrib/106817297936178964649\">Coleman Gaag</a>"
                    ],
                    "photo_reference": "Aap_uEAxcjcH3aOAP7TtPsRrkpe4oq4UY5I7xqWCg3R8utY6BeCs4zT-7bRqzFKQ4FaK0SOqt8s-15vCvDPVm65-lt4sVkD_2CSDr7tsjbd6RDsSRjA_Cjv8wKsfv41fSveeOz6vWu8KVLEeDHQfVBtLg4c1plIHvtZSWb8AYn9tq7pDK_rB",
                    "width": 5632
                }
            ],
            "place_id": "ChIJT5atCfqKGGARyX3Ty31LM8s",
            "plus_code": {
                "compound_code": "JPFG+MG 日本、東京都品川区",
                "global_code": "8Q7XJPFG+MG"
            },
            "rating": 3.9,
            "reference": "ChIJT5atCfqKGGARyX3Ty31LM8s",
            "scope": "GOOGLE",
            "types": [
                "park",
                "tourist_attraction",
                "point_of_interest",
                "establishment"
            ],
            "user_ratings_total": 524,
            "vicinity": "品川区東五反田２丁目９−１１"
        },
        {
            "business_status": "OPERATIONAL",
            "geometry": {
                "location": {
                    "lat": 35.6240621,
                    "lng": 139.7254999
                },
                "viewport": {
                    "northeast": {
                        "lat": 35.62541108029149,
                        "lng": 139.7268488802915
                    },
                    "southwest": {
                        "lat": 35.62271311970849,
                        "lng": 139.7241509197085
                    }
                }
            },
            "icon": "https://maps.gstatic.com/mapfiles/place_api/icons/v1/png_71/park-71.png",
            "icon_background_color": "#4DB546",
            "icon_mask_base_uri": "https://maps.gstatic.com/mapfiles/place_api/icons/v2/tree_pinlet",
            "name": "大崎光の滝公園",
            "opening_hours": {
                "open_now": true
            },
            "photos": [
                {
                    "height": 2448,
                    "html_attributions": [
                        "<a href=\"https://maps.google.com/maps/contrib/107242004048378908942\">Pati YODSU</a>"
                    ],
                    "photo_reference": "Aap_uEBmS4sjg4vUD0Q60-4lZvN_xrgtwZDLY9aiHE8aT6ZfK5HC2F6HcZnp0Kfns8Zv3tR4aPvfg_evxGPOXpJ4nB2idxE77-KLEeIvNsj2NLsjbt2EleSMDnPwEHyV0EH-YJYIoDJKOqf5GNUQGECx5DGTCp7yd7lE6HuAMexvTZz5xQfH",
                    "width": 3264
                }
            ],
            "place_id": "ChIJvTWcdPqKGGARxjdMaQ-4bWA",
            "plus_code": {
                "compound_code": "JPFG+J5 日本、東京都品川区",
                "global_code": "8Q7XJPFG+J5"
            },
            "rating": 3.9,
            "reference": "ChIJvTWcdPqKGGARxjdMaQ-4bWA",
            "scope": "GOOGLE",
            "types": [
                "park",
                "tourist_attraction",
                "point_of_interest",
                "establishment"
            ],
            "user_ratings_total": 42,
            "vicinity": "品川区品川区大崎１丁目１−２"
        },
        {
            "business_status": "OPERATIONAL",
            "geometry": {
                "location": {
                    "lat": 35.6245837,
                    "lng": 139.7251361
                },
                "viewport": {
                    "northeast": {
                        "lat": 35.6259519302915,
                        "lng": 139.7265828302915
                    },
                    "southwest": {
                        "lat": 35.6232539697085,
                        "lng": 139.7238848697085
                    }
                }
            },
            "icon": "https://maps.gstatic.com/mapfiles/place_api/icons/v1/png_71/park-71.png",
            "icon_background_color": "#4DB546",
            "icon_mask_base_uri": "https://maps.gstatic.com/mapfiles/place_api/icons/v2/tree_pinlet",
            "name": "五反田南公園",
            "opening_hours": {
                "open_now": true
            },
            "photos": [
                {
                    "height": 3024,
                    "html_attributions": [
                        "<a href=\"https://maps.google.com/maps/contrib/110509127716148983046\">ゆうぼん</a>"
                    ],
                    "photo_reference": "Aap_uECkB-tfUMtTrftN4ca8e7XZXDgZ__5HQA9mo5JIHRL_cp_MUKetHQuPOuyzwq43Owpo9Nu-HbNSBm1TX0ge1O38059NpPacwUGa1KFkY3eaYELmry5FyRwcKkO-fykHrbzAD928i4myf9u4FFd1lIexGZnBfiuTTF4ltpOkyQyq9EhR",
                    "width": 4032
                }
            ],
            "place_id": "ChIJBRvlaPqKGGAR85Idq-wXqv0",
            "plus_code": {
                "compound_code": "JPFG+R3 日本、東京都品川区",
                "global_code": "8Q7XJPFG+R3"
            },
            "rating": 3.8,
            "reference": "ChIJBRvlaPqKGGAR85Idq-wXqv0",
            "scope": "GOOGLE",
            "types": [
                "park",
                "tourist_attraction",
                "point_of_interest",
                "establishment"
            ],
            "user_ratings_total": 60,
            "vicinity": "品川区東五反田２丁目８−８"
        }
    ],
    "status": "OK"
}