{
    "html_attributions": [],
    "results": [
        {
            "business_status": "OPERATIONAL",
            "geometry": {
                "location": {
                    "lat": 35.65790860000001,
                    "lng": 139.6683804
                },
                "viewport": {
                    "northeast": {
                        "lat": 35.6592575802915,
                        "lng": 139.6697293802915
                    },
                    "southwest": {
                        "lat": 35.65655961970851,
                        "lng": 139.6670314197085
                    }
                }
            },
            "icon": "https://maps.gstatic.com/mapfiles/place_api/icons/v1/png_71/park-71.png",
            "icon_background_color": "#4DB546",
            "icon_mask_base_uri": "https://maps.gstatic.com/mapfiles/place_api/icons/v2/tree_pinlet",
            "name": "代沢草の丘広場",
            "opening_hours": {
                "open_now": true
            },
            "photos": [
                {
                    "height": 1080,
                    "html_attributions": [
                        "<a href=\"https://maps.google.com/maps/contrib/102834460510911960088\">宮内孝之</a>"
                    ],
                    "photo_reference": "Aap_uEAM0zoqm5ZgF2WDbEPeqIZOJ_7xaSiwuUZMQkndvQfk2FwGVYQFsoNRYbsx2qzehLKoW9Xp6OR0EGRNKLLdxX8tNq1KW3_eRQ-jqYOKkrbgDRvha3G0Gu6rIjMRASEMhse0MOgwruoS9-akROTFpd-arc9mrSyM0Dii1Ms6JgaLQXiC",
                    "width": 1920
                }
            ],
            "place_id": "ChIJGXqaVmjzGGARCSdheB0xpGs",
            "plus_code": {
                "compound_code": "MM59+59 日本、東京都世田谷区",
                "global_code": "8Q7XMM59+59"
            },
            "rating": 3,
            "reference": "ChIJGXqaVmjzGGARCSdheB0xpGs",
            "scope": "GOOGLE",
            "types": [
                "park",
                "point_of_interest",
                "establishment"
            ],
            "user_ratings_total": 5,
            "vicinity": "世田谷区代沢２丁目２８−５"
        }
    ],
    "status": "OK"
}