{
    "html_attributions": [],
    "results": [
        {
            "business_status": "OPERATIONAL",
            "geometry": {
                "location": {
                    "lat": 35.629175,
                    "lng": 139.7204919
                },
                "viewport": {
                    "northeast": {
                        "lat": 35.6305400802915,
                        "lng": 139.7217536302915
                    },
                    "southwest": {
                        "lat": 35.6278421197085,
                        "lng": 139.7190556697085
                    }
                }
            },
            "icon": "https://maps.gstatic.com/mapfiles/place_api/icons/v1/png_71/park-71.png",
            "icon_background_color": "#4DB546",
            "icon_mask_base_uri": "https://maps.gstatic.com/mapfiles/place_api/icons/v2/tree_pinlet",
            "name": "五反田児童遊園",
            "opening_hours": {
                "open_now": true
            },
            "photos": [
                {
                    "height": 2988,
                    "html_attributions": [
                        "<a href=\"https://maps.google.com/maps/contrib/113241951307619233798\">Daniel Hansen</a>"
                    ],
                    "photo_reference": "Aap_uEDejX7Y50uzaewRYbjdPPf4VRbwE-7ntPuYjxCYvax414m7qyU-tUKrZQaQWcRfNQuUeE3A44encj5qv2O_zozNkZvHIENNIpzUkhfLKDIhLKSmMMJ7rdTYCOuasQhQEsZ2Eo1hNblWiZhUSi4I5D0pjOJ66M4qGO_0p2cKAE4yUzTA",
                    "width": 5312
                }
            ],
            "place_id": "ChIJqYKK5-KKGGARoup6qpDzbZE",
            "plus_code": {
                "compound_code": "JPHC+M5 日本、東京都品川区",
                "global_code": "8Q7XJPHC+M5"
            },
            "rating": 2.8,
            "reference": "ChIJqYKK5-KKGGARoup6qpDzbZE",
            "scope": "GOOGLE",
            "types": [
                "park",
                "point_of_interest",
                "establishment"
            ],
            "user_ratings_total": 6,
            "vicinity": "品川区東五反田５丁目２１−１０"
        }
    ],
    "status": "OK"
}