{
    "html_attributions": [],
    "results": [
        {
            "business_status": "OPERATIONAL",
            "geometry": {
                "location": {
                    "lat": 35.6624985,
                    "lng": 139.6668001
                },
                "viewport": {
                    "northeast": {
                        "lat": 35.6638550802915,
                        "lng": 139.6682169302915
                    },
                    "southwest": {
                        "lat": 35.6611571197085,
                        "lng": 139.6655189697085
                    }
                }
            },
            "icon": "https://maps.gstatic.com/mapfiles/place_api/icons/v1/png_71/cafe-71.png",
            "icon_background_color": "#FF9E67",
            "icon_mask_base_uri": "https://maps.gstatic.com/mapfiles/place_api/icons/v2/cafe_pinlet",
            "name": "コムカフェ音倉",
            "opening_hours": {
                "open_now": false
            },
            "photos": [
                {
                    "height": 1768,
                    "html_attributions": [
                        "<a href=\"https://maps.google.com/maps/contrib/110584544016374272467\">コムカフェ音倉</a>"
                    ],
                    "photo_reference": "Aap_uEC3oWBSxM9hNnivX3VBHq4aTCTtMzh4ZjODSTaXrHpgaauSAco2cTVwd57zUHbOx24TOPENILKUbJ81BNAfpehuyjUCHfTUViRRZwf-zGDzHmLObxLP5gbgIMhIpTwuE_v3ncpIorYaY83CkF7nMb5QDOlDifQv_d9js-jK9fqYWPqT",
                    "width": 3000
                }
            ],
            "place_id": "ChIJeQoZdGvzGGARzDTLclCqgz0",
            "plus_code": {
                "compound_code": "MM68+XP 日本、東京都世田谷区",
                "global_code": "8Q7XMM68+XP"
            },
            "price_level": 2,
            "rating": 4.1,
            "reference": "ChIJeQoZdGvzGGARzDTLclCqgz0",
            "scope": "GOOGLE",
            "types": [
                "cafe",
                "restaurant",
                "food",
                "point_of_interest",
                "establishment"
            ],
            "user_ratings_total": 217,
            "vicinity": "世田谷区北沢２丁目２６−２３ ＥＬ・ＮＩＵ B1F"
        },
        {
            "business_status": "OPERATIONAL",
            "geometry": {
                "location": {
                    "lat": 35.6629806,
                    "lng": 139.6672021
                },
                "viewport": {
                    "northeast": {
                        "lat": 35.6643568302915,
                        "lng": 139.6685061802915
                    },
                    "southwest": {
                        "lat": 35.6616588697085,
                        "lng": 139.6658082197085
                    }
                }
            },
            "icon": "https://maps.gstatic.com/mapfiles/place_api/icons/v1/png_71/cafe-71.png",
            "icon_background_color": "#FF9E67",
            "icon_mask_base_uri": "https://maps.gstatic.com/mapfiles/place_api/icons/v2/cafe_pinlet",
            "name": "スターバックス コーヒー 下北沢店",
            "opening_hours": {
                "open_now": true
            },
            "photos": [
                {
                    "height": 3024,
                    "html_attributions": [
                        "<a href=\"https://maps.google.com/maps/contrib/107705833309561868785\">スタバカ</a>"
                    ],
                    "photo_reference": "Aap_uEBb84hYMv8S8N7rsqdLXyaWzUA8Rgskfd9N9hEqmXKwvQW738xy7rNMF0V2uHd8Zy-6uWDVeLJ6NKzRTQXkJCd_JrzsskvPzXHMCDszpXTjV31ej0Cwv3uUsNsvwxrNQmOM1hKACMO9rme9KTMqFUKrur76tuFB1QPCTt0LZ6h5-BNl",
                    "width": 4032
                }
            ],
            "place_id": "ChIJQcIdEmvzGGARsa-vJDQ8PSQ",
            "plus_code": {
                "compound_code": "MM78+5V 日本、東京都世田谷区",
                "global_code": "8Q7XMM78+5V"
            },
            "price_level": 2,
            "rating": 3.9,
            "reference": "ChIJQcIdEmvzGGARsa-vJDQ8PSQ",
            "scope": "GOOGLE",
            "types": [
                "meal_takeaway",
                "cafe",
                "restaurant",
                "food",
                "point_of_interest",
                "store",
                "establishment"
            ],
            "user_ratings_total": 337,
            "vicinity": "世田谷区北沢２丁目３０−６ ＵＣビル １F 下北沢"
        },
        {
            "business_status": "OPERATIONAL",
            "geometry": {
                "location": {
                    "lat": 35.6629865,
                    "lng": 139.6667934
                },
                "viewport": {
                    "northeast": {
                        "lat": 35.6642834302915,
                        "lng": 139.6681225302915
                    },
                    "southwest": {
                        "lat": 35.6615854697085,
                        "lng": 139.6654245697085
                    }
                }
            },
            "icon": "https://maps.gstatic.com/mapfiles/place_api/icons/v1/png_71/cafe-71.png",
            "icon_background_color": "#FF9E67",
            "icon_mask_base_uri": "https://maps.gstatic.com/mapfiles/place_api/icons/v2/cafe_pinlet",
            "name": "サンデーブランチ 下北沢店",
            "opening_hours": {
                "open_now": false
            },
            "photos": [
                {
                    "height": 4160,
                    "html_attributions": [
                        "<a href=\"https://maps.google.com/maps/contrib/113999128409084682799\">サンデーブランチ 下北沢店</a>"
                    ],
                    "photo_reference": "Aap_uECKWQ3IhwavikDXl3whqD29hvjdN6KkWBBzpVnzr5VIePc47bPZgJMd0aQKMM35tCyQMnPJJAYKpBTnAEHXSBdSCqPyVoib1Ii3_c-eWzEMqxspbEVqeDEp7J5uT2wmZW_i6jW-BNnMhP1MPK3RAPyVxX8z3yiw-6ljK1GrmM8btIkL",
                    "width": 6240
                }
            ],
            "place_id": "ChIJh8XEbGvzGGARqiMd26VuPTs",
            "plus_code": {
                "compound_code": "MM78+5P 日本、東京都世田谷区",
                "global_code": "8Q7XMM78+5P"
            },
            "price_level": 2,
            "rating": 4.1,
            "reference": "ChIJh8XEbGvzGGARqiMd26VuPTs",
            "scope": "GOOGLE",
            "types": [
                "cafe",
                "bakery",
                "meal_takeaway",
                "restaurant",
                "food",
                "point_of_interest",
                "store",
                "establishment"
            ],
            "user_ratings_total": 207,
            "vicinity": "世田谷区北沢２丁目２９−２ フェニキアビル ２F"
        },
        {
            "business_status": "OPERATIONAL",
            "geometry": {
                "location": {
                    "lat": 35.663511,
                    "lng": 139.666786
                },
                "viewport": {
                    "northeast": {
                        "lat": 35.6648134802915,
                        "lng": 139.6681149302915
                    },
                    "southwest": {
                        "lat": 35.6621155197085,
                        "lng": 139.6654169697085
                    }
                }
            },
            "icon": "https://maps.gstatic.com/mapfiles/place_api/icons/v1/png_71/cafe-71.png",
            "icon_background_color": "#FF9E67",
            "icon_mask_base_uri": "https://maps.gstatic.com/mapfiles/place_api/icons/v2/cafe_pinlet",
            "name": "カフェ サンブリエ",
            "opening_hours": {
                "open_now": false
            },
            "place_id": "ChIJB1ruQGvzGGARm-zpnJYjf10",
            "plus_code": {
                "compound_code": "MM78+CP 日本、東京都世田谷区",
                "global_code": "8Q7XMM78+CP"
            },
            "reference": "ChIJB1ruQGvzGGARm-zpnJYjf10",
            "scope": "GOOGLE",
            "types": [
                "cafe",
                "food",
                "point_of_interest",
                "establishment"
            ],
            "vicinity": "世田谷区北沢２丁目３７−３ 下北沢振効舎ビル"
        },
        {
            "business_status": "OPERATIONAL",
            "geometry": {
                "location": {
                    "lat": 35.6627345,
                    "lng": 139.6669116
                },
                "viewport": {
                    "northeast": {
                        "lat": 35.66408038029149,
                        "lng": 139.6683082302915
                    },
                    "southwest": {
                        "lat": 35.6613824197085,
                        "lng": 139.6656102697085
                    }
                }
            },
            "icon": "https://maps.gstatic.com/mapfiles/place_api/icons/v1/png_71/restaurant-71.png",
            "icon_background_color": "#FF9E67",
            "icon_mask_base_uri": "https://maps.gstatic.com/mapfiles/place_api/icons/v2/restaurant_pinlet",
            "name": "FLIPPER'S 下北沢店",
            "opening_hours": {
                "open_now": false
            },
            "photos": [
                {
                    "height": 2688,
                    "html_attributions": [
                        "<a href=\"https://maps.google.com/maps/contrib/104767576208622389054\">Masanobu Kuroda</a>"
                    ],
                    "photo_reference": "Aap_uEAQs0d6v4iTVdjKbgk82OQfv72jTVYHmzjGYYL6so5zyJORA_X6J_x8RC1ldRYb8y3OEUShhV7HRF7Dl8FRMzovdtMt0ycq4BbqSXu0j56_G0-rGL3KFuBjNaEfQ0KpDCjo9J6NUVOCNz6_pF60U5REwxoLjql2QFfB7yr-lBmtSp1V",
                    "width": 4032
                }
            ],
            "place_id": "ChIJXfBKDWvzGGARAYcIMEpXUlo",
            "plus_code": {
                "compound_code": "MM78+3Q 日本、東京都世田谷区",
                "global_code": "8Q7XMM78+3Q"
            },
            "price_level": 2,
            "rating": 4.2,
            "reference": "ChIJXfBKDWvzGGARAYcIMEpXUlo",
            "scope": "GOOGLE",
            "types": [
                "meal_takeaway",
                "cafe",
                "restaurant",
                "food",
                "point_of_interest",
                "establishment"
            ],
            "user_ratings_total": 522,
            "vicinity": "世田谷区北沢２丁目２６−２０ 1F"
        },
        {
            "business_status": "OPERATIONAL",
            "geometry": {
                "location": {
                    "lat": 35.6628353,
                    "lng": 139.6672417
                },
                "viewport": {
                    "northeast": {
                        "lat": 35.66413818029149,
                        "lng": 139.6685522302915
                    },
                    "southwest": {
                        "lat": 35.6614402197085,
                        "lng": 139.6658542697085
                    }
                }
            },
            "icon": "https://maps.gstatic.com/mapfiles/place_api/icons/v1/png_71/cafe-71.png",
            "icon_background_color": "#FF9E67",
            "icon_mask_base_uri": "https://maps.gstatic.com/mapfiles/place_api/icons/v2/cafe_pinlet",
            "name": "ラ・パレット",
            "opening_hours": {
                "open_now": false
            },
            "photos": [
                {
                    "height": 3024,
                    "html_attributions": [
                        "<a href=\"https://maps.google.com/maps/contrib/108608809205400335685\">Kazuhiko Umeda</a>"
                    ],
                    "photo_reference": "Aap_uEDkcOVnuAqb2MI1YO6BH8fn2vIqod_W5Flu-4Ji9OcJjm4qKdSRrJ2jiuOiGsdsjIchXc8H0WGdqkTdHcMPgC2DSTbZxcRx9E8BXHuMI1i387tOqh-PT3sHA3EA09OP9QID3miuIoYgfAMpQd9xgwPZNIGjrH4VB4BnPahuUBV1HLhV",
                    "width": 4032
                }
            ],
            "place_id": "ChIJt1FUDmvzGGAR8jfCMoQQjho",
            "plus_code": {
                "compound_code": "MM78+4V 日本、東京都世田谷区",
                "global_code": "8Q7XMM78+4V"
            },
            "price_level": 2,
            "rating": 4.5,
            "reference": "ChIJt1FUDmvzGGAR8jfCMoQQjho",
            "scope": "GOOGLE",
            "types": [
                "cafe",
                "food",
                "point_of_interest",
                "establishment"
            ],
            "user_ratings_total": 95,
            "vicinity": "世田谷区北沢２丁目３０−３"
        },
        {
            "business_status": "OPERATIONAL",
            "geometry": {
                "location": {
                    "lat": 35.663223,
                    "lng": 139.6670027
                },
                "viewport": {
                    "northeast": {
                        "lat": 35.66462848029149,
                        "lng": 139.6683755302915
                    },
                    "southwest": {
                        "lat": 35.66193051970849,
                        "lng": 139.6656775697085
                    }
                }
            },
            "icon": "https://maps.gstatic.com/mapfiles/place_api/icons/v1/png_71/cafe-71.png",
            "icon_background_color": "#FF9E67",
            "icon_mask_base_uri": "https://maps.gstatic.com/mapfiles/place_api/icons/v2/cafe_pinlet",
            "name": "Oppacafe",
            "place_id": "ChIJAQAAwGrzGGARHXvCYltnIDY",
            "plus_code": {
                "compound_code": "MM78+7R 日本、東京都世田谷区",
                "global_code": "8Q7XMM78+7R"
            },
            "reference": "ChIJAQAAwGrzGGARHXvCYltnIDY",
            "scope": "GOOGLE",
            "types": [
                "cafe",
                "food",
                "point_of_interest",
                "establishment"
            ],
            "vicinity": "世田谷区北沢２丁目２９−１３"
        },
        {
            "business_status": "OPERATIONAL",
            "geometry": {
                "location": {
                    "lat": 35.6630806,
                    "lng": 139.6669428
                },
                "viewport": {
                    "northeast": {
                        "lat": 35.6644168302915,
                        "lng": 139.6682858802915
                    },
                    "southwest": {
                        "lat": 35.6617188697085,
                        "lng": 139.6655879197085
                    }
                }
            },
            "icon": "https://maps.gstatic.com/mapfiles/place_api/icons/v1/png_71/cafe-71.png",
            "icon_background_color": "#FF9E67",
            "icon_mask_base_uri": "https://maps.gstatic.com/mapfiles/place_api/icons/v2/cafe_pinlet",
            "name": "オッパハッドグ",
            "opening_hours": {
                "open_now": false
            },
            "photos": [
                {
                    "height": 2160,
                    "html_attributions": [
                        "<a href=\"https://maps.google.com/maps/contrib/118252634782609753961\">奈塚Q弥</a>"
                    ],
                    "photo_reference": "Aap_uEAn3hFt-ZgoM-nin8w0D9GqlQRlr7Pc45AMHywsR9tNxHUzJBLNIB-lJKj-k4dtRXc5fD7VrmnABPohm9mKT99cUZEgaKi96z2OoCEaYDeVGgDgfMvulyrfeFpns_ZLCvEKp8Rm-ZhFnad8CbvYx4UR86-wPbgwAazWHBjlFfFQgq0B",
                    "width": 3840
                }
            ],
            "place_id": "ChIJdapbwTHzGGARvCe_5kVMw-E",
            "plus_code": {
                "compound_code": "MM78+6Q 日本、東京都世田谷区",
                "global_code": "8Q7XMM78+6Q"
            },
            "rating": 3.6,
            "reference": "ChIJdapbwTHzGGARvCe_5kVMw-E",
            "scope": "GOOGLE",
            "types": [
                "cafe",
                "food",
                "point_of_interest",
                "establishment"
            ],
            "user_ratings_total": 5,
            "vicinity": "世田谷区北沢２丁目２９−１６"
        },
        {
            "business_status": "OPERATIONAL",
            "geometry": {
                "location": {
                    "lat": 35.66301200000001,
                    "lng": 139.66664
                },
                "viewport": {
                    "northeast": {
                        "lat": 35.66436098029151,
                        "lng": 139.6679889802915
                    },
                    "southwest": {
                        "lat": 35.66166301970851,
                        "lng": 139.6652910197085
                    }
                }
            },
            "icon": "https://maps.gstatic.com/mapfiles/place_api/icons/v1/png_71/cafe-71.png",
            "icon_background_color": "#FF9E67",
            "icon_mask_base_uri": "https://maps.gstatic.com/mapfiles/place_api/icons/v2/cafe_pinlet",
            "name": "カフェドパルファン",
            "opening_hours": {
                "open_now": false
            },
            "photos": [
                {
                    "height": 3024,
                    "html_attributions": [
                        "<a href=\"https://maps.google.com/maps/contrib/107747854557832441200\">Remy&#39;s Kitchen</a>"
                    ],
                    "photo_reference": "Aap_uECdQ6C2UddKOHBbo8fJhwwxBBQmLUwAVjxiFG_2brt7LAgvdsrL5jmqhE4fdGoZ43i_HhlT_-RS3Woz4BKESz7R5sFxhB4QwFrvs25hjrcyZtMwkkU6Dy4XE02sfPeALVx5aCwH5urJKYz4D6cU5Bhw5ugkyCnlR_HlsrIiXX6TmX8",
                    "width": 4032
                }
            ],
            "place_id": "ChIJsw21LGvzGGAR-oo8z-l1Lss",
            "plus_code": {
                "compound_code": "MM78+6M 日本、東京都世田谷区",
                "global_code": "8Q7XMM78+6M"
            },
            "price_level": 2,
            "rating": 4.1,
            "reference": "ChIJsw21LGvzGGAR-oo8z-l1Lss",
            "scope": "GOOGLE",
            "types": [
                "cafe",
                "food",
                "point_of_interest",
                "store",
                "establishment"
            ],
            "user_ratings_total": 43,
            "vicinity": "世田谷区北沢２丁目２９−３"
        },
        {
            "business_status": "OPERATIONAL",
            "geometry": {
                "location": {
                    "lat": 35.6628807,
                    "lng": 139.6665944
                },
                "viewport": {
                    "northeast": {
                        "lat": 35.6642437302915,
                        "lng": 139.6679497802915
                    },
                    "southwest": {
                        "lat": 35.6615457697085,
                        "lng": 139.6652518197085
                    }
                }
            },
            "icon": "https://maps.gstatic.com/mapfiles/place_api/icons/v1/png_71/cafe-71.png",
            "icon_background_color": "#FF9E67",
            "icon_mask_base_uri": "https://maps.gstatic.com/mapfiles/place_api/icons/v2/cafe_pinlet",
            "name": "花泥棒（ヴォルール・ドゥ・フルール） 下北沢店",
            "opening_hours": {
                "open_now": false
            },
            "photos": [
                {
                    "height": 2160,
                    "html_attributions": [
                        "<a href=\"https://maps.google.com/maps/contrib/104527887276738347818\">一十一。</a>"
                    ],
                    "photo_reference": "Aap_uEAcb6ETjQ8Rfj68BaI9Y3UOYxrZjRP5JFkUs5oy0T_vLJhHcT-4YeshzmMj0m3-_KVjdpZM-EAfcFkiu9ruEuw4-y9kxlkgvQa6m26U4IlRNzIBVGHeQxeyEBgqTGI_G8d6V2JkBs26iW2pWLt9yzroCrtBMb_UIe8pI--wfW78OAm7",
                    "width": 2160
                }
            ],
            "place_id": "ChIJ8wqLyyLzGGARJs2vWpVrZPw",
            "plus_code": {
                "compound_code": "MM78+5J 日本、東京都世田谷区",
                "global_code": "8Q7XMM78+5J"
            },
            "rating": 2.7,
            "reference": "ChIJ8wqLyyLzGGARJs2vWpVrZPw",
            "scope": "GOOGLE",
            "types": [
                "cafe",
                "food",
                "point_of_interest",
                "establishment"
            ],
            "user_ratings_total": 7,
            "vicinity": "世田谷区北沢２丁目２６−１７ ＴＳＫビル"
        },
        {
            "business_status": "OPERATIONAL",
            "geometry": {
                "location": {
                    "lat": 35.66391629999999,
                    "lng": 139.6667963
                },
                "viewport": {
                    "northeast": {
                        "lat": 35.66526528029149,
                        "lng": 139.6681452802915
                    },
                    "southwest": {
                        "lat": 35.66256731970849,
                        "lng": 139.6654473197085
                    }
                }
            },
            "icon": "https://maps.gstatic.com/mapfiles/place_api/icons/v1/png_71/restaurant-71.png",
            "icon_background_color": "#FF9E67",
            "icon_mask_base_uri": "https://maps.gstatic.com/mapfiles/place_api/icons/v2/restaurant_pinlet",
            "name": "サリーブ",
            "opening_hours": {
                "open_now": true
            },
            "photos": [
                {
                    "height": 811,
                    "html_attributions": [
                        "<a href=\"https://maps.google.com/maps/contrib/110242805421452006732\">サリーブ</a>"
                    ],
                    "photo_reference": "Aap_uEB1O-BQrs-ebJWV8OEsJ22O1QXncHaOsjr6smiMfHWjWmEwc6DoA4FyANglLkv_1xc5BeJaUSoQiFGQpE68U-6H6B2SufLbstI4IYH7iGJEdi_Q1tm9zgSBqT5DMKGoqb_0QV6iKUHtj1C0ifD6yRYh7MDzB0QBhgual3ziOwVjrAMj",
                    "width": 1440
                }
            ],
            "place_id": "ChIJGwAQMGvzGGARexRAc0Exxr8",
            "plus_code": {
                "compound_code": "MM78+HP 日本、東京都世田谷区",
                "global_code": "8Q7XMM78+HP"
            },
            "rating": 4.6,
            "reference": "ChIJGwAQMGvzGGARexRAc0Exxr8",
            "scope": "GOOGLE",
            "types": [
                "restaurant",
                "cafe",
                "bar",
                "food",
                "point_of_interest",
                "store",
                "establishment"
            ],
            "user_ratings_total": 17,
            "vicinity": "世田谷区北沢２丁目３８−４ DOG102"
        },
        {
            "business_status": "OPERATIONAL",
            "geometry": {
                "location": {
                    "lat": 35.6628243,
                    "lng": 139.6671921
                },
                "viewport": {
                    "northeast": {
                        "lat": 35.66413268029149,
                        "lng": 139.6685287802915
                    },
                    "southwest": {
                        "lat": 35.6614347197085,
                        "lng": 139.6658308197085
                    }
                }
            },
            "icon": "https://maps.gstatic.com/mapfiles/place_api/icons/v1/png_71/cafe-71.png",
            "icon_background_color": "#FF9E67",
            "icon_mask_base_uri": "https://maps.gstatic.com/mapfiles/place_api/icons/v2/cafe_pinlet",
            "name": "ラ パレット",
            "place_id": "ChIJkzNiFvvzGGARZ-TRRvjbk_U",
            "plus_code": {
                "compound_code": "MM78+4V 日本、東京都世田谷区",
                "global_code": "8Q7XMM78+4V"
            },
            "reference": "ChIJkzNiFvvzGGARZ-TRRvjbk_U",
            "scope": "GOOGLE",
            "types": [
                "cafe",
                "food",
                "point_of_interest",
                "establishment"
            ],
            "vicinity": "世田谷区北沢２丁目３０−３"
        },
        {
            "business_status": "OPERATIONAL",
            "geometry": {
                "location": {
                    "lat": 35.6627779,
                    "lng": 139.6669552
                },
                "viewport": {
                    "northeast": {
                        "lat": 35.66414518029151,
                        "lng": 139.6682697802915
                    },
                    "southwest": {
                        "lat": 35.66144721970851,
                        "lng": 139.6655718197085
                    }
                }
            },
            "icon": "https://maps.gstatic.com/mapfiles/place_api/icons/v1/png_71/bar-71.png",
            "icon_background_color": "#FF9E67",
            "icon_mask_base_uri": "https://maps.gstatic.com/mapfiles/place_api/icons/v2/bar_pinlet",
            "name": "CAFE AND BAR KAMERA",
            "opening_hours": {
                "open_now": true
            },
            "photos": [
                {
                    "height": 778,
                    "html_attributions": [
                        "<a href=\"https://maps.google.com/maps/contrib/109297722379803605275\">CAFE AND BAR KAMERA</a>"
                    ],
                    "photo_reference": "Aap_uEAx87dY-a8iPVAY2_OsEajkL9ncRatTQXtzNR4JK6b_OlbJ4yqanqCMAy_1aEi78b7srz_GV0F6Ghmx0oX8KqTBqUdQ6czRGIKzuce3LKu-lEySan-Gz83J84gD8GcLjywRvL9QowFTia1efaxmvR4S2UmxZqIc_A4whRdvxCeRx9M",
                    "width": 1166
                }
            ],
            "place_id": "ChIJXfBKDWvzGGARGEK42bkNpR0",
            "plus_code": {
                "compound_code": "MM78+4Q 日本、東京都世田谷区",
                "global_code": "8Q7XMM78+4Q"
            },
            "price_level": 2,
            "rating": 4.3,
            "reference": "ChIJXfBKDWvzGGARGEK42bkNpR0",
            "scope": "GOOGLE",
            "types": [
                "bar",
                "cafe",
                "food",
                "point_of_interest",
                "establishment"
            ],
            "user_ratings_total": 19,
            "vicinity": "世田谷区北沢２丁目２６−２０ 月村ビル ２F"
        },
        {
            "business_status": "OPERATIONAL",
            "geometry": {
                "location": {
                    "lat": 35.6628186,
                    "lng": 139.6665542
                },
                "viewport": {
                    "northeast": {
                        "lat": 35.6641675802915,
                        "lng": 139.6679031802915
                    },
                    "southwest": {
                        "lat": 35.6614696197085,
                        "lng": 139.6652052197085
                    }
                }
            },
            "icon": "https://maps.gstatic.com/mapfiles/place_api/icons/v1/png_71/cafe-71.png",
            "icon_background_color": "#FF9E67",
            "icon_mask_base_uri": "https://maps.gstatic.com/mapfiles/place_api/icons/v2/cafe_pinlet",
            "name": "Café Voleur de Fleur Shimokitazawa",
            "opening_hours": {
                "open_now": false
            },
            "photos": [
                {
                    "height": 1000,
                    "html_attributions": [
                        "<a href=\"https://maps.google.com/maps/contrib/112777318225528432243\">lili neko</a>"
                    ],
                    "photo_reference": "Aap_uED0RPXrZlk-FR5NBP42k-7m0lPK5hfvFtZXex35razOROR8VCv83igmvcs59p6EEQ9pfrON8eD4vsDv_Hbsa7aA2rOxT8BMzjE2tJ-Z0zuYM_pliUfva0UHiQU_94VtIly215DsLzB1t59UO7bPf_B_TzL3owCTXHw97afAMdaEthpe",
                    "width": 750
                }
            ],
            "place_id": "ChIJdfKDbmvzGGARP109Yr2qLsc",
            "plus_code": {
                "compound_code": "MM78+4J 日本、東京都世田谷区",
                "global_code": "8Q7XMM78+4J"
            },
            "rating": 3.9,
            "reference": "ChIJdfKDbmvzGGARP109Yr2qLsc",
            "scope": "GOOGLE",
            "types": [
                "cafe",
                "food",
                "point_of_interest",
                "store",
                "establishment"
            ],
            "user_ratings_total": 49,
            "vicinity": "世田谷区北沢２丁目２６−１７ ＴＳＫビル"
        },
        {
            "business_status": "OPERATIONAL",
            "geometry": {
                "location": {
                    "lat": 35.6629205,
                    "lng": 139.6663512
                },
                "viewport": {
                    "northeast": {
                        "lat": 35.66426948029149,
                        "lng": 139.6677001802915
                    },
                    "southwest": {
                        "lat": 35.6615715197085,
                        "lng": 139.6650022197085
                    }
                }
            },
            "icon": "https://maps.gstatic.com/mapfiles/place_api/icons/v1/png_71/cafe-71.png",
            "icon_background_color": "#FF9E67",
            "icon_mask_base_uri": "https://maps.gstatic.com/mapfiles/place_api/icons/v2/cafe_pinlet",
            "name": "ユージュアル",
            "opening_hours": {
                "open_now": false
            },
            "photos": [
                {
                    "height": 3024,
                    "html_attributions": [
                        "<a href=\"https://maps.google.com/maps/contrib/104818049704682891678\">Allan Wong</a>"
                    ],
                    "photo_reference": "Aap_uEDXXjr2n7e7R1HuX1Q84gDWvYu8zlee4MYrcx1uw9Ont41cdBORr8GwcLKqIQZyHiCm-rDg5wuRxbK45n-LneLqji0DVnWKQVqAEgbvdg_5I-50-Ye4qMTYIxXFTW8nffyfj_NqBG_Uw7b3ibpokSqCMEhb_ASElfchcM1O6Qux6jyw",
                    "width": 4032
                }
            ],
            "place_id": "ChIJHULBaGvzGGARTHQPaT8g0GM",
            "plus_code": {
                "compound_code": "MM78+5G 日本、東京都世田谷区",
                "global_code": "8Q7XMM78+5G"
            },
            "price_level": 2,
            "rating": 4.4,
            "reference": "ChIJHULBaGvzGGARTHQPaT8g0GM",
            "scope": "GOOGLE",
            "types": [
                "cafe",
                "food",
                "point_of_interest",
                "establishment"
            ],
            "user_ratings_total": 70,
            "vicinity": "林 ビル 1F, ２丁目-２７-12 北沢, 世田谷区"
        },
        {
            "business_status": "OPERATIONAL",
            "geometry": {
                "location": {
                    "lat": 35.6638144,
                    "lng": 139.6675605
                },
                "viewport": {
                    "northeast": {
                        "lat": 35.6651828802915,
                        "lng": 139.6688555802915
                    },
                    "southwest": {
                        "lat": 35.6624849197085,
                        "lng": 139.6661576197085
                    }
                }
            },
            "icon": "https://maps.gstatic.com/mapfiles/place_api/icons/v1/png_71/cafe-71.png",
            "icon_background_color": "#FF9E67",
            "icon_mask_base_uri": "https://maps.gstatic.com/mapfiles/place_api/icons/v2/cafe_pinlet",
            "name": "Look Up Coffee",
            "opening_hours": {
                "open_now": false
            },
            "photos": [
                {
                    "height": 4000,
                    "html_attributions": [
                        "<a href=\"https://maps.google.com/maps/contrib/107823810575978631212\">LOOK UP COFFEE</a>"
                    ],
                    "photo_reference": "Aap_uEB9QosnNKydcNxemenoUhVe_kvoqMf9wY7XkhCADmeEfsjgUblAPgMkRXOuavsbP741c2iuQffDrByuDCfVFbzUZ5VNT5_zjMSUSfoLbPawRg7r9f2_kuYrW036g4o03djE2Nli_AwjLre10lQmU6lNIBSCojasWtceejngf-lScIpE",
                    "width": 6000
                }
            ],
            "place_id": "ChIJJ6C2wQLzGGARoQemuRU2V9A",
            "plus_code": {
                "compound_code": "MM79+G2 日本、東京都世田谷区",
                "global_code": "8Q7XMM79+G2"
            },
            "rating": 4.5,
            "reference": "ChIJJ6C2wQLzGGARoQemuRU2V9A",
            "scope": "GOOGLE",
            "types": [
                "cafe",
                "food",
                "point_of_interest",
                "store",
                "establishment"
            ],
            "user_ratings_total": 44,
            "vicinity": "世田谷区北沢２丁目３６−１４ ガーデンテラス下北沢 １階"
        },
        {
            "business_status": "OPERATIONAL",
            "geometry": {
                "location": {
                    "lat": 35.662543,
                    "lng": 139.6668972
                },
                "viewport": {
                    "northeast": {
                        "lat": 35.6639044302915,
                        "lng": 139.6682618802915
                    },
                    "southwest": {
                        "lat": 35.6612064697085,
                        "lng": 139.6655639197085
                    }
                }
            },
            "icon": "https://maps.gstatic.com/mapfiles/place_api/icons/v1/png_71/cafe-71.png",
            "icon_background_color": "#FF9E67",
            "icon_mask_base_uri": "https://maps.gstatic.com/mapfiles/place_api/icons/v2/cafe_pinlet",
            "name": "Waffle cafe ORANGE",
            "opening_hours": {
                "open_now": false
            },
            "photos": [
                {
                    "height": 3927,
                    "html_attributions": [
                        "<a href=\"https://maps.google.com/maps/contrib/109797431637805883785\">Waffle cafe ORANGE</a>"
                    ],
                    "photo_reference": "Aap_uEDthSkzBMd09E9ofNYOkwzgnr92NnHmtDzRFG6_jJw6WJ4C0pCaS7l2bedJqeNiPSg8bqSXMXJJLSsaMz_6P0VSJE5K1IK-ah3U9r2ZqTeOTUFKU5b-W81cEW-nT0Y12VefXETJ_8-6mG4UPPlwVpRSJACng-pAVOrUNDEeBmdUS60X",
                    "width": 5891
                }
            ],
            "place_id": "ChIJ377YcmvzGGARvG9pEvz1fNs",
            "plus_code": {
                "compound_code": "MM78+2Q 日本、東京都世田谷区",
                "global_code": "8Q7XMM78+2Q"
            },
            "price_level": 2,
            "rating": 4.1,
            "reference": "ChIJ377YcmvzGGARvG9pEvz1fNs",
            "scope": "GOOGLE",
            "types": [
                "cafe",
                "bakery",
                "meal_takeaway",
                "restaurant",
                "food",
                "point_of_interest",
                "store",
                "establishment"
            ],
            "user_ratings_total": 111,
            "vicinity": "世田谷区北沢２丁目２６−２１ エルフォアシティ下北沢１Ｆ"
        },
        {
            "business_status": "OPERATIONAL",
            "geometry": {
                "location": {
                    "lat": 35.6626067,
                    "lng": 139.6672011
                },
                "viewport": {
                    "northeast": {
                        "lat": 35.6640088802915,
                        "lng": 139.6685769802915
                    },
                    "southwest": {
                        "lat": 35.6613109197085,
                        "lng": 139.6658790197085
                    }
                }
            },
            "icon": "https://maps.gstatic.com/mapfiles/place_api/icons/v1/png_71/cafe-71.png",
            "icon_background_color": "#FF9E67",
            "icon_mask_base_uri": "https://maps.gstatic.com/mapfiles/place_api/icons/v2/cafe_pinlet",
            "name": "おきどけい",
            "opening_hours": {
                "open_now": false
            },
            "photos": [
                {
                    "height": 2160,
                    "html_attributions": [
                        "<a href=\"https://maps.google.com/maps/contrib/109031259826423962501\">Shi Nassy</a>"
                    ],
                    "photo_reference": "Aap_uEAebhQHQ9pEBPUjO_Lr96IJR2fS7XsVdx65alB62cMnl8d1d_OenS3xN61ddJFRFzZ1yBqiCjnjowoZMyo4Ys6slsZUCJF9c32XMiAeKYn-qT414Uqqk4iF7dLharRprjqA27PJZvPgfACIn4pikdrYmNI5TJc493rLJk4jvBXvQw6Q",
                    "width": 2160
                }
            ],
            "place_id": "ChIJlRIobZrzGGARAAGj4OuCz-0",
            "plus_code": {
                "compound_code": "MM78+2V 日本、東京都世田谷区",
                "global_code": "8Q7XMM78+2V"
            },
            "rating": 3.4,
            "reference": "ChIJlRIobZrzGGARAAGj4OuCz-0",
            "scope": "GOOGLE",
            "types": [
                "cafe",
                "food",
                "point_of_interest",
                "establishment"
            ],
            "user_ratings_total": 5,
            "vicinity": "世田谷区北沢２丁目２５−１３"
        },
        {
            "business_status": "OPERATIONAL",
            "geometry": {
                "location": {
                    "lat": 35.6626023,
                    "lng": 139.6665721
                },
                "viewport": {
                    "northeast": {
                        "lat": 35.6639512802915,
                        "lng": 139.6679210802915
                    },
                    "southwest": {
                        "lat": 35.6612533197085,
                        "lng": 139.6652231197085
                    }
                }
            },
            "icon": "https://maps.gstatic.com/mapfiles/place_api/icons/v1/png_71/restaurant-71.png",
            "icon_background_color": "#FF9E67",
            "icon_mask_base_uri": "https://maps.gstatic.com/mapfiles/place_api/icons/v2/restaurant_pinlet",
            "name": "よりみちカフェ にゃん&ピース",
            "opening_hours": {
                "open_now": false
            },
            "photos": [
                {
                    "height": 3064,
                    "html_attributions": [
                        "<a href=\"https://maps.google.com/maps/contrib/109522772475111756697\">よりみちカフェ にゃん&amp;ピース</a>"
                    ],
                    "photo_reference": "Aap_uEAobZAsTM63texaNZJwXm0VciB2HeCYUxZ8ktt9R7OToZF5Ur00LkvW_CyDUR_m8pdm9cWqq83bI3AqGaUr1NxZ9dGwY1dFuOvnX5Gc-mg7SB15x2tL6beNs3k0dqepf7aH0Nd-lL9PiWd7iA7gwEA6iIOquuzrBRiMpl18nexlGlsI",
                    "width": 4592
                }
            ],
            "place_id": "ChIJ44L1cWvzGGARCxm7L1Qh90U",
            "plus_code": {
                "compound_code": "MM78+2J 日本、東京都世田谷区",
                "global_code": "8Q7XMM78+2J"
            },
            "rating": 4.4,
            "reference": "ChIJ44L1cWvzGGARCxm7L1Qh90U",
            "scope": "GOOGLE",
            "types": [
                "restaurant",
                "cafe",
                "food",
                "point_of_interest",
                "establishment"
            ],
            "user_ratings_total": 23,
            "vicinity": "世田谷区北沢２丁目２６−１５"
        }
    ],
    "status": "OK"
}