{
    "html_attributions": [],
    "results": [
        {
            "business_status": "OPERATIONAL",
            "geometry": {
                "location": {
                    "lat": 35.6654218,
                    "lng": 139.662904
                },
                "viewport": {
                    "northeast": {
                        "lat": 35.66683353029149,
                        "lng": 139.6642983302915
                    },
                    "southwest": {
                        "lat": 35.6641355697085,
                        "lng": 139.6616003697085
                    }
                }
            },
            "icon": "https://maps.gstatic.com/mapfiles/place_api/icons/v1/png_71/park-71.png",
            "icon_background_color": "#4DB546",
            "icon_mask_base_uri": "https://maps.gstatic.com/mapfiles/place_api/icons/v2/tree_pinlet",
            "name": "世田谷区立代田北広場",
            "opening_hours": {
                "open_now": true
            },
            "photos": [
                {
                    "height": 3024,
                    "html_attributions": [
                        "<a href=\"https://maps.google.com/maps/contrib/108172149190718807091\">yukotajima 888</a>"
                    ],
                    "photo_reference": "Aap_uED8IxUKCg9PFb73nEnpK7P25ZqvTIu34SfCIGhcBC80VLW-_3A2cQ_zpxf-J6pvORIPVS9bCgYrMC9MP9ciM3vxUGKMYpM1ylabFS5KsYPAVoLfblA_4wlh7UtrdK07VaKHvHHV82D8ha7YGimEz4C3GrnOpZ1d0TACPiyadntf3v9u",
                    "width": 3024
                }
            ],
            "place_id": "ChIJCxpgVBLzGGARiILn1z7wURw",
            "plus_code": {
                "compound_code": "MM87+55 日本、東京都世田谷区",
                "global_code": "8Q7XMM87+55"
            },
            "rating": 3.4,
            "reference": "ChIJCxpgVBLzGGARiILn1z7wURw",
            "scope": "GOOGLE",
            "types": [
                "park",
                "point_of_interest",
                "establishment"
            ],
            "user_ratings_total": 13,
            "vicinity": "世田谷区代田６丁目１１−１２"
        }
    ],
    "status": "OK"
}