{
    "html_attributions": [],
    "results": [
        {
            "business_status": "OPERATIONAL",
            "geometry": {
                "location": {
                    "lat": 35.6221598,
                    "lng": 139.729093
                },
                "viewport": {
                    "northeast": {
                        "lat": 35.6234916802915,
                        "lng": 139.7304400802915
                    },
                    "southwest": {
                        "lat": 35.6207937197085,
                        "lng": 139.7277421197085
                    }
                }
            },
            "icon": "https://maps.gstatic.com/mapfiles/place_api/icons/v1/png_71/park-71.png",
            "icon_background_color": "#4DB546",
            "icon_mask_base_uri": "https://maps.gstatic.com/mapfiles/place_api/icons/v2/tree_pinlet",
            "name": "御成橋公園",
            "opening_hours": {
                "open_now": true
            },
            "photos": [
                {
                    "height": 2736,
                    "html_attributions": [
                        "<a href=\"https://maps.google.com/maps/contrib/118163684325969853313\">takanobu i</a>"
                    ],
                    "photo_reference": "Aap_uEA3AjD3o8YMJiT4OW1D9IlEczMnpvKcBIcjPLFpITLaf96PzCq9g784mYWspxY0EaqMqdQewNCL65M4O2yr3wPIKJITHGwwfrQu1Liesyn8jHPYKy3-803CQjh7uaRSg-amNEmVSn8WCFLTZQ8RVEj_9gikJ5wnNxoZNJqSIW59Hnoh",
                    "width": 3648
                }
            ],
            "place_id": "ChIJVVV8-vaKGGAR7pGh82VFE-o",
            "plus_code": {
                "compound_code": "JPCH+VJ 日本、東京都品川区",
                "global_code": "8Q7XJPCH+VJ"
            },
            "rating": 3.8,
            "reference": "ChIJVVV8-vaKGGAR7pGh82VFE-o",
            "scope": "GOOGLE",
            "types": [
                "park",
                "tourist_attraction",
                "point_of_interest",
                "establishment"
            ],
            "user_ratings_total": 111,
            "vicinity": "品川区東五反田２丁目１５−２０"
        },
        {
            "business_status": "OPERATIONAL",
            "geometry": {
                "location": {
                    "lat": 35.6230945,
                    "lng": 139.7263155
                },
                "viewport": {
                    "northeast": {
                        "lat": 35.6244447802915,
                        "lng": 139.7276233302915
                    },
                    "southwest": {
                        "lat": 35.6217468197085,
                        "lng": 139.7249253697085
                    }
                }
            },
            "icon": "https://maps.gstatic.com/mapfiles/place_api/icons/v1/png_71/park-71.png",
            "icon_background_color": "#4DB546",
            "icon_mask_base_uri": "https://maps.gstatic.com/mapfiles/place_api/icons/v2/tree_pinlet",
            "name": "大崎駅東口 涼のみち",
            "photos": [
                {
                    "height": 3456,
                    "html_attributions": [
                        "<a href=\"https://maps.google.com/maps/contrib/112228717848982338439\">t s</a>"
                    ],
                    "photo_reference": "Aap_uEBVgvQFEIkMVdChqPTsAXsWqmjBIm8_N0eunN5FCchrzb9rO-5iwcjoIOTFiylN1GNXW9_AcCobVRkts8k_e0C8JhrFj2jBxKNo-5WSqYcjig2AInbxsFQyTc7_YQDqYpXJBggSyUltlJUniTw1xs4mgDkUAeCNYZmCPUbDDAoFjHoF",
                    "width": 5184
                }
            ],
            "place_id": "ChIJZQpVA6iLGGARyU9Hs-9qGIY",
            "plus_code": {
                "compound_code": "JPFG+6G 日本、東京都品川区",
                "global_code": "8Q7XJPFG+6G"
            },
            "rating": 3,
            "reference": "ChIJZQpVA6iLGGARyU9Hs-9qGIY",
            "scope": "GOOGLE",
            "types": [
                "park",
                "point_of_interest",
                "establishment"
            ],
            "user_ratings_total": 1,
            "vicinity": "品川区大崎１丁目２"
        }
    ],
    "status": "OK"
}