{
    "html_attributions": [],
    "results": [
        {
            "business_status": "OPERATIONAL",
            "geometry": {
                "location": {
                    "lat": 35.6610397,
                    "lng": 139.6655177
                },
                "viewport": {
                    "northeast": {
                        "lat": 35.6623661302915,
                        "lng": 139.6669068302915
                    },
                    "southwest": {
                        "lat": 35.6596681697085,
                        "lng": 139.6642088697085
                    }
                }
            },
            "icon": "https://maps.gstatic.com/mapfiles/place_api/icons/v1/png_71/cafe-71.png",
            "icon_background_color": "#FF9E67",
            "icon_mask_base_uri": "https://maps.gstatic.com/mapfiles/place_api/icons/v2/cafe_pinlet",
            "name": "ビオ オジヤン カフェ 下北沢店",
            "opening_hours": {
                "open_now": true
            },
            "photos": [
                {
                    "height": 2160,
                    "html_attributions": [
                        "<a href=\"https://maps.google.com/maps/contrib/105942474837924252505\">riki h</a>"
                    ],
                    "photo_reference": "Aap_uEAXyawPjhuSQD2vwciH6epNunZomv76qvAgsq6jkWlqm8_cft2WrJtaaQsR9-K_qTVA1Ydq0-s8wK72qHiQadiRuoor2vj9CIz9U6H_LzSDwWDx-6tXOel4Hsy9gSov9XH0gkPJq3eqGiT3mHRcKuHFHTuMt7_mJqaP9lM1_AhpazNm",
                    "width": 3840
                }
            ],
            "place_id": "ChIJPfySd2zzGGARlxayGHHor8c",
            "plus_code": {
                "compound_code": "MM68+C6 日本、東京都世田谷区",
                "global_code": "8Q7XMM68+C6"
            },
            "price_level": 2,
            "rating": 3.9,
            "reference": "ChIJPfySd2zzGGARlxayGHHor8c",
            "scope": "GOOGLE",
            "types": [
                "cafe",
                "food",
                "point_of_interest",
                "establishment"
            ],
            "user_ratings_total": 178,
            "vicinity": "世田谷区代田５丁目３５−２５ ダノイ下北沢 1階"
        }
    ],
    "status": "OK"
}