{
    "html_attributions": [],
    "results": [
        {
            "business_status": "OPERATIONAL",
            "geometry": {
                "location": {
                    "lat": 35.6258434,
                    "lng": 139.7270271
                },
                "viewport": {
                    "northeast": {
                        "lat": 35.62708578029149,
                        "lng": 139.7284029802915
                    },
                    "southwest": {
                        "lat": 35.6243878197085,
                        "lng": 139.7257050197085
                    }
                }
            },
            "icon": "https://maps.gstatic.com/mapfiles/place_api/icons/v1/png_71/generic_business-71.png",
            "icon_background_color": "#7B9EB0",
            "icon_mask_base_uri": "https://maps.gstatic.com/mapfiles/place_api/icons/v2/generic_pinlet",
            "name": "BasisPoint 五反田店",
            "opening_hours": {
                "open_now": true
            },
            "photos": [
                {
                    "height": 1365,
                    "html_attributions": [
                        "<a href=\"https://maps.google.com/maps/contrib/118114300405705794599\">BasisPoint 五反田店</a>"
                    ],
                    "photo_reference": "Aap_uECqF37JXy76yE0nJGWS7dmauuI2f4Syjzyl9sSqWwidg1FSOzfNaIOw7MQPlbB50Cs3DnRO1zdBmTrIO8p3ywW5jvH-15FugH-XnYFfVUJ5owejoGgmGT09nPKGUZ3K_bhI07zVME8ye-BlafK-KhmD-2_xfhim4LbN1t8pu7eVSGaY",
                    "width": 2048
                }
            ],
            "place_id": "ChIJQUKHifmKGGARS6wgKN15tlY",
            "plus_code": {
                "compound_code": "JPGG+8R 日本、東京都品川区",
                "global_code": "8Q7XJPGG+8R"
            },
            "rating": 3.9,
            "reference": "ChIJQUKHifmKGGARS6wgKN15tlY",
            "scope": "GOOGLE",
            "types": [
                "cafe",
                "food",
                "point_of_interest",
                "establishment"
            ],
            "user_ratings_total": 55,
            "vicinity": "品川区東五反田１丁目２２−６ 五反田さくらビル 3F ビル"
        },
        {
            "business_status": "OPERATIONAL",
            "geometry": {
                "location": {
                    "lat": 35.6258574,
                    "lng": 139.7262519
                },
                "viewport": {
                    "northeast": {
                        "lat": 35.62712748029151,
                        "lng": 139.7276429302915
                    },
                    "southwest": {
                        "lat": 35.62442951970851,
                        "lng": 139.7249449697085
                    }
                }
            },
            "icon": "https://maps.gstatic.com/mapfiles/place_api/icons/v1/png_71/cafe-71.png",
            "icon_background_color": "#FF9E67",
            "icon_mask_base_uri": "https://maps.gstatic.com/mapfiles/place_api/icons/v2/cafe_pinlet",
            "name": "星乃珈琲店 五反田店",
            "opening_hours": {
                "open_now": false
            },
            "photos": [
                {
                    "height": 3555,
                    "html_attributions": [
                        "<a href=\"https://maps.google.com/maps/contrib/108440966639800104380\">小宮山昭一</a>"
                    ],
                    "photo_reference": "Aap_uEDW3ras1t65JCtmF8pQfNBA6gtSzfehE5z_dXrTbI5qwOvcWK3wTlTN-TUe0SeocKuL6an4Ck0fGUqid5UemwYT8MpD52Is1HcOWKFqkEz32YTvkH7L8sNTKj5vqlP1sZzr3sumwyYIErEh4v0hTSnHJgrzxW4t7gHjItg0r-9m6M5c",
                    "width": 5333
                }
            ],
            "place_id": "ChIJSf8s1CaLGGARC1FT38ICinI",
            "plus_code": {
                "compound_code": "JPGG+8G 日本、東京都品川区",
                "global_code": "8Q7XJPGG+8G"
            },
            "price_level": 2,
            "rating": 3.9,
            "reference": "ChIJSf8s1CaLGGARC1FT38ICinI",
            "scope": "GOOGLE",
            "types": [
                "cafe",
                "food",
                "point_of_interest",
                "store",
                "establishment"
            ],
            "user_ratings_total": 184,
            "vicinity": "品川区東五反田１丁目２１−５ ２階"
        },
        {
            "business_status": "OPERATIONAL",
            "geometry": {
                "location": {
                    "lat": 35.62558790000001,
                    "lng": 139.7259571
                },
                "viewport": {
                    "northeast": {
                        "lat": 35.6270083302915,
                        "lng": 139.7273157802915
                    },
                    "southwest": {
                        "lat": 35.62431036970851,
                        "lng": 139.7246178197085
                    }
                }
            },
            "icon": "https://maps.gstatic.com/mapfiles/place_api/icons/v1/png_71/cafe-71.png",
            "icon_background_color": "#FF9E67",
            "icon_mask_base_uri": "https://maps.gstatic.com/mapfiles/place_api/icons/v2/cafe_pinlet",
            "name": "MOBaCAFE",
            "opening_hours": {
                "open_now": false
            },
            "photos": [
                {
                    "height": 6327,
                    "html_attributions": [
                        "<a href=\"https://maps.google.com/maps/contrib/109499756516052727426\">Mikinari Hirai</a>"
                    ],
                    "photo_reference": "Aap_uEBTcJUZ05H7_fpgpWt1seeXpGF4_k6hTcpteBtwetnEUj7myTVKB4wUF-Mf0qwaV8Qx0lAMX7kUv5RYjr3cGOT3H66U3hnRmYorSjCBvLK5QuvarEWpTHJgWkXup4GCsUWOcZ3GGGbFbln4FOPTqka7IQSv0Dkwh4CDPYaL3WfQRrU",
                    "width": 9490
                }
            ],
            "place_id": "ChIJ9U13ozOLGGARtJLs3IYsamA",
            "plus_code": {
                "compound_code": "JPGG+69 日本、東京都品川区",
                "global_code": "8Q7XJPGG+69"
            },
            "rating": 4.4,
            "reference": "ChIJ9U13ozOLGGARtJLs3IYsamA",
            "scope": "GOOGLE",
            "types": [
                "cafe",
                "food",
                "point_of_interest",
                "store",
                "establishment"
            ],
            "user_ratings_total": 13,
            "vicinity": "品川区東五反田２丁目３−２"
        },
        {
            "business_status": "OPERATIONAL",
            "geometry": {
                "location": {
                    "lat": 35.6263414,
                    "lng": 139.7266611
                },
                "viewport": {
                    "northeast": {
                        "lat": 35.6276545802915,
                        "lng": 139.7280043302915
                    },
                    "southwest": {
                        "lat": 35.6249566197085,
                        "lng": 139.7253063697085
                    }
                }
            },
            "icon": "https://maps.gstatic.com/mapfiles/place_api/icons/v1/png_71/cafe-71.png",
            "icon_background_color": "#FF9E67",
            "icon_mask_base_uri": "https://maps.gstatic.com/mapfiles/place_api/icons/v2/cafe_pinlet",
            "name": "Love curry",
            "opening_hours": {
                "open_now": true
            },
            "photos": [
                {
                    "height": 2416,
                    "html_attributions": [
                        "<a href=\"https://maps.google.com/maps/contrib/105770360230341145676\">GIBSON SG</a>"
                    ],
                    "photo_reference": "Aap_uEBQU7Uh7XkarxWd3hN4P52KEocys741cquzA9S8fhbl152Qi4RKtk6YQ_5mJfwUdS1d_GKbMd8tokxuhYUsJR0tALc8KxRTzLF-LvQlsf_5R3QbhAHKzEVJ8v3yNd9N9ggu1yO4G5cGxa96zFt72LXX_zNLUaZwLD-BenyCHxk1X4h3",
                    "width": 3756
                }
            ],
            "place_id": "ChIJ5bD8jcuLGGAR6bjtW9RQC7E",
            "plus_code": {
                "compound_code": "JPGG+GM 日本、東京都品川区",
                "global_code": "8Q7XJPGG+GM"
            },
            "rating": 5,
            "reference": "ChIJ5bD8jcuLGGAR6bjtW9RQC7E",
            "scope": "GOOGLE",
            "types": [
                "cafe",
                "food",
                "point_of_interest",
                "establishment"
            ],
            "user_ratings_total": 2,
            "vicinity": "品川区東五反田１丁目１９−７ ＫＢ五反田ビル B1"
        },
        {
            "business_status": "OPERATIONAL",
            "geometry": {
                "location": {
                    "lat": 35.626658,
                    "lng": 139.7263939
                },
                "viewport": {
                    "northeast": {
                        "lat": 35.6280606802915,
                        "lng": 139.7277656302915
                    },
                    "southwest": {
                        "lat": 35.6253627197085,
                        "lng": 139.7250676697085
                    }
                }
            },
            "icon": "https://maps.gstatic.com/mapfiles/place_api/icons/v1/png_71/cafe-71.png",
            "icon_background_color": "#FF9E67",
            "icon_mask_base_uri": "https://maps.gstatic.com/mapfiles/place_api/icons/v2/cafe_pinlet",
            "name": ".room157号店",
            "opening_hours": {
                "open_now": true
            },
            "photos": [
                {
                    "height": 2304,
                    "html_attributions": [
                        "<a href=\"https://maps.google.com/maps/contrib/106321829121674887053\">スペレンタロウ</a>"
                    ],
                    "photo_reference": "Aap_uEApMb-imbFfkao2vmS5dQYKliGM9uFFizPFXWeDdRbyhZxjPwuIUq_47Ly2JYt6M5p0sJ4HGkI1Fbke9cKDrKyIUQ2X0rPtcqymfrnCIS-EPX5OPYq2CuIqS05OEB7s7Bfl8kw7tM6DMYUvRJBrSg8FqWAc7RsHLChaX3JzPCY-IqC9",
                    "width": 3456
                }
            ],
            "place_id": "ChIJD5_ZjBCLGGARPuKJxGDbbow",
            "plus_code": {
                "compound_code": "JPGG+MH 日本、東京都品川区",
                "global_code": "8Q7XJPGG+MH"
            },
            "rating": 2,
            "reference": "ChIJD5_ZjBCLGGARPuKJxGDbbow",
            "scope": "GOOGLE",
            "types": [
                "cafe",
                "food",
                "point_of_interest",
                "establishment"
            ],
            "user_ratings_total": 1,
            "vicinity": "品川区東五反田１丁目１８−３"
        },
        {
            "business_status": "OPERATIONAL",
            "geometry": {
                "location": {
                    "lat": 35.6267991,
                    "lng": 139.7259223
                },
                "viewport": {
                    "northeast": {
                        "lat": 35.6281658802915,
                        "lng": 139.7272446802915
                    },
                    "southwest": {
                        "lat": 35.62546791970851,
                        "lng": 139.7245467197085
                    }
                }
            },
            "icon": "https://maps.gstatic.com/mapfiles/place_api/icons/v1/png_71/cafe-71.png",
            "icon_background_color": "#FF9E67",
            "icon_mask_base_uri": "https://maps.gstatic.com/mapfiles/place_api/icons/v2/cafe_pinlet",
            "name": "A.KIRA｜KARAOKE LOUNGE",
            "opening_hours": {
                "open_now": true
            },
            "photos": [
                {
                    "height": 1365,
                    "html_attributions": [
                        "<a href=\"https://maps.google.com/maps/contrib/103474400322145410815\">A.KIRA｜KARAOKE LOUNGE</a>"
                    ],
                    "photo_reference": "Aap_uEBjhikrTTengv0TiKNnpphIJR4r4QtTZMtc9cxAX6uGTsGfpscxg8w7DFDsFMu4WO-tPbao0ngQfkve_FzsYOciK8ZEn-QIZSGbwruT0ivO_XkHhZRkhVOsGa-LD93P8O2b9k_JN8gD6VG3CxzXMk6FWrmBlTXIClV_DEfHNTgxIqPn",
                    "width": 2048
                }
            ],
            "place_id": "ChIJ7auuyPuKGGAR3Sl9W11jYPA",
            "plus_code": {
                "compound_code": "JPGG+P9 日本、東京都品川区",
                "global_code": "8Q7XJPGG+P9"
            },
            "rating": 4,
            "reference": "ChIJ7auuyPuKGGAR3Sl9W11jYPA",
            "scope": "GOOGLE",
            "types": [
                "cafe",
                "bar",
                "food",
                "point_of_interest",
                "establishment"
            ],
            "user_ratings_total": 1,
            "vicinity": "品川区東五反田１丁目１８−１４ ２階"
        }
    ],
    "status": "OK"
}