{
    "html_attributions": [],
    "results": [
        {
            "business_status": "OPERATIONAL",
            "geometry": {
                "location": {
                    "lat": 35.6639128,
                    "lng": 139.6661555
                },
                "viewport": {
                    "northeast": {
                        "lat": 35.6652966802915,
                        "lng": 139.6675014302915
                    },
                    "southwest": {
                        "lat": 35.6625987197085,
                        "lng": 139.6648034697085
                    }
                }
            },
            "icon": "https://maps.gstatic.com/mapfiles/place_api/icons/v1/png_71/generic_business-71.png",
            "icon_background_color": "#7B9EB0",
            "icon_mask_base_uri": "https://maps.gstatic.com/mapfiles/place_api/icons/v2/generic_pinlet",
            "name": "ギャラリースペーススプラウト",
            "opening_hours": {
                "open_now": false
            },
            "photos": [
                {
                    "height": 3744,
                    "html_attributions": [
                        "<a href=\"https://maps.google.com/maps/contrib/108059959038091098816\">Hiroshi Koizümi</a>"
                    ],
                    "photo_reference": "Aap_uECgEK8BBj3RT305yzXM4wPmF-hi5MFs-KEMFFam1lq_JplRsiT8djRjk5CxWugNKUNZFl6ToSxNIpAI5e_2yh2ZdhSk7Lgz8k1FkBNxj9_CN3dh3SmoZWk-WhtWod_D6-q_XxayQrrCu3uWGAYGrSj0-aauziXuIslxoFSzNvD88h5-",
                    "width": 4993
                }
            ],
            "place_id": "ChIJW_aKUWvzGGARowLLb36HEtI",
            "plus_code": {
                "compound_code": "MM78+HF 日本、東京都世田谷区",
                "global_code": "8Q7XMM78+HF"
            },
            "rating": 1,
            "reference": "ChIJW_aKUWvzGGARowLLb36HEtI",
            "scope": "GOOGLE",
            "types": [
                "art_gallery",
                "museum",
                "point_of_interest",
                "store",
                "establishment"
            ],
            "user_ratings_total": 1,
            "vicinity": "世田谷区北沢２丁目３９−６"
        },
        {
            "business_status": "OPERATIONAL",
            "geometry": {
                "location": {
                    "lat": 35.663086,
                    "lng": 139.6675387
                },
                "viewport": {
                    "northeast": {
                        "lat": 35.66443598029149,
                        "lng": 139.6688835302915
                    },
                    "southwest": {
                        "lat": 35.66173801970849,
                        "lng": 139.6661855697085
                    }
                }
            },
            "icon": "https://maps.gstatic.com/mapfiles/place_api/icons/v1/png_71/generic_business-71.png",
            "icon_background_color": "#7B9EB0",
            "icon_mask_base_uri": "https://maps.gstatic.com/mapfiles/place_api/icons/v2/generic_pinlet",
            "name": "バロンデッセ アートギャラリー(3F)",
            "photos": [
                {
                    "height": 1440,
                    "html_attributions": [
                        "<a href=\"https://maps.google.com/maps/contrib/102789760153912924515\">Izumita Works</a>"
                    ],
                    "photo_reference": "Aap_uEAE-xK2TImcchIm6EAfOOArXP45uz5wNEIMsfp5El88xF0aVcjuexHtSy9UpT1xx-zpq6EoNARu-ozJD7mmEzlqwGVYPHE6Gp0wJxNjVPDEWpyMsdAJvW0s9cYomVFQ4Bj7PewYISCs2oFramC2A7ufj789cqQoG-27SpH4Tx6-k-3l",
                    "width": 1440
                }
            ],
            "place_id": "ChIJNSnfkcTzGGAR0ewosDw8vCQ",
            "plus_code": {
                "compound_code": "MM79+62 日本、東京都世田谷区",
                "global_code": "8Q7XMM79+62"
            },
            "reference": "ChIJNSnfkcTzGGAR0ewosDw8vCQ",
            "scope": "GOOGLE",
            "types": [
                "art_gallery",
                "point_of_interest",
                "establishment"
            ],
            "vicinity": "世田谷区北沢２丁目３５−２ 第３シンヤシキビル ３階"
        },
        {
            "business_status": "OPERATIONAL",
            "geometry": {
                "location": {
                    "lat": 35.66283,
                    "lng": 139.666315
                },
                "viewport": {
                    "northeast": {
                        "lat": 35.6641789802915,
                        "lng": 139.6676639802915
                    },
                    "southwest": {
                        "lat": 35.6614810197085,
                        "lng": 139.6649660197085
                    }
                }
            },
            "icon": "https://maps.gstatic.com/mapfiles/place_api/icons/v1/png_71/generic_business-71.png",
            "icon_background_color": "#7B9EB0",
            "icon_mask_base_uri": "https://maps.gstatic.com/mapfiles/place_api/icons/v2/generic_pinlet",
            "name": "貸しギャラリー おばあちゃん家",
            "place_id": "ChIJJ4IRkDXzGGARD6MGrL5nBZM",
            "plus_code": {
                "compound_code": "MM78+4G 日本、東京都世田谷区",
                "global_code": "8Q7XMM78+4G"
            },
            "rating": 1,
            "reference": "ChIJJ4IRkDXzGGARD6MGrL5nBZM",
            "scope": "GOOGLE",
            "types": [
                "art_gallery",
                "point_of_interest",
                "establishment"
            ],
            "user_ratings_total": 1,
            "vicinity": "世田谷区北沢２丁目２７−１５ フラットしもきた 1階"
        }
    ],
    "status": "OK"
}