{
    "html_attributions": [],
    "results": [
        {
            "business_status": "OPERATIONAL",
            "geometry": {
                "location": {
                    "lat": 35.6229647,
                    "lng": 139.7282697
                },
                "viewport": {
                    "northeast": {
                        "lat": 35.6243072802915,
                        "lng": 139.7296704302915
                    },
                    "southwest": {
                        "lat": 35.6216093197085,
                        "lng": 139.7269724697085
                    }
                }
            },
            "icon": "https://maps.gstatic.com/mapfiles/place_api/icons/v1/png_71/movies-71.png",
            "icon_background_color": "#13B5C7",
            "icon_mask_base_uri": "https://maps.gstatic.com/mapfiles/place_api/icons/v2/movie_pinlet",
            "name": "イマジカ第二試写室",
            "photos": [
                {
                    "height": 3648,
                    "html_attributions": [
                        "<a href=\"https://maps.google.com/maps/contrib/101426671064218355625\">R F</a>"
                    ],
                    "photo_reference": "Aap_uEAZExUfWcsUOgWRKzr3-BvLE7NmMdZqav7vBtTpzNrYEMWv1z5BPT_Etx5XjDjkPjehD2DpIHMKN21V1HRadzfSyfBhrqOvc6PoErFCzIZ1iSZUBmghQcrfXzr3pY6vE59psUmY3o3L4xsnZqUoo98kQA_FaH7Y0lzCCQQhfiWFC5rk",
                    "width": 2736
                }
            ],
            "place_id": "ChIJzcKbbHSLGGARG__MF2bWTfY",
            "plus_code": {
                "compound_code": "JPFH+58 日本、東京都品川区",
                "global_code": "8Q7XJPFH+58"
            },
            "rating": 4,
            "reference": "ChIJzcKbbHSLGGARG__MF2bWTfY",
            "scope": "GOOGLE",
            "types": [
                "movie_theater",
                "point_of_interest",
                "establishment"
            ],
            "user_ratings_total": 5,
            "vicinity": "品川区東五反田２丁目１４"
        }
    ],
    "status": "OK"
}