{
    "html_attributions": [],
    "results": [
        {
            "business_status": "OPERATIONAL",
            "geometry": {
                "location": {
                    "lat": 35.6649457,
                    "lng": 139.6716735
                },
                "viewport": {
                    "northeast": {
                        "lat": 35.6662973802915,
                        "lng": 139.6730547302915
                    },
                    "southwest": {
                        "lat": 35.6635994197085,
                        "lng": 139.6703567697085
                    }
                }
            },
            "icon": "https://maps.gstatic.com/mapfiles/place_api/icons/v1/png_71/park-71.png",
            "icon_background_color": "#4DB546",
            "icon_mask_base_uri": "https://maps.gstatic.com/mapfiles/place_api/icons/v2/tree_pinlet",
            "name": "北沢ななかまど広場",
            "place_id": "ChIJTXuZHorzGGARy5pN6jhrZlQ",
            "plus_code": {
                "compound_code": "MM7C+XM 日本、東京都世田谷区",
                "global_code": "8Q7XMM7C+XM"
            },
            "reference": "ChIJTXuZHorzGGARy5pN6jhrZlQ",
            "scope": "GOOGLE",
            "types": [
                "park",
                "point_of_interest",
                "establishment"
            ],
            "vicinity": "世田谷区北沢３丁目１１−１７"
        },
        {
            "business_status": "OPERATIONAL",
            "geometry": {
                "location": {
                    "lat": 35.6645145,
                    "lng": 139.6714213
                },
                "viewport": {
                    "northeast": {
                        "lat": 35.66587923029149,
                        "lng": 139.6727713302915
                    },
                    "southwest": {
                        "lat": 35.6631812697085,
                        "lng": 139.6700733697085
                    }
                }
            },
            "icon": "https://maps.gstatic.com/mapfiles/place_api/icons/v1/png_71/park-71.png",
            "icon_background_color": "#4DB546",
            "icon_mask_base_uri": "https://maps.gstatic.com/mapfiles/place_api/icons/v2/tree_pinlet",
            "name": "北沢さんきゅう広場",
            "opening_hours": {
                "open_now": true
            },
            "photos": [
                {
                    "height": 3648,
                    "html_attributions": [
                        "<a href=\"https://maps.google.com/maps/contrib/104688599360543414927\">9139 nani</a>"
                    ],
                    "photo_reference": "Aap_uECsQQR9zXnPm4Jcbz27QLCGngtnGy4Ter1Az2n1BnU_9SGsnt8-WDoxcNSMJ47vJ2w5rbqqU8GIcc2CzjalR3XADpD6dXGEBSo7MeZ9UC7su4ZAOyxhw7A7jP8dIHypsgeOKyx0EJx-yFQ5cLFt3FLvdcSGDtM0T1HAihbUiaO5TDML",
                    "width": 5472
                }
            ],
            "place_id": "ChIJB5s5MEDzGGAR-oyGuFb1lDQ",
            "plus_code": {
                "compound_code": "MM7C+RH 日本、東京都世田谷区",
                "global_code": "8Q7XMM7C+RH"
            },
            "rating": 3.1,
            "reference": "ChIJB5s5MEDzGGAR-oyGuFb1lDQ",
            "scope": "GOOGLE",
            "types": [
                "park",
                "point_of_interest",
                "establishment"
            ],
            "user_ratings_total": 8,
            "vicinity": "世田谷区北沢３丁目９−１３"
        },
        {
            "business_status": "OPERATIONAL",
            "geometry": {
                "location": {
                    "lat": 35.6654376,
                    "lng": 139.672613
                },
                "viewport": {
                    "northeast": {
                        "lat": 35.66676058029149,
                        "lng": 139.6739864302915
                    },
                    "southwest": {
                        "lat": 35.6640626197085,
                        "lng": 139.6712884697085
                    }
                }
            },
            "icon": "https://maps.gstatic.com/mapfiles/place_api/icons/v1/png_71/park-71.png",
            "icon_background_color": "#4DB546",
            "icon_mask_base_uri": "https://maps.gstatic.com/mapfiles/place_api/icons/v2/tree_pinlet",
            "name": "北沢かいどうひろば",
            "place_id": "ChIJmf9zIiTzGGARCX7GVgB9FL0",
            "plus_code": {
                "compound_code": "MM8F+52 日本、東京都世田谷区",
                "global_code": "8Q7XMM8F+52"
            },
            "reference": "ChIJmf9zIiTzGGARCX7GVgB9FL0",
            "scope": "GOOGLE",
            "types": [
                "park",
                "point_of_interest",
                "establishment"
            ],
            "vicinity": "世田谷区北沢３丁目７−１"
        },
        {
            "business_status": "OPERATIONAL",
            "geometry": {
                "location": {
                    "lat": 35.6661856,
                    "lng": 139.6706295
                },
                "viewport": {
                    "northeast": {
                        "lat": 35.6675690802915,
                        "lng": 139.6719399302915
                    },
                    "southwest": {
                        "lat": 35.6648711197085,
                        "lng": 139.6692419697085
                    }
                }
            },
            "icon": "https://maps.gstatic.com/mapfiles/place_api/icons/v1/png_71/park-71.png",
            "icon_background_color": "#4DB546",
            "icon_mask_base_uri": "https://maps.gstatic.com/mapfiles/place_api/icons/v2/tree_pinlet",
            "name": "北沢三丁目公園",
            "opening_hours": {
                "open_now": true
            },
            "photos": [
                {
                    "height": 2160,
                    "html_attributions": [
                        "<a href=\"https://maps.google.com/maps/contrib/114902723416276877995\">田中裕一郎</a>"
                    ],
                    "photo_reference": "Aap_uEBqh2iTn1ZJIATxK_Eeu4nPiETYTI_ZsC9uvWXDY0Jfc6Y6f7eLVik0eKM3V48sMYto8sxF8YcawPo-Yp_YptOYqNERWeM_aZbBnsG2K4ijPuzQ5Sa_LcJoe-dz01uS0ADSpxhIubKWjnamHrzMsxddZ5XezKCBPKBcNG_WUBHIErni",
                    "width": 3840
                }
            ],
            "place_id": "ChIJna6jVRXzGGARvtz17yy3-ac",
            "plus_code": {
                "compound_code": "MM8C+F7 日本、東京都世田谷区",
                "global_code": "8Q7XMM8C+F7"
            },
            "rating": 3.3,
            "reference": "ChIJna6jVRXzGGARvtz17yy3-ac",
            "scope": "GOOGLE",
            "types": [
                "park",
                "tourist_attraction",
                "point_of_interest",
                "establishment"
            ],
            "user_ratings_total": 27,
            "vicinity": "世田谷区北沢３丁目１４−９"
        },
        {
            "business_status": "OPERATIONAL",
            "geometry": {
                "location": {
                    "lat": 35.6658097,
                    "lng": 139.6697745
                },
                "viewport": {
                    "northeast": {
                        "lat": 35.66716013029149,
                        "lng": 139.6711619302915
                    },
                    "southwest": {
                        "lat": 35.66446216970849,
                        "lng": 139.6684639697085
                    }
                }
            },
            "icon": "https://maps.gstatic.com/mapfiles/place_api/icons/v1/png_71/park-71.png",
            "icon_background_color": "#4DB546",
            "icon_mask_base_uri": "https://maps.gstatic.com/mapfiles/place_api/icons/v2/tree_pinlet",
            "name": "えごのき広場",
            "photos": [
                {
                    "height": 4032,
                    "html_attributions": [
                        "<a href=\"https://maps.google.com/maps/contrib/101925534185029104512\">F A</a>"
                    ],
                    "photo_reference": "Aap_uEAut5D1yI9m_9h18cLJZBsxz6fZ8YGmbIdFgMyGqFKriqXvgSTjd7Zqad2kNsZeKSFeQkwRl4yVoc09J2w1xCAw9c8qODMQ2tid_y1XAGyi03IF5i-84fk98zwiZGwHdul-2RQdGX4JQ0upAfBnu-Q93aWhMpwPGkMljiNSF9fNsYo",
                    "width": 3024
                }
            ],
            "place_id": "ChIJq1qzQpLzGGARzW5-BaVlEqg",
            "plus_code": {
                "compound_code": "MM89+8W 日本、東京都世田谷区",
                "global_code": "8Q7XMM89+8W"
            },
            "rating": 5,
            "reference": "ChIJq1qzQpLzGGARzW5-BaVlEqg",
            "scope": "GOOGLE",
            "types": [
                "park",
                "point_of_interest",
                "establishment"
            ],
            "user_ratings_total": 2,
            "vicinity": "世田谷区北沢４丁目１０−１６"
        }
    ],
    "status": "OK"
}