{
    "html_attributions": [],
    "results": [
        {
            "business_status": "OPERATIONAL",
            "geometry": {
                "location": {
                    "lat": 35.6247478,
                    "lng": 139.7240497
                },
                "viewport": {
                    "northeast": {
                        "lat": 35.6261043802915,
                        "lng": 139.7254040302915
                    },
                    "southwest": {
                        "lat": 35.6234064197085,
                        "lng": 139.7227060697085
                    }
                }
            },
            "icon": "https://maps.gstatic.com/mapfiles/place_api/icons/v1/png_71/park-71.png",
            "icon_background_color": "#4DB546",
            "icon_mask_base_uri": "https://maps.gstatic.com/mapfiles/place_api/icons/v2/tree_pinlet",
            "name": "大崎橋広場",
            "opening_hours": {
                "open_now": true
            },
            "photos": [
                {
                    "height": 3888,
                    "html_attributions": [
                        "<a href=\"https://maps.google.com/maps/contrib/110738509468736237727\">森田大志</a>"
                    ],
                    "photo_reference": "Aap_uEC9II9j6tIwYdrWYW2J_XBSHurRuJCmlL_h21ODvEXi15Yx5o9-HwP7MSnY_bpp8gmIY7vT_ciHFeDSK51iK-r37LBc1nd1oZ6S5zWkthLD34w3VWSTHRcG6y1kNPXyjgf2rJ-oLmYkDNHJjaOxxwylVSjcjUtotjPJaN_AlFGb9dWW",
                    "width": 5184
                }
            ],
            "place_id": "ChIJi3nu--CKGGAREg7ey6YY4_Y",
            "plus_code": {
                "compound_code": "JPFF+VJ 日本、東京都品川区",
                "global_code": "8Q7XJPFF+VJ"
            },
            "rating": 3.4,
            "reference": "ChIJi3nu--CKGGAREg7ey6YY4_Y",
            "scope": "GOOGLE",
            "types": [
                "park",
                "point_of_interest",
                "establishment"
            ],
            "user_ratings_total": 12,
            "vicinity": "品川区西五反田１丁目１０−２"
        },
        {
            "business_status": "OPERATIONAL",
            "geometry": {
                "location": {
                    "lat": 35.6248559,
                    "lng": 139.7237805
                },
                "viewport": {
                    "northeast": {
                        "lat": 35.62622563029149,
                        "lng": 139.7251444802915
                    },
                    "southwest": {
                        "lat": 35.62352766970849,
                        "lng": 139.7224465197085
                    }
                }
            },
            "icon": "https://maps.gstatic.com/mapfiles/place_api/icons/v1/png_71/park-71.png",
            "icon_background_color": "#4DB546",
            "icon_mask_base_uri": "https://maps.gstatic.com/mapfiles/place_api/icons/v2/tree_pinlet",
            "name": "Osakibashi Square",
            "opening_hours": {
                "open_now": true
            },
            "photos": [
                {
                    "height": 1600,
                    "html_attributions": [
                        "<a href=\"https://maps.google.com/maps/contrib/117097093062285313094\">Ivan Karanfilovski</a>"
                    ],
                    "photo_reference": "Aap_uEBPEhcPhRVnzW5XyrLHyrq9OhnWUFvgDOYr04F8d7COQ97wBDor9_IisZMEzVU9tMwjMfQ8-0MJ68JDKvr5BNK64yXa6R0-T-M8949KEjtUV8AmdwDzlWE6fWzTar_Vlm6wDOxxwgi9NsCaNg8SYbjBW82J_9RNOH1qgfR1um8spLiJ",
                    "width": 1200
                }
            ],
            "place_id": "ChIJSc5glKqLGGAR8qDf7gaYF3E",
            "plus_code": {
                "compound_code": "JPFF+WG 日本、東京都品川区",
                "global_code": "8Q7XJPFF+WG"
            },
            "reference": "ChIJSc5glKqLGGAR8qDf7gaYF3E",
            "scope": "GOOGLE",
            "types": [
                "park",
                "point_of_interest",
                "establishment"
            ],
            "vicinity": "品川区西五反田１丁目１０−２"
        },
        {
            "business_status": "OPERATIONAL",
            "geometry": {
                "location": {
                    "lat": 35.6245837,
                    "lng": 139.7251361
                },
                "viewport": {
                    "northeast": {
                        "lat": 35.6259519302915,
                        "lng": 139.7265828302915
                    },
                    "southwest": {
                        "lat": 35.6232539697085,
                        "lng": 139.7238848697085
                    }
                }
            },
            "icon": "https://maps.gstatic.com/mapfiles/place_api/icons/v1/png_71/park-71.png",
            "icon_background_color": "#4DB546",
            "icon_mask_base_uri": "https://maps.gstatic.com/mapfiles/place_api/icons/v2/tree_pinlet",
            "name": "五反田南公園",
            "opening_hours": {
                "open_now": true
            },
            "photos": [
                {
                    "height": 3024,
                    "html_attributions": [
                        "<a href=\"https://maps.google.com/maps/contrib/110509127716148983046\">ゆうぼん</a>"
                    ],
                    "photo_reference": "Aap_uEC0Edi5ftwi3lpI2qMXs1YA_SJNA2BBkTUCLPLFbxi1WUXmWg2GUw7NNY-394vBBpoFcZn6AUwTW6nTcfV8JH5nG16siVD6ock42C819MW69bhchNK_6E7a2mVBIsLCE1NaO2f5jZL-dvTGQVIHL5f-uZUDlnzUKM37G4nmXQ-OChFM",
                    "width": 4032
                }
            ],
            "place_id": "ChIJBRvlaPqKGGAR85Idq-wXqv0",
            "plus_code": {
                "compound_code": "JPFG+R3 日本、東京都品川区",
                "global_code": "8Q7XJPFG+R3"
            },
            "rating": 3.8,
            "reference": "ChIJBRvlaPqKGGAR85Idq-wXqv0",
            "scope": "GOOGLE",
            "types": [
                "park",
                "tourist_attraction",
                "point_of_interest",
                "establishment"
            ],
            "user_ratings_total": 60,
            "vicinity": "品川区東五反田２丁目８−８"
        },
        {
            "business_status": "OPERATIONAL",
            "geometry": {
                "location": {
                    "lat": 35.6277369,
                    "lng": 139.7235752
                },
                "viewport": {
                    "northeast": {
                        "lat": 35.62908588029149,
                        "lng": 139.7249241802915
                    },
                    "southwest": {
                        "lat": 35.6263879197085,
                        "lng": 139.7222262197085
                    }
                }
            },
            "icon": "https://maps.gstatic.com/mapfiles/place_api/icons/v1/png_71/park-71.png",
            "icon_background_color": "#4DB546",
            "icon_mask_base_uri": "https://maps.gstatic.com/mapfiles/place_api/icons/v2/tree_pinlet",
            "name": "五反田公園",
            "opening_hours": {
                "open_now": true
            },
            "photos": [
                {
                    "height": 3000,
                    "html_attributions": [
                        "<a href=\"https://maps.google.com/maps/contrib/115961754164842440153\">Toru Nishiyama</a>"
                    ],
                    "photo_reference": "Aap_uECrb9p6vse9u3uQBbmefJkGW3u33_1W8U5uPlCwnBRvf5Z7mJeePeyRGv6Aq1mzKEjGxpUhsXtF4lPLJgaZTkivdaXU_jx-zcHQSKGHz7clRaKe0sD10QGI26aPujNAC8kShGa961vIqacuQpTqWn5T112gnnqQ6SFBvE9KOwFG8eV_",
                    "width": 4000
                }
            ],
            "place_id": "ChIJe9gEf_uKGGAR9sOSpLmHk5Y",
            "plus_code": {
                "compound_code": "JPHF+3C 日本、東京都品川区",
                "global_code": "8Q7XJPHF+3C"
            },
            "rating": 3.6,
            "reference": "ChIJe9gEf_uKGGAR9sOSpLmHk5Y",
            "scope": "GOOGLE",
            "types": [
                "park",
                "tourist_attraction",
                "point_of_interest",
                "establishment"
            ],
            "user_ratings_total": 66,
            "vicinity": "品川区東五反田５丁目２５−２７"
        }
    ],
    "status": "OK"
}