{
    "html_attributions": [],
    "results": [
        {
            "business_status": "OPERATIONAL",
            "geometry": {
                "location": {
                    "lat": 35.62707799999999,
                    "lng": 139.723307
                },
                "viewport": {
                    "northeast": {
                        "lat": 35.62842698029149,
                        "lng": 139.7246559802915
                    },
                    "southwest": {
                        "lat": 35.62572901970849,
                        "lng": 139.7219580197085
                    }
                }
            },
            "icon": "https://maps.gstatic.com/mapfiles/place_api/icons/v1/png_71/cafe-71.png",
            "icon_background_color": "#FF9E67",
            "icon_mask_base_uri": "https://maps.gstatic.com/mapfiles/place_api/icons/v2/cafe_pinlet",
            "name": "カフェ トゥジユール デビュテ",
            "opening_hours": {
                "open_now": true
            },
            "photos": [
                {
                    "height": 3155,
                    "html_attributions": [
                        "<a href=\"https://maps.google.com/maps/contrib/107804304792480228126\">さへきひろのぶ</a>"
                    ],
                    "photo_reference": "Aap_uEBUe3c3F3rvcBMo61m6QhID5J-Q8IJCMK6ULMFhDoFKuNyL1kXx533U6LDnRCMUKxIQTR6rukgRfDk5EE6ZfZqGFvyWLke0zE69jlH1BZOzfcjR6zwwxoX7aoYFrLaXoy2DQgMXw7PI33zcqT56F7p6rf-WrpoFN3yh-5XCxyYxirsT",
                    "width": 4734
                }
            ],
            "place_id": "ChIJhRLYZfuKGGARldTrDfMQxFg",
            "plus_code": {
                "compound_code": "JPGF+R8 日本、東京都品川区",
                "global_code": "8Q7XJPGF+R8"
            },
            "rating": 4.2,
            "reference": "ChIJhRLYZfuKGGARldTrDfMQxFg",
            "scope": "GOOGLE",
            "types": [
                "cafe",
                "food",
                "point_of_interest",
                "store",
                "establishment"
            ],
            "user_ratings_total": 94,
            "vicinity": "品川区東五反田５丁目２７−１２ 扇寿ビル B1F"
        },
        {
            "business_status": "OPERATIONAL",
            "geometry": {
                "location": {
                    "lat": 35.62771029999999,
                    "lng": 139.7244497
                },
                "viewport": {
                    "northeast": {
                        "lat": 35.6288338302915,
                        "lng": 139.7256709802915
                    },
                    "southwest": {
                        "lat": 35.6261358697085,
                        "lng": 139.7229730197085
                    }
                }
            },
            "icon": "https://maps.gstatic.com/mapfiles/place_api/icons/v1/png_71/cafe-71.png",
            "icon_background_color": "#FF9E67",
            "icon_mask_base_uri": "https://maps.gstatic.com/mapfiles/place_api/icons/v2/cafe_pinlet",
            "name": "サーカス",
            "opening_hours": {
                "open_now": false
            },
            "place_id": "ChIJaRyLgfuKGGARGMDl_I2x20c",
            "plus_code": {
                "compound_code": "JPHF+3Q 日本、東京都品川区",
                "global_code": "8Q7XJPHF+3Q"
            },
            "reference": "ChIJaRyLgfuKGGARGMDl_I2x20c",
            "scope": "GOOGLE",
            "types": [
                "cafe",
                "food",
                "point_of_interest",
                "establishment"
            ],
            "vicinity": "Japan"
        },
        {
            "business_status": "OPERATIONAL",
            "geometry": {
                "location": {
                    "lat": 35.6269508,
                    "lng": 139.7234855
                },
                "viewport": {
                    "northeast": {
                        "lat": 35.62831793029149,
                        "lng": 139.7247417302915
                    },
                    "southwest": {
                        "lat": 35.6256199697085,
                        "lng": 139.7220437697085
                    }
                }
            },
            "icon": "https://maps.gstatic.com/mapfiles/place_api/icons/v1/png_71/cafe-71.png",
            "icon_background_color": "#FF9E67",
            "icon_mask_base_uri": "https://maps.gstatic.com/mapfiles/place_api/icons/v2/cafe_pinlet",
            "name": "珈琲茶館 集 五反田東口店",
            "opening_hours": {
                "open_now": true
            },
            "photos": [
                {
                    "height": 1702,
                    "html_attributions": [
                        "<a href=\"https://maps.google.com/maps/contrib/113285612718397846004\">珈琲茶館 集 五反田東口店</a>"
                    ],
                    "photo_reference": "Aap_uEAq7ZNkcDUKakCIr9lzUHKr-itBSsf-gzkV_GXzFdYpT6lQfIiVf9RmD8lRdpFnRgGciyRevyBBwBrRuq7WfNfu7GtqdMPaPta4_RapPqD-w9IGkto7CoJTvcQgBAix7Qmg119Wg-ndOc4t5ioZhKZQGbrTxJ0SsfK5XRU7bfsxwvHi",
                    "width": 3024
                }
            ],
            "place_id": "ChIJhRLYZfuKGGARa6pM9za6tK0",
            "plus_code": {
                "compound_code": "JPGF+Q9 日本、東京都品川区",
                "global_code": "8Q7XJPGF+Q9"
            },
            "price_level": 3,
            "rating": 3.7,
            "reference": "ChIJhRLYZfuKGGARa6pM9za6tK0",
            "scope": "GOOGLE",
            "types": [
                "cafe",
                "food",
                "point_of_interest",
                "store",
                "establishment"
            ],
            "user_ratings_total": 409,
            "vicinity": "品川区東五反田５丁目２７−６ 第一五反田ビル 2F"
        },
        {
            "business_status": "OPERATIONAL",
            "geometry": {
                "location": {
                    "lat": 35.6270009,
                    "lng": 139.7234398
                },
                "viewport": {
                    "northeast": {
                        "lat": 35.62832128029149,
                        "lng": 139.7247188802915
                    },
                    "southwest": {
                        "lat": 35.6256233197085,
                        "lng": 139.7220209197085
                    }
                }
            },
            "icon": "https://maps.gstatic.com/mapfiles/place_api/icons/v1/png_71/cafe-71.png",
            "icon_background_color": "#FF9E67",
            "icon_mask_base_uri": "https://maps.gstatic.com/mapfiles/place_api/icons/v2/cafe_pinlet",
            "name": "第一五反田ビル",
            "opening_hours": {
                "open_now": false
            },
            "photos": [
                {
                    "height": 2620,
                    "html_attributions": [
                        "<a href=\"https://maps.google.com/maps/contrib/117605529474994304786\">METAL SHOWYOU</a>"
                    ],
                    "photo_reference": "Aap_uEClVjTZWcZWi2g2ULqqb_dIFj5-H0DELV2CSg1IuA7SJLZilbnf4-43Ihr5tWoG6HcBiKZejgc-dtQ_hdUrWd4BuSElVfYqy_h8lYCnaWKoCbowjxuOip4ArurVtuoiD5Bq6WIGJiMpjOyTkIslF4GN8TiCslwOmvGYFXQp4UHr-qBr",
                    "width": 4656
                }
            ],
            "place_id": "ChIJO4bzZfuKGGARneYZ933PK6I",
            "plus_code": {
                "compound_code": "JPGF+R9 日本、東京都品川区",
                "global_code": "8Q7XJPGF+R9"
            },
            "rating": 3.3,
            "reference": "ChIJO4bzZfuKGGARneYZ933PK6I",
            "scope": "GOOGLE",
            "types": [
                "cafe",
                "food",
                "point_of_interest",
                "establishment"
            ],
            "user_ratings_total": 49,
            "vicinity": "品川区東五反田５丁目２７−６"
        }
    ],
    "status": "OK"
}