{
    "html_attributions": [],
    "results": [
        {
            "business_status": "OPERATIONAL",
            "geometry": {
                "location": {
                    "lat": 35.6595917,
                    "lng": 139.6661954
                },
                "viewport": {
                    "northeast": {
                        "lat": 35.66099053029149,
                        "lng": 139.6675399802915
                    },
                    "southwest": {
                        "lat": 35.65829256970849,
                        "lng": 139.6648420197085
                    }
                }
            },
            "icon": "https://maps.gstatic.com/mapfiles/place_api/icons/v1/png_71/generic_business-71.png",
            "icon_background_color": "#7B9EB0",
            "icon_mask_base_uri": "https://maps.gstatic.com/mapfiles/place_api/icons/v2/generic_pinlet",
            "name": "下北沢GAoh! (ガオ)",
            "opening_hours": {
                "open_now": false
            },
            "place_id": "ChIJl6fsV2nzGGAR4pB2YPtI000",
            "plus_code": {
                "compound_code": "MM58+RF 日本、東京都世田谷区",
                "global_code": "8Q7XMM58+RF"
            },
            "reference": "ChIJl6fsV2nzGGAR4pB2YPtI000",
            "scope": "GOOGLE",
            "types": [
                "art_gallery",
                "point_of_interest",
                "establishment"
            ],
            "vicinity": "Japan"
        }
    ],
    "status": "OK"
}