{
    "html_attributions": [],
    "results": [
        {
            "business_status": "OPERATIONAL",
            "geometry": {
                "location": {
                    "lat": 35.66167839999999,
                    "lng": 139.6694923
                },
                "viewport": {
                    "northeast": {
                        "lat": 35.6630397802915,
                        "lng": 139.6708053802915
                    },
                    "southwest": {
                        "lat": 35.6603418197085,
                        "lng": 139.6681074197085
                    }
                }
            },
            "icon": "https://maps.gstatic.com/mapfiles/place_api/icons/v1/png_71/generic_business-71.png",
            "icon_background_color": "#7B9EB0",
            "icon_mask_base_uri": "https://maps.gstatic.com/mapfiles/place_api/icons/v2/generic_pinlet",
            "name": "下北沢ギャラリーHIBOUHIBOU",
            "opening_hours": {
                "open_now": false
            },
            "photos": [
                {
                    "height": 3840,
                    "html_attributions": [
                        "<a href=\"https://maps.google.com/maps/contrib/106414191667420527609\">佐藤理英</a>"
                    ],
                    "photo_reference": "Aap_uEAiWD05DABUn1fn338SVqL_TJTsXeY0B77gllDkBzdvqkDOqsRVXqIcVzLeV6IhjKcTooIqQWLNkfzqK4hDw4fD_D2Sk8lIg3XS2vIS7bAGKLPS6_gR-zzGwaupgOT99TnhvsHrpNX9zQfQ4Yhizqn1S2kmgr2y_NvoxhouidT66NWL",
                    "width": 2160
                }
            ],
            "place_id": "ChIJfRFEp2zzGGARoZc3nZmPfhg",
            "plus_code": {
                "compound_code": "MM69+MQ 日本、東京都世田谷区",
                "global_code": "8Q7XMM69+MQ"
            },
            "rating": 3.3,
            "reference": "ChIJfRFEp2zzGGARoZc3nZmPfhg",
            "scope": "GOOGLE",
            "types": [
                "art_gallery",
                "point_of_interest",
                "establishment"
            ],
            "user_ratings_total": 3,
            "vicinity": "世田谷区北沢２丁目７−２"
        },
        {
            "business_status": "OPERATIONAL",
            "geometry": {
                "location": {
                    "lat": 35.6618402,
                    "lng": 139.6686491
                },
                "viewport": {
                    "northeast": {
                        "lat": 35.6631891802915,
                        "lng": 139.6699980802915
                    },
                    "southwest": {
                        "lat": 35.6604912197085,
                        "lng": 139.6673001197085
                    }
                }
            },
            "icon": "https://maps.gstatic.com/mapfiles/place_api/icons/v1/png_71/generic_business-71.png",
            "icon_background_color": "#7B9EB0",
            "icon_mask_base_uri": "https://maps.gstatic.com/mapfiles/place_api/icons/v2/generic_pinlet",
            "name": "下北アートスペース ギャラリー",
            "place_id": "ChIJPzXLSWrzGGARjuUClm-XogE",
            "plus_code": {
                "compound_code": "MM69+PF 日本、東京都世田谷区",
                "global_code": "8Q7XMM69+PF"
            },
            "rating": 5,
            "reference": "ChIJPzXLSWrzGGARjuUClm-XogE",
            "scope": "GOOGLE",
            "types": [
                "art_gallery",
                "museum",
                "point_of_interest",
                "establishment"
            ],
            "user_ratings_total": 1,
            "vicinity": "世田谷区北沢２丁目９−３ 久冨ビルB1F"
        }
    ],
    "status": "OK"
}