{
    "html_attributions": [],
    "results": [
        {
            "business_status": "OPERATIONAL",
            "geometry": {
                "location": {
                    "lat": 35.62303070000001,
                    "lng": 139.7241923
                },
                "viewport": {
                    "northeast": {
                        "lat": 35.62426583029151,
                        "lng": 139.7255188802915
                    },
                    "southwest": {
                        "lat": 35.62156786970851,
                        "lng": 139.7228209197085
                    }
                }
            },
            "icon": "https://maps.gstatic.com/mapfiles/place_api/icons/v1/png_71/park-71.png",
            "icon_background_color": "#4DB546",
            "icon_mask_base_uri": "https://maps.gstatic.com/mapfiles/place_api/icons/v2/tree_pinlet",
            "name": "大崎公園",
            "opening_hours": {
                "open_now": true
            },
            "photos": [
                {
                    "height": 3456,
                    "html_attributions": [
                        "<a href=\"https://maps.google.com/maps/contrib/113415554138795301553\">Kenji Sakurai</a>"
                    ],
                    "photo_reference": "Aap_uEBiAC77lkQcIZxG3kzuITI4b2B7pdqtKgPTi5dFKcXyL2QoKV-SPJRvC3EVg3qoSFvivJjqo6i5MBctJ5TZR4oXy7nbMjaEQqTSYR9zJh7gPYryoh9EOS7JBDLa574fFeyaBnUQyaa89YlCV5wII4atM2Hfm0VwcYDyXlO2iWsgD_iO",
                    "width": 4608
                }
            ],
            "place_id": "ChIJsfJSfvCKGGARu6ZwJ86aCZc",
            "plus_code": {
                "compound_code": "JPFF+6M 日本、東京都品川区",
                "global_code": "8Q7XJPFF+6M"
            },
            "rating": 3.4,
            "reference": "ChIJsfJSfvCKGGARu6ZwJ86aCZc",
            "scope": "GOOGLE",
            "types": [
                "park",
                "tourist_attraction",
                "point_of_interest",
                "establishment"
            ],
            "user_ratings_total": 87,
            "vicinity": "品川区大崎５丁目５−１７"
        },
        {
            "business_status": "OPERATIONAL",
            "geometry": {
                "location": {
                    "lat": 35.6220354,
                    "lng": 139.7254763
                },
                "viewport": {
                    "northeast": {
                        "lat": 35.6233778302915,
                        "lng": 139.7268425802915
                    },
                    "southwest": {
                        "lat": 35.6206798697085,
                        "lng": 139.7241446197085
                    }
                }
            },
            "icon": "https://maps.gstatic.com/mapfiles/place_api/icons/v1/png_71/park-71.png",
            "icon_background_color": "#4DB546",
            "icon_mask_base_uri": "https://maps.gstatic.com/mapfiles/place_api/icons/v2/tree_pinlet",
            "name": "大崎5丁目児童遊園",
            "opening_hours": {
                "open_now": true
            },
            "place_id": "ChIJ2x7R5_CKGGAR6wyaOo4nEEk",
            "plus_code": {
                "compound_code": "JPCG+R5 日本、東京都品川区",
                "global_code": "8Q7XJPCG+R5"
            },
            "reference": "ChIJ2x7R5_CKGGAR6wyaOo4nEEk",
            "scope": "GOOGLE",
            "types": [
                "park",
                "point_of_interest",
                "establishment"
            ],
            "vicinity": "品川区大崎５丁目８−４"
        }
    ],
    "status": "OK"
}