{
    "html_attributions": [],
    "results": [
        {
            "business_status": "OPERATIONAL",
            "geometry": {
                "location": {
                    "lat": 35.6578656,
                    "lng": 139.6732235
                },
                "viewport": {
                    "northeast": {
                        "lat": 35.6591674802915,
                        "lng": 139.6745691302915
                    },
                    "southwest": {
                        "lat": 35.6564695197085,
                        "lng": 139.6718711697085
                    }
                }
            },
            "icon": "https://maps.gstatic.com/mapfiles/place_api/icons/v1/png_71/park-71.png",
            "icon_background_color": "#4DB546",
            "icon_mask_base_uri": "https://maps.gstatic.com/mapfiles/place_api/icons/v2/tree_pinlet",
            "name": "代沢二丁目公開空地",
            "opening_hours": {
                "open_now": true
            },
            "photos": [
                {
                    "height": 1080,
                    "html_attributions": [
                        "<a href=\"https://maps.google.com/maps/contrib/110916322681904564020\">伊藤徳智</a>"
                    ],
                    "photo_reference": "Aap_uEAxMgZ812bHniX3a9UOV01cWdIFi5ybGUvSktjS86CnX2eK1EMCqext3mpV1ea1dmbVwH_xZqSvkF0mffYVopoAYALTzFXy25AbaTRoLFVR2J30tGJ0zohsoxw2Tf2eFSFQPjHfOCM7F1wpzIjVJjMIJkw6lXyjRdUkj3NuCIgAAbbR",
                    "width": 1920
                }
            ],
            "place_id": "ChIJJSqyKl3zGGAROwDoJCznUC8",
            "plus_code": {
                "compound_code": "MM5F+47 日本、東京都世田谷区",
                "global_code": "8Q7XMM5F+47"
            },
            "rating": 2.5,
            "reference": "ChIJJSqyKl3zGGAROwDoJCznUC8",
            "scope": "GOOGLE",
            "types": [
                "park",
                "point_of_interest",
                "establishment"
            ],
            "user_ratings_total": 2,
            "vicinity": "世田谷区代沢２丁目６"
        }
    ],
    "status": "OK"
}