{
    "html_attributions": [],
    "results": [
        {
            "business_status": "OPERATIONAL",
            "geometry": {
                "location": {
                    "lat": 35.626353,
                    "lng": 139.7231439
                },
                "viewport": {
                    "northeast": {
                        "lat": 35.6275174302915,
                        "lng": 139.7243273302915
                    },
                    "southwest": {
                        "lat": 35.62481946970851,
                        "lng": 139.7216293697085
                    }
                }
            },
            "icon": "https://maps.gstatic.com/mapfiles/place_api/icons/v1/png_71/generic_business-71.png",
            "icon_background_color": "#7B9EB0",
            "icon_mask_base_uri": "https://maps.gstatic.com/mapfiles/place_api/icons/v2/generic_pinlet",
            "name": "都営浅草線五反田駅コンコースギャラリー",
            "photos": [
                {
                    "height": 1080,
                    "html_attributions": [
                        "<a href=\"https://maps.google.com/maps/contrib/103050318826619911375\">真庭弘明</a>"
                    ],
                    "photo_reference": "Aap_uEAcatVHtFgRj0rHRKOlKls8LKTNfkMH18qmjjG6u4cRysCCEc3WRiUXJzkeL-kSGRutXOkQdXATr7i4j4QDrFgEetduopA85NE49yI051a2dY4WluV3m17h_03SSdNcJ_tjwn0oWwc85jkCxDroGPTQbXysIJlcI4Uf1P57G3TQQUAe",
                    "width": 1920
                }
            ],
            "place_id": "ChIJC4a1i6eLGGARi5HmYuDAOAo",
            "plus_code": {
                "compound_code": "JPGF+G7 日本、東京都品川区",
                "global_code": "8Q7XJPGF+G7"
            },
            "rating": 4,
            "reference": "ChIJC4a1i6eLGGARi5HmYuDAOAo",
            "scope": "GOOGLE",
            "types": [
                "art_gallery",
                "point_of_interest",
                "establishment"
            ],
            "user_ratings_total": 1,
            "vicinity": "品川区東五反田１丁目２６"
        }
    ],
    "status": "OK"
}