{
    "html_attributions": [],
    "results": [
        {
            "business_status": "OPERATIONAL",
            "geometry": {
                "location": {
                    "lat": 35.6617887,
                    "lng": 139.6633191
                },
                "viewport": {
                    "northeast": {
                        "lat": 35.6631872302915,
                        "lng": 139.6647094302915
                    },
                    "southwest": {
                        "lat": 35.6604892697085,
                        "lng": 139.6620114697085
                    }
                }
            },
            "icon": "https://maps.gstatic.com/mapfiles/place_api/icons/v1/png_71/park-71.png",
            "icon_background_color": "#4DB546",
            "icon_mask_base_uri": "https://maps.gstatic.com/mapfiles/place_api/icons/v2/tree_pinlet",
            "name": "代田五丁目公園",
            "opening_hours": {
                "open_now": true
            },
            "photos": [
                {
                    "height": 4032,
                    "html_attributions": [
                        "<a href=\"https://maps.google.com/maps/contrib/111260047770210652992\">匹田実</a>"
                    ],
                    "photo_reference": "Aap_uEDiKpQrwhDMIb5ZHK-MWX9xyet0kdnxg4equPqxa-WwQc-wCnBK-oD8v-bsdtjzpfsQv6QWUHCUpy5BrtlovDdTRRu3potJqEJsu4VyEbY5rmZI9RimjLiI_nFPNz-hpWryBwFwxSz5Ka0fKzen2nsJMyu2z00_9jcnrIi3Is2XpP1j",
                    "width": 3024
                }
            ],
            "place_id": "ChIJ52jh4GzzGGARCpFFukiNNTQ",
            "plus_code": {
                "compound_code": "MM67+P8 日本、東京都世田谷区",
                "global_code": "8Q7XMM67+P8"
            },
            "rating": 3.1,
            "reference": "ChIJ52jh4GzzGGARCpFFukiNNTQ",
            "scope": "GOOGLE",
            "types": [
                "park",
                "point_of_interest",
                "establishment"
            ],
            "user_ratings_total": 15,
            "vicinity": "Japan"
        }
    ],
    "status": "OK"
}