{
    "html_attributions": [],
    "results": [
        {
            "business_status": "OPERATIONAL",
            "geometry": {
                "location": {
                    "lat": 35.63030849999999,
                    "lng": 139.7224971
                },
                "viewport": {
                    "northeast": {
                        "lat": 35.6317157302915,
                        "lng": 139.7238146802915
                    },
                    "southwest": {
                        "lat": 35.6290177697085,
                        "lng": 139.7211167197085
                    }
                }
            },
            "icon": "https://maps.gstatic.com/mapfiles/place_api/icons/v1/png_71/park-71.png",
            "icon_background_color": "#4DB546",
            "icon_mask_base_uri": "https://maps.gstatic.com/mapfiles/place_api/icons/v2/tree_pinlet",
            "name": "品川区立ねむの木の庭",
            "opening_hours": {
                "open_now": false
            },
            "photos": [
                {
                    "height": 3000,
                    "html_attributions": [
                        "<a href=\"https://maps.google.com/maps/contrib/108329766603013038050\">Miho Kondo</a>"
                    ],
                    "photo_reference": "Aap_uEDmB9FwWmEVw7j1jIQjR3FmAB2E6wPb8kgG0jbrZMpIEb1Cp3pJOQX61gZ5BTvVb5YxpQ1pd5W3PTfhHRkxhtsFDYVdjNp2624WV9SquNrAOccyK5OHYbgv8W9tF1dgpGbop6FeiLw3wSryluaZEbeiRWsZOj_5j9FtNjqoAAaji12Y",
                    "width": 4000
                }
            ],
            "place_id": "ChIJf7QDOv2KGGARrlfaScGfh3o",
            "plus_code": {
                "compound_code": "JPJC+4X 日本、東京都品川区",
                "global_code": "8Q7XJPJC+4X"
            },
            "rating": 3.9,
            "reference": "ChIJf7QDOv2KGGARrlfaScGfh3o",
            "scope": "GOOGLE",
            "types": [
                "tourist_attraction",
                "park",
                "point_of_interest",
                "establishment"
            ],
            "user_ratings_total": 258,
            "vicinity": "品川区東五反田５丁目１９−５"
        }
    ],
    "status": "OK"
}