{
    "html_attributions": [],
    "results": [
        {
            "business_status": "OPERATIONAL",
            "geometry": {
                "location": {
                    "lat": 35.6596823,
                    "lng": 139.6685377
                },
                "viewport": {
                    "northeast": {
                        "lat": 35.6610174802915,
                        "lng": 139.6699502302915
                    },
                    "southwest": {
                        "lat": 35.6583195197085,
                        "lng": 139.6672522697085
                    }
                }
            },
            "icon": "https://maps.gstatic.com/mapfiles/place_api/icons/v1/png_71/restaurant-71.png",
            "icon_background_color": "#FF9E67",
            "icon_mask_base_uri": "https://maps.gstatic.com/mapfiles/place_api/icons/v2/restaurant_pinlet",
            "name": "ARENA下北沢",
            "opening_hours": {
                "open_now": true
            },
            "photos": [
                {
                    "height": 2272,
                    "html_attributions": [
                        "<a href=\"https://maps.google.com/maps/contrib/100107830331744722139\">bow umai</a>"
                    ],
                    "photo_reference": "Aap_uEB0F0esKXq0NgTHoa-Yx8tD2sGYjBbA10VQsCbSkFJRngOC0P6sasu_vxFGOGItYcwxVJ0l4IrEGrO1yxqajY-_r7nSV18c3J_GLq3DIwRgf-bhaY2fUCMYCysr0a-vlFRIydh8g8kc-6OuHOPDc-Z6WFbqeom6_EtSH1vrMEKd9Pq2",
                    "width": 4032
                }
            ],
            "place_id": "ChIJ-YxQmWnzGGARQudgzgHDr5I",
            "plus_code": {
                "compound_code": "MM59+VC 日本、東京都世田谷区",
                "global_code": "8Q7XMM59+VC"
            },
            "price_level": 2,
            "rating": 4.2,
            "reference": "ChIJ-YxQmWnzGGARQudgzgHDr5I",
            "scope": "GOOGLE",
            "types": [
                "cafe",
                "restaurant",
                "food",
                "point_of_interest",
                "establishment"
            ],
            "user_ratings_total": 104,
            "vicinity": "世田谷区北沢２丁目２−14-4F モアイ茶沢ビル"
        },
        {
            "business_status": "OPERATIONAL",
            "geometry": {
                "location": {
                    "lat": 35.659814,
                    "lng": 139.6690659
                },
                "viewport": {
                    "northeast": {
                        "lat": 35.6611629802915,
                        "lng": 139.6704148802915
                    },
                    "southwest": {
                        "lat": 35.6584650197085,
                        "lng": 139.6677169197085
                    }
                }
            },
            "icon": "https://maps.gstatic.com/mapfiles/place_api/icons/v1/png_71/cafe-71.png",
            "icon_background_color": "#FF9E67",
            "icon_mask_base_uri": "https://maps.gstatic.com/mapfiles/place_api/icons/v2/cafe_pinlet",
            "name": "eggman",
            "opening_hours": {
                "open_now": false
            },
            "photos": [
                {
                    "height": 3000,
                    "html_attributions": [
                        "<a href=\"https://maps.google.com/maps/contrib/107369859300145633212\">taka s</a>"
                    ],
                    "photo_reference": "Aap_uECbK_J6AIeeg4uAvsID6yNMc4DtUsXjRaWcPhxnIqa6dIcfe4mLiig_FtR_NWS1p6TgoIkbJUOR_fmnkryBXcvs1x02IvLqq0nGW3iBg9im79zddXl7hxUqLct2mjB0PCmrmYegff94lkVQM1sZ-YWWE3RMxAqcN1rs9BFSuT-HJ4n_",
                    "width": 3000
                }
            ],
            "place_id": "ChIJVVWJlmnzGGARx7fDuWG75Sk",
            "plus_code": {
                "compound_code": "MM59+WJ 日本、東京都世田谷区",
                "global_code": "8Q7XMM59+WJ"
            },
            "reference": "ChIJVVWJlmnzGGARx7fDuWG75Sk",
            "scope": "GOOGLE",
            "types": [
                "cafe",
                "food",
                "point_of_interest",
                "establishment"
            ],
            "vicinity": "世田谷区代沢２丁目３０−１９ パワーハウス108"
        },
        {
            "business_status": "OPERATIONAL",
            "geometry": {
                "location": {
                    "lat": 35.6605086,
                    "lng": 139.6691732
                },
                "viewport": {
                    "northeast": {
                        "lat": 35.6618908302915,
                        "lng": 139.6705675802915
                    },
                    "southwest": {
                        "lat": 35.6591928697085,
                        "lng": 139.6678696197085
                    }
                }
            },
            "icon": "https://maps.gstatic.com/mapfiles/place_api/icons/v1/png_71/cafe-71.png",
            "icon_background_color": "#FF9E67",
            "icon_mask_base_uri": "https://maps.gstatic.com/mapfiles/place_api/icons/v2/cafe_pinlet",
            "name": "cafe Stay Happy",
            "opening_hours": {
                "open_now": false
            },
            "photos": [
                {
                    "height": 1920,
                    "html_attributions": [
                        "<a href=\"https://maps.google.com/maps/contrib/101688466372166089370\">cafe Stay Happy</a>"
                    ],
                    "photo_reference": "Aap_uEDTp-eMu3ThxQGWn7pU1TV3AwK-7zpUACRYIztCE_NpcRmanKi7Fl90w04t50SuGkY7c1E9gFgum33cN7YGmajP_RG4UY1St_9wQ-TljkeWiNMmsRYjWMFbaMJPNNT5uQEeb7Rti-Zn6B2_ZldEsyo9kIRa0ID4dPoPNM7c2H4lcD9q",
                    "width": 2880
                }
            ],
            "place_id": "ChIJVyxPjGnzGGARYoMSa6OxIuo",
            "plus_code": {
                "compound_code": "MM69+6M 日本、東京都世田谷区",
                "global_code": "8Q7XMM69+6M"
            },
            "price_level": 2,
            "rating": 3.7,
            "reference": "ChIJVyxPjGnzGGARYoMSa6OxIuo",
            "scope": "GOOGLE",
            "types": [
                "cafe",
                "food",
                "point_of_interest",
                "establishment"
            ],
            "user_ratings_total": 134,
            "vicinity": "世田谷区代沢２丁目２９−１４"
        },
        {
            "business_status": "OPERATIONAL",
            "geometry": {
                "location": {
                    "lat": 35.6596985,
                    "lng": 139.6681555
                },
                "viewport": {
                    "northeast": {
                        "lat": 35.6610474802915,
                        "lng": 139.6695044802915
                    },
                    "southwest": {
                        "lat": 35.6583495197085,
                        "lng": 139.6668065197085
                    }
                }
            },
            "icon": "https://maps.gstatic.com/mapfiles/place_api/icons/v1/png_71/shopping-71.png",
            "icon_background_color": "#4B96F3",
            "icon_mask_base_uri": "https://maps.gstatic.com/mapfiles/place_api/icons/v2/shopping_pinlet",
            "name": "織部 下北沢店",
            "opening_hours": {
                "open_now": false
            },
            "photos": [
                {
                    "height": 4032,
                    "html_attributions": [
                        "<a href=\"https://maps.google.com/maps/contrib/108770909723999147730\">Yutaka Kosumi</a>"
                    ],
                    "photo_reference": "Aap_uEAQ2dgyxj7PqTmrAKqUH_KU8BTFOVXmF81SQI5dhc8qu3rQruk4TVp2P24tch8hum-WHVXWjVi8Mc1WZioNZEgJ0zDZHiZg9u9Ev9xjYmatGXdPhxMdBWmHkRQFDIYKZirspO-g8sxKnZXPLjRcZOBBreAco_nCjbuddTGDWUDjDi5u",
                    "width": 3024
                }
            ],
            "place_id": "ChIJpYfynWnzGGARm-_ZdwvONbY",
            "plus_code": {
                "compound_code": "MM59+V7 日本、東京都世田谷区",
                "global_code": "8Q7XMM59+V7"
            },
            "price_level": 2,
            "rating": 4.2,
            "reference": "ChIJpYfynWnzGGARm-_ZdwvONbY",
            "scope": "GOOGLE",
            "types": [
                "cafe",
                "home_goods_store",
                "food",
                "point_of_interest",
                "store",
                "establishment"
            ],
            "user_ratings_total": 131,
            "vicinity": "世田谷区北沢２丁目２−３ 1F"
        }
    ],
    "status": "OK"
}