{
    "html_attributions": [],
    "results": [
        {
            "business_status": "OPERATIONAL",
            "geometry": {
                "location": {
                    "lat": 35.664117,
                    "lng": 139.665198
                },
                "viewport": {
                    "northeast": {
                        "lat": 35.66543748029149,
                        "lng": 139.6666185302915
                    },
                    "southwest": {
                        "lat": 35.6627395197085,
                        "lng": 139.6639205697085
                    }
                }
            },
            "icon": "https://maps.gstatic.com/mapfiles/place_api/icons/v1/png_71/restaurant-71.png",
            "icon_background_color": "#FF9E67",
            "icon_mask_base_uri": "https://maps.gstatic.com/mapfiles/place_api/icons/v2/restaurant_pinlet",
            "name": "オーバーテイク",
            "opening_hours": {
                "open_now": false
            },
            "photos": [
                {
                    "height": 2592,
                    "html_attributions": [
                        "<a href=\"https://maps.google.com/maps/contrib/108003958473546450587\">粟原大軸</a>"
                    ],
                    "photo_reference": "Aap_uEBA43kZ5GKMHKuYoDJDfOwfHva-EbByUPZ6AMcmdgIJel9X0J4Dm-czDnRU_WzVadw0Bs5cTZB-b-xU5qlkl6Ha18-Z7a0KSCS8-8HiQ6hevRufaWA4Jk6Ftx4K2kykoZ0w9DM9uA4QKF3UfvHGiShPxZ0qlJ4w7gxRcQ6TYxYrlLCu",
                    "width": 3872
                }
            ],
            "place_id": "ChIJvaraUxPzGGARSwKPT01hj_I",
            "plus_code": {
                "compound_code": "MM78+J3 日本、東京都世田谷区",
                "global_code": "8Q7XMM78+J3"
            },
            "price_level": 2,
            "rating": 4.3,
            "reference": "ChIJvaraUxPzGGARSwKPT01hj_I",
            "scope": "GOOGLE",
            "types": [
                "cafe",
                "restaurant",
                "food",
                "point_of_interest",
                "establishment"
            ],
            "user_ratings_total": 27,
            "vicinity": "世田谷区代田24−７−６"
        },
        {
            "business_status": "OPERATIONAL",
            "geometry": {
                "location": {
                    "lat": 35.6636029,
                    "lng": 139.6655163
                },
                "viewport": {
                    "northeast": {
                        "lat": 35.66494748029151,
                        "lng": 139.6668651302915
                    },
                    "southwest": {
                        "lat": 35.66224951970851,
                        "lng": 139.6641671697085
                    }
                }
            },
            "icon": "https://maps.gstatic.com/mapfiles/place_api/icons/v1/png_71/cafe-71.png",
            "icon_background_color": "#FF9E67",
            "icon_mask_base_uri": "https://maps.gstatic.com/mapfiles/place_api/icons/v2/cafe_pinlet",
            "name": "Little Bergen",
            "opening_hours": {
                "open_now": true
            },
            "photos": [
                {
                    "height": 3025,
                    "html_attributions": [
                        "<a href=\"https://maps.google.com/maps/contrib/115398176599277064333\">Acoustic Avenue</a>"
                    ],
                    "photo_reference": "Aap_uEDSZBlZTctPfh3LoOuvQF7errMcGEKqr7tp6I3HUra5pH4Hkh3JX4yM0vsn8IkyLdPlNg44LtMbjwx-YJ8kX-UA6k0foN0_2Lf0e4L-EAqSQu11GRpGOsBRFuSG-whLzsBDwpDxTT8NBqYIUI_Tk53q5lLZl0xDzGmBhZxSouqbg1_T",
                    "width": 4553
                }
            ],
            "place_id": "ChIJvYHIqWzzGGARUU9bfy9DU_Y",
            "plus_code": {
                "compound_code": "MM78+C6 日本、東京都世田谷区",
                "global_code": "8Q7XMM78+C6"
            },
            "rating": 4.2,
            "reference": "ChIJvYHIqWzzGGARUU9bfy9DU_Y",
            "scope": "GOOGLE",
            "types": [
                "cafe",
                "food",
                "point_of_interest",
                "establishment"
            ],
            "user_ratings_total": 11,
            "vicinity": "世田谷区北沢２丁目２８−１１"
        },
        {
            "business_status": "OPERATIONAL",
            "geometry": {
                "location": {
                    "lat": 35.6629751,
                    "lng": 139.6655966
                },
                "viewport": {
                    "northeast": {
                        "lat": 35.6643267802915,
                        "lng": 139.6669555302915
                    },
                    "southwest": {
                        "lat": 35.6616288197085,
                        "lng": 139.6642575697085
                    }
                }
            },
            "icon": "https://maps.gstatic.com/mapfiles/place_api/icons/v1/png_71/cafe-71.png",
            "icon_background_color": "#FF9E67",
            "icon_mask_base_uri": "https://maps.gstatic.com/mapfiles/place_api/icons/v2/cafe_pinlet",
            "name": "カフェ ヴォルール・ドゥ・フルール 下北沢西店",
            "opening_hours": {
                "open_now": false
            },
            "photos": [
                {
                    "height": 2160,
                    "html_attributions": [
                        "<a href=\"https://maps.google.com/maps/contrib/109031259826423962501\">Shi Nassy</a>"
                    ],
                    "photo_reference": "Aap_uEBSBOodqPjgsODzWwjc0CoOZ6w0rDnfd2lvJd_xhIKsTDgFcR5Fkpglvse4jU3JBCjlHSGJtF6ojaWvrfAPauPJjflg7anox4OJpHFF8H56fq883xVk3cBdRssNNgUQICkCcmn27IGqXznTsJM7NtWO4FWEFAT2SZs5_MyZPnoJ1Bpk",
                    "width": 2160
                }
            ],
            "place_id": "ChIJWcS1cMHzGGARid90x4rAhg4",
            "plus_code": {
                "compound_code": "MM78+56 日本、東京都世田谷区",
                "global_code": "8Q7XMM78+56"
            },
            "rating": 4.5,
            "reference": "ChIJWcS1cMHzGGARid90x4rAhg4",
            "scope": "GOOGLE",
            "types": [
                "cafe",
                "food",
                "point_of_interest",
                "store",
                "establishment"
            ],
            "user_ratings_total": 2,
            "vicinity": "世田谷区代田６丁目５−２６"
        },
        {
            "business_status": "OPERATIONAL",
            "geometry": {
                "location": {
                    "lat": 35.6631434,
                    "lng": 139.6657262
                },
                "viewport": {
                    "northeast": {
                        "lat": 35.6644435302915,
                        "lng": 139.6670818802915
                    },
                    "southwest": {
                        "lat": 35.6617455697085,
                        "lng": 139.6643839197085
                    }
                }
            },
            "icon": "https://maps.gstatic.com/mapfiles/place_api/icons/v1/png_71/cafe-71.png",
            "icon_background_color": "#FF9E67",
            "icon_mask_base_uri": "https://maps.gstatic.com/mapfiles/place_api/icons/v2/cafe_pinlet",
            "name": "とろり天使のわらびもち 下北沢店",
            "opening_hours": {
                "open_now": false
            },
            "photos": [
                {
                    "height": 2976,
                    "html_attributions": [
                        "<a href=\"https://maps.google.com/maps/contrib/100732448468613179320\">t m</a>"
                    ],
                    "photo_reference": "Aap_uEBChIIKeSGjKcl2byW-5-xAJiBL8UGzbLv6dd_URn9jKvIUET004aUA1xS-m_WQAr67fsW_AuPKWR2QSawn_RkZn5p4gMWrqth3hQY3GU3hQ2Zq-hBgHK1V_Qp9O52Rd8DY_JPnyuBYeu32dKJ9elKyFwdtQvvJQMmU6orWcbxUn0qY",
                    "width": 3968
                }
            ],
            "place_id": "ChIJxTc4sJbzGGARrOesx_voCJM",
            "plus_code": {
                "compound_code": "MM78+77 日本、東京都世田谷区",
                "global_code": "8Q7XMM78+77"
            },
            "rating": 4.5,
            "reference": "ChIJxTc4sJbzGGARrOesx_voCJM",
            "scope": "GOOGLE",
            "types": [
                "cafe",
                "food",
                "point_of_interest",
                "establishment"
            ],
            "user_ratings_total": 6,
            "vicinity": "世田谷区北沢２丁目２８−５"
        }
    ],
    "status": "OK"
}