{
    "html_attributions": [],
    "results": [
        {
            "business_status": "OPERATIONAL",
            "geometry": {
                "location": {
                    "lat": 35.6254317,
                    "lng": 139.7211499
                },
                "viewport": {
                    "northeast": {
                        "lat": 35.6267806802915,
                        "lng": 139.7224988802915
                    },
                    "southwest": {
                        "lat": 35.6240827197085,
                        "lng": 139.7198009197085
                    }
                }
            },
            "icon": "https://maps.gstatic.com/mapfiles/place_api/icons/v1/png_71/park-71.png",
            "icon_background_color": "#4DB546",
            "icon_mask_base_uri": "https://maps.gstatic.com/mapfiles/place_api/icons/v2/tree_pinlet",
            "name": "品川区指定喫煙所（加熱式専用）",
            "opening_hours": {
                "open_now": true
            },
            "photos": [
                {
                    "height": 4032,
                    "html_attributions": [
                        "<a href=\"https://maps.google.com/maps/contrib/101925534185029104512\">F A</a>"
                    ],
                    "photo_reference": "Aap_uEBxHdF5cOS9uH2-efnejhxvn7xz4nVu4bR6IVjJL32ncwkEzarZuxw17NZhnIKrN77AuQo5P1J0GNTLSwqEAh8uQ8nXOYVxzJWGzg1QPU8D14hELIvxPat5R9R51TdsEOofNFFpTMerM4-0VWOc3yDc0WKrR1LVBVI82rxWQK94hT4",
                    "width": 3024
                }
            ],
            "place_id": "ChIJjWLSMwCLGGARvU6KgKgY9n4",
            "plus_code": {
                "compound_code": "JPGC+5F 日本、東京都品川区",
                "global_code": "8Q7XJPGC+5F"
            },
            "rating": 2.8,
            "reference": "ChIJjWLSMwCLGGARvU6KgKgY9n4",
            "scope": "GOOGLE",
            "types": [
                "park",
                "point_of_interest",
                "establishment"
            ],
            "user_ratings_total": 4,
            "vicinity": "品川区西五反田２丁目２２"
        }
    ],
    "status": "OK"
}