{
    "html_attributions": [],
    "results": [
        {
            "business_status": "OPERATIONAL",
            "geometry": {
                "location": {
                    "lat": 35.6621362,
                    "lng": 139.6644423
                },
                "viewport": {
                    "northeast": {
                        "lat": 35.6635184802915,
                        "lng": 139.6657951302915
                    },
                    "southwest": {
                        "lat": 35.6608205197085,
                        "lng": 139.6630971697085
                    }
                }
            },
            "icon": "https://maps.gstatic.com/mapfiles/place_api/icons/v1/png_71/shopping-71.png",
            "icon_background_color": "#4B96F3",
            "icon_mask_base_uri": "https://maps.gstatic.com/mapfiles/place_api/icons/v2/shopping_pinlet",
            "name": "刺しゅうとフリル服のお店ーリフルシャッフル",
            "opening_hours": {
                "open_now": false
            },
            "photos": [
                {
                    "height": 1200,
                    "html_attributions": [
                        "<a href=\"https://maps.google.com/maps/contrib/107663618855247075886\">刺しゅうとフリル服のお店ーリフルシャッフル</a>"
                    ],
                    "photo_reference": "Aap_uECPCCCfVoOIf0t9kec54rogzk6gnynACSbR5FmFJd5hkERcA1cmkHEKu7vknVu0jBpQbQUw0pefwYNoC_LdSjjqjX6o0mPPIyN9prGaD11PRCJUcr9G_GRC75CLKg6LZBM8BTf_wJkpBK40b642uqMzOhm5_AhY_0gOHWuiL3i7nIBf",
                    "width": 900
                }
            ],
            "place_id": "ChIJYwC-lGzzGGARXmSdJHX0Yvg",
            "plus_code": {
                "compound_code": "MM67+VQ 日本、東京都世田谷区",
                "global_code": "8Q7XMM67+VQ"
            },
            "rating": 5,
            "reference": "ChIJYwC-lGzzGGARXmSdJHX0Yvg",
            "scope": "GOOGLE",
            "types": [
                "art_gallery",
                "point_of_interest",
                "clothing_store",
                "store",
                "establishment"
            ],
            "user_ratings_total": 1,
            "vicinity": "世田谷区代田６丁目１−１番 １８ー１０２"
        }
    ],
    "status": "OK"
}