{
    "html_attributions": [],
    "results": [
        {
            "business_status": "OPERATIONAL",
            "geometry": {
                "location": {
                    "lat": 35.696713,
                    "lng": 139.774014
                },
                "viewport": {
                    "northeast": {
                        "lat": 35.69806198029149,
                        "lng": 139.7753629802915
                    },
                    "southwest": {
                        "lat": 35.69536401970849,
                        "lng": 139.7726650197085
                    }
                }
            },
            "icon": "https://maps.gstatic.com/mapfiles/place_api/icons/v1/png_71/generic_business-71.png",
            "icon_background_color": "#7B9EB0",
            "icon_mask_base_uri": "https://maps.gstatic.com/mapfiles/place_api/icons/v2/generic_pinlet",
            "name": "ギャラリー アートマルシェ神田/gallery&space Artmarche KANDA",
            "place_id": "ChIJrarMOaiOGGARrSdw26Nkboc",
            "plus_code": {
                "compound_code": "MQWF+MJ 日本、東京都千代田区",
                "global_code": "8Q7XMQWF+MJ"
            },
            "reference": "ChIJrarMOaiOGGARrSdw26Nkboc",
            "scope": "GOOGLE",
            "types": [
                "art_gallery",
                "point_of_interest",
                "store",
                "establishment"
            ],
            "vicinity": "千代田区神田須田町２丁目２５ 三和ビル6F"
        }
    ],
    "status": "OK"
}