{
    "html_attributions": [],
    "results": [
        {
            "business_status": "OPERATIONAL",
            "geometry": {
                "location": {
                    "lat": 35.6967855,
                    "lng": 139.7721369
                },
                "viewport": {
                    "northeast": {
                        "lat": 35.6980811302915,
                        "lng": 139.7734789802915
                    },
                    "southwest": {
                        "lat": 35.6953831697085,
                        "lng": 139.7707810197085
                    }
                }
            },
            "icon": "https://maps.gstatic.com/mapfiles/place_api/icons/v1/png_71/generic_business-71.png",
            "icon_background_color": "#7B9EB0",
            "icon_mask_base_uri": "https://maps.gstatic.com/mapfiles/place_api/icons/v2/generic_pinlet",
            "name": "㈱シロ",
            "place_id": "ChIJ81QNuwKMGGARAQtFm57L2YI",
            "plus_code": {
                "compound_code": "MQWC+PV 日本、東京都千代田区",
                "global_code": "8Q7XMQWC+PV"
            },
            "reference": "ChIJ81QNuwKMGGARAQtFm57L2YI",
            "scope": "GOOGLE",
            "types": [
                "art_gallery",
                "point_of_interest",
                "establishment"
            ],
            "vicinity": "千代田区神田須田町２丁目２３−１０"
        }
    ],
    "status": "OK"
}