{
    "html_attributions": [],
    "results": [
        {
            "business_status": "OPERATIONAL",
            "geometry": {
                "location": {
                    "lat": 35.70083,
                    "lng": 139.771849
                },
                "viewport": {
                    "northeast": {
                        "lat": 35.7020958802915,
                        "lng": 139.7730183802915
                    },
                    "southwest": {
                        "lat": 35.6993979197085,
                        "lng": 139.7703204197085
                    }
                }
            },
            "icon": "https://maps.gstatic.com/mapfiles/place_api/icons/v1/png_71/generic_business-71.png",
            "icon_background_color": "#7B9EB0",
            "icon_mask_base_uri": "https://maps.gstatic.com/mapfiles/place_api/icons/v2/generic_pinlet",
            "name": "at-home cafe ドンキ店（あっとほぉーむカフェ）",
            "opening_hours": {
                "open_now": true
            },
            "photos": [
                {
                    "height": 1536,
                    "html_attributions": [
                        "<a href=\"https://maps.google.com/maps/contrib/110220574315313892281\">at-home cafe ドンキ店（あっとほぉーむカフェ）</a>"
                    ],
                    "photo_reference": "Aap_uEDckSFQL-TvzYWjaMN4Lt_vCdWcHlEgqP9uHu-6d4OYY8G16EGOkZ0ZQO991floaLMwZFG48HSRAAdgRsGkYgsvN146JI9WgH81ewRXUos6V86IJQsNxsKGx8g6P1ChA_u0z9I3BsCdDG2N8H3cJm0SQjPsWVJdrBNSG_f9GzqBEw4i",
                    "width": 2048
                }
            ],
            "place_id": "ChIJ7S15lB2MGGART1Os0p8qOwM",
            "plus_code": {
                "compound_code": "PQ2C+8P 日本、東京都千代田区",
                "global_code": "8Q7XPQ2C+8P"
            },
            "rating": 4.2,
            "reference": "ChIJ7S15lB2MGGART1Os0p8qOwM",
            "scope": "GOOGLE",
            "types": [
                "cafe",
                "amusement_park",
                "food",
                "point_of_interest",
                "establishment"
            ],
            "user_ratings_total": 421,
            "vicinity": "千代田区外神田４丁目３−３ ドンキホーテ秋葉原店 5F"
        },
        {
            "business_status": "OPERATIONAL",
            "geometry": {
                "location": {
                    "lat": 35.7020995,
                    "lng": 139.7721968
                },
                "viewport": {
                    "northeast": {
                        "lat": 35.70348088029149,
                        "lng": 139.7734918802915
                    },
                    "southwest": {
                        "lat": 35.70078291970849,
                        "lng": 139.7707939197085
                    }
                }
            },
            "icon": "https://maps.gstatic.com/mapfiles/place_api/icons/v1/png_71/civic_building-71.png",
            "icon_background_color": "#7B9EB0",
            "icon_mask_base_uri": "https://maps.gstatic.com/mapfiles/place_api/icons/v2/civic-bldg_pinlet",
            "name": "㈱レスコム",
            "place_id": "ChIJazMp_R2MGGARjHEOElYI41I",
            "plus_code": {
                "compound_code": "PQ2C+RV 日本、東京都千代田区",
                "global_code": "8Q7XPQ2C+RV"
            },
            "reference": "ChIJazMp_R2MGGARjHEOElYI41I",
            "scope": "GOOGLE",
            "types": [
                "amusement_park",
                "point_of_interest",
                "establishment"
            ],
            "vicinity": "Japan"
        },
        {
            "business_status": "OPERATIONAL",
            "geometry": {
                "location": {
                    "lat": 35.70216449999999,
                    "lng": 139.7695409
                },
                "viewport": {
                    "northeast": {
                        "lat": 35.7035134802915,
                        "lng": 139.7708898802915
                    },
                    "southwest": {
                        "lat": 35.7008155197085,
                        "lng": 139.7681919197085
                    }
                }
            },
            "icon": "https://maps.gstatic.com/mapfiles/place_api/icons/v1/png_71/generic_business-71.png",
            "icon_background_color": "#7B9EB0",
            "icon_mask_base_uri": "https://maps.gstatic.com/mapfiles/place_api/icons/v2/generic_pinlet",
            "name": "メイド喫茶クラウンティアラ",
            "opening_hours": {
                "open_now": true
            },
            "photos": [
                {
                    "height": 4500,
                    "html_attributions": [
                        "<a href=\"https://maps.google.com/maps/contrib/112962019283242878735\">クラウンティアラ</a>"
                    ],
                    "photo_reference": "Aap_uEAv5fMxwha0-Rjsr0E7mZSeRrxlc5C34Y3RFmbPccOaRxLot71U8ibzbFyQVm5tj0SvsZzhyWkdoWpBLzmVGWMdClme2aN3uY_nzhD8UlQTS5KPKHz27DuvPo-0SNCgLjP3eHMLbN9mRkGM1wz2Ovh-AulpmRhu2TyqQ3qXf2h-9mPL",
                    "width": 3013
                }
            ],
            "place_id": "ChIJj6ZWkh6MGGARTmp9c3nm7ic",
            "plus_code": {
                "compound_code": "PQ29+VR 日本、東京都千代田区",
                "global_code": "8Q7XPQ29+VR"
            },
            "rating": 4.3,
            "reference": "ChIJj6ZWkh6MGGARTmp9c3nm7ic",
            "scope": "GOOGLE",
            "types": [
                "cafe",
                "amusement_park",
                "bar",
                "restaurant",
                "food",
                "point_of_interest",
                "establishment"
            ],
            "user_ratings_total": 61,
            "vicinity": "千代田区外神田３丁目６−１ 丸山ビル 3F"
        },
        {
            "business_status": "OPERATIONAL",
            "geometry": {
                "location": {
                    "lat": 35.7041516,
                    "lng": 139.75427
                },
                "viewport": {
                    "northeast": {
                        "lat": 35.70524058029149,
                        "lng": 139.7559762302915
                    },
                    "southwest": {
                        "lat": 35.7025426197085,
                        "lng": 139.7532782697085
                    }
                }
            },
            "icon": "https://maps.gstatic.com/mapfiles/place_api/icons/v1/png_71/generic_business-71.png",
            "icon_background_color": "#7B9EB0",
            "icon_mask_base_uri": "https://maps.gstatic.com/mapfiles/place_api/icons/v2/generic_pinlet",
            "name": "東京ドームシティ",
            "opening_hours": {
                "open_now": false
            },
            "photos": [
                {
                    "height": 3024,
                    "html_attributions": [
                        "<a href=\"https://maps.google.com/maps/contrib/105452752349069912441\">Rei Phan</a>"
                    ],
                    "photo_reference": "Aap_uEA1ZquysQ6sm-Isg751tMRH-mUUJckaKzytaHGh2QSgMz6Mp0yn9hUPIpepLm23VURInL_SOP1T4CPZCJZ6T7Hsatz0RXk3LW-yzllNRlda0A9oIgbN7nVdKE4NyIDqJS5vzi5ya1Vb-RR6y78xCsIxUOEcNWkW1tbKHm3iPAX2gSmw",
                    "width": 4032
                }
            ],
            "place_id": "ChIJCRf6uziMGGARcsRCJYCKKUQ",
            "plus_code": {
                "compound_code": "PQ33+MP 日本、東京都文京区",
                "global_code": "8Q7XPQ33+MP"
            },
            "rating": 4.1,
            "reference": "ChIJCRf6uziMGGARcsRCJYCKKUQ",
            "scope": "GOOGLE",
            "types": [
                "amusement_park",
                "park",
                "point_of_interest",
                "establishment"
            ],
            "user_ratings_total": 10328,
            "vicinity": "文京区後楽１丁目３−６１"
        },
        {
            "business_status": "OPERATIONAL",
            "geometry": {
                "location": {
                    "lat": 35.6941673,
                    "lng": 139.7761688
                },
                "viewport": {
                    "northeast": {
                        "lat": 35.6955542302915,
                        "lng": 139.7776489802915
                    },
                    "southwest": {
                        "lat": 35.6928562697085,
                        "lng": 139.7749510197085
                    }
                }
            },
            "icon": "https://maps.gstatic.com/mapfiles/place_api/icons/v1/png_71/generic_business-71.png",
            "icon_background_color": "#7B9EB0",
            "icon_mask_base_uri": "https://maps.gstatic.com/mapfiles/place_api/icons/v2/generic_pinlet",
            "name": "（株）ファーム 東京支店",
            "place_id": "ChIJ5_rz2quOGGARL6Ksuvgsxzo",
            "plus_code": {
                "compound_code": "MQVG+MF 日本、東京都千代田区",
                "global_code": "8Q7XMQVG+MF"
            },
            "reference": "ChIJ5_rz2quOGGARL6Ksuvgsxzo",
            "scope": "GOOGLE",
            "types": [
                "amusement_park",
                "point_of_interest",
                "establishment"
            ],
            "vicinity": "千代田区岩本町２丁目５−１０"
        },
        {
            "business_status": "OPERATIONAL",
            "geometry": {
                "location": {
                    "lat": 35.7040295,
                    "lng": 139.7545913
                },
                "viewport": {
                    "northeast": {
                        "lat": 35.70537848029149,
                        "lng": 139.7559402802915
                    },
                    "southwest": {
                        "lat": 35.7026805197085,
                        "lng": 139.7532423197085
                    }
                }
            },
            "icon": "https://maps.gstatic.com/mapfiles/place_api/icons/v1/png_71/generic_business-71.png",
            "icon_background_color": "#7B9EB0",
            "icon_mask_base_uri": "https://maps.gstatic.com/mapfiles/place_api/icons/v2/generic_pinlet",
            "name": "コズミックトラベラー",
            "photos": [
                {
                    "height": 4032,
                    "html_attributions": [
                        "<a href=\"https://maps.google.com/maps/contrib/109285538765704878967\">Gourmet Samurai</a>"
                    ],
                    "photo_reference": "Aap_uEAxn0MRCxAebRtiGh0tJDHNDGsTMALDriFp4Xlnb-_9Kj2L_v7GQ-0QbY3RbpPc2A2HOqY4gTDakw-nmU5mBqb3l9g-EhGfJ0ZjzDiMK6XFRbe8Q13nEjUeET21TTRU2WcfkYWFO5GkHFBAW2tk2uZTWoDC-v7sDjww9jgaMSZ-Ckrl",
                    "width": 3024
                }
            ],
            "place_id": "ChIJz4JeQESNGGARKLrdTflL3Fw",
            "plus_code": {
                "compound_code": "PQ33+JR 日本、東京都文京区",
                "global_code": "8Q7XPQ33+JR"
            },
            "reference": "ChIJz4JeQESNGGARKLrdTflL3Fw",
            "scope": "GOOGLE",
            "types": [
                "amusement_park",
                "point_of_interest",
                "establishment"
            ],
            "vicinity": "文京区後楽１丁目３−６１"
        },
        {
            "business_status": "OPERATIONAL",
            "geometry": {
                "location": {
                    "lat": 35.71558999999999,
                    "lng": 139.7730468
                },
                "viewport": {
                    "northeast": {
                        "lat": 35.71693898029149,
                        "lng": 139.7743957802915
                    },
                    "southwest": {
                        "lat": 35.71424101970849,
                        "lng": 139.7716978197085
                    }
                }
            },
            "icon": "https://maps.gstatic.com/mapfiles/place_api/icons/v1/png_71/generic_business-71.png",
            "icon_background_color": "#7B9EB0",
            "icon_mask_base_uri": "https://maps.gstatic.com/mapfiles/place_api/icons/v2/generic_pinlet",
            "name": "Ueno Children's Amusement Park",
            "photos": [
                {
                    "height": 4000,
                    "html_attributions": [
                        "<a href=\"https://maps.google.com/maps/contrib/113869310918439287551\">P S</a>"
                    ],
                    "photo_reference": "Aap_uEAhsBgSp2yE8uSLIISrrU2oqVMs-D96l1GhTGFPH1mwp4iY37OneKqZ3BrrmreYLJRxVsgxNHbZp6hSXynjhujYsMzbD2qB_WlUukghGM8nC2BvBXW7hkRaiudt9msMqqwA7LbM5LRHBa-Oa_uP-NKuXlRvVVOu5LTcCcCETI5BbUGK",
                    "width": 6000
                }
            ],
            "place_id": "ChIJo_QeIyKPGGARcuk4C1QzGhw",
            "plus_code": {
                "compound_code": "PQ8F+66 日本、東京都台東区",
                "global_code": "8Q7XPQ8F+66"
            },
            "reference": "ChIJo_QeIyKPGGARcuk4C1QzGhw",
            "scope": "GOOGLE",
            "types": [
                "amusement_park",
                "point_of_interest",
                "establishment"
            ],
            "vicinity": "台東区上野公園８"
        },
        {
            "business_status": "OPERATIONAL",
            "geometry": {
                "location": {
                    "lat": 35.7045658,
                    "lng": 139.7536941
                },
                "viewport": {
                    "northeast": {
                        "lat": 35.7059147802915,
                        "lng": 139.7550430802915
                    },
                    "southwest": {
                        "lat": 35.70321681970851,
                        "lng": 139.7523451197085
                    }
                }
            },
            "icon": "https://maps.gstatic.com/mapfiles/place_api/icons/v1/png_71/generic_business-71.png",
            "icon_background_color": "#7B9EB0",
            "icon_mask_base_uri": "https://maps.gstatic.com/mapfiles/place_api/icons/v2/generic_pinlet",
            "name": "クリスタルアベニュー",
            "photos": [
                {
                    "height": 1080,
                    "html_attributions": [
                        "<a href=\"https://maps.google.com/maps/contrib/103504638543262018916\">T TMBC</a>"
                    ],
                    "photo_reference": "Aap_uEDWmZG5rS0ZvsymbMx9YNV7ugF6Nq3ot9i_oZtm5uBFl4CLQyECJJ90vlU6MN-KB2u6wG0RWgh_XXz7Ml4gCqstDjGrc3hxOnKH_pPO-4WsjKg7u-BmuMcylBFTv6Q2w1Ta8FE0IMmZ6cNCA1KB_NFHJSg0xquRVqWhgN055t3lj2CR",
                    "width": 1920
                }
            ],
            "place_id": "ChIJbXhoEVmNGGARGnJh5REvOPA",
            "plus_code": {
                "compound_code": "PQ33+RF 日本、東京都文京区",
                "global_code": "8Q7XPQ33+RF"
            },
            "reference": "ChIJbXhoEVmNGGARGnJh5REvOPA",
            "scope": "GOOGLE",
            "types": [
                "amusement_park",
                "point_of_interest",
                "establishment"
            ],
            "vicinity": "文京区後楽１丁目３"
        },
        {
            "business_status": "OPERATIONAL",
            "geometry": {
                "location": {
                    "lat": 35.7061785,
                    "lng": 139.7537367
                },
                "viewport": {
                    "northeast": {
                        "lat": 35.7074070302915,
                        "lng": 139.7550455802915
                    },
                    "southwest": {
                        "lat": 35.7047090697085,
                        "lng": 139.7523476197085
                    }
                }
            },
            "icon": "https://maps.gstatic.com/mapfiles/place_api/icons/v1/png_71/generic_business-71.png",
            "icon_background_color": "#7B9EB0",
            "icon_mask_base_uri": "https://maps.gstatic.com/mapfiles/place_api/icons/v2/generic_pinlet",
            "name": "Roda gigante",
            "opening_hours": {
                "open_now": false
            },
            "place_id": "ChIJ7bEx9TiMGGARLH9bj5KzSfM",
            "plus_code": {
                "compound_code": "PQ43+FF 日本、東京都文京区",
                "global_code": "8Q7XPQ43+FF"
            },
            "rating": 5,
            "reference": "ChIJ7bEx9TiMGGARLH9bj5KzSfM",
            "scope": "GOOGLE",
            "types": [
                "amusement_park",
                "point_of_interest",
                "establishment"
            ],
            "user_ratings_total": 1,
            "vicinity": "文京区春日１丁目１"
        },
        {
            "business_status": "OPERATIONAL",
            "geometry": {
                "location": {
                    "lat": 35.7032153,
                    "lng": 139.7523818
                },
                "viewport": {
                    "northeast": {
                        "lat": 35.70456428029149,
                        "lng": 139.7537307802915
                    },
                    "southwest": {
                        "lat": 35.70186631970849,
                        "lng": 139.7510328197085
                    }
                }
            },
            "icon": "https://maps.gstatic.com/mapfiles/place_api/icons/v1/png_71/generic_business-71.png",
            "icon_background_color": "#7B9EB0",
            "icon_mask_base_uri": "https://maps.gstatic.com/mapfiles/place_api/icons/v2/generic_pinlet",
            "name": "Hi! EVERYVALLEY",
            "photos": [
                {
                    "height": 4032,
                    "html_attributions": [
                        "<a href=\"https://maps.google.com/maps/contrib/116444761310232176956\">おすぬ</a>"
                    ],
                    "photo_reference": "Aap_uECpyK5o13BoOereWfM39VBm3uPtmW8CoGINobH-8S6F3R7879o-RK5m8_3RkW1e5dqSauonltK8DBNfetofwRhP0U8ezJNy1H0VU_18Zc-wAroNygql4jeBNIDKi3oFspXtcp92smUHfOSVmZw8eTM7LL0YDcgYM4Qk50t4NMNo9rKy",
                    "width": 3024
                }
            ],
            "place_id": "ChIJMeDSphONGGAR7hSkGN2Dupw",
            "plus_code": {
                "compound_code": "PQ32+7X 日本、東京都文京区",
                "global_code": "8Q7XPQ32+7X"
            },
            "rating": 4,
            "reference": "ChIJMeDSphONGGAR7hSkGN2Dupw",
            "scope": "GOOGLE",
            "types": [
                "amusement_park",
                "point_of_interest",
                "establishment"
            ],
            "user_ratings_total": 1,
            "vicinity": "文京区後楽１丁目３"
        },
        {
            "business_status": "OPERATIONAL",
            "geometry": {
                "location": {
                    "lat": 35.7060943,
                    "lng": 139.7536418
                },
                "viewport": {
                    "northeast": {
                        "lat": 35.7073649302915,
                        "lng": 139.7550353802915
                    },
                    "southwest": {
                        "lat": 35.7046669697085,
                        "lng": 139.7523374197085
                    }
                }
            },
            "icon": "https://maps.gstatic.com/mapfiles/place_api/icons/v1/png_71/generic_business-71.png",
            "icon_background_color": "#7B9EB0",
            "icon_mask_base_uri": "https://maps.gstatic.com/mapfiles/place_api/icons/v2/generic_pinlet",
            "name": "ミルキーウェイ",
            "photos": [
                {
                    "height": 2322,
                    "html_attributions": [
                        "<a href=\"https://maps.google.com/maps/contrib/100689039355298728862\">Ortelius Abraham</a>"
                    ],
                    "photo_reference": "Aap_uEC_0KdQifATIDmX4QFfpn1guf5N8ea54qLp2NhS1BVLVOPq-xXFCzPlPi6J-PRJbjg7ted2UcfcRX1iEKX9UUmD3kClnL4F2eh5UYhTNoQugvafMGJSjGHKCIsyEH6CBHw7cuiwLiCnWb7qGwIONJNC8Sy1QbLinrzJkfulNok4LpW-",
                    "width": 4128
                }
            ],
            "place_id": "ChIJdRekJlONGGARPUvOWDd4iBE",
            "plus_code": {
                "compound_code": "PQ43+CF 日本、東京都文京区",
                "global_code": "8Q7XPQ43+CF"
            },
            "reference": "ChIJdRekJlONGGARPUvOWDd4iBE",
            "scope": "GOOGLE",
            "types": [
                "amusement_park",
                "point_of_interest",
                "establishment"
            ],
            "vicinity": "文京区春日１丁目１"
        },
        {
            "business_status": "OPERATIONAL",
            "geometry": {
                "location": {
                    "lat": 35.7064652,
                    "lng": 139.7536974
                },
                "viewport": {
                    "northeast": {
                        "lat": 35.7077495802915,
                        "lng": 139.7552586302915
                    },
                    "southwest": {
                        "lat": 35.7050516197085,
                        "lng": 139.7525606697085
                    }
                }
            },
            "icon": "https://maps.gstatic.com/mapfiles/place_api/icons/v1/png_71/park-71.png",
            "icon_background_color": "#4DB546",
            "icon_mask_base_uri": "https://maps.gstatic.com/mapfiles/place_api/icons/v2/tree_pinlet",
            "name": "ウォーターシンフォニー",
            "photos": [
                {
                    "height": 2592,
                    "html_attributions": [
                        "<a href=\"https://maps.google.com/maps/contrib/107835782745756175855\">HYUN</a>"
                    ],
                    "photo_reference": "Aap_uEAYyra4ReSl1HDM9-N0jH64caVlB8dZ41V3H6QNrCctQW4y27Z3decobGlK7W7KbscmNefYaa9sbXfz2hK_Yu_ligsK5PQnasKz4MdM1KXVprSbBi-Gz7KfyVQ35twK7cz9cQbA-I03gVYgt2UyFVjzQStSg62oIiWuF_tj7QMhrDjC",
                    "width": 4608
                }
            ],
            "place_id": "ChIJdTmsYDiMGGARhf9_FvSFeLo",
            "plus_code": {
                "compound_code": "PQ43+HF 日本、東京都文京区",
                "global_code": "8Q7XPQ43+HF"
            },
            "rating": 4.5,
            "reference": "ChIJdTmsYDiMGGARhf9_FvSFeLo",
            "scope": "GOOGLE",
            "types": [
                "tourist_attraction",
                "amusement_park",
                "park",
                "point_of_interest",
                "establishment"
            ],
            "user_ratings_total": 6,
            "vicinity": "文京区春日１丁目１"
        },
        {
            "business_status": "OPERATIONAL",
            "geometry": {
                "location": {
                    "lat": 35.7032977,
                    "lng": 139.752206
                },
                "viewport": {
                    "northeast": {
                        "lat": 35.7046466802915,
                        "lng": 139.7535549802915
                    },
                    "southwest": {
                        "lat": 35.7019487197085,
                        "lng": 139.7508570197085
                    }
                }
            },
            "icon": "https://maps.gstatic.com/mapfiles/place_api/icons/v1/png_71/restaurant-71.png",
            "icon_background_color": "#FF9E67",
            "icon_mask_base_uri": "https://maps.gstatic.com/mapfiles/place_api/icons/v2/restaurant_pinlet",
            "name": "タイ屋台居酒屋ダオタイ 東京ドームシティ店 thai food",
            "opening_hours": {
                "open_now": true
            },
            "photos": [
                {
                    "height": 3024,
                    "html_attributions": [
                        "<a href=\"https://maps.google.com/maps/contrib/105800629081457771102\">タイ屋台居酒屋ダオタイ 東京ドームシティ店 thai food</a>"
                    ],
                    "photo_reference": "Aap_uEAaHYguGy6-0N_QzmHeblSESAhYYhbub0bcDHB4Mspz3Qw8PkG0zNZGWORXV4G6cu_balIwq6Atq6Zwfeenj-taMM0WRFCiwWPVazHSxZ_3m_gdjOsLVvO8ZvorGAUiTZFBf0MwsH9BQtZ93p8AQr1qO6kbiiJopbKbFcT5YKmIQ7jL",
                    "width": 4032
                }
            ],
            "place_id": "ChIJVf9NMpmNGGARtjTt0XzQmPM",
            "plus_code": {
                "compound_code": "PQ32+8V 日本、東京都文京区",
                "global_code": "8Q7XPQ32+8V"
            },
            "rating": 4.5,
            "reference": "ChIJVf9NMpmNGGARtjTt0XzQmPM",
            "scope": "GOOGLE",
            "types": [
                "meal_takeaway",
                "amusement_park",
                "church",
                "place_of_worship",
                "bar",
                "restaurant",
                "food",
                "point_of_interest",
                "establishment"
            ],
            "user_ratings_total": 2,
            "vicinity": "文京区後楽１丁目３−６１ 東京ドームシティ ハイエブリバレー内"
        }
    ],
    "status": "OK"
}