{
    "html_attributions": [],
    "results": [
        {
            "business_status": "OPERATIONAL",
            "geometry": {
                "location": {
                    "lat": 35.7005646,
                    "lng": 139.7752122
                },
                "viewport": {
                    "northeast": {
                        "lat": 35.7019408302915,
                        "lng": 139.7766197302915
                    },
                    "southwest": {
                        "lat": 35.69924286970851,
                        "lng": 139.7739217697085
                    }
                }
            },
            "icon": "https://maps.gstatic.com/mapfiles/place_api/icons/v1/png_71/cafe-71.png",
            "icon_background_color": "#FF9E67",
            "icon_mask_base_uri": "https://maps.gstatic.com/mapfiles/place_api/icons/v2/cafe_pinlet",
            "name": "ドトールコーヒーショップ 神田松永町店",
            "opening_hours": {
                "open_now": false
            },
            "photos": [
                {
                    "height": 2048,
                    "html_attributions": [
                        "<a href=\"https://maps.google.com/maps/contrib/104321686475976474907\">Y Y</a>"
                    ],
                    "photo_reference": "Aap_uEAEsK1ubp8unKtHmDt7mjp0y8NoBPkO_JRiyGC-MSVQu9jHfzAlxNOa7fMq5sCpP9ih1mkj-2-hBI_UCE7PkghUWBblHvVhTdurT4EsMeFQItfkzBJbwi8ELgGu2C5O81S1SrwoJEaY4Eus7xLSYtCGq10QCtl9SOlE1PEWY_mclM_7",
                    "width": 2731
                }
            ],
            "place_id": "ChIJbz_vraeOGGAReYciALUrD3Y",
            "plus_code": {
                "compound_code": "PQ2G+63 日本、東京都千代田区",
                "global_code": "8Q7XPQ2G+63"
            },
            "price_level": 1,
            "rating": 3.6,
            "reference": "ChIJbz_vraeOGGAReYciALUrD3Y",
            "scope": "GOOGLE",
            "types": [
                "cafe",
                "food",
                "point_of_interest",
                "establishment"
            ],
            "user_ratings_total": 192,
            "vicinity": "千代田区神田松永町１８−１ ビオレ 秋葉原 １Ｆ"
        },
        {
            "business_status": "OPERATIONAL",
            "geometry": {
                "location": {
                    "lat": 35.7004249,
                    "lng": 139.7763686
                },
                "viewport": {
                    "northeast": {
                        "lat": 35.7017734802915,
                        "lng": 139.7777282302915
                    },
                    "southwest": {
                        "lat": 35.6990755197085,
                        "lng": 139.7750302697085
                    }
                }
            },
            "icon": "https://maps.gstatic.com/mapfiles/place_api/icons/v1/png_71/cafe-71.png",
            "icon_background_color": "#FF9E67",
            "icon_mask_base_uri": "https://maps.gstatic.com/mapfiles/place_api/icons/v2/cafe_pinlet",
            "name": "ライブコーヒー 秋葉原店",
            "opening_hours": {
                "open_now": false
            },
            "photos": [
                {
                    "height": 4032,
                    "html_attributions": [
                        "<a href=\"https://maps.google.com/maps/contrib/116702184181333243153\">Lisa Taylor</a>"
                    ],
                    "photo_reference": "Aap_uEDOe1-QOiznBn9CgEr45UvkI9VNgpK5VJ7tlt2el-b2JcO4JaYIn6CKNNeqSsa8cjBGesjiz8AE32lrNYeZPo7eEkUdoguECjqqkGt7ryPgpgzrz0bWdbLo-lWZ12Ewt7sO7UZvcmli6aA_RiC_KV6gzsiS7zwzyCBq6dQxheJjrq4c",
                    "width": 3024
                }
            ],
            "place_id": "ChIJL99UR6aOGGARcnsWewIm6fM",
            "plus_code": {
                "compound_code": "PQ2G+5G 日本、東京都千代田区",
                "global_code": "8Q7XPQ2G+5G"
            },
            "price_level": 1,
            "rating": 4.1,
            "reference": "ChIJL99UR6aOGGARcnsWewIm6fM",
            "scope": "GOOGLE",
            "types": [
                "cafe",
                "food",
                "point_of_interest",
                "store",
                "establishment"
            ],
            "user_ratings_total": 95,
            "vicinity": "千代田区神田和泉町１丁目３−１１"
        },
        {
            "business_status": "OPERATIONAL",
            "geometry": {
                "location": {
                    "lat": 35.70027779999999,
                    "lng": 139.7752395
                },
                "viewport": {
                    "northeast": {
                        "lat": 35.7016267802915,
                        "lng": 139.7765884802915
                    },
                    "southwest": {
                        "lat": 35.6989288197085,
                        "lng": 139.7738905197085
                    }
                }
            },
            "icon": "https://maps.gstatic.com/mapfiles/place_api/icons/v1/png_71/cafe-71.png",
            "icon_background_color": "#FF9E67",
            "icon_mask_base_uri": "https://maps.gstatic.com/mapfiles/place_api/icons/v2/cafe_pinlet",
            "name": "カフェ＆バー めいちゃんの目玉焼き",
            "opening_hours": {
                "open_now": false
            },
            "photos": [
                {
                    "height": 4032,
                    "html_attributions": [
                        "<a href=\"https://maps.google.com/maps/contrib/114585661810131079000\">カフェ＆バー めいちゃんの目玉焼き</a>"
                    ],
                    "photo_reference": "Aap_uEC-ncBj2MdrKd5Y_QiayO2EN2FGIG3LRYG9jURIzINyf0mfjI-CAD_K3yvAHfIaO2HC20hhAm4ZmpEf0Y974OwWNilhPlCHsmDPhpOXOX9r16Y-6b7zTnm1nXTpxboKai899ySgEXAe2jqk_stOs8vZ_WOirIPYMU3pvxUj8cSIB_Mq",
                    "width": 3024
                }
            ],
            "place_id": "ChIJpxInEfKPGGARfSDpbd6WViI",
            "plus_code": {
                "compound_code": "PQ2G+43 日本、東京都千代田区",
                "global_code": "8Q7XPQ2G+43"
            },
            "rating": 5,
            "reference": "ChIJpxInEfKPGGARfSDpbd6WViI",
            "scope": "GOOGLE",
            "types": [
                "cafe",
                "food",
                "point_of_interest",
                "establishment"
            ],
            "user_ratings_total": 1,
            "vicinity": "千代田区神田松永町１７−３ 秋葉原妙見屋ビル ７F"
        },
        {
            "business_status": "OPERATIONAL",
            "geometry": {
                "location": {
                    "lat": 35.70027779999999,
                    "lng": 139.7752395
                },
                "viewport": {
                    "northeast": {
                        "lat": 35.7016267802915,
                        "lng": 139.7765884802915
                    },
                    "southwest": {
                        "lat": 35.6989288197085,
                        "lng": 139.7738905197085
                    }
                }
            },
            "icon": "https://maps.gstatic.com/mapfiles/place_api/icons/v1/png_71/cafe-71.png",
            "icon_background_color": "#FF9E67",
            "icon_mask_base_uri": "https://maps.gstatic.com/mapfiles/place_api/icons/v2/cafe_pinlet",
            "name": "宅飲みコンカフェ『いねむりうむ』",
            "opening_hours": {
                "open_now": true
            },
            "photos": [
                {
                    "height": 1536,
                    "html_attributions": [
                        "<a href=\"https://maps.google.com/maps/contrib/118427227013165771706\">宅飲みコンカフェ『いねむりうむ』</a>"
                    ],
                    "photo_reference": "Aap_uEDOXrx2J5FK_-LGhyd_UVmOqJdfYi3Yec7yO0y2Aj_6lM1Pl40tnTjhe-SQ1dr4oDlDfSqgLeOwxRAzsRaDNfS3Qg_UfyvUHG9gtJDJhSejtq0xk4tpHveT2AQkVXF3uC9Mv-AfV-Tjmv05RquIsr1dGjfBaKPom6ojs5IjK61JZ0iL",
                    "width": 2048
                }
            ],
            "place_id": "ChIJu36EK1SNGGAR-yfyPdLeVro",
            "plus_code": {
                "compound_code": "PQ2G+43 日本、東京都千代田区",
                "global_code": "8Q7XPQ2G+43"
            },
            "rating": 3.8,
            "reference": "ChIJu36EK1SNGGAR-yfyPdLeVro",
            "scope": "GOOGLE",
            "types": [
                "cafe",
                "night_club",
                "bar",
                "food",
                "point_of_interest",
                "establishment"
            ],
            "user_ratings_total": 6,
            "vicinity": "千代田区神田松永町１７−３ 妙見屋ビル 4階"
        },
        {
            "business_status": "OPERATIONAL",
            "geometry": {
                "location": {
                    "lat": 35.7007993,
                    "lng": 139.774838
                },
                "viewport": {
                    "northeast": {
                        "lat": 35.70212188029151,
                        "lng": 139.7761903302915
                    },
                    "southwest": {
                        "lat": 35.69942391970851,
                        "lng": 139.7734923697085
                    }
                }
            },
            "icon": "https://maps.gstatic.com/mapfiles/place_api/icons/v1/png_71/cafe-71.png",
            "icon_background_color": "#FF9E67",
            "icon_mask_base_uri": "https://maps.gstatic.com/mapfiles/place_api/icons/v2/cafe_pinlet",
            "name": "フクロウカフェ 東京 アキバフクロウ",
            "opening_hours": {
                "open_now": false
            },
            "photos": [
                {
                    "height": 3024,
                    "html_attributions": [
                        "<a href=\"https://maps.google.com/maps/contrib/115717729210054782591\">幻想[ゆめ]のみなも</a>"
                    ],
                    "photo_reference": "Aap_uECF1LPgF1Ivlua8lcepi0HN2A6eB-85C_pTahm4LJQUUh00Vi_-p5I2DbPLhvV5bpAfamu5J35RCL-FfuX_BfPq-ZY8lggkNe5ilf27gF8YV3N4R_4v1iFx0WHiWtrgANdnIVwYF0gGNOL8cbBykDUqypm7BIuiMyAF-35YazArXj1y",
                    "width": 4032
                }
            ],
            "place_id": "ChIJq5OPqKeOGGARlHd2pWHZKZg",
            "plus_code": {
                "compound_code": "PQ2F+8W 日本、東京都千代田区",
                "global_code": "8Q7XPQ2F+8W"
            },
            "price_level": 2,
            "rating": 4.9,
            "reference": "ChIJq5OPqKeOGGARlHd2pWHZKZg",
            "scope": "GOOGLE",
            "types": [
                "cafe",
                "food",
                "point_of_interest",
                "establishment"
            ],
            "user_ratings_total": 4399,
            "vicinity": "千代田区神田練塀町６７"
        }
    ],
    "status": "OK"
}