{
    "html_attributions": [],
    "results": [
        {
            "business_status": "OPERATIONAL",
            "geometry": {
                "location": {
                    "lat": 35.70052849999999,
                    "lng": 139.772797
                },
                "viewport": {
                    "northeast": {
                        "lat": 35.70203248029149,
                        "lng": 139.7742786802915
                    },
                    "southwest": {
                        "lat": 35.69933451970849,
                        "lng": 139.7715807197085
                    }
                }
            },
            "icon": "https://maps.gstatic.com/mapfiles/place_api/icons/v1/png_71/restaurant-71.png",
            "icon_background_color": "#FF9E67",
            "icon_mask_base_uri": "https://maps.gstatic.com/mapfiles/place_api/icons/v2/restaurant_pinlet",
            "name": "BLOSSOM & BOUQUET 秋葉原ＵＤＸ店",
            "opening_hours": {
                "open_now": false
            },
            "photos": [
                {
                    "height": 4032,
                    "html_attributions": [
                        "<a href=\"https://maps.google.com/maps/contrib/115278631022655810086\">HIROMITSU OGI</a>"
                    ],
                    "photo_reference": "Aap_uECbGAH0hNAf-kBkvZsZtn_0gSGHR5L_QiMIaN6hE8oqB3Tr9E_TFdHIBd5WV1x6Pwh49tW8B8GDNVhlVodijp3YVksxRJ5d5EwuuG5fyWkoO1f15OJwWsyM_EAsSNS7xr1jWqJUSFLI2FiAddYUBe57WSG3XzJXSj22dd1AYucXMitm",
                    "width": 3024
                }
            ],
            "place_id": "ChIJZXPDhR2MGGAR218cmQnuEQY",
            "plus_code": {
                "compound_code": "PQ2F+64 日本、東京都千代田区",
                "global_code": "8Q7XPQ2F+64"
            },
            "rating": 3.5,
            "reference": "ChIJZXPDhR2MGGAR218cmQnuEQY",
            "scope": "GOOGLE",
            "types": [
                "cafe",
                "restaurant",
                "food",
                "point_of_interest",
                "establishment"
            ],
            "user_ratings_total": 26,
            "vicinity": "千代田区外神田４丁目１４−１ 秋葉原UDXビル 5F"
        },
        {
            "business_status": "OPERATIONAL",
            "geometry": {
                "location": {
                    "lat": 35.7008829,
                    "lng": 139.7725502
                },
                "viewport": {
                    "northeast": {
                        "lat": 35.7021980302915,
                        "lng": 139.7741707302915
                    },
                    "southwest": {
                        "lat": 35.6995000697085,
                        "lng": 139.7714727697085
                    }
                }
            },
            "icon": "https://maps.gstatic.com/mapfiles/place_api/icons/v1/png_71/cafe-71.png",
            "icon_background_color": "#FF9E67",
            "icon_mask_base_uri": "https://maps.gstatic.com/mapfiles/place_api/icons/v2/cafe_pinlet",
            "name": "タリーズコーヒー秋葉原UDX店",
            "opening_hours": {
                "open_now": true
            },
            "photos": [
                {
                    "height": 3456,
                    "html_attributions": [
                        "<a href=\"https://maps.google.com/maps/contrib/108687689364700925431\">さいらす</a>"
                    ],
                    "photo_reference": "Aap_uEBOhRndvdRY9Hs44IzBOA7gElRN5cmjFtCnjbkN9_ni2kySMD4r_VbN5o6M6mwpMH1lfACwvvEU87noVKG_BkJO6aOzsUz3m1zQBi9iuj1eSHv0P120X8y4ggll48k0FRuBfz1o5AFJcdW5V_vfMFe11Gjdv5RF1AenjRWQNC0KcOSx",
                    "width": 4608
                }
            ],
            "place_id": "ChIJ2x-8hh2MGGARi-x4r9t3G6k",
            "plus_code": {
                "compound_code": "PQ2F+92 日本、東京都千代田区",
                "global_code": "8Q7XPQ2F+92"
            },
            "price_level": 2,
            "rating": 3.7,
            "reference": "ChIJ2x-8hh2MGGARi-x4r9t3G6k",
            "scope": "GOOGLE",
            "types": [
                "cafe",
                "food",
                "point_of_interest",
                "store",
                "establishment"
            ],
            "user_ratings_total": 424,
            "vicinity": "千代田区外神田４丁目１４−１"
        },
        {
            "business_status": "OPERATIONAL",
            "geometry": {
                "location": {
                    "lat": 35.7005034,
                    "lng": 139.7724606
                },
                "viewport": {
                    "northeast": {
                        "lat": 35.7020163802915,
                        "lng": 139.7741501802915
                    },
                    "southwest": {
                        "lat": 35.69931841970851,
                        "lng": 139.7714522197085
                    }
                }
            },
            "icon": "https://maps.gstatic.com/mapfiles/place_api/icons/v1/png_71/cafe-71.png",
            "icon_background_color": "#FF9E67",
            "icon_mask_base_uri": "https://maps.gstatic.com/mapfiles/place_api/icons/v2/cafe_pinlet",
            "name": "プロント イルバール UDXアキバ・イチ店",
            "opening_hours": {
                "open_now": false
            },
            "photos": [
                {
                    "height": 3265,
                    "html_attributions": [
                        "<a href=\"https://maps.google.com/maps/contrib/115551191594180545507\">Fumitake Ishibashi</a>"
                    ],
                    "photo_reference": "Aap_uECyUqv9HHSLDQ9kil4sF7qjTvjTAWBoSec2Ah9iUDMiVPD1RU04EqKqWFLIGyXxQd3vpFk6saL_38XPCTquyO_kF-EVVphBMachvjcqBAb-OtU0V5qSz7vICZi1g0AhdlEESnu9q-yaAJK5qSniiTh3QtQ3LTDvQYzod-h8pCmtr-71",
                    "width": 4898
                }
            ],
            "place_id": "ChIJR-NAgR2MGGARaf43TPOTAC8",
            "plus_code": {
                "compound_code": "PQ2C+6X 日本、東京都千代田区",
                "global_code": "8Q7XPQ2C+6X"
            },
            "price_level": 2,
            "rating": 3.6,
            "reference": "ChIJR-NAgR2MGGARaf43TPOTAC8",
            "scope": "GOOGLE",
            "types": [
                "cafe",
                "restaurant",
                "food",
                "point_of_interest",
                "establishment"
            ],
            "user_ratings_total": 122,
            "vicinity": "千代田区外神田４丁目１４−１ 秋葉原UDX2F"
        },
        {
            "business_status": "OPERATIONAL",
            "geometry": {
                "location": {
                    "lat": 35.69964559999999,
                    "lng": 139.7731198
                },
                "viewport": {
                    "northeast": {
                        "lat": 35.70037949999999,
                        "lng": 139.7741088302915
                    },
                    "southwest": {
                        "lat": 35.69744389999999,
                        "lng": 139.7714108697085
                    }
                }
            },
            "icon": "https://maps.gstatic.com/mapfiles/place_api/icons/v1/png_71/cafe-71.png",
            "icon_background_color": "#FF9E67",
            "icon_mask_base_uri": "https://maps.gstatic.com/mapfiles/place_api/icons/v2/cafe_pinlet",
            "name": "やなか珈琲店 CHABARA店",
            "opening_hours": {
                "open_now": false
            },
            "photos": [
                {
                    "height": 3024,
                    "html_attributions": [
                        "<a href=\"https://maps.google.com/maps/contrib/101419326995731262219\">Chien Han Chen</a>"
                    ],
                    "photo_reference": "Aap_uEAcuXxbchQaFV28bhKvFcSQeyDDowHm3xQsRj3kBbeR3uoPI_YnTsWPC3toMR8Xq-T06x572uOwARQ8wcy17GE_NqyKrxPV9YHdWWCwy8pb577F1EtK2rBXaqy0PE2K3-aWit1H0zRUu1Ou8Qt04Y57i6t0yp5-1bwFy6g6mINC1bSA",
                    "width": 4032
                }
            ],
            "place_id": "ChIJpdqViKeOGGARNASaou5hEg8",
            "plus_code": {
                "compound_code": "MQXF+V6 日本、東京都千代田区",
                "global_code": "8Q7XMQXF+V6"
            },
            "price_level": 2,
            "rating": 4.2,
            "reference": "ChIJpdqViKeOGGARNASaou5hEg8",
            "scope": "GOOGLE",
            "types": [
                "cafe",
                "food",
                "point_of_interest",
                "store",
                "establishment"
            ],
            "user_ratings_total": 119,
            "vicinity": "千代田区神田練塀町８−２"
        },
        {
            "business_status": "OPERATIONAL",
            "geometry": {
                "location": {
                    "lat": 35.70085050000001,
                    "lng": 139.7728515
                },
                "viewport": {
                    "northeast": {
                        "lat": 35.7022116802915,
                        "lng": 139.7743450802915
                    },
                    "southwest": {
                        "lat": 35.6995137197085,
                        "lng": 139.7716471197085
                    }
                }
            },
            "icon": "https://maps.gstatic.com/mapfiles/place_api/icons/v1/png_71/restaurant-71.png",
            "icon_background_color": "#FF9E67",
            "icon_mask_base_uri": "https://maps.gstatic.com/mapfiles/place_api/icons/v2/restaurant_pinlet",
            "name": "ショーグンバーガー 秋葉原店 SHOGUN BURGER",
            "opening_hours": {
                "open_now": true
            },
            "photos": [
                {
                    "height": 3024,
                    "html_attributions": [
                        "<a href=\"https://maps.google.com/maps/contrib/104321686475976474907\">Y Y</a>"
                    ],
                    "photo_reference": "Aap_uEBO32BKkW5wuoGqVnV7pQMl7ctYNbZt4oYr--LBSqFL2VZ7j0olBf35H3HUjoPhDOB44CFys6z5520Dlq5GqE4wItyd_QfEwxxWMtSYiSFSgVW2cUHBnwOfk4wBlKC1LyuAlJcfVRVcLsp13pCBJufEkpH-cklx1yW4ryrIaqnUOxXC",
                    "width": 4032
                }
            ],
            "place_id": "ChIJ5_74KLaNGGARuo1N53fs-x0",
            "plus_code": {
                "compound_code": "PQ2F+84 日本、東京都千代田区",
                "global_code": "8Q7XPQ2F+84"
            },
            "rating": 4.1,
            "reference": "ChIJ5_74KLaNGGARuo1N53fs-x0",
            "scope": "GOOGLE",
            "types": [
                "cafe",
                "liquor_store",
                "restaurant",
                "food",
                "point_of_interest",
                "store",
                "establishment"
            ],
            "user_ratings_total": 149,
            "vicinity": "千代田区外神田４丁目１４−１ 秋葉原UDXビル 2階"
        },
        {
            "business_status": "OPERATIONAL",
            "geometry": {
                "location": {
                    "lat": 35.7007002,
                    "lng": 139.7725192
                },
                "viewport": {
                    "northeast": {
                        "lat": 35.7021183302915,
                        "lng": 139.7741653802915
                    },
                    "southwest": {
                        "lat": 35.6994203697085,
                        "lng": 139.7714674197085
                    }
                }
            },
            "icon": "https://maps.gstatic.com/mapfiles/place_api/icons/v1/png_71/restaurant-71.png",
            "icon_background_color": "#FF9E67",
            "icon_mask_base_uri": "https://maps.gstatic.com/mapfiles/place_api/icons/v2/restaurant_pinlet",
            "name": "ウルビアマン 秋葉原",
            "opening_hours": {
                "open_now": true
            },
            "photos": [
                {
                    "height": 540,
                    "html_attributions": [
                        "<a href=\"https://maps.google.com/maps/contrib/102273830371221693174\">ウルビアマン 秋葉原</a>"
                    ],
                    "photo_reference": "Aap_uEDhTAmUlr_2VFLkoeHv4E0e5oFhhTlBX3DlYMS3_wHZUIOwLUQwdCxVD08rkBe7Q5u7c-hkFikHfufUvxUmHorOkPJ5_CE_k7c3j_E5XRqf1IqokWIGMi3HszyfN6OkDOFGlC8prlNK49cHfZk3sJszBHyYIwNIan_kNGDBCmrD6jzj",
                    "width": 720
                }
            ],
            "place_id": "ChIJ2_RFjx2MGGARcpYt-JU_AcU",
            "plus_code": {
                "compound_code": "PQ2F+72 日本、東京都千代田区",
                "global_code": "8Q7XPQ2F+72"
            },
            "price_level": 2,
            "rating": 3.8,
            "reference": "ChIJ2_RFjx2MGGARcpYt-JU_AcU",
            "scope": "GOOGLE",
            "types": [
                "cafe",
                "bar",
                "liquor_store",
                "restaurant",
                "food",
                "point_of_interest",
                "store",
                "establishment"
            ],
            "user_ratings_total": 207,
            "vicinity": "千代田区外神田４丁目１４−１ 秋葉原ＵＤＸビル １Ｆ"
        }
    ],
    "status": "OK"
}