{
    "html_attributions": [],
    "results": [
        {
            "business_status": "OPERATIONAL",
            "geometry": {
                "location": {
                    "lat": 35.6983772,
                    "lng": 139.7692027
                },
                "viewport": {
                    "northeast": {
                        "lat": 35.69980573029149,
                        "lng": 139.7706099302915
                    },
                    "southwest": {
                        "lat": 35.6971077697085,
                        "lng": 139.7679119697085
                    }
                }
            },
            "icon": "https://maps.gstatic.com/mapfiles/place_api/icons/v1/png_71/park-71.png",
            "icon_background_color": "#4DB546",
            "icon_mask_base_uri": "https://maps.gstatic.com/mapfiles/place_api/icons/v2/tree_pinlet",
            "name": "千代田区立昌平橋東橋詰広場",
            "opening_hours": {
                "open_now": true
            },
            "photos": [
                {
                    "height": 2048,
                    "html_attributions": [
                        "<a href=\"https://maps.google.com/maps/contrib/116289498701591275346\">わしわしmax</a>"
                    ],
                    "photo_reference": "Aap_uEAziTZs-CAx2MOuVgaUH5Fcs5IdaE1StvsXivQ7744HVRxWwiZw9d9-7z-UUlAP0vQWXp7FcvuqD0pfBhxO1Slf_f4k9FWPx7j0tpv--mNbQjNYZi7hjoKZx97wQYRJtQlMHOVsYIVvB6pJbiy9jUdJ3oDXiDRnHXxQyBMj6yc8eYLk",
                    "width": 1152
                }
            ],
            "place_id": "ChIJ9ZdjjRyMGGARVD_ICCvWMI0",
            "plus_code": {
                "compound_code": "MQX9+9M 日本、東京都千代田区",
                "global_code": "8Q7XMQX9+9M"
            },
            "rating": 3.7,
            "reference": "ChIJ9ZdjjRyMGGARVD_ICCvWMI0",
            "scope": "GOOGLE",
            "types": [
                "park",
                "point_of_interest",
                "establishment"
            ],
            "user_ratings_total": 51,
            "vicinity": "千代田区神田須田町１丁目１−１−１"
        }
    ],
    "status": "OK"
}