{
    "html_attributions": [],
    "results": [
        {
            "business_status": "OPERATIONAL",
            "geometry": {
                "location": {
                    "lat": 35.69971779999999,
                    "lng": 139.7713799
                },
                "viewport": {
                    "northeast": {
                        "lat": 35.70107038029149,
                        "lng": 139.7726893302915
                    },
                    "southwest": {
                        "lat": 35.6983724197085,
                        "lng": 139.7699913697085
                    }
                }
            },
            "icon": "https://maps.gstatic.com/mapfiles/place_api/icons/v1/png_71/generic_business-71.png",
            "icon_background_color": "#13B5C7",
            "icon_mask_base_uri": "https://maps.gstatic.com/mapfiles/place_api/icons/v2/generic_pinlet",
            "name": "秋葉原電気街",
            "photos": [
                {
                    "height": 868,
                    "html_attributions": [
                        "<a href=\"https://maps.google.com/maps/contrib/108099695809898769895\">Takeshi Kawaguchi</a>"
                    ],
                    "photo_reference": "Aap_uEBpOBzapC0lkpvva5Ks_O5VuiE1kQ06QrmGFceMLt9pd6N-BvpzEbfTv2tuoy-t8k4z4ofgBt_Y2HL8TqZdwPqJqaY_0RFkn0Zu_14747ltCjUuLpfkNDx9_OUl_LPDVTIvIGCEhkPIQ5rH201jvrwZiOvfp-xfmKjUgbP3ij5MKQt1",
                    "width": 1248
                }
            ],
            "place_id": "ChIJZzSYoB2MGGARfBcicn7sx28",
            "plus_code": {
                "compound_code": "MQXC+VH 日本、東京都千代田区",
                "global_code": "8Q7XMQXC+VH"
            },
            "rating": 4.3,
            "reference": "ChIJZzSYoB2MGGARfBcicn7sx28",
            "scope": "GOOGLE",
            "types": [
                "tourist_attraction",
                "point_of_interest",
                "establishment"
            ],
            "user_ratings_total": 438,
            "vicinity": "千代田区外神田１丁目１２"
        },
        {
            "business_status": "OPERATIONAL",
            "geometry": {
                "location": {
                    "lat": 35.7003052,
                    "lng": 139.7700921
                },
                "viewport": {
                    "northeast": {
                        "lat": 35.7016860302915,
                        "lng": 139.7714442302915
                    },
                    "southwest": {
                        "lat": 35.69898806970851,
                        "lng": 139.7687462697085
                    }
                }
            },
            "icon": "https://maps.gstatic.com/mapfiles/place_api/icons/v1/png_71/generic_business-71.png",
            "icon_background_color": "#13B5C7",
            "icon_mask_base_uri": "https://maps.gstatic.com/mapfiles/place_api/icons/v2/generic_pinlet",
            "name": "ついぼ前酒場",
            "place_id": "ChIJ5Q-QGCyNGGARymsgj8Fb0xQ",
            "plus_code": {
                "compound_code": "PQ2C+42 日本、東京都千代田区",
                "global_code": "8Q7XPQ2C+42"
            },
            "reference": "ChIJ5Q-QGCyNGGARymsgj8Fb0xQ",
            "scope": "GOOGLE",
            "types": [
                "tourist_attraction",
                "point_of_interest",
                "establishment"
            ],
            "vicinity": "千代田区外神田３丁目２ 遠藤ビル"
        }
    ],
    "status": "OK"
}