{
    "html_attributions": [],
    "results": [
        {
            "business_status": "OPERATIONAL",
            "geometry": {
                "location": {
                    "lat": 35.6980984,
                    "lng": 139.773772
                },
                "viewport": {
                    "northeast": {
                        "lat": 35.6999512802915,
                        "lng": 139.7754613802915
                    },
                    "southwest": {
                        "lat": 35.6972533197085,
                        "lng": 139.7727634197085
                    }
                }
            },
            "icon": "https://maps.gstatic.com/mapfiles/place_api/icons/v1/png_71/generic_business-71.png",
            "icon_background_color": "#7B9EB0",
            "icon_mask_base_uri": "https://maps.gstatic.com/mapfiles/place_api/icons/v2/generic_pinlet",
            "name": "TX PLAZA 秋葉原",
            "photos": [
                {
                    "height": 3456,
                    "html_attributions": [
                        "<a href=\"https://maps.google.com/maps/contrib/115937121978438877230\">どこでも大佐</a>"
                    ],
                    "photo_reference": "Aap_uEAj4bNbH79jpgCrErWUOSR6usz9zjeycgKzvDV2CnNsBuPBM0a-VA34jbdxKdcghpUVUYws3ntmQwgroeO0PUhfX8MJvCS2jtRX51yVcVlosQRprOMF6Mg4Ah9hUN3hy-d6Os6q3SVCqv8wYl5o0BGOhTJwOelhm46J3NNtux9585--",
                    "width": 4608
                }
            ],
            "place_id": "ChIJK751CaiOGGAR3wBNJvYNsZw",
            "plus_code": {
                "compound_code": "MQXF+6G 日本、東京都千代田区",
                "global_code": "8Q7XMQXF+6G"
            },
            "rating": 3.4,
            "reference": "ChIJK751CaiOGGAR3wBNJvYNsZw",
            "scope": "GOOGLE",
            "types": [
                "art_gallery",
                "travel_agency",
                "point_of_interest",
                "establishment"
            ],
            "user_ratings_total": 5,
            "vicinity": "千代田区神田佐久間町１丁目６−５ ＡＫＩＢＡ ＴＯＬＩＭ １階"
        }
    ],
    "status": "OK"
}