{
    "html_attributions": [],
    "results": [
        {
            "business_status": "OPERATIONAL",
            "geometry": {
                "location": {
                    "lat": 35.701716,
                    "lng": 139.7699107
                },
                "viewport": {
                    "northeast": {
                        "lat": 35.7031021302915,
                        "lng": 139.7712333802915
                    },
                    "southwest": {
                        "lat": 35.7004041697085,
                        "lng": 139.7685354197085
                    }
                }
            },
            "icon": "https://maps.gstatic.com/mapfiles/place_api/icons/v1/png_71/park-71.png",
            "icon_background_color": "#4DB546",
            "icon_mask_base_uri": "https://maps.gstatic.com/mapfiles/place_api/icons/v2/tree_pinlet",
            "name": "千代田区立芳林公園",
            "opening_hours": {
                "open_now": false
            },
            "photos": [
                {
                    "height": 3008,
                    "html_attributions": [
                        "<a href=\"https://maps.google.com/maps/contrib/105386970368228562739\">Nunzio Mannino</a>"
                    ],
                    "photo_reference": "Aap_uEBtbBi5PDQFSEyn98xG2r8NMQsSPb-2GBS6xBcBPwMqDZYwZta0Zhh9MpywhMpYg9PKZVXskDtXdB4iXLUl0TECATQl0gHizqkkHEErAUVLquhJERmtLG-VfMPxI_3_qBi3fw1no9OFWkBV-XqXtt9shdm16Z61WFdKjwENF9oNCr-5",
                    "width": 4016
                }
            ],
            "place_id": "ChIJ58mpjx6MGGARseWnPsaMkNI",
            "plus_code": {
                "compound_code": "PQ29+MX 日本、東京都千代田区",
                "global_code": "8Q7XPQ29+MX"
            },
            "rating": 3.9,
            "reference": "ChIJ58mpjx6MGGARseWnPsaMkNI",
            "scope": "GOOGLE",
            "types": [
                "park",
                "tourist_attraction",
                "point_of_interest",
                "establishment"
            ],
            "user_ratings_total": 614,
            "vicinity": "千代田区外神田３丁目５−１８"
        },
        {
            "business_status": "OPERATIONAL",
            "geometry": {
                "location": {
                    "lat": 35.701809,
                    "lng": 139.7699158
                },
                "viewport": {
                    "northeast": {
                        "lat": 35.7031579802915,
                        "lng": 139.7712647802915
                    },
                    "southwest": {
                        "lat": 35.7004600197085,
                        "lng": 139.7685668197085
                    }
                }
            },
            "icon": "https://maps.gstatic.com/mapfiles/place_api/icons/v1/png_71/park-71.png",
            "icon_background_color": "#4DB546",
            "icon_mask_base_uri": "https://maps.gstatic.com/mapfiles/place_api/icons/v2/tree_pinlet",
            "name": "芳林公園 公共喫煙所",
            "opening_hours": {
                "open_now": false
            },
            "photos": [
                {
                    "height": 2268,
                    "html_attributions": [
                        "<a href=\"https://maps.google.com/maps/contrib/109857872976636456077\">ミキタケシ</a>"
                    ],
                    "photo_reference": "Aap_uEBfBrGiHaxdN46RZGBJ_g4Lqb3zRQnxc4aYfG5u7if4jMcOhbk9GgcaJIICxOSSOjSNuIZX6LYDxFq6hGhoAEx8a3V4dqz3ztWLTRmV7Hk6J9-WCXHuHfjC3dHP1PNV2E8gLpWWIoKOXOM8Pfx4hXF-SEhrTnaUhAOeIcYxd4WVgvoB",
                    "width": 4032
                }
            ],
            "place_id": "ChIJR0NPsS-NGGARqLEAiLe0te4",
            "plus_code": {
                "compound_code": "PQ29+PX 日本、東京都千代田区",
                "global_code": "8Q7XPQ29+PX"
            },
            "rating": 3.9,
            "reference": "ChIJR0NPsS-NGGARqLEAiLe0te4",
            "scope": "GOOGLE",
            "types": [
                "park",
                "point_of_interest",
                "establishment"
            ],
            "user_ratings_total": 23,
            "vicinity": "千代田区外神田３丁目５−１８"
        }
    ],
    "status": "OK"
}