{
    "html_attributions": [],
    "results": [
        {
            "business_status": "OPERATIONAL",
            "geometry": {
                "location": {
                    "lat": 35.7033301,
                    "lng": 139.7785485
                },
                "viewport": {
                    "northeast": {
                        "lat": 35.7046424302915,
                        "lng": 139.7798924802915
                    },
                    "southwest": {
                        "lat": 35.7019444697085,
                        "lng": 139.7771945197085
                    }
                }
            },
            "icon": "https://maps.gstatic.com/mapfiles/place_api/icons/v1/png_71/park-71.png",
            "icon_background_color": "#4DB546",
            "icon_mask_base_uri": "https://maps.gstatic.com/mapfiles/place_api/icons/v2/tree_pinlet",
            "name": "台東区立竹町児童遊園",
            "photos": [
                {
                    "height": 3000,
                    "html_attributions": [
                        "<a href=\"https://maps.google.com/maps/contrib/102536281170533465071\">Camdai</a>"
                    ],
                    "photo_reference": "Aap_uEDuihol-eewrhajblOqLf5HCLyJ_1kIOAhjrYHf3av_YDKC73u2HYXbqQkoloTgO51cce5OCx8OuAQ9eQRmjP1rdYKodTu43TJdJ5qWyndjAsX5OCsu5Er-69aVI4gS6kyTvHBBftrCfrUICW0pDJ01MFDpyFLRofsA3mmpvFlkw5a-",
                    "width": 4000
                }
            ],
            "place_id": "ChIJnVEigEGPGGARhjHnwaw29Bw",
            "plus_code": {
                "compound_code": "PQ3H+8C 日本、東京都台東区",
                "global_code": "8Q7XPQ3H+8C"
            },
            "rating": 3.7,
            "reference": "ChIJnVEigEGPGGARhjHnwaw29Bw",
            "scope": "GOOGLE",
            "types": [
                "park",
                "point_of_interest",
                "establishment"
            ],
            "user_ratings_total": 3,
            "vicinity": "台東区台東２丁目２４−１１"
        }
    ],
    "status": "OK"
}