{
    "html_attributions": [],
    "results": [
        {
            "business_status": "OPERATIONAL",
            "geometry": {
                "location": {
                    "lat": 35.6969358,
                    "lng": 139.7755006
                },
                "viewport": {
                    "northeast": {
                        "lat": 35.6982270302915,
                        "lng": 139.7767713802915
                    },
                    "southwest": {
                        "lat": 35.6955290697085,
                        "lng": 139.7740734197085
                    }
                }
            },
            "icon": "https://maps.gstatic.com/mapfiles/place_api/icons/v1/png_71/generic_business-71.png",
            "icon_background_color": "#7B9EB0",
            "icon_mask_base_uri": "https://maps.gstatic.com/mapfiles/place_api/icons/v2/generic_pinlet",
            "name": "和泉橋",
            "opening_hours": {
                "open_now": true
            },
            "photos": [
                {
                    "height": 428,
                    "html_attributions": [
                        "<a href=\"https://maps.google.com/maps/contrib/101829527054713717444\">スナップ寅さん</a>"
                    ],
                    "photo_reference": "Aap_uECBrWNXbQQJB63KrBzaqct6HRtjtHhZfwlSNLHUE4JqhYSYlRksQ22_ECsBOR_l04XmyTlNDOUg7yqrNk_W7nX2n94k3Wj2qMrxij0MhUX2-VMc9lHEMzHJ530JACWxeUaDVc0sLoHkNRzPHEWf7Tunh8IgFE3yPTW8cvMz6DPg37C5",
                    "width": 640
                }
            ],
            "place_id": "ChIJod60-KiOGGARzcq38CBviUQ",
            "plus_code": {
                "compound_code": "MQWG+Q6 日本、東京都千代田区",
                "global_code": "8Q7XMQWG+Q6"
            },
            "rating": 3.5,
            "reference": "ChIJod60-KiOGGARzcq38CBviUQ",
            "scope": "GOOGLE",
            "types": [
                "tourist_attraction",
                "point_of_interest",
                "establishment"
            ],
            "user_ratings_total": 28,
            "vicinity": "千代田区千代田区 神田佐久間町一丁目～神田岩本町13"
        },
        {
            "business_status": "OPERATIONAL",
            "geometry": {
                "location": {
                    "lat": 35.6971775,
                    "lng": 139.7751366
                },
                "viewport": {
                    "northeast": {
                        "lat": 35.6985264802915,
                        "lng": 139.7764855802915
                    },
                    "southwest": {
                        "lat": 35.6958285197085,
                        "lng": 139.7737876197085
                    }
                }
            },
            "icon": "https://maps.gstatic.com/mapfiles/place_api/icons/v1/png_71/park-71.png",
            "icon_background_color": "#4DB546",
            "icon_mask_base_uri": "https://maps.gstatic.com/mapfiles/place_api/icons/v2/tree_pinlet",
            "name": "佐久間橋児童遊園",
            "opening_hours": {
                "open_now": true
            },
            "photos": [
                {
                    "height": 4032,
                    "html_attributions": [
                        "<a href=\"https://maps.google.com/maps/contrib/104682231570900772251\">Cynthia Gonzaga</a>"
                    ],
                    "photo_reference": "Aap_uEARk7OBAR9oMKoToOyvBtHkKC2c7Sz8DEC6mGdwo_r2SUkv5ZTs5nxBfjBJqMFADKUzyefNVvYgTJKBawi6uFX9NaBv9J2XFWqN0lPW4B3tNrjcrrwSPiN0Ha0egdF6MsuA3AZYDMWq4Fr9hp7kvwwj55E63uMAjbFnXlI5SR3u00c1",
                    "width": 3024
                }
            ],
            "place_id": "ChIJpSsEW6iOGGARWk8JntgvNMA",
            "plus_code": {
                "compound_code": "MQWG+V3 日本、東京都千代田区",
                "global_code": "8Q7XMQWG+V3"
            },
            "rating": 2.9,
            "reference": "ChIJpSsEW6iOGGARWk8JntgvNMA",
            "scope": "GOOGLE",
            "types": [
                "tourist_attraction",
                "park",
                "point_of_interest",
                "establishment"
            ],
            "user_ratings_total": 38,
            "vicinity": "Japan"
        }
    ],
    "status": "OK"
}