{
    "html_attributions": [],
    "results": [
        {
            "business_status": "OPERATIONAL",
            "geometry": {
                "location": {
                    "lat": 35.6974433,
                    "lng": 139.7757913
                },
                "viewport": {
                    "northeast": {
                        "lat": 35.69879228029149,
                        "lng": 139.7771402802915
                    },
                    "southwest": {
                        "lat": 35.6960943197085,
                        "lng": 139.7744423197085
                    }
                }
            },
            "icon": "https://maps.gstatic.com/mapfiles/place_api/icons/v1/png_71/generic_business-71.png",
            "icon_background_color": "#7B9EB0",
            "icon_mask_base_uri": "https://maps.gstatic.com/mapfiles/place_api/icons/v2/generic_pinlet",
            "name": "株式会社 ZEN Integration",
            "opening_hours": {
                "open_now": false
            },
            "photos": [
                {
                    "height": 614,
                    "html_attributions": [
                        "<a href=\"https://maps.google.com/maps/contrib/109890019425944117787\">株式会社 ZEN Integration</a>"
                    ],
                    "photo_reference": "Aap_uEDYf3DjorAastydhFhmOyQZoOODAOVEG6BNcBkhJSw2MMLtijESkKp-EUVMcFVk7xah-R1kxBAqYOfAGe6tXyDRFgomMIwzLQuj83GTtq54jaEhWXdVq5MY-HbL-wBV58eD4ZI7zkOVgECvqgu0yZSY638h-LnatsR0LpNg2K46BlW4",
                    "width": 839
                }
            ],
            "place_id": "ChIJMVbe8KiOGGARKOx0J3AXYVA",
            "plus_code": {
                "compound_code": "MQWG+X8 日本、東京都千代田区",
                "global_code": "8Q7XMQWG+X8"
            },
            "reference": "ChIJMVbe8KiOGGARKOx0J3AXYVA",
            "scope": "GOOGLE",
            "types": [
                "cafe",
                "food",
                "point_of_interest",
                "establishment"
            ],
            "vicinity": "千代田区神田佐久間町２丁目１ 大原ビル 6F"
        },
        {
            "business_status": "OPERATIONAL",
            "geometry": {
                "location": {
                    "lat": 35.6963004,
                    "lng": 139.7751323
                },
                "viewport": {
                    "northeast": {
                        "lat": 35.6976323302915,
                        "lng": 139.7765611802915
                    },
                    "southwest": {
                        "lat": 35.69493436970851,
                        "lng": 139.7738632197085
                    }
                }
            },
            "icon": "https://maps.gstatic.com/mapfiles/place_api/icons/v1/png_71/cafe-71.png",
            "icon_background_color": "#FF9E67",
            "icon_mask_base_uri": "https://maps.gstatic.com/mapfiles/place_api/icons/v2/cafe_pinlet",
            "name": "ドトールコーヒーショップ 秋葉原和泉橋店",
            "opening_hours": {
                "open_now": true
            },
            "photos": [
                {
                    "height": 3242,
                    "html_attributions": [
                        "<a href=\"https://maps.google.com/maps/contrib/110807531686252733131\">Masahiko Motono</a>"
                    ],
                    "photo_reference": "Aap_uECetk4eMpF1a3zRPrHYCQnCQv5ILGP8P-i0oi5a-ES_zYLfdblDnkDHYJdh2Mi-AtWeHzYm-L-GJ_aq0-ulnM2KJ6RqVl3nx-6Ka4uenvEna0C2SKiCV4rqQlK1A9y5ASLIA0oq3KYL65psomrU9v-XwpeL8YKjaL9l0ynK2ezMxtd0",
                    "width": 4895
                }
            ],
            "place_id": "ChIJS0N2rKmOGGARa9k51R5vc7g",
            "plus_code": {
                "compound_code": "MQWG+G3 日本、東京都千代田区",
                "global_code": "8Q7XMQWG+G3"
            },
            "price_level": 1,
            "rating": 3.5,
            "reference": "ChIJS0N2rKmOGGARa9k51R5vc7g",
            "scope": "GOOGLE",
            "types": [
                "cafe",
                "food",
                "point_of_interest",
                "establishment"
            ],
            "user_ratings_total": 456,
            "vicinity": "千代田区神田岩本町１ 山上ビル"
        },
        {
            "business_status": "OPERATIONAL",
            "geometry": {
                "location": {
                    "lat": 35.6962539,
                    "lng": 139.7750895
                },
                "viewport": {
                    "northeast": {
                        "lat": 35.6976225302915,
                        "lng": 139.7765407802915
                    },
                    "southwest": {
                        "lat": 35.6949245697085,
                        "lng": 139.7738428197085
                    }
                }
            },
            "icon": "https://maps.gstatic.com/mapfiles/place_api/icons/v1/png_71/cafe-71.png",
            "icon_background_color": "#FF9E67",
            "icon_mask_base_uri": "https://maps.gstatic.com/mapfiles/place_api/icons/v2/cafe_pinlet",
            "name": "IN OUT",
            "opening_hours": {
                "open_now": true
            },
            "photos": [
                {
                    "height": 3024,
                    "html_attributions": [
                        "<a href=\"https://maps.google.com/maps/contrib/113375403999114347862\">al patino</a>"
                    ],
                    "photo_reference": "Aap_uEC49HQRH0mT-oou9FFek8DZXFPnOfdCYxP3gkXb8FaQzlpEfZzVrgygQ1Wb3ymcjGD5lA4mTGG5fVUgVAI7V_45DLqvhtYSZ8HojVwl4yQEZWOZgxoTyo05f8AwCe4Ro8p__P3tCTbPAgA0ba19e1eHDyxbcMHKwfEQvZEgkn5EfL4Y",
                    "width": 4032
                }
            ],
            "place_id": "ChIJ0YJe4ASPGGAREf_RCK1LXj4",
            "plus_code": {
                "compound_code": "MQWG+G2 日本、東京都千代田区",
                "global_code": "8Q7XMQWG+G2"
            },
            "rating": 3,
            "reference": "ChIJ0YJe4ASPGGAREf_RCK1LXj4",
            "scope": "GOOGLE",
            "types": [
                "cafe",
                "food",
                "point_of_interest",
                "establishment"
            ],
            "user_ratings_total": 1,
            "vicinity": "千代田区神田岩本町１−１"
        },
        {
            "business_status": "OPERATIONAL",
            "geometry": {
                "location": {
                    "lat": 35.6967214,
                    "lng": 139.7746751
                },
                "viewport": {
                    "northeast": {
                        "lat": 35.69798068029149,
                        "lng": 139.7760485802915
                    },
                    "southwest": {
                        "lat": 35.69528271970849,
                        "lng": 139.7733506197085
                    }
                }
            },
            "icon": "https://maps.gstatic.com/mapfiles/place_api/icons/v1/png_71/cafe-71.png",
            "icon_background_color": "#FF9E67",
            "icon_mask_base_uri": "https://maps.gstatic.com/mapfiles/place_api/icons/v2/cafe_pinlet",
            "name": "Developers IO CAFE",
            "opening_hours": {
                "open_now": false
            },
            "photos": [
                {
                    "height": 580,
                    "html_attributions": [
                        "<a href=\"https://maps.google.com/maps/contrib/103138127565577008883\">Developers IO CAFE</a>"
                    ],
                    "photo_reference": "Aap_uEC8OUggurEKqM0bui4_WAYMzuRucegAXaqSY6LX-ZcOwH9jH29R6jZAHajQ5GahvtjQfUZkpqTPjrNo8R2XmbYaknUANweWGr5vp_ximHCjwofvzmzj9rMx30XSmhqg4GFnpakvXsifu_gjqx4EAu3BWBVv7-V1gLTUk92QH8SxpUEv",
                    "width": 1366
                }
            ],
            "place_id": "ChIJq57HgM6PGGARyuGzirQH5yY",
            "plus_code": {
                "compound_code": "MQWF+MV 日本、東京都千代田区",
                "global_code": "8Q7XMQWF+MV"
            },
            "rating": 4.3,
            "reference": "ChIJq57HgM6PGGARyuGzirQH5yY",
            "scope": "GOOGLE",
            "types": [
                "cafe",
                "food",
                "point_of_interest",
                "store",
                "establishment"
            ],
            "user_ratings_total": 55,
            "vicinity": "千代田区神田須田町２−２５ Gyb秋葉原1階"
        }
    ],
    "status": "OK"
}