{
    "html_attributions": [],
    "results": [
        {
            "business_status": "OPERATIONAL",
            "geometry": {
                "location": {
                    "lat": 35.698539,
                    "lng": 139.7725225
                },
                "viewport": {
                    "northeast": {
                        "lat": 35.6997310302915,
                        "lng": 139.7738101802915
                    },
                    "southwest": {
                        "lat": 35.6970330697085,
                        "lng": 139.7711122197085
                    }
                }
            },
            "icon": "https://maps.gstatic.com/mapfiles/place_api/icons/v1/png_71/cafe-71.png",
            "icon_background_color": "#FF9E67",
            "icon_mask_base_uri": "https://maps.gstatic.com/mapfiles/place_api/icons/v2/cafe_pinlet",
            "name": "スターバックス コーヒー アトレ秋葉原1店",
            "opening_hours": {
                "open_now": true
            },
            "photos": [
                {
                    "height": 3024,
                    "html_attributions": [
                        "<a href=\"https://maps.google.com/maps/contrib/107705833309561868785\">スタバカ</a>"
                    ],
                    "photo_reference": "Aap_uEBVmWS3MPmTGUpyyM_LDQRyHBs1WDP1r1AAzV05J7kW9GOwqlG2S6SqnFiEP2mGdcqPK1qqaGR8KrI0qfqpWGrOsxAWmNn--_GvUlG7eo6FAy8_gAh7vWRqJjSsVBtqFsnzLUrZyT3fJgYvMD9YiBvHQ5q-CRfBnfex5hA1gzUF1nix",
                    "width": 4032
                }
            ],
            "place_id": "ChIJbwVn96eOGGARrPvwl9457c4",
            "plus_code": {
                "compound_code": "MQXF+C2 日本、東京都千代田区",
                "global_code": "8Q7XMQXF+C2"
            },
            "price_level": 2,
            "rating": 3.8,
            "reference": "ChIJbwVn96eOGGARrPvwl9457c4",
            "scope": "GOOGLE",
            "types": [
                "cafe",
                "food",
                "point_of_interest",
                "store",
                "establishment"
            ],
            "user_ratings_total": 336,
            "vicinity": "千代田区外神田１丁目１７−６ アトレ秋葉原 １"
        },
        {
            "business_status": "OPERATIONAL",
            "geometry": {
                "location": {
                    "lat": 35.698736,
                    "lng": 139.7728165
                },
                "viewport": {
                    "northeast": {
                        "lat": 35.69976888029149,
                        "lng": 139.7740626302915
                    },
                    "southwest": {
                        "lat": 35.69707091970849,
                        "lng": 139.7713646697085
                    }
                }
            },
            "icon": "https://maps.gstatic.com/mapfiles/place_api/icons/v1/png_71/cafe-71.png",
            "icon_background_color": "#FF9E67",
            "icon_mask_base_uri": "https://maps.gstatic.com/mapfiles/place_api/icons/v2/cafe_pinlet",
            "name": "BECK'S COFFEE SHOP 秋葉原電気街口店",
            "opening_hours": {
                "open_now": false
            },
            "photos": [
                {
                    "height": 9248,
                    "html_attributions": [
                        "<a href=\"https://maps.google.com/maps/contrib/104508978893622517124\">秋穂文男</a>"
                    ],
                    "photo_reference": "Aap_uEAGfqjfvp75YO3-QLxienmKgdUe4mQdb_kIbaNlRo5LRdXOek_uxbUMdXqIuTFxfjwQt9ejXceZdSmvB74fYT_MOlmtXV4F8q8P9NdwMU2-3mW0Q84LAwU5tifPpXucu1V_etwqI05hiFoDDKmeoGhMJygmBN5OUUEPDa628OvWRHEr",
                    "width": 6936
                }
            ],
            "place_id": "ChIJdTKuWB2MGGARtXRZMdbGwXI",
            "plus_code": {
                "compound_code": "MQXF+F4 日本、東京都千代田区",
                "global_code": "8Q7XMQXF+F4"
            },
            "price_level": 1,
            "rating": 3.7,
            "reference": "ChIJdTKuWB2MGGARtXRZMdbGwXI",
            "scope": "GOOGLE",
            "types": [
                "cafe",
                "food",
                "point_of_interest",
                "store",
                "establishment"
            ],
            "user_ratings_total": 373,
            "vicinity": "千代田区外神田１丁目１７−６"
        },
        {
            "business_status": "OPERATIONAL",
            "geometry": {
                "location": {
                    "lat": 35.69927399999999,
                    "lng": 139.773079
                },
                "viewport": {
                    "northeast": {
                        "lat": 35.70007488029149,
                        "lng": 139.7740884302915
                    },
                    "southwest": {
                        "lat": 35.69737691970849,
                        "lng": 139.7713904697085
                    }
                }
            },
            "icon": "https://maps.gstatic.com/mapfiles/place_api/icons/v1/png_71/restaurant-71.png",
            "icon_background_color": "#FF9E67",
            "icon_mask_base_uri": "https://maps.gstatic.com/mapfiles/place_api/icons/v2/restaurant_pinlet",
            "name": "GUNDAM Cafe TOKYO BRAND CORE",
            "opening_hours": {
                "open_now": false
            },
            "photos": [
                {
                    "height": 1192,
                    "html_attributions": [
                        "<a href=\"https://maps.google.com/maps/contrib/109432641642049964537\">GUNDAM Cafe TOKYO BRAND CORE</a>"
                    ],
                    "photo_reference": "Aap_uEBHGFqnJ8_Nwi7C7sJ5KvCG4gDnAznHU1r76efxCwWXOCtWn_H7GyG81yBPMOasw_5pQHcv8nZyFUMmuuWDVhcQTUguyyfew3xzq1DyWCVt3yjYVMPbca6hbQ-4_TgUPhxbk5KoQxJ2WzHmkCnwT3llNvB0921Pqavmcn5RS11NDHP1",
                    "width": 2119
                }
            ],
            "place_id": "ChIJj1Py2aeOGGARC_gFEvri6BE",
            "plus_code": {
                "compound_code": "MQXF+P6 日本、東京都千代田区",
                "global_code": "8Q7XMQXF+P6"
            },
            "price_level": 2,
            "rating": 3.9,
            "reference": "ChIJj1Py2aeOGGARC_gFEvri6BE",
            "scope": "GOOGLE",
            "types": [
                "restaurant",
                "cafe",
                "food",
                "point_of_interest",
                "store",
                "establishment"
            ],
            "user_ratings_total": 2163,
            "vicinity": "千代田区神田花岡町１−１"
        },
        {
            "business_status": "OPERATIONAL",
            "geometry": {
                "location": {
                    "lat": 35.6992254,
                    "lng": 139.773766
                },
                "viewport": {
                    "northeast": {
                        "lat": 35.7004959302915,
                        "lng": 139.7751512802915
                    },
                    "southwest": {
                        "lat": 35.6977979697085,
                        "lng": 139.7724533197085
                    }
                }
            },
            "icon": "https://maps.gstatic.com/mapfiles/place_api/icons/v1/png_71/restaurant-71.png",
            "icon_background_color": "#FF9E67",
            "icon_mask_base_uri": "https://maps.gstatic.com/mapfiles/place_api/icons/v2/restaurant_pinlet",
            "name": "マクドナルド 秋葉原駅前店",
            "opening_hours": {
                "open_now": true
            },
            "photos": [
                {
                    "height": 2448,
                    "html_attributions": [
                        "<a href=\"https://maps.google.com/maps/contrib/112228717848982338439\">t s</a>"
                    ],
                    "photo_reference": "Aap_uEBHABRhMlOszhFuLB3AoGBv0cWV0mB5Yw8DL1fq_Awl_tsCpCzswEiMqWI55bGmREz8EFaAEI7x6UVkkGiQPZuqFYB3Cc0e6_pVJK-tM4FFebdDYQ9GozlTYtRBb-9pUpDwmK8xaKD9cuV13zqbon2UOF0A0bSUiMwShuObuFPpvOIg",
                    "width": 3264
                }
            ],
            "place_id": "ChIJSSuW66eOGGARI8ZpJvEwgLE",
            "plus_code": {
                "compound_code": "MQXF+MG 日本、東京都千代田区",
                "global_code": "8Q7XMQXF+MG"
            },
            "price_level": 1,
            "rating": 3.6,
            "reference": "ChIJSSuW66eOGGARI8ZpJvEwgLE",
            "scope": "GOOGLE",
            "types": [
                "cafe",
                "restaurant",
                "food",
                "point_of_interest",
                "store",
                "establishment"
            ],
            "user_ratings_total": 1825,
            "vicinity": "千代田区神田相生町１"
        },
        {
            "business_status": "OPERATIONAL",
            "geometry": {
                "location": {
                    "lat": 35.6978991,
                    "lng": 139.7736718
                },
                "viewport": {
                    "northeast": {
                        "lat": 35.6998630802915,
                        "lng": 139.7754120802915
                    },
                    "southwest": {
                        "lat": 35.6971651197085,
                        "lng": 139.7727141197085
                    }
                }
            },
            "icon": "https://maps.gstatic.com/mapfiles/place_api/icons/v1/png_71/cafe-71.png",
            "icon_background_color": "#FF9E67",
            "icon_mask_base_uri": "https://maps.gstatic.com/mapfiles/place_api/icons/v2/cafe_pinlet",
            "name": "スターバックス コーヒー 秋葉原駅前店",
            "opening_hours": {
                "open_now": true
            },
            "photos": [
                {
                    "height": 2268,
                    "html_attributions": [
                        "<a href=\"https://maps.google.com/maps/contrib/110832632350741340550\">村長智</a>"
                    ],
                    "photo_reference": "Aap_uED49_r26156P017FpG8lj0TEqxnecaMLkh-3XSd1pwd_uV2oyU-jyPCf-c7BpsrZX-rN08QnR12jdIT5BGC9_3vOFXMX76nRCVWdSbAD0oOHAcLLw6Htxm8QTl9_ig8oRC6qmWs1Wl9bsgf_C7lZDmBThLl9z-q1YloJszmZuCVnxNo",
                    "width": 4032
                }
            ],
            "place_id": "ChIJ0yfLDqiOGGAR7I1WQNunOs8",
            "plus_code": {
                "compound_code": "MQXF+5F 日本、東京都千代田区",
                "global_code": "8Q7XMQXF+5F"
            },
            "price_level": 2,
            "rating": 3.9,
            "reference": "ChIJ0yfLDqiOGGAR7I1WQNunOs8",
            "scope": "GOOGLE",
            "types": [
                "cafe",
                "meal_takeaway",
                "restaurant",
                "food",
                "point_of_interest",
                "store",
                "establishment"
            ],
            "user_ratings_total": 707,
            "vicinity": "千代田区神田佐久間町１丁目６−５ アキバ・トリム １階"
        },
        {
            "business_status": "OPERATIONAL",
            "geometry": {
                "location": {
                    "lat": 35.6983247,
                    "lng": 139.7722604
                },
                "viewport": {
                    "northeast": {
                        "lat": 35.6996045302915,
                        "lng": 139.7735676802915
                    },
                    "southwest": {
                        "lat": 35.6969065697085,
                        "lng": 139.7708697197085
                    }
                }
            },
            "icon": "https://maps.gstatic.com/mapfiles/place_api/icons/v1/png_71/cafe-71.png",
            "icon_background_color": "#FF9E67",
            "icon_mask_base_uri": "https://maps.gstatic.com/mapfiles/place_api/icons/v2/cafe_pinlet",
            "name": "ア・ラ・カンパーニュ 秋葉原店4F",
            "opening_hours": {
                "open_now": false
            },
            "photos": [
                {
                    "height": 3024,
                    "html_attributions": [
                        "<a href=\"https://maps.google.com/maps/contrib/103175995783928488228\">ペリ</a>"
                    ],
                    "photo_reference": "Aap_uECmbe5AS4QVTOvTiaUhdL6dLCV1E7MaXZEZS6UP5mINNVXfDdbj7LVGj3zs9tC-m_XaDKfXy00tkCeNb7VClowIyYfeZ6A3PDSuE1DRCJSGc2FhNHdz75rTag52dSYjh2ZUlP8ozuYEDpCLgdQnCgHbAxejtM6SEveFZYP2a9O6UYRF",
                    "width": 4032
                }
            ],
            "place_id": "ChIJcUXTWh2MGGARESnL41SnAzU",
            "plus_code": {
                "compound_code": "MQXC+8W 日本、東京都千代田区",
                "global_code": "8Q7XMQXC+8W"
            },
            "price_level": 2,
            "rating": 3.7,
            "reference": "ChIJcUXTWh2MGGARESnL41SnAzU",
            "scope": "GOOGLE",
            "types": [
                "cafe",
                "bakery",
                "meal_takeaway",
                "restaurant",
                "food",
                "point_of_interest",
                "store",
                "establishment"
            ],
            "user_ratings_total": 128,
            "vicinity": "千代田区外神田１丁目１７−６ アトレ秋葉原１ ４階"
        },
        {
            "business_status": "OPERATIONAL",
            "geometry": {
                "location": {
                    "lat": 35.69871339999999,
                    "lng": 139.7731292
                },
                "viewport": {
                    "northeast": {
                        "lat": 35.6997945802915,
                        "lng": 139.7741321302915
                    },
                    "southwest": {
                        "lat": 35.6970966197085,
                        "lng": 139.7714341697085
                    }
                }
            },
            "icon": "https://maps.gstatic.com/mapfiles/place_api/icons/v1/png_71/cafe-71.png",
            "icon_background_color": "#FF9E67",
            "icon_mask_base_uri": "https://maps.gstatic.com/mapfiles/place_api/icons/v2/cafe_pinlet",
            "name": "Cafe Wheel Bar by PRONTO IL BAR Tokyo Food Bar秋葉原店",
            "opening_hours": {
                "open_now": true
            },
            "photos": [
                {
                    "height": 3024,
                    "html_attributions": [
                        "<a href=\"https://maps.google.com/maps/contrib/104321686475976474907\">Y Y</a>"
                    ],
                    "photo_reference": "Aap_uEDSRXwgXiNISCBV7gCON1cLa7I4X8rDXkfEuyorlXeXkUZmSUDOe9UxYaMNFv9_5YGDkqaSzDV73wQiUNQQ1F-3uS2EDgDWpSgoTMG3VBImUcEIyPjoMvxYw-bs_4FCKnxDZIVhZ73gc2bHXhB9t1z6rlp0-pcREXH10m-EQCN0RhEk",
                    "width": 4032
                }
            ],
            "place_id": "ChIJHywouaaPGGARoQSUh1DBtX4",
            "plus_code": {
                "compound_code": "MQXF+F7 日本、東京都千代田区",
                "global_code": "8Q7XMQXF+F7"
            },
            "rating": 2.7,
            "reference": "ChIJHywouaaPGGARoQSUh1DBtX4",
            "scope": "GOOGLE",
            "types": [
                "cafe",
                "food",
                "point_of_interest",
                "establishment"
            ],
            "user_ratings_total": 10,
            "vicinity": "千代田区神田１丁目１７−６"
        },
        {
            "business_status": "OPERATIONAL",
            "geometry": {
                "location": {
                    "lat": 35.69853080000001,
                    "lng": 139.7736256
                },
                "viewport": {
                    "northeast": {
                        "lat": 35.69987978029151,
                        "lng": 139.7749745802915
                    },
                    "southwest": {
                        "lat": 35.69718181970851,
                        "lng": 139.7722766197085
                    }
                }
            },
            "icon": "https://maps.gstatic.com/mapfiles/place_api/icons/v1/png_71/cafe-71.png",
            "icon_background_color": "#FF9E67",
            "icon_mask_base_uri": "https://maps.gstatic.com/mapfiles/place_api/icons/v2/cafe_pinlet",
            "name": "喫煙所秋葉原駅",
            "place_id": "ChIJA2auBgqPGGAR3HW6Zw65NFU",
            "plus_code": {
                "compound_code": "MQXF+CF 日本、東京都千代田区",
                "global_code": "8Q7XMQXF+CF"
            },
            "reference": "ChIJA2auBgqPGGAR3HW6Zw65NFU",
            "scope": "GOOGLE",
            "types": [
                "cafe",
                "food",
                "point_of_interest",
                "store",
                "establishment"
            ],
            "vicinity": "千代田区神田花岡町１−９"
        },
        {
            "business_status": "OPERATIONAL",
            "geometry": {
                "location": {
                    "lat": 35.6980069,
                    "lng": 139.7732682
                },
                "viewport": {
                    "northeast": {
                        "lat": 35.69935588029149,
                        "lng": 139.7746171802915
                    },
                    "southwest": {
                        "lat": 35.6966579197085,
                        "lng": 139.7719192197085
                    }
                }
            },
            "icon": "https://maps.gstatic.com/mapfiles/place_api/icons/v1/png_71/cafe-71.png",
            "icon_background_color": "#FF9E67",
            "icon_mask_base_uri": "https://maps.gstatic.com/mapfiles/place_api/icons/v2/cafe_pinlet",
            "name": "スクウェア・エニックス カフェ 東京",
            "opening_hours": {
                "open_now": false
            },
            "photos": [
                {
                    "height": 3024,
                    "html_attributions": [
                        "<a href=\"https://maps.google.com/maps/contrib/102753994585838104466\">Jamie Mann</a>"
                    ],
                    "photo_reference": "Aap_uEDYn5QxD84qdv3xiTV91OkOBcsgDNpdIIboAlbnIKdCRrxc-VDzIobWW3XCDp4fZeKk_snZ2RN9XR0-hf78gHqWptL1Eht2GUkXsZqZAZUJvTI9xuF5chY83rYnceT5BhuAqUJFtpHqosIzMTaOvET-S7f2g1acrn1eggJg76w_roFn",
                    "width": 4032
                }
            ],
            "place_id": "ChIJeY6w9j-PGGAR-_dvNCSchOs",
            "plus_code": {
                "compound_code": "MQXF+68 日本、東京都千代田区",
                "global_code": "8Q7XMQXF+68"
            },
            "rating": 4,
            "reference": "ChIJeY6w9j-PGGAR-_dvNCSchOs",
            "scope": "GOOGLE",
            "types": [
                "cafe",
                "food",
                "point_of_interest",
                "establishment"
            ],
            "user_ratings_total": 648,
            "vicinity": "千代田区神田佐久間町１丁目６−１ 秋葉原東西自由通路"
        },
        {
            "business_status": "OPERATIONAL",
            "geometry": {
                "location": {
                    "lat": 35.6984878,
                    "lng": 139.7724082
                },
                "viewport": {
                    "northeast": {
                        "lat": 35.69968618029149,
                        "lng": 139.7737469802915
                    },
                    "southwest": {
                        "lat": 35.6969882197085,
                        "lng": 139.7710490197085
                    }
                }
            },
            "icon": "https://maps.gstatic.com/mapfiles/place_api/icons/v1/png_71/cafe-71.png",
            "icon_background_color": "#FF9E67",
            "icon_mask_base_uri": "https://maps.gstatic.com/mapfiles/place_api/icons/v2/cafe_pinlet",
            "name": "猿田彦珈琲 アトレ秋葉原1店",
            "opening_hours": {
                "open_now": false
            },
            "photos": [
                {
                    "height": 1536,
                    "html_attributions": [
                        "<a href=\"https://maps.google.com/maps/contrib/110106687796882853589\">curry chabosuke</a>"
                    ],
                    "photo_reference": "Aap_uED6PlSjpNN-2-kLA0duUVmmcfFgYPHToW4u9EW35yRXRdDoiUK75rVmu4UgcVMxMDihe8XcyT-ZTndYQLH8QfCZDUcKdosf90MlctUIpBL8IgQ4psPWx26g_49S4xcvUFMloo6N9CJquUaZ8FUMStY-Whws9pr6DIU0c-a0oXAE7Q4",
                    "width": 2048
                }
            ],
            "place_id": "ChIJbZjXKvKNGGAR3uVsiHX-ZDY",
            "plus_code": {
                "compound_code": "MQXC+9X 日本、東京都千代田区",
                "global_code": "8Q7XMQXC+9X"
            },
            "price_level": 2,
            "rating": 4,
            "reference": "ChIJbZjXKvKNGGAR3uVsiHX-ZDY",
            "scope": "GOOGLE",
            "types": [
                "cafe",
                "food",
                "point_of_interest",
                "store",
                "establishment"
            ],
            "user_ratings_total": 220,
            "vicinity": "千代田区外神田１丁目１７−６ アトレ秋葉原１ 一階"
        },
        {
            "business_status": "OPERATIONAL",
            "geometry": {
                "location": {
                    "lat": 35.6978706,
                    "lng": 139.7737443
                },
                "viewport": {
                    "northeast": {
                        "lat": 35.6990542802915,
                        "lng": 139.7750953802915
                    },
                    "southwest": {
                        "lat": 35.69635631970851,
                        "lng": 139.7723974197085
                    }
                }
            },
            "icon": "https://maps.gstatic.com/mapfiles/place_api/icons/v1/png_71/cafe-71.png",
            "icon_background_color": "#FF9E67",
            "icon_mask_base_uri": "https://maps.gstatic.com/mapfiles/place_api/icons/v2/cafe_pinlet",
            "name": "ポータルカフェ",
            "opening_hours": {
                "open_now": true
            },
            "photos": [
                {
                    "height": 2687,
                    "html_attributions": [
                        "<a href=\"https://maps.google.com/maps/contrib/112228717848982338439\">t s</a>"
                    ],
                    "photo_reference": "Aap_uECCa2r2_gseejhMhKaf80RBzH_kw7vzQX8tthETlSLpOZTchkKtxEfgG9VuUNMArhum5aFDpQeRnGoIJ0H7WoHInU4zSx5nOEw54IJ_AWqiv3j8EEd99dw0GDTMTF14WPtf2pNTapQs3F8GSgig6K-VGhxK9VnZ8qEMSRboKxlnSErJ",
                    "width": 4030
                }
            ],
            "place_id": "ChIJZy_rDqiOGGARARrep48Vm4Y",
            "plus_code": {
                "compound_code": "MQXF+4F 日本、東京都千代田区",
                "global_code": "8Q7XMQXF+4F"
            },
            "price_level": 2,
            "rating": 3.6,
            "reference": "ChIJZy_rDqiOGGARARrep48Vm4Y",
            "scope": "GOOGLE",
            "types": [
                "cafe",
                "food",
                "point_of_interest",
                "establishment"
            ],
            "user_ratings_total": 160,
            "vicinity": "千代田区神田佐久間町１丁目６−５"
        },
        {
            "business_status": "OPERATIONAL",
            "geometry": {
                "location": {
                    "lat": 35.6987603,
                    "lng": 139.7722767
                },
                "viewport": {
                    "northeast": {
                        "lat": 35.70010928029149,
                        "lng": 139.7736256802915
                    },
                    "southwest": {
                        "lat": 35.69741131970849,
                        "lng": 139.7709277197085
                    }
                }
            },
            "icon": "https://maps.gstatic.com/mapfiles/place_api/icons/v1/png_71/restaurant-71.png",
            "icon_background_color": "#FF9E67",
            "icon_mask_base_uri": "https://maps.gstatic.com/mapfiles/place_api/icons/v2/restaurant_pinlet",
            "name": "chano-ma 秋葉原",
            "opening_hours": {
                "open_now": true
            },
            "photos": [
                {
                    "height": 1158,
                    "html_attributions": [
                        "<a href=\"https://maps.google.com/maps/contrib/114654235333948322362\">chano-ma 秋葉原</a>"
                    ],
                    "photo_reference": "Aap_uEBRAiJkQVQe8utIm35BoNFRgsWBtRNvqyHR-bwf20P0No80MQmhPOfK5t6DLuqXe81AC2bjOzBNEPbwrk7OejINnM2rCE4Wov0tbgoDcmB0VRNICY2HW7y_HHnxcvT_mi8j7sAzsoN0J7yE6AJfZSkKqVTf3mArrxQJNV6Lc2SQMAsZ",
                    "width": 1158
                }
            ],
            "place_id": "ChIJxSjVGGaNGGARnwGh1H6UaBY",
            "plus_code": {
                "compound_code": "MQXC+GW 日本、東京都千代田区",
                "global_code": "8Q7XMQXC+GW"
            },
            "rating": 4,
            "reference": "ChIJxSjVGGaNGGARnwGh1H6UaBY",
            "scope": "GOOGLE",
            "types": [
                "restaurant",
                "meal_takeaway",
                "cafe",
                "food",
                "point_of_interest",
                "establishment"
            ],
            "user_ratings_total": 5,
            "vicinity": "Bito Akiba Plaza, 5F, １丁目-１８−１８ 外神田, 千代田区"
        }
    ],
    "status": "OK"
}