{
    "html_attributions": [],
    "results": [
        {
            "business_status": "OPERATIONAL",
            "geometry": {
                "location": {
                    "lat": 35.697106,
                    "lng": 139.7709695
                },
                "viewport": {
                    "northeast": {
                        "lat": 35.6984693302915,
                        "lng": 139.7723609802915
                    },
                    "southwest": {
                        "lat": 35.6957713697085,
                        "lng": 139.7696630197085
                    }
                }
            },
            "icon": "https://maps.gstatic.com/mapfiles/place_api/icons/v1/png_71/generic_business-71.png",
            "icon_background_color": "#7B9EB0",
            "icon_mask_base_uri": "https://maps.gstatic.com/mapfiles/place_api/icons/v2/generic_pinlet",
            "name": "万世橋",
            "opening_hours": {
                "open_now": true
            },
            "photos": [
                {
                    "height": 3024,
                    "html_attributions": [
                        "<a href=\"https://maps.google.com/maps/contrib/103007638873893186244\">カメレオンマン</a>"
                    ],
                    "photo_reference": "Aap_uEBQool14GXOVb-K8Vc6gkJo_2IntWt6KLJ9DtrkMGEM10o3PQ_OlbisL9TVm9yY263zh-5iUtYSzAFLAPWDqh_MFSYCG30px_DMHLuZksj98AIQfPCGRzTjiTY6famCwYzNlcuMjVm0ca00GDXx-VPvW_aiMPEz6LlSDZ1P8VJnkZo",
                    "width": 4032
                }
            ],
            "place_id": "ChIJR5OvLR2MGGARV3QIh9lrg34",
            "plus_code": {
                "compound_code": "MQWC+R9 日本、東京都千代田区",
                "global_code": "8Q7XMQWC+R9"
            },
            "rating": 3.9,
            "reference": "ChIJR5OvLR2MGGARV3QIh9lrg34",
            "scope": "GOOGLE",
            "types": [
                "tourist_attraction",
                "point_of_interest",
                "establishment"
            ],
            "user_ratings_total": 434,
            "vicinity": "千代田区外神田１−１"
        }
    ],
    "status": "OK"
}