{
    "html_attributions": [],
    "results": [
        {
            "business_status": "OPERATIONAL",
            "geometry": {
                "location": {
                    "lat": 35.6973083,
                    "lng": 139.7737544
                },
                "viewport": {
                    "northeast": {
                        "lat": 35.6987714302915,
                        "lng": 139.7751085802915
                    },
                    "southwest": {
                        "lat": 35.6960734697085,
                        "lng": 139.7724106197085
                    }
                }
            },
            "icon": "https://maps.gstatic.com/mapfiles/place_api/icons/v1/png_71/restaurant-71.png",
            "icon_background_color": "#FF9E67",
            "icon_mask_base_uri": "https://maps.gstatic.com/mapfiles/place_api/icons/v2/restaurant_pinlet",
            "name": "ボンサルーテ・カフェ",
            "opening_hours": {
                "open_now": false
            },
            "photos": [
                {
                    "height": 1944,
                    "html_attributions": [
                        "<a href=\"https://maps.google.com/maps/contrib/115399816786522660537\">Akihiro HARAI</a>"
                    ],
                    "photo_reference": "Aap_uEBYWi8KWNAkQbYe-Jpsrjqp8KrGjlUiOYDL42MF-iwd9lwptxJ28saXpVPpEXLPHNM78abMGVX808TMMrYXZxXguFOWRV37Ogiv7jtRWbDfCila1wKgeCCB3qisIvzre7s7t9XfdfLnV304yUXVbwu2ld7pwBIStxBN4FrRzr5RiDtP",
                    "width": 2592
                }
            ],
            "place_id": "ChIJey8FGqiOGGAR5cEU-dTBsOM",
            "plus_code": {
                "compound_code": "MQWF+WG 日本、東京都千代田区",
                "global_code": "8Q7XMQWF+WG"
            },
            "rating": 3.2,
            "reference": "ChIJey8FGqiOGGAR5cEU-dTBsOM",
            "scope": "GOOGLE",
            "types": [
                "restaurant",
                "cafe",
                "food",
                "point_of_interest",
                "establishment"
            ],
            "user_ratings_total": 10,
            "vicinity": "千代田区神田佐久間町１丁目８−３"
        },
        {
            "business_status": "OPERATIONAL",
            "geometry": {
                "location": {
                    "lat": 35.6962836,
                    "lng": 139.77388
                },
                "viewport": {
                    "northeast": {
                        "lat": 35.6975652302915,
                        "lng": 139.7752247302915
                    },
                    "southwest": {
                        "lat": 35.6948672697085,
                        "lng": 139.7725267697085
                    }
                }
            },
            "icon": "https://maps.gstatic.com/mapfiles/place_api/icons/v1/png_71/cafe-71.png",
            "icon_background_color": "#FF9E67",
            "icon_mask_base_uri": "https://maps.gstatic.com/mapfiles/place_api/icons/v2/cafe_pinlet",
            "name": "フリースペース東京",
            "opening_hours": {
                "open_now": true
            },
            "place_id": "ChIJkYunNqiOGGARSRaoXX6w3u8",
            "plus_code": {
                "compound_code": "MQWF+GH 日本、東京都千代田区",
                "global_code": "8Q7XMQWF+GH"
            },
            "rating": 5,
            "reference": "ChIJkYunNqiOGGARSRaoXX6w3u8",
            "scope": "GOOGLE",
            "types": [
                "cafe",
                "food",
                "point_of_interest",
                "establishment"
            ],
            "user_ratings_total": 1,
            "vicinity": "千代田区神田須田町２丁目１５ KSYビル"
        },
        {
            "business_status": "OPERATIONAL",
            "geometry": {
                "location": {
                    "lat": 35.6960916,
                    "lng": 139.773752
                },
                "viewport": {
                    "northeast": {
                        "lat": 35.6974674302915,
                        "lng": 139.7751485302915
                    },
                    "southwest": {
                        "lat": 35.6947694697085,
                        "lng": 139.7724505697085
                    }
                }
            },
            "icon": "https://maps.gstatic.com/mapfiles/place_api/icons/v1/png_71/cafe-71.png",
            "icon_background_color": "#FF9E67",
            "icon_mask_base_uri": "https://maps.gstatic.com/mapfiles/place_api/icons/v2/cafe_pinlet",
            "name": "レンタルスペース 【スペレン158号店】秋葉原",
            "opening_hours": {
                "open_now": true
            },
            "photos": [
                {
                    "height": 720,
                    "html_attributions": [
                        "<a href=\"https://maps.google.com/maps/contrib/106321829121674887053\">スペレンタロウ</a>"
                    ],
                    "photo_reference": "Aap_uEB35FOBDdlxIxHdHarBN9BFNuudvm6dDCkaPmpJfST_nVjwwFfYwy0xMmMxev6zBQSnC1wLzLYgojwhsPG-zN6mvzZdTKFEQj_m5iWMB9OXiOtlNFyvY_BRoNIukJS1gZP2xxSutqmpht2FnLJH9P206X0Ex_nzjBIBvURRuXlVhlS8",
                    "width": 1280
                }
            ],
            "place_id": "ChIJU0pVFJWPGGARNX5VgXr3dzI",
            "plus_code": {
                "compound_code": "MQWF+CG 日本、東京都千代田区",
                "global_code": "8Q7XMQWF+CG"
            },
            "reference": "ChIJU0pVFJWPGGARNX5VgXr3dzI",
            "scope": "GOOGLE",
            "types": [
                "cafe",
                "food",
                "point_of_interest",
                "establishment"
            ],
            "vicinity": "千代田区神田須田町２丁目９−５ 柴田第一ビル"
        },
        {
            "business_status": "OPERATIONAL",
            "geometry": {
                "location": {
                    "lat": 35.6960769,
                    "lng": 139.7737419
                },
                "viewport": {
                    "northeast": {
                        "lat": 35.6974623802915,
                        "lng": 139.7751434802915
                    },
                    "southwest": {
                        "lat": 35.69476441970851,
                        "lng": 139.7724455197085
                    }
                }
            },
            "icon": "https://maps.gstatic.com/mapfiles/place_api/icons/v1/png_71/cafe-71.png",
            "icon_background_color": "#FF9E67",
            "icon_mask_base_uri": "https://maps.gstatic.com/mapfiles/place_api/icons/v2/cafe_pinlet",
            "name": "レンタルスペース 【スペレン159号店】秋葉原",
            "opening_hours": {
                "open_now": true
            },
            "photos": [
                {
                    "height": 720,
                    "html_attributions": [
                        "<a href=\"https://maps.google.com/maps/contrib/106321829121674887053\">スペレンタロウ</a>"
                    ],
                    "photo_reference": "Aap_uECksUazu2YOMm3eUS1KCaqPSBwSQQ5EG2vPAYhthgpzUTVCQ6VZy8uigqUjUD4XbN7eWgjw5yYjhH39RfcDH3A1T-x55zmCCS2g9w0R-3Th6HThX7ImzR7U-WgMS0xe_q_Kf00Ni1GZW37rMHEUx5uuzXRcx3QTsDnFdeQs8HfUZwTJ",
                    "width": 1280
                }
            ],
            "place_id": "ChIJDcbBhYyPGGAR7ATcHQABDzE",
            "plus_code": {
                "compound_code": "MQWF+CF 日本、東京都千代田区",
                "global_code": "8Q7XMQWF+CF"
            },
            "reference": "ChIJDcbBhYyPGGAR7ATcHQABDzE",
            "scope": "GOOGLE",
            "types": [
                "cafe",
                "food",
                "point_of_interest",
                "establishment"
            ],
            "vicinity": "千代田区神田須田町２丁目９−５"
        },
        {
            "business_status": "OPERATIONAL",
            "geometry": {
                "location": {
                    "lat": 35.6967777,
                    "lng": 139.7722488
                },
                "viewport": {
                    "northeast": {
                        "lat": 35.6980725302915,
                        "lng": 139.7735897802915
                    },
                    "southwest": {
                        "lat": 35.6953745697085,
                        "lng": 139.7708918197085
                    }
                }
            },
            "icon": "https://maps.gstatic.com/mapfiles/place_api/icons/v1/png_71/generic_business-71.png",
            "icon_background_color": "#7B9EB0",
            "icon_mask_base_uri": "https://maps.gstatic.com/mapfiles/place_api/icons/v2/generic_pinlet",
            "name": "秋葉原FORREST MANSION",
            "opening_hours": {
                "open_now": true
            },
            "photos": [
                {
                    "height": 1536,
                    "html_attributions": [
                        "<a href=\"https://maps.google.com/maps/contrib/113422308787256963047\">秋葉原FORREST MANSION</a>"
                    ],
                    "photo_reference": "Aap_uECsEaKdcAZe8okt-IPlxOE0b-K4CfVm6IaYtg-u4gt2BtJh19cFX_W4ZevynNFpLW1g3QfjWgfOCCG_dzDGBxkknnnOWPafyF8ZyLBP8VFWlVNIoaK4fxU8VWh5G_ho2y_YgnRZyLSQaapiocTa_VjSh4vK1yqTCikz7GuECUSHEvHN",
                    "width": 2048
                }
            ],
            "place_id": "ChIJC8URwPSNGGARWTyFT5upJVI",
            "plus_code": {
                "compound_code": "MQWC+PV 日本、東京都千代田区",
                "global_code": "8Q7XMQWC+PV"
            },
            "rating": 4.8,
            "reference": "ChIJC8URwPSNGGARWTyFT5upJVI",
            "scope": "GOOGLE",
            "types": [
                "cafe",
                "bar",
                "food",
                "point_of_interest",
                "store",
                "establishment"
            ],
            "user_ratings_total": 234,
            "vicinity": "千代田区神田須田町２丁目２３−23 1 3レジデンス B1"
        },
        {
            "business_status": "OPERATIONAL",
            "geometry": {
                "location": {
                    "lat": 35.696753,
                    "lng": 139.7722493
                },
                "viewport": {
                    "northeast": {
                        "lat": 35.6981019802915,
                        "lng": 139.7735982802915
                    },
                    "southwest": {
                        "lat": 35.6954040197085,
                        "lng": 139.7709003197085
                    }
                }
            },
            "icon": "https://maps.gstatic.com/mapfiles/place_api/icons/v1/png_71/generic_business-71.png",
            "icon_background_color": "#7B9EB0",
            "icon_mask_base_uri": "https://maps.gstatic.com/mapfiles/place_api/icons/v2/generic_pinlet",
            "name": "Diaboretta",
            "opening_hours": {
                "open_now": false
            },
            "photos": [
                {
                    "height": 3024,
                    "html_attributions": [
                        "<a href=\"https://maps.google.com/maps/contrib/112985455854307343083\">Diaboretta</a>"
                    ],
                    "photo_reference": "Aap_uEAba1RmHPzdBuXB_BIhVHxLhBQHgJO7CT59xHwiTfhLaiNszQjhxOf_5E2QOiDAqJge3-STLdNBW7YX_bwTXduVeGEujSLdaMvFbPLPf6hqzV0arIC1RbGWTtw3qyNOX2O83jknfvwYu49KdLsbcl8agXxcxZd-sYQYcCTqJEtcG_aw",
                    "width": 4032
                }
            ],
            "place_id": "ChIJTRsBV_SPGGARcnZrRcnsv3A",
            "plus_code": {
                "compound_code": "MQWC+PV 日本、東京都千代田区",
                "global_code": "8Q7XMQWC+PV"
            },
            "rating": 4.4,
            "reference": "ChIJTRsBV_SPGGARcnZrRcnsv3A",
            "scope": "GOOGLE",
            "types": [
                "cafe",
                "bar",
                "food",
                "point_of_interest",
                "establishment"
            ],
            "user_ratings_total": 15,
            "vicinity": "千代田区神田須田町２丁目２３−２３ ワンサードレジデンス 1階"
        }
    ],
    "status": "OK"
}