{
    "html_attributions": [],
    "results": [
        {
            "business_status": "OPERATIONAL",
            "geometry": {
                "location": {
                    "lat": 35.6968526,
                    "lng": 139.7705681
                },
                "viewport": {
                    "northeast": {
                        "lat": 35.6982015802915,
                        "lng": 139.7719170802915
                    },
                    "southwest": {
                        "lat": 35.6955036197085,
                        "lng": 139.7692191197085
                    }
                }
            },
            "icon": "https://maps.gstatic.com/mapfiles/place_api/icons/v1/png_71/museum-71.png",
            "icon_background_color": "#13B5C7",
            "icon_mask_base_uri": "https://maps.gstatic.com/mapfiles/place_api/icons/v2/museum_pinlet",
            "name": "苔むすアートミュージアム",
            "place_id": "ChIJQTuO1AKMGGARlB0VXOd_QvQ",
            "plus_code": {
                "compound_code": "MQWC+P6 日本、東京都千代田区",
                "global_code": "8Q7XMQWC+P6"
            },
            "rating": 4.5,
            "reference": "ChIJQTuO1AKMGGARlB0VXOd_QvQ",
            "scope": "GOOGLE",
            "types": [
                "museum",
                "point_of_interest",
                "establishment"
            ],
            "user_ratings_total": 2,
            "vicinity": "千代田区神田須田町１丁目"
        }
    ],
    "status": "OK"
}