{
    "html_attributions": [],
    "results": [
        {
            "business_status": "OPERATIONAL",
            "geometry": {
                "location": {
                    "lat": 35.6967938,
                    "lng": 139.7718466
                },
                "viewport": {
                    "northeast": {
                        "lat": 35.6980974802915,
                        "lng": 139.7731903302915
                    },
                    "southwest": {
                        "lat": 35.69539951970851,
                        "lng": 139.7704923697085
                    }
                }
            },
            "icon": "https://maps.gstatic.com/mapfiles/place_api/icons/v1/png_71/cafe-71.png",
            "icon_background_color": "#FF9E67",
            "icon_mask_base_uri": "https://maps.gstatic.com/mapfiles/place_api/icons/v2/cafe_pinlet",
            "name": "アニソンカフェ すた〜ず＠AKIBA",
            "opening_hours": {
                "open_now": true
            },
            "photos": [
                {
                    "height": 3265,
                    "html_attributions": [
                        "<a href=\"https://maps.google.com/maps/contrib/115551191594180545507\">Fumitake Ishibashi</a>"
                    ],
                    "photo_reference": "Aap_uEBLeOCbBsnmq7PYlDxPvkZixW9CGrsIjjIV5Ii3Ze-l-oRbRtR6LFehHKBwuKlDMpprpHTEAL_obBQgADL9u8WuWfLRnJM9Ovjnq3ctHcYLoeCInG4C-vcdNjVOjlfeDRVYR80kVvqRJLjE_0pFhsvOmJhdwiMEF-9igkQaGn1SS2WE",
                    "width": 4898
                }
            ],
            "place_id": "ChIJmSuYuQKMGGAR_w2mphk2QoA",
            "plus_code": {
                "compound_code": "MQWC+PP 日本、東京都千代田区",
                "global_code": "8Q7XMQWC+PP"
            },
            "rating": 4,
            "reference": "ChIJmSuYuQKMGGAR_w2mphk2QoA",
            "scope": "GOOGLE",
            "types": [
                "cafe",
                "food",
                "point_of_interest",
                "establishment"
            ],
            "user_ratings_total": 27,
            "vicinity": "千代田区神田須田町２丁目２３−１０"
        },
        {
            "business_status": "OPERATIONAL",
            "geometry": {
                "location": {
                    "lat": 35.6960865,
                    "lng": 139.7714671
                },
                "viewport": {
                    "northeast": {
                        "lat": 35.6974354802915,
                        "lng": 139.7728160802915
                    },
                    "southwest": {
                        "lat": 35.6947375197085,
                        "lng": 139.7701181197085
                    }
                }
            },
            "icon": "https://maps.gstatic.com/mapfiles/place_api/icons/v1/png_71/cafe-71.png",
            "icon_background_color": "#FF9E67",
            "icon_mask_base_uri": "https://maps.gstatic.com/mapfiles/place_api/icons/v2/cafe_pinlet",
            "name": "Lily Cottage",
            "place_id": "ChIJw54UebKNGGARffs2_g2N1x8",
            "plus_code": {
                "compound_code": "MQWC+CH 日本、東京都千代田区",
                "global_code": "8Q7XMQWC+CH"
            },
            "rating": 1,
            "reference": "ChIJw54UebKNGGARffs2_g2N1x8",
            "scope": "GOOGLE",
            "types": [
                "cafe",
                "food",
                "point_of_interest",
                "establishment"
            ],
            "user_ratings_total": 3,
            "vicinity": "千代田区神田須田町２−１ 秋葉原ビル 1F BP"
        },
        {
            "business_status": "OPERATIONAL",
            "geometry": {
                "location": {
                    "lat": 35.69620310000001,
                    "lng": 139.7717118
                },
                "viewport": {
                    "northeast": {
                        "lat": 35.6976000802915,
                        "lng": 139.7730678302915
                    },
                    "southwest": {
                        "lat": 35.6949021197085,
                        "lng": 139.7703698697085
                    }
                }
            },
            "icon": "https://maps.gstatic.com/mapfiles/place_api/icons/v1/png_71/cafe-71.png",
            "icon_background_color": "#FF9E67",
            "icon_mask_base_uri": "https://maps.gstatic.com/mapfiles/place_api/icons/v2/cafe_pinlet",
            "name": "レンタルスペース スペレン125号店",
            "opening_hours": {
                "open_now": true
            },
            "photos": [
                {
                    "height": 1260,
                    "html_attributions": [
                        "<a href=\"https://maps.google.com/maps/contrib/106321829121674887053\">スペレンタロウ</a>"
                    ],
                    "photo_reference": "Aap_uEDP5zlwVzyXYD7BKwTJcaW81-ksUOvcv6s1r03n7fLeXrzDSx67lixfzbM9lUC6lRKOt03l8LaDN5ao_q9DlY6F0axfDtJplv8WXYGLjuO5_3wR7Bz1FWyQsn5MrdRFmwPM9_PQCEtm_ZxQPyqB7Y-cu8ryVXfMzuSsUXaFZ1lFuPyx",
                    "width": 1890
                }
            ],
            "place_id": "ChIJPaqMrquNGGARh226G1GfO4k",
            "plus_code": {
                "compound_code": "MQWC+FM 日本、東京都千代田区",
                "global_code": "8Q7XMQWC+FM"
            },
            "rating": 4,
            "reference": "ChIJPaqMrquNGGARh226G1GfO4k",
            "scope": "GOOGLE",
            "types": [
                "cafe",
                "food",
                "point_of_interest",
                "establishment"
            ],
            "user_ratings_total": 1,
            "vicinity": "千代田区神田須田町２丁目３−１２"
        },
        {
            "business_status": "OPERATIONAL",
            "geometry": {
                "location": {
                    "lat": 35.6971406,
                    "lng": 139.7702145
                },
                "viewport": {
                    "northeast": {
                        "lat": 35.6984895802915,
                        "lng": 139.7715634802915
                    },
                    "southwest": {
                        "lat": 35.6957916197085,
                        "lng": 139.7688655197085
                    }
                }
            },
            "icon": "https://maps.gstatic.com/mapfiles/place_api/icons/v1/png_71/cafe-71.png",
            "icon_background_color": "#FF9E67",
            "icon_mask_base_uri": "https://maps.gstatic.com/mapfiles/place_api/icons/v2/cafe_pinlet",
            "name": "ブルーボトルコーヒー 神田万世橋カフェ",
            "opening_hours": {
                "open_now": false
            },
            "photos": [
                {
                    "height": 1400,
                    "html_attributions": [
                        "<a href=\"https://maps.google.com/maps/contrib/115157951776021848509\">Blue Bottle Coffee Kanda Cafe</a>"
                    ],
                    "photo_reference": "Aap_uEAPB6DZM3uZtI74WNijHx13lpA9d2vRTi1YI74QtsGOsgPrqJnwvDifJ52PPIe9ol5GcdFkb3IO8Dj8nJLqz-4ApQX_3ZAA0DZALNVEmDUSk-tymldCntc_s0-5vhb0ntp0Y4jQliCX5CKZO3Ef7X7lvlIzIZ8TaNnQgW1RYesAvDkj",
                    "width": 2100
                }
            ],
            "place_id": "ChIJqTOcqgCNGGARGkVAT0bCFkw",
            "plus_code": {
                "compound_code": "MQWC+V3 日本、東京都千代田区",
                "global_code": "8Q7XMQWC+V3"
            },
            "price_level": 2,
            "rating": 4.2,
            "reference": "ChIJqTOcqgCNGGARGkVAT0bCFkw",
            "scope": "GOOGLE",
            "types": [
                "meal_takeaway",
                "cafe",
                "restaurant",
                "food",
                "point_of_interest",
                "store",
                "establishment"
            ],
            "user_ratings_total": 274,
            "vicinity": "千代田区神田須田町１丁目２５−４"
        }
    ],
    "status": "OK"
}