{
    "html_attributions": [],
    "results": [
        {
            "business_status": "OPERATIONAL",
            "geometry": {
                "location": {
                    "lat": 35.6989797,
                    "lng": 139.7757147
                },
                "viewport": {
                    "northeast": {
                        "lat": 35.70032913029149,
                        "lng": 139.7770452302915
                    },
                    "southwest": {
                        "lat": 35.69763116970849,
                        "lng": 139.7743472697085
                    }
                }
            },
            "icon": "https://maps.gstatic.com/mapfiles/place_api/icons/v1/png_71/generic_business-71.png",
            "icon_background_color": "#13B5C7",
            "icon_mask_base_uri": "https://maps.gstatic.com/mapfiles/place_api/icons/v2/generic_pinlet",
            "name": "千代田区町名由来板 神田和泉町",
            "photos": [
                {
                    "height": 2048,
                    "html_attributions": [
                        "<a href=\"https://maps.google.com/maps/contrib/115305365064612018678\">子龍</a>"
                    ],
                    "photo_reference": "Aap_uEADphR39OHF8W5ywZGGyMBqVZwo7YgSRt2eW9UYk0A46AYA22KOynDxPgO7OpV1HrzFpGzyxH8UqHZLri21VxYcEl_BvTHvgZoYZJla24_cJXZu1WvXxrWZz4IjkvOA5y5Wa7To_UxAn-Sz6rsaDLX2ilC8tLE4FXP8fg_hTpMma0kI",
                    "width": 1536
                }
            ],
            "place_id": "ChIJ9bMq8t-PGGARYuwSqK2yaf0",
            "plus_code": {
                "compound_code": "MQXG+H7 日本、東京都千代田区",
                "global_code": "8Q7XMQXG+H7"
            },
            "rating": 3,
            "reference": "ChIJ9bMq8t-PGGARYuwSqK2yaf0",
            "scope": "GOOGLE",
            "types": [
                "tourist_attraction",
                "point_of_interest",
                "establishment"
            ],
            "user_ratings_total": 1,
            "vicinity": "千代田区神田和泉町１−１−１ Ykk 80 ビル"
        },
        {
            "business_status": "OPERATIONAL",
            "geometry": {
                "location": {
                    "lat": 35.6978637,
                    "lng": 139.7749386
                },
                "viewport": {
                    "northeast": {
                        "lat": 35.6992133802915,
                        "lng": 139.7762370802915
                    },
                    "southwest": {
                        "lat": 35.6965154197085,
                        "lng": 139.7735391197085
                    }
                }
            },
            "icon": "https://maps.gstatic.com/mapfiles/place_api/icons/v1/png_71/generic_business-71.png",
            "icon_background_color": "#13B5C7",
            "icon_mask_base_uri": "https://maps.gstatic.com/mapfiles/place_api/icons/v2/generic_pinlet",
            "name": "秋葉原川跡",
            "opening_hours": {
                "open_now": true
            },
            "photos": [
                {
                    "height": 4032,
                    "html_attributions": [
                        "<a href=\"https://maps.google.com/maps/contrib/117789666497415171483\">shinohara makoto</a>"
                    ],
                    "photo_reference": "Aap_uEDIOQtjPS-sEu3G-UL3PDYS268BSr2v8GgY5LsTyzAAVeFWMNVv4xfx_wpCqX0BIVSTZA5QnYWgGxCxE2BnRUpsJmyYdnLOmiypJHFfs3e1Pe-fVxoITLqWd5_pWal_Mh7wGUSnYAk_OkUf4keU6K-fxBHS6CzL54u6rLsgdt62y8PW",
                    "width": 3024
                }
            ],
            "place_id": "ChIJS0vUZaiOGGAR4HU2BMPet5w",
            "plus_code": {
                "compound_code": "MQXF+4X 日本、東京都千代田区",
                "global_code": "8Q7XMQXF+4X"
            },
            "rating": 3.2,
            "reference": "ChIJS0vUZaiOGGAR4HU2BMPet5w",
            "scope": "GOOGLE",
            "types": [
                "tourist_attraction",
                "point_of_interest",
                "establishment"
            ],
            "user_ratings_total": 6,
            "vicinity": "千代田区神田佐久間町１丁目１９"
        }
    ],
    "status": "OK"
}