{
    "html_attributions": [],
    "results": [
        {
            "business_status": "OPERATIONAL",
            "geometry": {
                "location": {
                    "lat": 35.69863000000001,
                    "lng": 139.4168511
                },
                "viewport": {
                    "northeast": {
                        "lat": 35.6999820802915,
                        "lng": 139.4181785802915
                    },
                    "southwest": {
                        "lat": 35.6972841197085,
                        "lng": 139.4154806197085
                    }
                }
            },
            "icon": "https://maps.gstatic.com/mapfiles/place_api/icons/v1/png_71/cafe-71.png",
            "icon_background_color": "#FF9E67",
            "icon_mask_base_uri": "https://maps.gstatic.com/mapfiles/place_api/icons/v2/cafe_pinlet",
            "name": "mogura cafe",
            "opening_hours": {
                "open_now": false
            },
            "place_id": "ChIJey932GThGGARJKV_9ahXCpA",
            "plus_code": {
                "compound_code": "MCX8+FP 日本、東京都立川市",
                "global_code": "8Q7XMCX8+FP"
            },
            "reference": "ChIJey932GThGGARJKV_9ahXCpA",
            "scope": "GOOGLE",
            "types": [
                "cafe",
                "food",
                "point_of_interest",
                "establishment"
            ],
            "vicinity": "立川市曙町２丁目２２−２３"
        }
    ],
    "status": "OK"
}