{
    "html_attributions": [],
    "results": [
        {
            "business_status": "OPERATIONAL",
            "geometry": {
                "location": {
                    "lat": 35.6937748,
                    "lng": 139.4151397
                },
                "viewport": {
                    "northeast": {
                        "lat": 35.6951110302915,
                        "lng": 139.4165254302915
                    },
                    "southwest": {
                        "lat": 35.6924130697085,
                        "lng": 139.4138274697085
                    }
                }
            },
            "icon": "https://maps.gstatic.com/mapfiles/place_api/icons/v1/png_71/park-71.png",
            "icon_background_color": "#4DB546",
            "icon_mask_base_uri": "https://maps.gstatic.com/mapfiles/place_api/icons/v2/tree_pinlet",
            "name": "錦ニ北公園",
            "opening_hours": {
                "open_now": true
            },
            "photos": [
                {
                    "height": 4000,
                    "html_attributions": [
                        "<a href=\"https://maps.google.com/maps/contrib/105478597021323223925\">東京立川・ほまれ屋</a>"
                    ],
                    "photo_reference": "Aap_uECH-qurQVMF6cbwORT8oazniKA2qk0_jaTI1TAX0G5Z6oxlY4hJbGiyW_ewSoFuqVyJguOOtPoueIlTrv6I-LIitI_ljo7t-mhpBQunPI59wOYxYA0Wbq04bxgghI6hN89Pv-v2gkhXv9BO4pOTmaodJNmkrAKEsyxKyahwaC9q9Mmj",
                    "width": 6000
                }
            ],
            "place_id": "ChIJY7p53HzhGGARi15l400k8Cc",
            "plus_code": {
                "compound_code": "MCV8+G3 日本、東京都立川市",
                "global_code": "8Q7XMCV8+G3"
            },
            "rating": 2,
            "reference": "ChIJY7p53HzhGGARi15l400k8Cc",
            "scope": "GOOGLE",
            "types": [
                "park",
                "point_of_interest",
                "establishment"
            ],
            "user_ratings_total": 1,
            "vicinity": "立川市錦町２丁目５−１９"
        },
        {
            "business_status": "OPERATIONAL",
            "geometry": {
                "location": {
                    "lat": 35.695729,
                    "lng": 139.4150351
                },
                "viewport": {
                    "northeast": {
                        "lat": 35.69715478029151,
                        "lng": 139.4164239802915
                    },
                    "southwest": {
                        "lat": 35.69445681970851,
                        "lng": 139.4137260197085
                    }
                }
            },
            "icon": "https://maps.gstatic.com/mapfiles/place_api/icons/v1/png_71/park-71.png",
            "icon_background_color": "#4DB546",
            "icon_mask_base_uri": "https://maps.gstatic.com/mapfiles/place_api/icons/v2/tree_pinlet",
            "name": "錦ニすずらん公園",
            "opening_hours": {
                "open_now": true
            },
            "photos": [
                {
                    "height": 2304,
                    "html_attributions": [
                        "<a href=\"https://maps.google.com/maps/contrib/117561571789541942318\">naberin 55</a>"
                    ],
                    "photo_reference": "Aap_uEATRFwFi5u5hrLz-PUSqjzYdX1F9zdBP92eDg8-8kOo7XFfXyXXIsLyRDWI1jBLvy3xuy0KWyKYR3sbDfZleXcNJAFQj3RIU1FkA0ZiO5YcxO4MoQpTBJwYlKif8v9enkt4LOZBinV1NVTVJ39MYk-qA0I_vFD1ImKdtWRyXeixSfOw",
                    "width": 4608
                }
            ],
            "place_id": "ChIJ2agaX3vhGGARye8YwU4Zv9A",
            "plus_code": {
                "compound_code": "MCW8+72 日本、東京都立川市",
                "global_code": "8Q7XMCW8+72"
            },
            "rating": 3.6,
            "reference": "ChIJ2agaX3vhGGARye8YwU4Zv9A",
            "scope": "GOOGLE",
            "types": [
                "park",
                "point_of_interest",
                "establishment"
            ],
            "user_ratings_total": 32,
            "vicinity": "立川市錦町２丁目１−７"
        }
    ],
    "status": "OK"
}