{
    "html_attributions": [],
    "results": [
        {
            "business_status": "CLOSED_TEMPORARILY",
            "geometry": {
                "location": {
                    "lat": 35.696729,
                    "lng": 139.4160465
                },
                "viewport": {
                    "northeast": {
                        "lat": 35.6980070802915,
                        "lng": 139.4173575302915
                    },
                    "southwest": {
                        "lat": 35.6953091197085,
                        "lng": 139.4146595697085
                    }
                }
            },
            "icon": "https://maps.gstatic.com/mapfiles/place_api/icons/v1/png_71/cafe-71.png",
            "icon_background_color": "#FF9E67",
            "icon_mask_base_uri": "https://maps.gstatic.com/mapfiles/place_api/icons/v2/cafe_pinlet",
            "name": "氷処 綾",
            "permanently_closed": true,
            "photos": [
                {
                    "height": 4032,
                    "html_attributions": [
                        "<a href=\"https://maps.google.com/maps/contrib/100794986103386281294\">tomomi</a>"
                    ],
                    "photo_reference": "Aap_uEDiIzMVEuP_OtSzhB7d91_bcst3-Q-zKclnUkcTiorb6rw4FVopCJaKhvsqwSm_ha2fDtawcgiFPRasHi56Twys0BCNjH-rk6zf3WBC9i9CMrIVOdP4mNUzLsk_bIY3MaYoxbYEVKcusMGDQkex2PgSOoIfQ1-AUnNzA6VzaIg1x0mP",
                    "width": 3024
                }
            ],
            "place_id": "ChIJb7I9qE7hGGARS2hhfzA487s",
            "plus_code": {
                "compound_code": "MCW8+MC 日本、東京都立川市",
                "global_code": "8Q7XMCW8+MC"
            },
            "rating": 5,
            "reference": "ChIJb7I9qE7hGGARS2hhfzA487s",
            "scope": "GOOGLE",
            "types": [
                "cafe",
                "food",
                "point_of_interest",
                "establishment"
            ],
            "user_ratings_total": 1,
            "vicinity": "立川市錦町１丁目３−６ キンエービル"
        },
        {
            "business_status": "OPERATIONAL",
            "geometry": {
                "location": {
                    "lat": 35.6959358,
                    "lng": 139.4158541
                },
                "viewport": {
                    "northeast": {
                        "lat": 35.6972847802915,
                        "lng": 139.4172030802915
                    },
                    "southwest": {
                        "lat": 35.6945868197085,
                        "lng": 139.4145051197085
                    }
                }
            },
            "icon": "https://maps.gstatic.com/mapfiles/place_api/icons/v1/png_71/shopping-71.png",
            "icon_background_color": "#4B96F3",
            "icon_mask_base_uri": "https://maps.gstatic.com/mapfiles/place_api/icons/v2/shopping_pinlet",
            "name": "ジョルディーノ",
            "opening_hours": {
                "open_now": true
            },
            "photos": [
                {
                    "height": 2160,
                    "html_attributions": [
                        "<a href=\"https://maps.google.com/maps/contrib/109785179996509418309\">ジョルディーノ</a>"
                    ],
                    "photo_reference": "Aap_uEBYIn23bkTj4W-3a-286uuQDP-n4f5S_SyC2QBCUWe9wME1ITr9zPA0jYmfGdIyxjU8hJOs3NZA8VVBOhKE-syzgch_AtFAgvuqQ1MQ1p03hBkQGlRMJ94mPFltqKMMVEHvcvRKTtLbThGDxmEWF5qNp_PJBGRnSNmtEG92VJ3bvpgV",
                    "width": 2880
                }
            ],
            "place_id": "ChIJ2R-7VmvhGGARiRUzDvWj_Gk",
            "plus_code": {
                "compound_code": "MCW8+98 日本、東京都立川市",
                "global_code": "8Q7XMCW8+98"
            },
            "rating": 3.6,
            "reference": "ChIJ2R-7VmvhGGARiRUzDvWj_Gk",
            "scope": "GOOGLE",
            "types": [
                "cafe",
                "food",
                "point_of_interest",
                "store",
                "establishment"
            ],
            "user_ratings_total": 9,
            "vicinity": "立川市錦町２丁目１−８ グリーンビル 2階"
        },
        {
            "business_status": "OPERATIONAL",
            "geometry": {
                "location": {
                    "lat": 35.6967985,
                    "lng": 139.4151105
                },
                "viewport": {
                    "northeast": {
                        "lat": 35.69813533029149,
                        "lng": 139.4164925302915
                    },
                    "southwest": {
                        "lat": 35.69543736970849,
                        "lng": 139.4137945697085
                    }
                }
            },
            "icon": "https://maps.gstatic.com/mapfiles/place_api/icons/v1/png_71/cafe-71.png",
            "icon_background_color": "#FF9E67",
            "icon_mask_base_uri": "https://maps.gstatic.com/mapfiles/place_api/icons/v2/cafe_pinlet",
            "name": "DS100%",
            "opening_hours": {
                "open_now": false
            },
            "photos": [
                {
                    "height": 2976,
                    "html_attributions": [
                        "<a href=\"https://maps.google.com/maps/contrib/101341053049614111940\">Kaz bomber</a>"
                    ],
                    "photo_reference": "Aap_uEA2rqpzz7vLnZCAifaiOxqgv2Stx8HBrSiSPeLiQDkLlo3O4FTKb5k-E7VaiQC_gNPksIbRkL8OYkF4yhufbATk4zkOiZlyq4-sPQeO1lOhfqSq9YjcVEc-fNJCL-gtSRhIQs9CaVc_hSlpRmxtEQtI3NoBdBk74uIaVTUmJCIBTks5",
                    "width": 3968
                }
            ],
            "place_id": "ChIJPRpYP3vhGGAR4jSD_qYi3c4",
            "plus_code": {
                "compound_code": "MCW8+P2 日本、東京都立川市",
                "global_code": "8Q7XMCW8+P2"
            },
            "reference": "ChIJPRpYP3vhGGAR4jSD_qYi3c4",
            "scope": "GOOGLE",
            "types": [
                "cafe",
                "food",
                "point_of_interest",
                "establishment"
            ],
            "vicinity": "立川市柴崎町３丁目４"
        },
        {
            "business_status": "OPERATIONAL",
            "geometry": {
                "location": {
                    "lat": 35.6967443,
                    "lng": 139.4150653
                },
                "viewport": {
                    "northeast": {
                        "lat": 35.6980932802915,
                        "lng": 139.4164142802915
                    },
                    "southwest": {
                        "lat": 35.6953953197085,
                        "lng": 139.4137163197085
                    }
                }
            },
            "icon": "https://maps.gstatic.com/mapfiles/place_api/icons/v1/png_71/bar-71.png",
            "icon_background_color": "#FF9E67",
            "icon_mask_base_uri": "https://maps.gstatic.com/mapfiles/place_api/icons/v2/bar_pinlet",
            "name": "New Lounge ひとみ",
            "opening_hours": {
                "open_now": false
            },
            "photos": [
                {
                    "height": 720,
                    "html_attributions": [
                        "<a href=\"https://maps.google.com/maps/contrib/105846221033850918356\">New Lounge ひとみ</a>"
                    ],
                    "photo_reference": "Aap_uEAYElmwn2_1i8bouZVCeBJFEDn_kdSdwxScuChDAj5AHAkPFFzr3bNII9XbPlJ_AKF4ZhgkqTQmTfPPmTr0995VAR2a9RUIepOiAkBcoX93adhKLoJaj_d5L0PnWgFlOGVAJPkkzmoqpL5D3M_2A6y1nsPJ84uqN1yMx4LNyA8EOz5Y",
                    "width": 1280
                }
            ],
            "place_id": "ChIJAdV6s83hGGARLt9lkG8FvOQ",
            "plus_code": {
                "compound_code": "MCW8+M2 日本、東京都立川市",
                "global_code": "8Q7XMCW8+M2"
            },
            "rating": 3,
            "reference": "ChIJAdV6s83hGGARLt9lkG8FvOQ",
            "scope": "GOOGLE",
            "types": [
                "night_club",
                "meal_takeaway",
                "cafe",
                "bar",
                "restaurant",
                "food",
                "point_of_interest",
                "establishment"
            ],
            "user_ratings_total": 6,
            "vicinity": "立川市柴崎町３丁目４−８ 神田ビル 2階"
        },
        {
            "business_status": "OPERATIONAL",
            "geometry": {
                "location": {
                    "lat": 35.695995,
                    "lng": 139.4150585
                },
                "viewport": {
                    "northeast": {
                        "lat": 35.69730318029149,
                        "lng": 139.4163908802915
                    },
                    "southwest": {
                        "lat": 35.6946052197085,
                        "lng": 139.4136929197085
                    }
                }
            },
            "icon": "https://maps.gstatic.com/mapfiles/place_api/icons/v1/png_71/cafe-71.png",
            "icon_background_color": "#FF9E67",
            "icon_mask_base_uri": "https://maps.gstatic.com/mapfiles/place_api/icons/v2/cafe_pinlet",
            "name": "ひととき喫煙所",
            "opening_hours": {
                "open_now": false
            },
            "photos": [
                {
                    "height": 4032,
                    "html_attributions": [
                        "<a href=\"https://maps.google.com/maps/contrib/112744174047324833672\">赤目の真打ち立川男子</a>"
                    ],
                    "photo_reference": "Aap_uEAqgOQ1XAb-8xbCH4RftCxUdNVpHQ9--XP4EL5xGSNAefmFVOIQUS6b5Lgbc8-5IG_cUSqOQ-vCp2kMGsbDGFQxtS0tP33EdcNrUJslXqz4nWs0pa0xH1ZZ03K5fDfSY8oz5avC_vZq2lcDGgY17Qz-rlfI8-Lqw3TSrE5VZS7tmMI",
                    "width": 3024
                }
            ],
            "place_id": "ChIJc7NcL7HhGGAR4j6ReOeHycY",
            "plus_code": {
                "compound_code": "MCW8+92 日本、東京都立川市",
                "global_code": "8Q7XMCW8+92"
            },
            "price_level": 1,
            "rating": 4.5,
            "reference": "ChIJc7NcL7HhGGAR4j6ReOeHycY",
            "scope": "GOOGLE",
            "types": [
                "cafe",
                "food",
                "point_of_interest",
                "establishment"
            ],
            "user_ratings_total": 35,
            "vicinity": "立川市錦町２丁目１ ＧＲＡＮＤ ＥＳＰＯＩＲ"
        },
        {
            "business_status": "OPERATIONAL",
            "geometry": {
                "location": {
                    "lat": 35.6970045,
                    "lng": 139.4166305
                },
                "viewport": {
                    "northeast": {
                        "lat": 35.6983534802915,
                        "lng": 139.4179794802915
                    },
                    "southwest": {
                        "lat": 35.6956555197085,
                        "lng": 139.4152815197085
                    }
                }
            },
            "icon": "https://maps.gstatic.com/mapfiles/place_api/icons/v1/png_71/cafe-71.png",
            "icon_background_color": "#FF9E67",
            "icon_mask_base_uri": "https://maps.gstatic.com/mapfiles/place_api/icons/v2/cafe_pinlet",
            "name": "ロンド",
            "opening_hours": {
                "open_now": false
            },
            "photos": [
                {
                    "height": 2192,
                    "html_attributions": [
                        "<a href=\"https://maps.google.com/maps/contrib/110636305004805296572\">ri ta</a>"
                    ],
                    "photo_reference": "Aap_uEDbfx1E4lDxu3sRSRIaaywFpsW1LEMSbREQs2nhNkzYJYQ6GkH3m1jIip022r5Y4cf4clxgfA0PsKDfZ_V-B727JrlISMgK0s3_m5-mSXcp9YBvxtAOdObzCXizOAjfV_2lOcptRXTkvxpBXmtkzbLrn1VwG37IRR5gpBnt7WPNl9PJ",
                    "width": 2192
                }
            ],
            "place_id": "ChIJyV8gsWThGGAR4tY5INfEK9E",
            "plus_code": {
                "compound_code": "MCW8+RM 日本、東京都立川市",
                "global_code": "8Q7XMCW8+RM"
            },
            "rating": 3.8,
            "reference": "ChIJyV8gsWThGGAR4tY5INfEK9E",
            "scope": "GOOGLE",
            "types": [
                "cafe",
                "food",
                "point_of_interest",
                "store",
                "establishment"
            ],
            "user_ratings_total": 34,
            "vicinity": "立川市錦町１丁目２−１３"
        }
    ],
    "status": "OK"
}