{
    "html_attributions": [],
    "results": [
        {
            "business_status": "OPERATIONAL",
            "geometry": {
                "location": {
                    "lat": 35.6964234,
                    "lng": 139.4123968
                },
                "viewport": {
                    "northeast": {
                        "lat": 35.69781523029151,
                        "lng": 139.4138047802915
                    },
                    "southwest": {
                        "lat": 35.69511726970851,
                        "lng": 139.4111068197085
                    }
                }
            },
            "icon": "https://maps.gstatic.com/mapfiles/place_api/icons/v1/png_71/cafe-71.png",
            "icon_background_color": "#FF9E67",
            "icon_mask_base_uri": "https://maps.gstatic.com/mapfiles/place_api/icons/v2/cafe_pinlet",
            "name": "Borabora 立川店",
            "opening_hours": {
                "open_now": true
            },
            "photos": [
                {
                    "height": 1371,
                    "html_attributions": [
                        "<a href=\"https://maps.google.com/maps/contrib/108112463200040603868\">Borabora 立川店</a>"
                    ],
                    "photo_reference": "Aap_uEB_ZAeIi578YmKF15Pr3yPEwf4XBIhX0JvXTM4br9vCXhDaNsBrFSA51Mb3wSYgqdf992GD9y6x2VSSg2F1SVuJzD9P5rzieF-iJMGjxsuEUQjiJ7ggMsJZRLnKa6HtsjYhthqrCkHWJSD2ooQ5pWLGPTzXFb8yGIq4d_Qxy05SulCd",
                    "width": 2048
                }
            ],
            "place_id": "ChIJtciTyXvhGGARUUYdhU9WSMo",
            "plus_code": {
                "compound_code": "MCW6+HX 日本、東京都立川市",
                "global_code": "8Q7XMCW6+HX"
            },
            "price_level": 2,
            "rating": 3.4,
            "reference": "ChIJtciTyXvhGGARUUYdhU9WSMo",
            "scope": "GOOGLE",
            "types": [
                "cafe",
                "food",
                "point_of_interest",
                "establishment"
            ],
            "user_ratings_total": 315,
            "vicinity": "立川市柴崎町３丁目７−５ ヒューマックス パビリオン ビル B1"
        },
        {
            "business_status": "OPERATIONAL",
            "geometry": {
                "location": {
                    "lat": 35.6963814,
                    "lng": 139.4114012
                },
                "viewport": {
                    "northeast": {
                        "lat": 35.6977303802915,
                        "lng": 139.4127501802915
                    },
                    "southwest": {
                        "lat": 35.6950324197085,
                        "lng": 139.4100522197085
                    }
                }
            },
            "icon": "https://maps.gstatic.com/mapfiles/place_api/icons/v1/png_71/restaurant-71.png",
            "icon_background_color": "#FF9E67",
            "icon_mask_base_uri": "https://maps.gstatic.com/mapfiles/place_api/icons/v2/restaurant_pinlet",
            "name": "cafe sov｜旧LOJI＆JLIO立川",
            "opening_hours": {
                "open_now": true
            },
            "photos": [
                {
                    "height": 2160,
                    "html_attributions": [
                        "<a href=\"https://maps.google.com/maps/contrib/113413980089004015422\">cafe sov</a>"
                    ],
                    "photo_reference": "Aap_uEBqE1paObh5TgdGFOZGfXsPT4wQJQU4m8nM7uBjFB5e2r-hphk8dOiXCztW3dFHygIWu7QjEcQQpDhcGLRsydcwRtB8LgUkFdpq0zeEp63BauD0-a-36fhhcOjfurEFoDWIr8rDhURZG7dRF8eHK9CnlqWDymfA0vQVtr3KF8JbvDuW",
                    "width": 2160
                }
            ],
            "place_id": "ChIJ92_6MnvhGGARPn4417ZsGFU",
            "plus_code": {
                "compound_code": "MCW6+HH 日本、東京都立川市",
                "global_code": "8Q7XMCW6+HH"
            },
            "price_level": 2,
            "rating": 4.1,
            "reference": "ChIJ92_6MnvhGGARPn4417ZsGFU",
            "scope": "GOOGLE",
            "types": [
                "cafe",
                "restaurant",
                "food",
                "point_of_interest",
                "establishment"
            ],
            "user_ratings_total": 115,
            "vicinity": "立川市柴崎町２丁目３−３ ライフソースビル 1F"
        },
        {
            "business_status": "OPERATIONAL",
            "geometry": {
                "location": {
                    "lat": 35.6963732,
                    "lng": 139.4114007
                },
                "viewport": {
                    "northeast": {
                        "lat": 35.6977551302915,
                        "lng": 139.4127676802915
                    },
                    "southwest": {
                        "lat": 35.6950571697085,
                        "lng": 139.4100697197085
                    }
                }
            },
            "icon": "https://maps.gstatic.com/mapfiles/place_api/icons/v1/png_71/cafe-71.png",
            "icon_background_color": "#FF9E67",
            "icon_mask_base_uri": "https://maps.gstatic.com/mapfiles/place_api/icons/v2/cafe_pinlet",
            "name": "カフェソブ",
            "opening_hours": {
                "open_now": false
            },
            "place_id": "ChIJ_UxBuU_hGGAR8Pt0_rSbzHU",
            "plus_code": {
                "compound_code": "MCW6+GH 日本、東京都立川市",
                "global_code": "8Q7XMCW6+GH"
            },
            "rating": 4,
            "reference": "ChIJ_UxBuU_hGGAR8Pt0_rSbzHU",
            "scope": "GOOGLE",
            "types": [
                "cafe",
                "food",
                "point_of_interest",
                "establishment"
            ],
            "user_ratings_total": 1,
            "vicinity": "立川市柴崎町２丁目３−３ ライフソースビル 1F"
        },
        {
            "business_status": "OPERATIONAL",
            "geometry": {
                "location": {
                    "lat": 35.6962944,
                    "lng": 139.411627
                },
                "viewport": {
                    "northeast": {
                        "lat": 35.69767108029151,
                        "lng": 139.4129910802915
                    },
                    "southwest": {
                        "lat": 35.69497311970851,
                        "lng": 139.4102931197085
                    }
                }
            },
            "icon": "https://maps.gstatic.com/mapfiles/place_api/icons/v1/png_71/cafe-71.png",
            "icon_background_color": "#FF9E67",
            "icon_mask_base_uri": "https://maps.gstatic.com/mapfiles/place_api/icons/v2/cafe_pinlet",
            "name": "リビングカフェ マムマルシェ",
            "opening_hours": {
                "open_now": false
            },
            "photos": [
                {
                    "height": 500,
                    "html_attributions": [
                        "<a href=\"https://maps.google.com/maps/contrib/109497921348304912177\">リビングカフェ マムマルシェ</a>"
                    ],
                    "photo_reference": "Aap_uEDga75gQx_AHOnfYX0jryekdWBpo_ykxtxgLUUdtm03MDV0bq-WYWcPYjoChv6BL_m66U8VOk72zs7ZB5Oa7u_c8dwkYx6Ho_4QFSKpS4U34PaOrYvqFQjnaJlOFNYodVLmV4pajhGrzckneklsOymS8uck-NokZoCcqVm5NeMBJmy-",
                    "width": 750
                }
            ],
            "place_id": "ChIJJ3g4FPzhGGARqpMNzouKIqg",
            "plus_code": {
                "compound_code": "MCW6+GM 日本、東京都立川市",
                "global_code": "8Q7XMCW6+GM"
            },
            "rating": 4.7,
            "reference": "ChIJJ3g4FPzhGGARqpMNzouKIqg",
            "scope": "GOOGLE",
            "types": [
                "cafe",
                "food",
                "point_of_interest",
                "establishment"
            ],
            "user_ratings_total": 3,
            "vicinity": "立川市柴崎町３丁目８−１０"
        }
    ],
    "status": "OK"
}