{
    "html_attributions": [],
    "results": [
        {
            "business_status": "OPERATIONAL",
            "geometry": {
                "location": {
                    "lat": 35.6997807,
                    "lng": 139.4133954
                },
                "viewport": {
                    "northeast": {
                        "lat": 35.7011296802915,
                        "lng": 139.4147443802915
                    },
                    "southwest": {
                        "lat": 35.6984317197085,
                        "lng": 139.4120464197085
                    }
                }
            },
            "icon": "https://maps.gstatic.com/mapfiles/place_api/icons/v1/png_71/cafe-71.png",
            "icon_background_color": "#FF9E67",
            "icon_mask_base_uri": "https://maps.gstatic.com/mapfiles/place_api/icons/v2/cafe_pinlet",
            "name": "エミリーフローゲ 本店",
            "opening_hours": {
                "open_now": false
            },
            "photos": [
                {
                    "height": 768,
                    "html_attributions": [
                        "<a href=\"https://maps.google.com/maps/contrib/118400540635145599075\">にゃあにゃあ</a>"
                    ],
                    "photo_reference": "Aap_uEA0jqFpiQeKJudZvFHmvlaoa83vOn8pgNsUibyYmTYXWmpxPORXBeh_tWSYDBhO6KTDaxb-gLMv7n3_0J9rDLObNGHU52cCYQRBFQmwMXHtEixre4oj5HBpo0zUKxXiNUIPq_j8xGm27PghbQ7hmNhe0oNXism7xJ_uuIY8yEUMVPo",
                    "width": 1024
                }
            ],
            "place_id": "ChIJv_GknHDhGGARpnXRIA1orc4",
            "plus_code": {
                "compound_code": "MCX7+W9 日本、東京都立川市",
                "global_code": "8Q7XMCX7+W9"
            },
            "price_level": 2,
            "rating": 4,
            "reference": "ChIJv_GknHDhGGARpnXRIA1orc4",
            "scope": "GOOGLE",
            "types": [
                "cafe",
                "bakery",
                "food",
                "point_of_interest",
                "store",
                "establishment"
            ],
            "user_ratings_total": 231,
            "vicinity": "立川市曙町２丁目５−１"
        },
        {
            "business_status": "OPERATIONAL",
            "geometry": {
                "location": {
                    "lat": 35.6995488,
                    "lng": 139.4130881
                },
                "viewport": {
                    "northeast": {
                        "lat": 35.70089778029149,
                        "lng": 139.4144370802915
                    },
                    "southwest": {
                        "lat": 35.6981998197085,
                        "lng": 139.4117391197085
                    }
                }
            },
            "icon": "https://maps.gstatic.com/mapfiles/place_api/icons/v1/png_71/cafe-71.png",
            "icon_background_color": "#FF9E67",
            "icon_mask_base_uri": "https://maps.gstatic.com/mapfiles/place_api/icons/v2/cafe_pinlet",
            "name": "アフタヌーンティー・ティールーム 伊勢丹立川店",
            "opening_hours": {
                "open_now": false
            },
            "photos": [
                {
                    "height": 3024,
                    "html_attributions": [
                        "<a href=\"https://maps.google.com/maps/contrib/100927809845036141938\">emi rena</a>"
                    ],
                    "photo_reference": "Aap_uEAlfjlwj_YDWiTBRzXW5C6ylI46OCW2pJSPxOsIXWW5BXJmYsVOa-0Xfod-sfwQK1NvM49-EZnFdeRbj4dQ11lqOJzgq7pRfM55_6ye76NtldeutpI3dXWx_xQiVnA8rUhP-I6CRNDSjZHg157fRMoRaVrlcfMfB2upIfn-DyS4tb_h",
                    "width": 4032
                }
            ],
            "place_id": "ChIJv_GknHDhGGARLHatbgVfkEQ",
            "plus_code": {
                "compound_code": "MCX7+R6 日本、東京都立川市",
                "global_code": "8Q7XMCX7+R6"
            },
            "price_level": 2,
            "rating": 4.1,
            "reference": "ChIJv_GknHDhGGARLHatbgVfkEQ",
            "scope": "GOOGLE",
            "types": [
                "cafe",
                "food",
                "point_of_interest",
                "establishment"
            ],
            "user_ratings_total": 58,
            "vicinity": "立川市曙町２丁目５−１ 伊勢丹立川店 3階"
        },
        {
            "business_status": "OPERATIONAL",
            "geometry": {
                "location": {
                    "lat": 35.70008869999999,
                    "lng": 139.4135062
                },
                "viewport": {
                    "northeast": {
                        "lat": 35.70143768029149,
                        "lng": 139.4148551802915
                    },
                    "southwest": {
                        "lat": 35.69873971970849,
                        "lng": 139.4121572197085
                    }
                }
            },
            "icon": "https://maps.gstatic.com/mapfiles/place_api/icons/v1/png_71/cafe-71.png",
            "icon_background_color": "#FF9E67",
            "icon_mask_base_uri": "https://maps.gstatic.com/mapfiles/place_api/icons/v2/cafe_pinlet",
            "name": "エクセルシオール カフェ 立川北口店",
            "opening_hours": {
                "open_now": true
            },
            "photos": [
                {
                    "height": 3024,
                    "html_attributions": [
                        "<a href=\"https://maps.google.com/maps/contrib/110832632350741340550\">村長智</a>"
                    ],
                    "photo_reference": "Aap_uECT7WzitQNgT3kPbFeeteg61BTyN9cKvgR8ube59kwEI3eOrDMTMAomlAXu3tSRLLzESewNY6xQYLL7iu6aUvqx2VfnV8gi6fMU_DG788g7WpCn8tOQWcqsW-OiaHLmLwXXqaVlplg39QvxBXbw26FsHf8eCREVbmLsAzuPwUc1Vx0F",
                    "width": 4032
                }
            ],
            "place_id": "ChIJL9lHhnDhGGARzA2rYmPUrcc",
            "plus_code": {
                "compound_code": "PC27+2C 日本、東京都立川市",
                "global_code": "8Q7XPC27+2C"
            },
            "price_level": 2,
            "rating": 3.5,
            "reference": "ChIJL9lHhnDhGGARzA2rYmPUrcc",
            "scope": "GOOGLE",
            "types": [
                "cafe",
                "food",
                "point_of_interest",
                "establishment"
            ],
            "user_ratings_total": 358,
            "vicinity": "立川市曙町２丁目５−１７ イノタケビル ３Ｆ・４Ｆ"
        },
        {
            "business_status": "OPERATIONAL",
            "geometry": {
                "location": {
                    "lat": 35.6994388,
                    "lng": 139.4130847
                },
                "viewport": {
                    "northeast": {
                        "lat": 35.7007877802915,
                        "lng": 139.4144336802915
                    },
                    "southwest": {
                        "lat": 35.6980898197085,
                        "lng": 139.4117357197085
                    }
                }
            },
            "icon": "https://maps.gstatic.com/mapfiles/place_api/icons/v1/png_71/cafe-71.png",
            "icon_background_color": "#FF9E67",
            "icon_mask_base_uri": "https://maps.gstatic.com/mapfiles/place_api/icons/v2/cafe_pinlet",
            "name": "スターバックス コーヒー 立川伊勢丹店",
            "opening_hours": {
                "open_now": true
            },
            "photos": [
                {
                    "height": 3088,
                    "html_attributions": [
                        "<a href=\"https://maps.google.com/maps/contrib/112727478841411566017\">m. zumi</a>"
                    ],
                    "photo_reference": "Aap_uEAM53OviJxz3ALFvCgpjb2Y8Oou_LAJUiKHNnaSXFgK3sS__tR3xM05ZFIUOWd9cCz1nqjuR7xvpSqsWNxdgqnrPk5Rhy9md1D3Ph1cCprYt9j-MjRnnkiKngZCVLZ6maQOKyC0idpriq60nUzEn-QQAv7zLp9Z1ee5sJE2OCBnCEUX",
                    "width": 5031
                }
            ],
            "place_id": "ChIJVxHPnHDhGGARpIqfF-2SB68",
            "plus_code": {
                "compound_code": "MCX7+Q6 日本、東京都立川市",
                "global_code": "8Q7XMCX7+Q6"
            },
            "price_level": 2,
            "rating": 4,
            "reference": "ChIJVxHPnHDhGGARpIqfF-2SB68",
            "scope": "GOOGLE",
            "types": [
                "cafe",
                "food",
                "point_of_interest",
                "store",
                "establishment"
            ],
            "user_ratings_total": 196,
            "vicinity": "立川市曙町２丁目５−１ 伊勢丹立川店 1F"
        },
        {
            "business_status": "OPERATIONAL",
            "geometry": {
                "location": {
                    "lat": 35.6999429,
                    "lng": 139.4139344
                },
                "viewport": {
                    "northeast": {
                        "lat": 35.70141923029149,
                        "lng": 139.4151480802915
                    },
                    "southwest": {
                        "lat": 35.69872126970849,
                        "lng": 139.4124501197085
                    }
                }
            },
            "icon": "https://maps.gstatic.com/mapfiles/place_api/icons/v1/png_71/cafe-71.png",
            "icon_background_color": "#FF9E67",
            "icon_mask_base_uri": "https://maps.gstatic.com/mapfiles/place_api/icons/v2/cafe_pinlet",
            "name": "カフェ・ド・クリエ立川北口大通り店",
            "opening_hours": {
                "open_now": false
            },
            "photos": [
                {
                    "height": 470,
                    "html_attributions": [
                        "<a href=\"https://maps.google.com/maps/contrib/103079461212052288144\">カフェ・ド・クリエ立川北口大通り店</a>"
                    ],
                    "photo_reference": "Aap_uEDRZQq77KsxEghGha_QwFVPL41zFXzLmHR-jIliH9zqZ47aZTfyRqpB8Wcjh99-9Og5n1-bYQRsVqhHVKGlYBPDqVf_iUhvN06jwWC0J5PlMFudBt2vu67CAtGiCd2Q6W8UOB1Xw_s2OQww_jOiWYqI8Grb3IFEiBuT6cxpvO4m_rGa",
                    "width": 631
                }
            ],
            "place_id": "ChIJeSa1fnDhGGARmDpSF66pC64",
            "plus_code": {
                "compound_code": "MCX7+XH 日本、東京都立川市",
                "global_code": "8Q7XMCX7+XH"
            },
            "price_level": 2,
            "rating": 3.7,
            "reference": "ChIJeSa1fnDhGGARmDpSF66pC64",
            "scope": "GOOGLE",
            "types": [
                "cafe",
                "food",
                "point_of_interest",
                "store",
                "establishment"
            ],
            "user_ratings_total": 158,
            "vicinity": "立川市曙町２丁目７−１７ 丸井・井上共同ビル １Ｆ"
        },
        {
            "business_status": "OPERATIONAL",
            "geometry": {
                "location": {
                    "lat": 35.7005987,
                    "lng": 139.4133195
                },
                "viewport": {
                    "northeast": {
                        "lat": 35.70194783029149,
                        "lng": 139.4146871802915
                    },
                    "southwest": {
                        "lat": 35.6992498697085,
                        "lng": 139.4119892197085
                    }
                }
            },
            "icon": "https://maps.gstatic.com/mapfiles/place_api/icons/v1/png_71/shopping-71.png",
            "icon_background_color": "#4B96F3",
            "icon_mask_base_uri": "https://maps.gstatic.com/mapfiles/place_api/icons/v2/shopping_pinlet",
            "name": "キャピタルコーヒー 高島屋立川店",
            "opening_hours": {
                "open_now": false
            },
            "photos": [
                {
                    "height": 3024,
                    "html_attributions": [
                        "<a href=\"https://maps.google.com/maps/contrib/103605194249762536648\">Timbi Guide</a>"
                    ],
                    "photo_reference": "Aap_uEDSU-RMxTdMSCOWDKc6DWZprnd9NRLAyS9v-_atw7OrHIt8w6PunfoixVMOjmurZpzgKDrhdSKV7_m9ztMjGzUAdaFbMgkYXHC3JL_6l99wwzHSOhQYoT9VbH1MZxDdwPYV_3W1NY0R_Salu6-IFU1o2qR72Cg8fZYgdfbCx5FQ2Upb",
                    "width": 4032
                }
            ],
            "place_id": "ChIJk5pb8XDhGGAR4iG06T6aFlY",
            "plus_code": {
                "compound_code": "PC27+68 日本、東京都立川市",
                "global_code": "8Q7XPC27+68"
            },
            "rating": 3.8,
            "reference": "ChIJk5pb8XDhGGAR4iG06T6aFlY",
            "scope": "GOOGLE",
            "types": [
                "cafe",
                "food",
                "point_of_interest",
                "store",
                "establishment"
            ],
            "user_ratings_total": 6,
            "vicinity": "立川市曙町２丁目３９−３ B1 立川高島屋"
        },
        {
            "business_status": "OPERATIONAL",
            "geometry": {
                "location": {
                    "lat": 35.6994376,
                    "lng": 139.4131797
                },
                "viewport": {
                    "northeast": {
                        "lat": 35.7007865802915,
                        "lng": 139.4145286802915
                    },
                    "southwest": {
                        "lat": 35.6980886197085,
                        "lng": 139.4118307197085
                    }
                }
            },
            "icon": "https://maps.gstatic.com/mapfiles/place_api/icons/v1/png_71/restaurant-71.png",
            "icon_background_color": "#FF9E67",
            "icon_mask_base_uri": "https://maps.gstatic.com/mapfiles/place_api/icons/v2/restaurant_pinlet",
            "name": "アンデルセン伊勢丹立川店",
            "opening_hours": {
                "open_now": false
            },
            "place_id": "ChIJv_GknHDhGGARdAkMYpzKAPI",
            "plus_code": {
                "compound_code": "MCX7+Q7 日本、東京都立川市",
                "global_code": "8Q7XMCX7+Q7"
            },
            "price_level": 2,
            "rating": 3.9,
            "reference": "ChIJv_GknHDhGGARdAkMYpzKAPI",
            "scope": "GOOGLE",
            "types": [
                "bakery",
                "cafe",
                "food",
                "point_of_interest",
                "store",
                "establishment"
            ],
            "user_ratings_total": 11,
            "vicinity": "立川市曙町２丁目５−１ 伊勢丹立川店B1F"
        },
        {
            "business_status": "OPERATIONAL",
            "geometry": {
                "location": {
                    "lat": 35.69955569999999,
                    "lng": 139.4129982
                },
                "viewport": {
                    "northeast": {
                        "lat": 35.70090468029149,
                        "lng": 139.4143471802915
                    },
                    "southwest": {
                        "lat": 35.69820671970849,
                        "lng": 139.4116492197085
                    }
                }
            },
            "icon": "https://maps.gstatic.com/mapfiles/place_api/icons/v1/png_71/restaurant-71.png",
            "icon_background_color": "#FF9E67",
            "icon_mask_base_uri": "https://maps.gstatic.com/mapfiles/place_api/icons/v2/restaurant_pinlet",
            "name": "メゾンカイザー 伊勢丹立川店",
            "opening_hours": {
                "open_now": false
            },
            "photos": [
                {
                    "height": 1960,
                    "html_attributions": [
                        "<a href=\"https://maps.google.com/maps/contrib/106587213857970798429\">Jason Moore</a>"
                    ],
                    "photo_reference": "Aap_uEDt4YH_DuEkbQvLAJK4O5I0YHu7UsXuJfbAgfNQi48bb4tPFgOF0m8MTIrKv8SLNvVA7vyuRkAll9P8axyenwCq6rTVg1gGSj6hUiI-2xb_ZjthxtYnMuxGhJZnQx3V034yq4KmZ82yFYyFLVVdJsqKLAuHo0Derf36duOWZsD-_jjY",
                    "width": 4032
                }
            ],
            "place_id": "ChIJ7dDjg3DhGGARO-1s3XlqViQ",
            "plus_code": {
                "compound_code": "MCX7+R5 日本、東京都立川市",
                "global_code": "8Q7XMCX7+R5"
            },
            "price_level": 2,
            "rating": 4.1,
            "reference": "ChIJ7dDjg3DhGGARO-1s3XlqViQ",
            "scope": "GOOGLE",
            "types": [
                "bakery",
                "cafe",
                "food",
                "point_of_interest",
                "store",
                "establishment"
            ],
            "user_ratings_total": 112,
            "vicinity": "立川市曙町２丁目５−１ 伊勢丹立川店 1階"
        },
        {
            "business_status": "OPERATIONAL",
            "geometry": {
                "location": {
                    "lat": 35.69974949999999,
                    "lng": 139.4146968
                },
                "viewport": {
                    "northeast": {
                        "lat": 35.7009955802915,
                        "lng": 139.4160103802915
                    },
                    "southwest": {
                        "lat": 35.6982976197085,
                        "lng": 139.4133124197085
                    }
                }
            },
            "icon": "https://maps.gstatic.com/mapfiles/place_api/icons/v1/png_71/cafe-71.png",
            "icon_background_color": "#FF9E67",
            "icon_mask_base_uri": "https://maps.gstatic.com/mapfiles/place_api/icons/v2/cafe_pinlet",
            "name": "カフェ・ベローチェ立川フロム中武店",
            "opening_hours": {
                "open_now": false
            },
            "photos": [
                {
                    "height": 2153,
                    "html_attributions": [
                        "<a href=\"https://maps.google.com/maps/contrib/113680045740036577723\">カフェ・ベローチェ立川フロム中武店</a>"
                    ],
                    "photo_reference": "Aap_uECB50PGCLD7wr0jtFRHBz-s3-ZKdaqVvZiHRpri8O-W0O9QERWocUzJYy2NhHY23sBDE_RC3i50k_-kMDv3inWhs0g9C1-Jk_9tVFXcW_sGRkaxkxUGg3IJomBkhURF2Y305veVjFClCQEpYua2Hs9G693L30h5Z1lJi9nbArpD0qmH",
                    "width": 2871
                }
            ],
            "place_id": "ChIJgajyn3rhGGAR4sBe53HPIVA",
            "plus_code": {
                "compound_code": "MCX7+VV 日本、東京都立川市",
                "global_code": "8Q7XMCX7+VV"
            },
            "price_level": 1,
            "rating": 3.7,
            "reference": "ChIJgajyn3rhGGAR4sBe53HPIVA",
            "scope": "GOOGLE",
            "types": [
                "cafe",
                "meal_takeaway",
                "restaurant",
                "food",
                "point_of_interest",
                "store",
                "establishment"
            ],
            "user_ratings_total": 256,
            "vicinity": "立川市曙町２丁目１１−２ フロム中武 1F"
        },
        {
            "business_status": "OPERATIONAL",
            "geometry": {
                "location": {
                    "lat": 35.6992848,
                    "lng": 139.4135152
                },
                "viewport": {
                    "northeast": {
                        "lat": 35.7006470302915,
                        "lng": 139.4148403302915
                    },
                    "southwest": {
                        "lat": 35.69794906970851,
                        "lng": 139.4121423697085
                    }
                }
            },
            "icon": "https://maps.gstatic.com/mapfiles/place_api/icons/v1/png_71/restaurant-71.png",
            "icon_background_color": "#FF9E67",
            "icon_mask_base_uri": "https://maps.gstatic.com/mapfiles/place_api/icons/v2/restaurant_pinlet",
            "name": "マクドナルド 立川伊勢丹前店",
            "opening_hours": {
                "open_now": true
            },
            "photos": [
                {
                    "height": 3024,
                    "html_attributions": [
                        "<a href=\"https://maps.google.com/maps/contrib/110832632350741340550\">村長智</a>"
                    ],
                    "photo_reference": "Aap_uEBm7NaIi3sM4fapTzfBPKf1tCse52Q57dgo7jnjT86ibMQS81vNMLFH0XZaQJa-PreNDOpSpMuF1IxlAJY-jWZVCalHvpDfi7EhY7w1AqGNei3FItirmBrmnEUOC5yOVYdn8jUpcMmnuEYzoN41ASLkSSsuIVPfJ0FT8-w3w9GIp81i",
                    "width": 4032
                }
            ],
            "place_id": "ChIJa_7-fXrhGGARqmew_7_Ni4w",
            "plus_code": {
                "compound_code": "MCX7+PC 日本、東京都立川市",
                "global_code": "8Q7XMCX7+PC"
            },
            "price_level": 1,
            "rating": 3.5,
            "reference": "ChIJa_7-fXrhGGARqmew_7_Ni4w",
            "scope": "GOOGLE",
            "types": [
                "cafe",
                "restaurant",
                "food",
                "point_of_interest",
                "store",
                "establishment"
            ],
            "user_ratings_total": 703,
            "vicinity": "立川市曙町２丁目６−４"
        },
        {
            "business_status": "OPERATIONAL",
            "geometry": {
                "location": {
                    "lat": 35.6995793,
                    "lng": 139.4128772
                },
                "viewport": {
                    "northeast": {
                        "lat": 35.7009174302915,
                        "lng": 139.4139437302915
                    },
                    "southwest": {
                        "lat": 35.6982194697085,
                        "lng": 139.4112457697085
                    }
                }
            },
            "icon": "https://maps.gstatic.com/mapfiles/place_api/icons/v1/png_71/cafe-71.png",
            "icon_background_color": "#FF9E67",
            "icon_mask_base_uri": "https://maps.gstatic.com/mapfiles/place_api/icons/v2/cafe_pinlet",
            "name": "キャフェ・クリムト",
            "opening_hours": {
                "open_now": false
            },
            "photos": [
                {
                    "height": 2880,
                    "html_attributions": [
                        "<a href=\"https://maps.google.com/maps/contrib/101896733963042337679\">キャフェ・クリムト</a>"
                    ],
                    "photo_reference": "Aap_uEDTu7jNMnd_4ptuW9FOvMkj-Cc5DjW7jhGIydqhUskk7Su4RTuanwj1PdW3F_-W_jqlCKpvu3SJ2ElExbJKeghPIs3MKrjLHIjo941ZErgo_0hHyofM1sS-9H_yDDG7h-vXPCaeDwtjz4SA6EkEgpYDlTMCqNnv2fKEoDK5wrRvgN-T",
                    "width": 2160
                }
            ],
            "place_id": "ChIJv_GknHDhGGAR4P6fP59opcI",
            "plus_code": {
                "compound_code": "MCX7+R5 日本、東京都立川市",
                "global_code": "8Q7XMCX7+R5"
            },
            "price_level": 2,
            "rating": 3.9,
            "reference": "ChIJv_GknHDhGGAR4P6fP59opcI",
            "scope": "GOOGLE",
            "types": [
                "cafe",
                "food",
                "point_of_interest",
                "store",
                "establishment"
            ],
            "user_ratings_total": 151,
            "vicinity": "立川市曙町２丁目５−１"
        },
        {
            "business_status": "OPERATIONAL",
            "geometry": {
                "location": {
                    "lat": 35.7000845,
                    "lng": 139.41329
                },
                "viewport": {
                    "northeast": {
                        "lat": 35.70142918029151,
                        "lng": 139.4145720802915
                    },
                    "southwest": {
                        "lat": 35.69873121970851,
                        "lng": 139.4118741197085
                    }
                }
            },
            "icon": "https://maps.gstatic.com/mapfiles/place_api/icons/v1/png_71/cafe-71.png",
            "icon_background_color": "#FF9E67",
            "icon_mask_base_uri": "https://maps.gstatic.com/mapfiles/place_api/icons/v2/cafe_pinlet",
            "name": "HoneyBanana(BananaJuice)",
            "photos": [
                {
                    "height": 4608,
                    "html_attributions": [
                        "<a href=\"https://maps.google.com/maps/contrib/111011402776633947066\">pK</a>"
                    ],
                    "photo_reference": "Aap_uEBgxTBS2eFKURTDXI2UdlIiDmCHjCKh2BPdHmssUjcBYhrcxZYiNQhzB9R66xSmClr88dyRYvKXV6cJYT0f4MX2ha12QRvswVSHGDe3Mo1q6m55C1HOs3wGSYuLC9R8aWw4Fc22q4iI6tuR9fpKiKUC8_oi5Tw5bwHM02bzgt0Ht3Kh",
                    "width": 3456
                }
            ],
            "place_id": "ChIJle-W-0rhGGAR-lvi5k2z3iM",
            "plus_code": {
                "compound_code": "PC27+28 日本、東京都立川市",
                "global_code": "8Q7XPC27+28"
            },
            "reference": "ChIJle-W-0rhGGAR-lvi5k2z3iM",
            "scope": "GOOGLE",
            "types": [
                "cafe",
                "food",
                "point_of_interest",
                "store",
                "establishment"
            ],
            "vicinity": "立川市曙町２丁目５−１７ イノタケビル"
        },
        {
            "business_status": "OPERATIONAL",
            "geometry": {
                "location": {
                    "lat": 35.7000845,
                    "lng": 139.41329
                },
                "viewport": {
                    "northeast": {
                        "lat": 35.70142918029151,
                        "lng": 139.4145720802915
                    },
                    "southwest": {
                        "lat": 35.69873121970851,
                        "lng": 139.4118741197085
                    }
                }
            },
            "icon": "https://maps.gstatic.com/mapfiles/place_api/icons/v1/png_71/cafe-71.png",
            "icon_background_color": "#FF9E67",
            "icon_mask_base_uri": "https://maps.gstatic.com/mapfiles/place_api/icons/v2/cafe_pinlet",
            "name": "パールティ エル",
            "opening_hours": {
                "open_now": false
            },
            "place_id": "ChIJC1dVKhThGGARXzhyQtCjG_4",
            "plus_code": {
                "compound_code": "PC27+28 日本、東京都立川市",
                "global_code": "8Q7XPC27+28"
            },
            "reference": "ChIJC1dVKhThGGARXzhyQtCjG_4",
            "scope": "GOOGLE",
            "types": [
                "cafe",
                "food",
                "point_of_interest",
                "establishment"
            ],
            "vicinity": "立川市曙町２丁目５−１７"
        },
        {
            "business_status": "OPERATIONAL",
            "geometry": {
                "location": {
                    "lat": 35.6994979,
                    "lng": 139.4135245
                },
                "viewport": {
                    "northeast": {
                        "lat": 35.70084688029149,
                        "lng": 139.4148734802915
                    },
                    "southwest": {
                        "lat": 35.69814891970849,
                        "lng": 139.4121755197085
                    }
                }
            },
            "icon": "https://maps.gstatic.com/mapfiles/place_api/icons/v1/png_71/restaurant-71.png",
            "icon_background_color": "#FF9E67",
            "icon_mask_base_uri": "https://maps.gstatic.com/mapfiles/place_api/icons/v2/restaurant_pinlet",
            "name": "CANTINA 立川店",
            "opening_hours": {
                "open_now": true
            },
            "photos": [
                {
                    "height": 960,
                    "html_attributions": [
                        "<a href=\"https://maps.google.com/maps/contrib/103709948858279582314\">CANTINA 立川店</a>"
                    ],
                    "photo_reference": "Aap_uED0hHB27Nv6_qP3UIZijzlf1SURaPdGkJ9VZ1pCIUTUTIQV-Agscp0A0raw5thQG3E-pGyX9mMIBTpxuY4NliJXwKBp4HK-gOZzWf4-mGi04Tom_HWHsOv8_sY3AbmWwFGzQbm0HqJazwDDbBHEgYYv9oL0Sdm1lxscZCcVbq4xgqZI",
                    "width": 1280
                }
            ],
            "place_id": "ChIJUe7AdfbhGGARPAubSGZYvTQ",
            "plus_code": {
                "compound_code": "MCX7+QC 日本、東京都立川市",
                "global_code": "8Q7XMCX7+QC"
            },
            "rating": 3.9,
            "reference": "ChIJUe7AdfbhGGARPAubSGZYvTQ",
            "scope": "GOOGLE",
            "types": [
                "meal_delivery",
                "meal_takeaway",
                "cafe",
                "bar",
                "restaurant",
                "food",
                "point_of_interest",
                "establishment"
            ],
            "user_ratings_total": 31,
            "vicinity": "立川市曙町２丁目６−７ 尾崎ビル B1"
        },
        {
            "business_status": "OPERATIONAL",
            "geometry": {
                "location": {
                    "lat": 35.6997126,
                    "lng": 139.4130205
                },
                "viewport": {
                    "northeast": {
                        "lat": 35.70104363029149,
                        "lng": 139.4145914302915
                    },
                    "southwest": {
                        "lat": 35.69834566970849,
                        "lng": 139.4118934697085
                    }
                }
            },
            "icon": "https://maps.gstatic.com/mapfiles/place_api/icons/v1/png_71/cafe-71.png",
            "icon_background_color": "#FF9E67",
            "icon_mask_base_uri": "https://maps.gstatic.com/mapfiles/place_api/icons/v2/cafe_pinlet",
            "name": "カフェコムサ",
            "opening_hours": {
                "open_now": false
            },
            "photos": [
                {
                    "height": 2160,
                    "html_attributions": [
                        "<a href=\"https://maps.google.com/maps/contrib/102812032232035687434\">岡田智亘</a>"
                    ],
                    "photo_reference": "Aap_uEAAVp_2AmMsJNCrzz4vT-IkMX83l408n2vBcNVlg1tbAZpOItPmYQW7OeTVD_MvN2nXTpkzmc339Mjdvt02xiQjcMCsQs_qu_0Aw7PwVBows0zBBxdRklkBhBv7S3TJ-EyzIRzTXMMyFqobhFV4OZEQepBwyKqFcPqIwKQEknDcmD3Q",
                    "width": 3840
                }
            ],
            "place_id": "ChIJy0DE8YzhGGARcAfywyr_jLk",
            "plus_code": {
                "compound_code": "MCX7+V6 日本、東京都立川市",
                "global_code": "8Q7XMCX7+V6"
            },
            "price_level": 2,
            "rating": 4.6,
            "reference": "ChIJy0DE8YzhGGARcAfywyr_jLk",
            "scope": "GOOGLE",
            "types": [
                "cafe",
                "food",
                "point_of_interest",
                "establishment"
            ],
            "user_ratings_total": 5,
            "vicinity": "立川市曙町２丁目５−１ 伊勢丹立川店 4階"
        },
        {
            "business_status": "OPERATIONAL",
            "geometry": {
                "location": {
                    "lat": 35.7008078,
                    "lng": 139.4134232
                },
                "viewport": {
                    "northeast": {
                        "lat": 35.7021567802915,
                        "lng": 139.4147721802915
                    },
                    "southwest": {
                        "lat": 35.6994588197085,
                        "lng": 139.4120742197085
                    }
                }
            },
            "icon": "https://maps.gstatic.com/mapfiles/place_api/icons/v1/png_71/shopping-71.png",
            "icon_background_color": "#4B96F3",
            "icon_mask_base_uri": "https://maps.gstatic.com/mapfiles/place_api/icons/v2/shopping_pinlet",
            "name": "ネスプレッソブティック 立川髙島屋S.C.店",
            "opening_hours": {
                "open_now": false
            },
            "photos": [
                {
                    "height": 384,
                    "html_attributions": [
                        "<a href=\"https://maps.google.com/maps/contrib/114783999606827494551\">ネスプレッソブティック 立川髙島屋S.C.店</a>"
                    ],
                    "photo_reference": "Aap_uEADrJ5PZHMzigJ3XtjeNbip-oGQqnvOiSQBhRPNXmFRz_zr4ZMFW26CKSfigNE6lBCS1kQ8M2-WrGXVpNWhMhc0i707aHmR5IxVHS8yt--xCJDLLvEms3pl55Tsm0IhsIH5lwX3Jw_Vk59B5CmXJHUthZ44otkoo7ENsgzIK-qXUg0Z",
                    "width": 512
                }
            ],
            "place_id": "ChIJ55NWUS7hGGAR-G6pqGjpTDU",
            "plus_code": {
                "compound_code": "PC27+89 日本、東京都立川市",
                "global_code": "8Q7XPC27+89"
            },
            "rating": 3.2,
            "reference": "ChIJ55NWUS7hGGAR-G6pqGjpTDU",
            "scope": "GOOGLE",
            "types": [
                "cafe",
                "food",
                "point_of_interest",
                "store",
                "establishment"
            ],
            "user_ratings_total": 5,
            "vicinity": "立川市曙町2丁目39-3, ３９, 都"
        },
        {
            "business_status": "OPERATIONAL",
            "geometry": {
                "location": {
                    "lat": 35.700803,
                    "lng": 139.4132624
                },
                "viewport": {
                    "northeast": {
                        "lat": 35.7021519802915,
                        "lng": 139.4146113802915
                    },
                    "southwest": {
                        "lat": 35.6994540197085,
                        "lng": 139.4119134197085
                    }
                }
            },
            "icon": "https://maps.gstatic.com/mapfiles/place_api/icons/v1/png_71/cafe-71.png",
            "icon_background_color": "#FF9E67",
            "icon_mask_base_uri": "https://maps.gstatic.com/mapfiles/place_api/icons/v2/cafe_pinlet",
            "name": "ベリーベリー立川高島屋店",
            "opening_hours": {
                "open_now": false
            },
            "photos": [
                {
                    "height": 3024,
                    "html_attributions": [
                        "<a href=\"https://maps.google.com/maps/contrib/101365065233655483205\">Very Berry！ベリーベリー立川高島屋店</a>"
                    ],
                    "photo_reference": "Aap_uEBX5kYBSWRlLsaLD37cpubrLWk0atoKVKk-FSJcE0-KnPJS_WXAeXTcGgSobCKovpmYxlyK-JyJpUCKoNHcr0pHGfVqSGRAScbldEgggHrdy2iZVS3ACLAE03qysuI2-vFHuz5SJ48t-wiYRdXIWMMZ952UniUo8qBs0LZ5Ni-3aOoo",
                    "width": 4032
                }
            ],
            "place_id": "ChIJWSx-8dzhGGARIOXod_MFzTs",
            "plus_code": {
                "compound_code": "PC27+88 日本、東京都立川市",
                "global_code": "8Q7XPC27+88"
            },
            "rating": 5,
            "reference": "ChIJWSx-8dzhGGARIOXod_MFzTs",
            "scope": "GOOGLE",
            "types": [
                "cafe",
                "food",
                "point_of_interest",
                "store",
                "establishment"
            ],
            "user_ratings_total": 4,
            "vicinity": "立川市曙町２丁目３９−３ 立川高島屋S.C 地下１階"
        },
        {
            "business_status": "OPERATIONAL",
            "geometry": {
                "location": {
                    "lat": 35.7008771,
                    "lng": 139.4134971
                },
                "viewport": {
                    "northeast": {
                        "lat": 35.70220108029151,
                        "lng": 139.4148463802915
                    },
                    "southwest": {
                        "lat": 35.69950311970851,
                        "lng": 139.4121484197085
                    }
                }
            },
            "icon": "https://maps.gstatic.com/mapfiles/place_api/icons/v1/png_71/cafe-71.png",
            "icon_background_color": "#FF9E67",
            "icon_mask_base_uri": "https://maps.gstatic.com/mapfiles/place_api/icons/v2/cafe_pinlet",
            "name": "猿田彦珈琲 立川高島屋店",
            "opening_hours": {
                "open_now": false
            },
            "photos": [
                {
                    "height": 3000,
                    "html_attributions": [
                        "<a href=\"https://maps.google.com/maps/contrib/102283282695221029763\">ena koura</a>"
                    ],
                    "photo_reference": "Aap_uEBoKY0MHvtrbf5D9aA5PS-R9o8C_EtPEQLv9y6i4sYUqgc5Go1xJYEd2OIHkRtL17p2hpOmQ9Tst2dVRdXLaFnasWvIZVY8yubxNkbckwNPFOwml03wHIyMc1gRwsP5Ic8GoznLv61mVC8BUtnPgeVbelTRMnhAMfAk1h6VBk8Vk2gY",
                    "width": 4000
                }
            ],
            "place_id": "ChIJWd4BjgPhGGARAh2fEkM96sI",
            "plus_code": {
                "compound_code": "PC27+99 日本、東京都立川市",
                "global_code": "8Q7XPC27+99"
            },
            "price_level": 2,
            "rating": 4.1,
            "reference": "ChIJWd4BjgPhGGARAh2fEkM96sI",
            "scope": "GOOGLE",
            "types": [
                "cafe",
                "food",
                "point_of_interest",
                "store",
                "establishment"
            ],
            "user_ratings_total": 204,
            "vicinity": "立川市曙町２丁目３９−３"
        }
    ],
    "status": "OK"
}