{
    "html_attributions": [],
    "results": [
        {
            "business_status": "OPERATIONAL",
            "geometry": {
                "location": {
                    "lat": 35.6961409,
                    "lng": 139.4129156
                },
                "viewport": {
                    "northeast": {
                        "lat": 35.69732843029149,
                        "lng": 139.4140758802915
                    },
                    "southwest": {
                        "lat": 35.69463046970849,
                        "lng": 139.4113779197085
                    }
                }
            },
            "icon": "https://maps.gstatic.com/mapfiles/place_api/icons/v1/png_71/restaurant-71.png",
            "icon_background_color": "#FF9E67",
            "icon_mask_base_uri": "https://maps.gstatic.com/mapfiles/place_api/icons/v2/restaurant_pinlet",
            "name": "ラーメンスクエア",
            "opening_hours": {
                "open_now": true
            },
            "photos": [
                {
                    "height": 3024,
                    "html_attributions": [
                        "<a href=\"https://maps.google.com/maps/contrib/102465046578113500295\">Harley</a>"
                    ],
                    "photo_reference": "Aap_uEBNgNmyQcM63DmK21FbXj2OjtJIHWk2_8UylTdTbgoqAhwbN-TYke3_O8jlDjpMNsuMhOGQI1ApeDvic6Dl2OJN8aGC_fW6KY-4RVgoTD2GiaBk-kXahItIhCU5XnmJczXxrcKOajk4iBfA7ZdpCB_CTyVlDNynPbSkYUsXyUmiNr7P",
                    "width": 4032
                }
            ],
            "place_id": "ChIJt_YJmHvhGGARzyXv-DPekqA",
            "plus_code": {
                "compound_code": "MCW7+F5 日本、東京都立川市",
                "global_code": "8Q7XMCW7+F5"
            },
            "price_level": 2,
            "rating": 3.5,
            "reference": "ChIJt_YJmHvhGGARzyXv-DPekqA",
            "scope": "GOOGLE",
            "types": [
                "amusement_park",
                "restaurant",
                "food",
                "point_of_interest",
                "establishment"
            ],
            "user_ratings_total": 308,
            "vicinity": "立川市柴崎町３丁目６−２９ アレアレア2 ３階"
        },
        {
            "business_status": "OPERATIONAL",
            "geometry": {
                "location": {
                    "lat": 35.7023853,
                    "lng": 139.4118087
                },
                "viewport": {
                    "northeast": {
                        "lat": 35.70373428029149,
                        "lng": 139.4131576802915
                    },
                    "southwest": {
                        "lat": 35.7010363197085,
                        "lng": 139.4104597197085
                    }
                }
            },
            "icon": "https://maps.gstatic.com/mapfiles/place_api/icons/v1/png_71/generic_business-71.png",
            "icon_background_color": "#7B9EB0",
            "icon_mask_base_uri": "https://maps.gstatic.com/mapfiles/place_api/icons/v2/generic_pinlet",
            "name": "噴水",
            "photos": [
                {
                    "height": 3264,
                    "html_attributions": [
                        "<a href=\"https://maps.google.com/maps/contrib/100186408520969918708\">太田悠裕</a>"
                    ],
                    "photo_reference": "Aap_uECjfD-EL25jv4OTnY6lxmSbcIJoDi0IyBKYG49kE4das2UTF9LxjzjIohAj90UwpNv_Dl-aI4GgaYXvaaHGwyFs--CWCMSOz7YQPC0cgWYvgQf0VYmMWmQeLnPBTk-SpCyV2PMpymMsV9nGGRrIcjkevuQF9GnhElgwvm-ILkaNIagA",
                    "width": 4928
                }
            ],
            "place_id": "ChIJXzS_1ZfhGGAR23H5H1qaQpM",
            "plus_code": {
                "compound_code": "PC26+XP 日本、東京都立川市",
                "global_code": "8Q7XPC26+XP"
            },
            "rating": 4.4,
            "reference": "ChIJXzS_1ZfhGGAR23H5H1qaQpM",
            "scope": "GOOGLE",
            "types": [
                "amusement_park",
                "point_of_interest",
                "establishment"
            ],
            "user_ratings_total": 8,
            "vicinity": "立川市曙町２丁目４２−２３"
        },
        {
            "business_status": "OPERATIONAL",
            "geometry": {
                "location": {
                    "lat": 35.7027683,
                    "lng": 139.4020109
                },
                "viewport": {
                    "northeast": {
                        "lat": 35.7041172802915,
                        "lng": 139.4033598802915
                    },
                    "southwest": {
                        "lat": 35.7014193197085,
                        "lng": 139.4006619197085
                    }
                }
            },
            "icon": "https://maps.gstatic.com/mapfiles/place_api/icons/v1/png_71/generic_business-71.png",
            "icon_background_color": "#7B9EB0",
            "icon_mask_base_uri": "https://maps.gstatic.com/mapfiles/place_api/icons/v2/generic_pinlet",
            "name": "カナール",
            "photos": [
                {
                    "height": 3024,
                    "html_attributions": [
                        "<a href=\"https://maps.google.com/maps/contrib/117379316176323404025\">ノブ</a>"
                    ],
                    "photo_reference": "Aap_uEARewtd7Ldnqfi3EXItnOswqi5FwdEJtso8wJKlaTNOonPN23C8WXvAOh1sLk2_iuLOqj1VVxJvZKwYxbGWCjqrQj5tIKL3xMNV-Vukm4UGsG6HxQGXJap_9e9gAUGtXH87Jl1M-XfIJamxtE4XAD_1Uo8XGQRy9VAIU2J5jDzflIYJ",
                    "width": 4032
                }
            ],
            "place_id": "ChIJ3UL0FZ_hGGARD1Ud0vkYH-k",
            "plus_code": {
                "compound_code": "PC32+4R 日本、東京都立川市",
                "global_code": "8Q7XPC32+4R"
            },
            "rating": 4.6,
            "reference": "ChIJ3UL0FZ_hGGARD1Ud0vkYH-k",
            "scope": "GOOGLE",
            "types": [
                "tourist_attraction",
                "amusement_park",
                "park",
                "point_of_interest",
                "establishment"
            ],
            "user_ratings_total": 17,
            "vicinity": "立川市緑町"
        }
    ],
    "status": "OK"
}