{
    "html_attributions": [],
    "results": [
        {
            "business_status": "OPERATIONAL",
            "geometry": {
                "location": {
                    "lat": 35.69748849999999,
                    "lng": 139.4119603
                },
                "viewport": {
                    "northeast": {
                        "lat": 35.69874978029149,
                        "lng": 139.4132745802915
                    },
                    "southwest": {
                        "lat": 35.69605181970849,
                        "lng": 139.4105766197085
                    }
                }
            },
            "icon": "https://maps.gstatic.com/mapfiles/place_api/icons/v1/png_71/cafe-71.png",
            "icon_background_color": "#FF9E67",
            "icon_mask_base_uri": "https://maps.gstatic.com/mapfiles/place_api/icons/v2/cafe_pinlet",
            "name": "カフェ・ベローチェ立川柴崎町二丁目店",
            "opening_hours": {
                "open_now": true
            },
            "photos": [
                {
                    "height": 2738,
                    "html_attributions": [
                        "<a href=\"https://maps.google.com/maps/contrib/110607650283562778844\">カフェ・ベローチェ立川柴崎町二丁目店</a>"
                    ],
                    "photo_reference": "Aap_uEDSRcN_ZCqEU41YQBpx0QN-3qC6PlsCnBIFrALao48AjunTVLwksv4WW3ka3grtSH2MbvVKJ10qL4wb23i014VO_l7ifBZ7HD58LR6Qj9fspiGgCc8fY23zPU3LnVnuGdZ-X1HZ116ETCpoYCkyFkhmFR7S1XJdc9_p9TNtzzRHfc80",
                    "width": 3651
                }
            ],
            "place_id": "ChIJoxL7O3rhGGAR4Kva_tLK3zc",
            "plus_code": {
                "compound_code": "MCW6+XQ 日本、東京都立川市",
                "global_code": "8Q7XMCW6+XQ"
            },
            "price_level": 1,
            "rating": 3.7,
            "reference": "ChIJoxL7O3rhGGAR4Kva_tLK3zc",
            "scope": "GOOGLE",
            "types": [
                "cafe",
                "meal_takeaway",
                "restaurant",
                "food",
                "point_of_interest",
                "store",
                "establishment"
            ],
            "user_ratings_total": 359,
            "vicinity": "立川市柴崎町２丁目１−４ トミオ－第二ビル１Ｆ"
        },
        {
            "business_status": "OPERATIONAL",
            "geometry": {
                "location": {
                    "lat": 35.6984949,
                    "lng": 139.4125452
                },
                "viewport": {
                    "northeast": {
                        "lat": 35.6998438802915,
                        "lng": 139.4138941802915
                    },
                    "southwest": {
                        "lat": 35.6971459197085,
                        "lng": 139.4111962197085
                    }
                }
            },
            "icon": "https://maps.gstatic.com/mapfiles/place_api/icons/v1/png_71/cafe-71.png",
            "icon_background_color": "#FF9E67",
            "icon_mask_base_uri": "https://maps.gstatic.com/mapfiles/place_api/icons/v2/cafe_pinlet",
            "name": "カフェ・レスト 立川店 （CAFE RESTO）",
            "opening_hours": {
                "open_now": false
            },
            "photos": [
                {
                    "height": 3024,
                    "html_attributions": [
                        "<a href=\"https://maps.google.com/maps/contrib/116591357070858772113\">うじまっちゃ</a>"
                    ],
                    "photo_reference": "Aap_uEBZ-JlYFsvtj-huNIrRXNNpg9_Qx03T1tz-jsy18SgBOuhYuXOw8vlcYkGa8IVe0cp4fgwhykTZ4s2kezkNE6jcrlFQ9CqIZ2R_H3i1lDEyqIEx67MhTO2PWv9HGFXLZ70uq08e7MDwTgbsYuefY3MGbj8zVyMLfhyBlwpMsGsW_XuY",
                    "width": 4032
                }
            ],
            "place_id": "ChIJB8B2WcLhGGARx-FqhDI82LA",
            "plus_code": {
                "compound_code": "MCX7+92 日本、東京都立川市",
                "global_code": "8Q7XMCX7+92"
            },
            "rating": 3.1,
            "reference": "ChIJB8B2WcLhGGARx-FqhDI82LA",
            "scope": "GOOGLE",
            "types": [
                "cafe",
                "food",
                "point_of_interest",
                "establishment"
            ],
            "user_ratings_total": 8,
            "vicinity": "立川市曙町２丁目２−２５ 立川タクロス 4F"
        }
    ],
    "status": "OK"
}