{
    "html_attributions": [],
    "results": [
        {
            "business_status": "OPERATIONAL",
            "geometry": {
                "location": {
                    "lat": 35.69643849999999,
                    "lng": 139.4131848
                },
                "viewport": {
                    "northeast": {
                        "lat": 35.6978239802915,
                        "lng": 139.4145020802915
                    },
                    "southwest": {
                        "lat": 35.6951260197085,
                        "lng": 139.4118041197085
                    }
                }
            },
            "icon": "https://maps.gstatic.com/mapfiles/place_api/icons/v1/png_71/cafe-71.png",
            "icon_background_color": "#FF9E67",
            "icon_mask_base_uri": "https://maps.gstatic.com/mapfiles/place_api/icons/v2/cafe_pinlet",
            "name": "珈琲館 立川南口店",
            "opening_hours": {
                "open_now": true
            },
            "photos": [
                {
                    "height": 3024,
                    "html_attributions": [
                        "<a href=\"https://maps.google.com/maps/contrib/110832632350741340550\">村長智</a>"
                    ],
                    "photo_reference": "Aap_uECRrD9Cv18n7W7Zd9tyyOmN49XrBsp6ay0GB1HD41WJCenhWJMFlyWBeAPvhTAMKQLhVXYGHqOqews6cMENamKotJtAu4Zg_y-ooHvB_m6Ielzy0VhV0hUnlo05m2_o3dU7b17WbokaOEwUzK9Cdz9V54bYMACr8eLKlmLFXkdJlIcK",
                    "width": 4032
                }
            ],
            "place_id": "ChIJkYczpHvhGGARkkcwt3LB4lE",
            "plus_code": {
                "compound_code": "MCW7+H7 日本、東京都立川市",
                "global_code": "8Q7XMCW7+H7"
            },
            "price_level": 2,
            "rating": 3.9,
            "reference": "ChIJkYczpHvhGGARkkcwt3LB4lE",
            "scope": "GOOGLE",
            "types": [
                "cafe",
                "bakery",
                "meal_takeaway",
                "restaurant",
                "food",
                "point_of_interest",
                "store",
                "establishment"
            ],
            "user_ratings_total": 247,
            "vicinity": "立川市柴崎町３丁目６−３０"
        },
        {
            "business_status": "OPERATIONAL",
            "geometry": {
                "location": {
                    "lat": 35.69724070000001,
                    "lng": 139.4139913
                },
                "viewport": {
                    "northeast": {
                        "lat": 35.69855818029151,
                        "lng": 139.4158509802915
                    },
                    "southwest": {
                        "lat": 35.69586021970851,
                        "lng": 139.4131530197085
                    }
                }
            },
            "icon": "https://maps.gstatic.com/mapfiles/place_api/icons/v1/png_71/cafe-71.png",
            "icon_background_color": "#FF9E67",
            "icon_mask_base_uri": "https://maps.gstatic.com/mapfiles/place_api/icons/v2/cafe_pinlet",
            "name": "CAFE リーセス",
            "opening_hours": {
                "open_now": false
            },
            "photos": [
                {
                    "height": 2160,
                    "html_attributions": [
                        "<a href=\"https://maps.google.com/maps/contrib/118252634782609753961\">奈塚Q弥</a>"
                    ],
                    "photo_reference": "Aap_uECZdeYqDMly63KYc4FXnrj6Gs09v12ZO4TFAazN9V6TFsgTSmO5KzD69OsnuPAnZUGTnu7weIMrTmhP7M-xYck8s5a4NkxyCvkkLapFV85LO9sPK9uaX3AOeLdzMOkMlBptFF-54b22dJQcXoo9QYOwhySowsueencWsxMPkzaJ3d9U",
                    "width": 3840
                }
            ],
            "place_id": "ChIJf9M7-nrhGGARRE0sH7Ry3qY",
            "plus_code": {
                "compound_code": "MCW7+VH 日本、東京都立川市",
                "global_code": "8Q7XMCW7+VH"
            },
            "rating": 3.5,
            "reference": "ChIJf9M7-nrhGGARRE0sH7Ry3qY",
            "scope": "GOOGLE",
            "types": [
                "cafe",
                "food",
                "point_of_interest",
                "establishment"
            ],
            "user_ratings_total": 13,
            "vicinity": "Japan"
        },
        {
            "business_status": "OPERATIONAL",
            "geometry": {
                "location": {
                    "lat": 35.6968463,
                    "lng": 139.4139967
                },
                "viewport": {
                    "northeast": {
                        "lat": 35.6982801802915,
                        "lng": 139.4153194802915
                    },
                    "southwest": {
                        "lat": 35.6955822197085,
                        "lng": 139.4126215197085
                    }
                }
            },
            "icon": "https://maps.gstatic.com/mapfiles/place_api/icons/v1/png_71/cafe-71.png",
            "icon_background_color": "#FF9E67",
            "icon_mask_base_uri": "https://maps.gstatic.com/mapfiles/place_api/icons/v2/cafe_pinlet",
            "name": "ドトールコーヒーショップ 立川南口駅前店",
            "opening_hours": {
                "open_now": true
            },
            "photos": [
                {
                    "height": 1944,
                    "html_attributions": [
                        "<a href=\"https://maps.google.com/maps/contrib/102449804548513957575\">カレーと珈琲</a>"
                    ],
                    "photo_reference": "Aap_uEAVlWiXwEgKkQtY2TqLdhL0_71x93PEojfaqCZQfYQEfk8tWzt1Se0NSFtjxnJaLfsJ5u1CKzqJuaM7G2i3428OzbAty3OnOgtqeFQoOrPAn8BYsbeiu03Q3_I7J9BAR_V_UPQ-Yg4lEbyUmHxiIwzuITU82xqvtOjoyY3FbRZc6Ttg",
                    "width": 2592
                }
            ],
            "place_id": "ChIJM9ISD3vhGGARhelbf-eEYJg",
            "plus_code": {
                "compound_code": "MCW7+PH 日本、東京都立川市",
                "global_code": "8Q7XMCW7+PH"
            },
            "price_level": 1,
            "rating": 3.4,
            "reference": "ChIJM9ISD3vhGGARhelbf-eEYJg",
            "scope": "GOOGLE",
            "types": [
                "cafe",
                "food",
                "point_of_interest",
                "establishment"
            ],
            "user_ratings_total": 514,
            "vicinity": "立川市柴崎町３丁目３−２ ＡＢ'Ｓビル １Ｆ"
        },
        {
            "business_status": "OPERATIONAL",
            "geometry": {
                "location": {
                    "lat": 35.69652419999999,
                    "lng": 139.4141656
                },
                "viewport": {
                    "northeast": {
                        "lat": 35.69789453029149,
                        "lng": 139.4154619802915
                    },
                    "southwest": {
                        "lat": 35.6951965697085,
                        "lng": 139.4127640197085
                    }
                }
            },
            "icon": "https://maps.gstatic.com/mapfiles/place_api/icons/v1/png_71/cafe-71.png",
            "icon_background_color": "#FF9E67",
            "icon_mask_base_uri": "https://maps.gstatic.com/mapfiles/place_api/icons/v2/cafe_pinlet",
            "name": "パッション",
            "opening_hours": {
                "open_now": true
            },
            "photos": [
                {
                    "height": 4000,
                    "html_attributions": [
                        "<a href=\"https://maps.google.com/maps/contrib/108614668433320117105\">奈歩</a>"
                    ],
                    "photo_reference": "Aap_uECN2FJAevZ4RNnmUa1SHJLH8WZYOmWwEqLA0ovIAC8rXc2H7hm55Xi3joh8Zs8gV4X_Lj16N42rxORooYkvbuMIkB4OiZ2pubPKPifnRTvYUxBHRWKATcVpvzzD5CpGp45cihU_9OqXMXJSEsRA-5QCklngIU6s8BIZsWpyUYmVLnNl",
                    "width": 3000
                }
            ],
            "place_id": "ChIJ81VvDXvhGGARaBYAG2hqN_I",
            "plus_code": {
                "compound_code": "MCW7+JM 日本、東京都立川市",
                "global_code": "8Q7XMCW7+JM"
            },
            "rating": 4.5,
            "reference": "ChIJ81VvDXvhGGARaBYAG2hqN_I",
            "scope": "GOOGLE",
            "types": [
                "cafe",
                "food",
                "point_of_interest",
                "establishment"
            ],
            "user_ratings_total": 12,
            "vicinity": "立川市柴崎町３丁目５−１"
        },
        {
            "business_status": "OPERATIONAL",
            "geometry": {
                "location": {
                    "lat": 35.69679480000001,
                    "lng": 139.4141503
                },
                "viewport": {
                    "northeast": {
                        "lat": 35.6980917302915,
                        "lng": 139.4154698802915
                    },
                    "southwest": {
                        "lat": 35.6953937697085,
                        "lng": 139.4127719197085
                    }
                }
            },
            "icon": "https://maps.gstatic.com/mapfiles/place_api/icons/v1/png_71/cafe-71.png",
            "icon_background_color": "#FF9E67",
            "icon_mask_base_uri": "https://maps.gstatic.com/mapfiles/place_api/icons/v2/cafe_pinlet",
            "name": "生タピオカ専門店 OWL TEA 立川店",
            "place_id": "ChIJcTo5FrvhGGAR3AL3gF2fP2g",
            "plus_code": {
                "compound_code": "MCW7+PM 日本、東京都立川市",
                "global_code": "8Q7XMCW7+PM"
            },
            "rating": 4,
            "reference": "ChIJcTo5FrvhGGAR3AL3gF2fP2g",
            "scope": "GOOGLE",
            "types": [
                "cafe",
                "food",
                "point_of_interest",
                "establishment"
            ],
            "user_ratings_total": 1,
            "vicinity": "立川市柴崎町３丁目"
        },
        {
            "business_status": "OPERATIONAL",
            "geometry": {
                "location": {
                    "lat": 35.696603,
                    "lng": 139.414653
                },
                "viewport": {
                    "northeast": {
                        "lat": 35.6979060802915,
                        "lng": 139.4159674302915
                    },
                    "southwest": {
                        "lat": 35.6952081197085,
                        "lng": 139.4132694697085
                    }
                }
            },
            "icon": "https://maps.gstatic.com/mapfiles/place_api/icons/v1/png_71/cafe-71.png",
            "icon_background_color": "#FF9E67",
            "icon_mask_base_uri": "https://maps.gstatic.com/mapfiles/place_api/icons/v2/cafe_pinlet",
            "name": "喫茶室ルノアール 立川南口店",
            "opening_hours": {
                "open_now": false
            },
            "photos": [
                {
                    "height": 3024,
                    "html_attributions": [
                        "<a href=\"https://maps.google.com/maps/contrib/110832632350741340550\">村長智</a>"
                    ],
                    "photo_reference": "Aap_uEB3EpAaPlgXMlqisUJB1LtqfIdGKbja8K9R0s-c0XdD4cXH315nqoCzWnWpcPrNdgNbzzc6QRfCkJBV-CQgu_izjc9zgKMBBZTBdOVY_wNDsTV8oNffXs3kCnJVCWGyU8jTw1idZLPtJsESzJ4gWQO_CNWK_TYuAD3Jh2KvflZx6iia",
                    "width": 4032
                }
            ],
            "place_id": "ChIJqS3VFHvhGGARAiXJIaIROVE",
            "plus_code": {
                "compound_code": "MCW7+JV 日本、東京都立川市",
                "global_code": "8Q7XMCW7+JV"
            },
            "price_level": 2,
            "rating": 3.6,
            "reference": "ChIJqS3VFHvhGGARAiXJIaIROVE",
            "scope": "GOOGLE",
            "types": [
                "cafe",
                "food",
                "point_of_interest",
                "store",
                "establishment"
            ],
            "user_ratings_total": 175,
            "vicinity": "立川市柴崎町３丁目４−１４ ベルトリーサビル 2F"
        },
        {
            "business_status": "OPERATIONAL",
            "geometry": {
                "location": {
                    "lat": 35.69687380000001,
                    "lng": 139.4142691
                },
                "viewport": {
                    "northeast": {
                        "lat": 35.69822278029151,
                        "lng": 139.4156180802915
                    },
                    "southwest": {
                        "lat": 35.69552481970851,
                        "lng": 139.4129201197085
                    }
                }
            },
            "icon": "https://maps.gstatic.com/mapfiles/place_api/icons/v1/png_71/cafe-71.png",
            "icon_background_color": "#FF9E67",
            "icon_mask_base_uri": "https://maps.gstatic.com/mapfiles/place_api/icons/v2/cafe_pinlet",
            "name": "珈琲喫茶 臨時休業中です",
            "opening_hours": {
                "open_now": false
            },
            "photos": [
                {
                    "height": 3024,
                    "html_attributions": [
                        "<a href=\"https://maps.google.com/maps/contrib/117461155776335475059\">一老太の「これたべタイム」</a>"
                    ],
                    "photo_reference": "Aap_uECn4zB5xJGPLJoq194D5uvC4lfyUsmTDGTou1H-nBD5HplwKZL6pDzF4qICS1qWWCPhtEmUlRN_d66qdLTjTRAyxOaiUamOuTH2Vdr4XtTUFZrZUiWZM2Moy5ocJtBKCdfZyvO9rJiOmUi64G84C1snWPslu9IMlzqbBEZ5j4EKgG2R",
                    "width": 4032
                }
            ],
            "place_id": "ChIJf6VWUSThGGARLdtNgES3nJg",
            "plus_code": {
                "compound_code": "MCW7+PP 日本、東京都立川市",
                "global_code": "8Q7XMCW7+PP"
            },
            "rating": 4.4,
            "reference": "ChIJf6VWUSThGGARLdtNgES3nJg",
            "scope": "GOOGLE",
            "types": [
                "cafe",
                "food",
                "point_of_interest",
                "establishment"
            ],
            "user_ratings_total": 5,
            "vicinity": "立川市柴崎町３丁目３−５ ベルフェアー・立川 6F"
        }
    ],
    "status": "OK"
}