{
    "html_attributions": [],
    "results": [
        {
            "business_status": "OPERATIONAL",
            "geometry": {
                "location": {
                    "lat": 35.700124,
                    "lng": 139.415909
                },
                "viewport": {
                    "northeast": {
                        "lat": 35.70147298029149,
                        "lng": 139.4172579802915
                    },
                    "southwest": {
                        "lat": 35.69877501970849,
                        "lng": 139.4145600197085
                    }
                }
            },
            "icon": "https://maps.gstatic.com/mapfiles/place_api/icons/v1/png_71/cafe-71.png",
            "icon_background_color": "#FF9E67",
            "icon_mask_base_uri": "https://maps.gstatic.com/mapfiles/place_api/icons/v2/cafe_pinlet",
            "name": "カフェ＆レストランアバン",
            "opening_hours": {
                "open_now": false
            },
            "photos": [
                {
                    "height": 3000,
                    "html_attributions": [
                        "<a href=\"https://maps.google.com/maps/contrib/107804304792480228126\">さへきひろのぶ</a>"
                    ],
                    "photo_reference": "Aap_uEDV1pN2J-L8jb5u1MZsid0z_Q3wdaSMKtjhXnG7LX5nDyjJuwtKpvQQ5kcltoNqF4Cc0o7-aRNpsfDw4dqbFBOFogXmD9baIzHnc8pXMfaoHgV3hlpOC_TBdFMRhAyWMdWT0XXHVbsvhZrtvlASD_5jTsl3WCBQh3v975Bl2YAFZqus",
                    "width": 4000
                }
            ],
            "place_id": "ChIJffE1rHrhGGARzjjE6pM-PSs",
            "plus_code": {
                "compound_code": "PC28+29 日本、東京都立川市",
                "global_code": "8Q7XPC28+29"
            },
            "rating": 4,
            "reference": "ChIJffE1rHrhGGARzjjE6pM-PSs",
            "scope": "GOOGLE",
            "types": [
                "cafe",
                "food",
                "point_of_interest",
                "establishment"
            ],
            "user_ratings_total": 2,
            "vicinity": "立川市曙町２丁目１７−１５"
        },
        {
            "business_status": "OPERATIONAL",
            "geometry": {
                "location": {
                    "lat": 35.7001332,
                    "lng": 139.4152524
                },
                "viewport": {
                    "northeast": {
                        "lat": 35.70148133029149,
                        "lng": 139.4166043802915
                    },
                    "southwest": {
                        "lat": 35.69878336970849,
                        "lng": 139.4139064197085
                    }
                }
            },
            "icon": "https://maps.gstatic.com/mapfiles/place_api/icons/v1/png_71/cafe-71.png",
            "icon_background_color": "#FF9E67",
            "icon_mask_base_uri": "https://maps.gstatic.com/mapfiles/place_api/icons/v2/cafe_pinlet",
            "name": "Cafe&Bar HeaRTS",
            "opening_hours": {
                "open_now": false
            },
            "photos": [
                {
                    "height": 3096,
                    "html_attributions": [
                        "<a href=\"https://maps.google.com/maps/contrib/108390079892781903927\">五十嵐大介</a>"
                    ],
                    "photo_reference": "Aap_uEDCkD5KU3wQfnrJCl12iicVmq_QHl272da14e-qcK1rVo9p3MfbmdN-g_XtxZAzi0GSajYff4WTOpat8VUO8q6-W6O5vNE10SCvJjlR2pOyBiUpqE4kwQfzyon-rew-PkOEkdSGwjtQYgEC_SSYWNj7K7txaqxcd45Fa44OUYwCbJ3O",
                    "width": 5504
                }
            ],
            "place_id": "ChIJ_0NY5U3hGGARsBdbeHVD8nA",
            "plus_code": {
                "compound_code": "PC28+34 日本、東京都立川市",
                "global_code": "8Q7XPC28+34"
            },
            "rating": 4,
            "reference": "ChIJ_0NY5U3hGGARsBdbeHVD8nA",
            "scope": "GOOGLE",
            "types": [
                "cafe",
                "food",
                "point_of_interest",
                "establishment"
            ],
            "user_ratings_total": 1,
            "vicinity": "立川市曙町２丁目１１−８"
        },
        {
            "business_status": "OPERATIONAL",
            "geometry": {
                "location": {
                    "lat": 35.69971040000001,
                    "lng": 139.4152485
                },
                "viewport": {
                    "northeast": {
                        "lat": 35.70105938029151,
                        "lng": 139.4165974802915
                    },
                    "southwest": {
                        "lat": 35.69836141970852,
                        "lng": 139.4138995197085
                    }
                }
            },
            "icon": "https://maps.gstatic.com/mapfiles/place_api/icons/v1/png_71/bar-71.png",
            "icon_background_color": "#FF9E67",
            "icon_mask_base_uri": "https://maps.gstatic.com/mapfiles/place_api/icons/v2/bar_pinlet",
            "name": "デルタ 立川店",
            "opening_hours": {
                "open_now": true
            },
            "photos": [
                {
                    "height": 2240,
                    "html_attributions": [
                        "<a href=\"https://maps.google.com/maps/contrib/105559542298080265177\">Ryotaro Higashi</a>"
                    ],
                    "photo_reference": "Aap_uEAHNZGuLCjZXzecnU6ZC9xagOiIYdhH8N9oomzJXxbLPnf41Yloy7CFz2jKdvq1uWJWaMXrjF7grC6kieIOywym1s-0s1c3T3sRiamUiDtMb6D_bDrYBKSD-KpfE7C9u-456hxtUC3uXdSkTVuplVbXOCOqJ8n8GobzOXdamv6NeJQ3",
                    "width": 3968
                }
            ],
            "place_id": "ChIJVbI0u3rhGGARCbp_zcxku3U",
            "plus_code": {
                "compound_code": "MCX8+V3 日本、東京都立川市",
                "global_code": "8Q7XMCX8+V3"
            },
            "price_level": 2,
            "rating": 2.7,
            "reference": "ChIJVbI0u3rhGGARCbp_zcxku3U",
            "scope": "GOOGLE",
            "types": [
                "cafe",
                "bar",
                "restaurant",
                "food",
                "point_of_interest",
                "establishment"
            ],
            "user_ratings_total": 34,
            "vicinity": "立川市曙町２丁目１４−１０ エトロアビル 4F"
        },
        {
            "business_status": "OPERATIONAL",
            "geometry": {
                "location": {
                    "lat": 35.6998615,
                    "lng": 139.4149687
                },
                "viewport": {
                    "northeast": {
                        "lat": 35.70124253029149,
                        "lng": 139.4161227302915
                    },
                    "southwest": {
                        "lat": 35.6985445697085,
                        "lng": 139.4134247697085
                    }
                }
            },
            "icon": "https://maps.gstatic.com/mapfiles/place_api/icons/v1/png_71/cafe-71.png",
            "icon_background_color": "#FF9E67",
            "icon_mask_base_uri": "https://maps.gstatic.com/mapfiles/place_api/icons/v2/cafe_pinlet",
            "name": "猫カフェ MOCHA（モカ）立川店",
            "opening_hours": {
                "open_now": false
            },
            "photos": [
                {
                    "height": 608,
                    "html_attributions": [
                        "<a href=\"https://maps.google.com/maps/contrib/100186331282930792641\">猫カフェ MOCHA（モカ）立川店</a>"
                    ],
                    "photo_reference": "Aap_uEDW7mlcNefHadIeFSKb9bNxWgBYeDomectfyrerxEMWuas5upZVo3YgEk9Ck7weR5UHloRucvEbjJS98G03pvmYdKPUxbiFMLDY3hfCwFsU0JTQfRTCJ5TOM8FTBTMyUYIYkA3jk5ZVa7ZwUj6OMHKdDZCKWuG1G9GASn05c7nriIpJ",
                    "width": 976
                }
            ],
            "place_id": "ChIJ-Ut_iyrhGGARGA5l3T_CnU0",
            "plus_code": {
                "compound_code": "MCX7+WX 日本、東京都立川市",
                "global_code": "8Q7XMCX7+WX"
            },
            "price_level": 2,
            "rating": 3.8,
            "reference": "ChIJ-Ut_iyrhGGARGA5l3T_CnU0",
            "scope": "GOOGLE",
            "types": [
                "cafe",
                "food",
                "point_of_interest",
                "establishment"
            ],
            "user_ratings_total": 214,
            "vicinity": "立川市曙町２丁目１１−２ フロム中武 6階"
        },
        {
            "business_status": "OPERATIONAL",
            "geometry": {
                "location": {
                    "lat": 35.70067679999999,
                    "lng": 139.4153496
                },
                "viewport": {
                    "northeast": {
                        "lat": 35.70207403029149,
                        "lng": 139.4165669302915
                    },
                    "southwest": {
                        "lat": 35.69937606970849,
                        "lng": 139.4138689697085
                    }
                }
            },
            "icon": "https://maps.gstatic.com/mapfiles/place_api/icons/v1/png_71/cafe-71.png",
            "icon_background_color": "#FF9E67",
            "icon_mask_base_uri": "https://maps.gstatic.com/mapfiles/place_api/icons/v2/cafe_pinlet",
            "name": "エリム",
            "place_id": "ChIJA8oiD3DhGGARX8W6g9_Pe4w",
            "plus_code": {
                "compound_code": "PC28+74 日本、東京都立川市",
                "global_code": "8Q7XPC28+74"
            },
            "reference": "ChIJA8oiD3DhGGARX8W6g9_Pe4w",
            "scope": "GOOGLE",
            "types": [
                "cafe",
                "food",
                "point_of_interest",
                "establishment"
            ],
            "vicinity": "立川市曙町２丁目１０−３ 立川東京海上日動ビルディング"
        }
    ],
    "status": "OK"
}