{
    "html_attributions": [],
    "results": [
        {
            "business_status": "OPERATIONAL",
            "geometry": {
                "location": {
                    "lat": 35.6937818,
                    "lng": 139.419469
                },
                "viewport": {
                    "northeast": {
                        "lat": 35.69509333029149,
                        "lng": 139.4206795802915
                    },
                    "southwest": {
                        "lat": 35.69239536970849,
                        "lng": 139.4179816197085
                    }
                }
            },
            "icon": "https://maps.gstatic.com/mapfiles/place_api/icons/v1/png_71/park-71.png",
            "icon_background_color": "#4DB546",
            "icon_mask_base_uri": "https://maps.gstatic.com/mapfiles/place_api/icons/v2/tree_pinlet",
            "name": "赤い公園",
            "opening_hours": {
                "open_now": true
            },
            "photos": [
                {
                    "height": 2608,
                    "html_attributions": [
                        "<a href=\"https://maps.google.com/maps/contrib/108135908644219079543\">わこう</a>"
                    ],
                    "photo_reference": "Aap_uECNVREICD5bRmozO_KGu_7mNeJW2KzCRaQLjKaMmQENOpx_zpyKfHEWOwDb16hBnzKXUGBfR1c89HsPFOssM0LWGpjLrcCoTW2nGSPYFQqb5o0OXdtHV8HjGF17oHRu07YWy94zdX-lkIZNtOXYxY06bMWs37LzlG7T43wV8W1fullD",
                    "width": 4624
                }
            ],
            "place_id": "ChIJ23AsbGLhGGARr4VVvDG35OU",
            "plus_code": {
                "compound_code": "MCV9+GQ 日本、東京都立川市",
                "global_code": "8Q7XMCV9+GQ"
            },
            "rating": 4.1,
            "reference": "ChIJ23AsbGLhGGARr4VVvDG35OU",
            "scope": "GOOGLE",
            "types": [
                "park",
                "point_of_interest",
                "establishment"
            ],
            "user_ratings_total": 24,
            "vicinity": "立川市錦町３丁目３−２０"
        }
    ],
    "status": "OK"
}