{
    "html_attributions": [],
    "results": [
        {
            "business_status": "OPERATIONAL",
            "geometry": {
                "location": {
                    "lat": 35.6986793,
                    "lng": 139.4157037
                },
                "viewport": {
                    "northeast": {
                        "lat": 35.6999559302915,
                        "lng": 139.4170447802915
                    },
                    "southwest": {
                        "lat": 35.6972579697085,
                        "lng": 139.4143468197085
                    }
                }
            },
            "icon": "https://maps.gstatic.com/mapfiles/place_api/icons/v1/png_71/generic_business-71.png",
            "icon_background_color": "#7B9EB0",
            "icon_mask_base_uri": "https://maps.gstatic.com/mapfiles/place_api/icons/v2/generic_pinlet",
            "name": "なみき画廊",
            "opening_hours": {
                "open_now": false
            },
            "photos": [
                {
                    "height": 2160,
                    "html_attributions": [
                        "<a href=\"https://maps.google.com/maps/contrib/118252634782609753961\">奈塚Q弥</a>"
                    ],
                    "photo_reference": "Aap_uEDmWvlI5jGM6xGP__4zmGXD4PLPBBSVulrYpn_atLclt-1HA4NOC8z8DCGQy_behv4R5VMagTZvc_tI0o-pkZB7y_ZZOtPMiYMcLVW-ruIysOEypcFgHL5DF4aNd9Dn94zdVJYuKRDNk6eLy4FCGXkkLn7UwATKvpMYem94PqU8fmYW",
                    "width": 3840
                }
            ],
            "place_id": "ChIJ6ewPznrhGGAR-L_ZQjoDrXM",
            "plus_code": {
                "compound_code": "MCX8+F7 日本、東京都立川市",
                "global_code": "8Q7XMCX8+F7"
            },
            "rating": 5,
            "reference": "ChIJ6ewPznrhGGAR-L_ZQjoDrXM",
            "scope": "GOOGLE",
            "types": [
                "art_gallery",
                "point_of_interest",
                "establishment"
            ],
            "user_ratings_total": 1,
            "vicinity": "Japan"
        }
    ],
    "status": "OK"
}