{
    "html_attributions": [],
    "results": [
        {
            "business_status": "OPERATIONAL",
            "geometry": {
                "location": {
                    "lat": 35.6975753,
                    "lng": 139.4183857
                },
                "viewport": {
                    "northeast": {
                        "lat": 35.6988101802915,
                        "lng": 139.4197480302915
                    },
                    "southwest": {
                        "lat": 35.69611221970851,
                        "lng": 139.4170500697085
                    }
                }
            },
            "icon": "https://maps.gstatic.com/mapfiles/place_api/icons/v1/png_71/park-71.png",
            "icon_background_color": "#4DB546",
            "icon_mask_base_uri": "https://maps.gstatic.com/mapfiles/place_api/icons/v2/tree_pinlet",
            "name": "錦第二公園",
            "opening_hours": {
                "open_now": true
            },
            "photos": [
                {
                    "height": 3000,
                    "html_attributions": [
                        "<a href=\"https://maps.google.com/maps/contrib/104945020514010604737\">Y. Tanaka</a>"
                    ],
                    "photo_reference": "Aap_uECZKjn9tB-wegTPICBEhA_TmMDv59poBSzR2I7iSHzNPFj0boY8ZfUG6FRo1GCQ4KeBJXMM8R6WjWaSwo9XtNVCxeftdR06-FZsgHOV4RfwRvkZDQWdO-0B9v3Q_a8VSJgVmJxTxoZc0hz69CtaoOE71OAdHzvFEbGz2myOv2Iarizj",
                    "width": 4000
                }
            ],
            "place_id": "ChIJ26q7hWThGGARauRDpdAuKHI",
            "plus_code": {
                "compound_code": "MCX9+29 日本、東京都立川市",
                "global_code": "8Q7XMCX9+29"
            },
            "rating": 3.6,
            "reference": "ChIJ26q7hWThGGARauRDpdAuKHI",
            "scope": "GOOGLE",
            "types": [
                "park",
                "tourist_attraction",
                "point_of_interest",
                "establishment"
            ],
            "user_ratings_total": 330,
            "vicinity": "立川市錦町１丁目５−１３"
        },
        {
            "business_status": "OPERATIONAL",
            "geometry": {
                "location": {
                    "lat": 35.6978332,
                    "lng": 139.4197511
                },
                "viewport": {
                    "northeast": {
                        "lat": 35.69914883029151,
                        "lng": 139.4211139802915
                    },
                    "southwest": {
                        "lat": 35.69645086970851,
                        "lng": 139.4184160197085
                    }
                }
            },
            "icon": "https://maps.gstatic.com/mapfiles/place_api/icons/v1/png_71/park-71.png",
            "icon_background_color": "#4DB546",
            "icon_mask_base_uri": "https://maps.gstatic.com/mapfiles/place_api/icons/v2/tree_pinlet",
            "name": "錦一北公園",
            "opening_hours": {
                "open_now": true
            },
            "photos": [
                {
                    "height": 480,
                    "html_attributions": [
                        "<a href=\"https://maps.google.com/maps/contrib/101033949517236892000\">シ冓ロイ建―</a>"
                    ],
                    "photo_reference": "Aap_uEB9zeFzDQjxUwOXofq3crbSuEd9Wkzf-D9kIqEU5Nkb6r-HQiEN6QFzH1RTVQapqeLIop2YWjsehNTbCVrxdPWGqJQ-H_FpqbTwkIylfGfZA5ILOWt07-Aug6VbDpi3Lr9DNivfTw10A6oOTTubKTLUgdkzXlg8Po4DiavzU6dj8MXa",
                    "width": 640
                }
            ],
            "place_id": "ChIJV7mBc2ThGGAR1HAk5AvXc_k",
            "plus_code": {
                "compound_code": "MCX9+4W 日本、東京都立川市",
                "global_code": "8Q7XMCX9+4W"
            },
            "rating": 3,
            "reference": "ChIJV7mBc2ThGGAR1HAk5AvXc_k",
            "scope": "GOOGLE",
            "types": [
                "park",
                "point_of_interest",
                "establishment"
            ],
            "user_ratings_total": 4,
            "vicinity": "立川市錦町１丁目１３−１４−３３"
        }
    ],
    "status": "OK"
}