{
    "html_attributions": [],
    "results": [
        {
            "business_status": "OPERATIONAL",
            "geometry": {
                "location": {
                    "lat": 35.699452,
                    "lng": 139.413901
                },
                "viewport": {
                    "northeast": {
                        "lat": 35.70078813029151,
                        "lng": 139.4152418302915
                    },
                    "southwest": {
                        "lat": 35.69809016970851,
                        "lng": 139.4125438697085
                    }
                }
            },
            "icon": "https://maps.gstatic.com/mapfiles/place_api/icons/v1/png_71/generic_business-71.png",
            "icon_background_color": "#7B9EB0",
            "icon_mask_base_uri": "https://maps.gstatic.com/mapfiles/place_api/icons/v2/generic_pinlet",
            "name": "アートルーム新紀元",
            "place_id": "ChIJHxYHhHrhGGARJeRx-ou1wuA",
            "plus_code": {
                "compound_code": "MCX7+QH 日本、東京都立川市",
                "global_code": "8Q7XMCX7+QH"
            },
            "rating": 4,
            "reference": "ChIJHxYHhHrhGGARJeRx-ou1wuA",
            "scope": "GOOGLE",
            "types": [
                "art_gallery",
                "point_of_interest",
                "establishment"
            ],
            "user_ratings_total": 2,
            "vicinity": "立川市曙町２丁目７−２１"
        }
    ],
    "status": "OK"
}