{
    "html_attributions": [],
    "results": [
        {
            "business_status": "OPERATIONAL",
            "geometry": {
                "location": {
                    "lat": 35.6970226,
                    "lng": 139.4105008
                },
                "viewport": {
                    "northeast": {
                        "lat": 35.6983622302915,
                        "lng": 139.4118202302915
                    },
                    "southwest": {
                        "lat": 35.6956642697085,
                        "lng": 139.4091222697085
                    }
                }
            },
            "icon": "https://maps.gstatic.com/mapfiles/place_api/icons/v1/png_71/park-71.png",
            "icon_background_color": "#4DB546",
            "icon_mask_base_uri": "https://maps.gstatic.com/mapfiles/place_api/icons/v2/tree_pinlet",
            "name": "柴崎中央公園",
            "opening_hours": {
                "open_now": false
            },
            "photos": [
                {
                    "height": 3024,
                    "html_attributions": [
                        "<a href=\"https://maps.google.com/maps/contrib/118412272490303990886\">伊藤善久</a>"
                    ],
                    "photo_reference": "Aap_uEBO7Ana_69oDZ8QtAF8xywRXVtpfRBxGg0fBZ0hZJFSJde1Ik4TtFcJyWKw8BPxM5SOLmpbYml2j5RE7YlDBhb1FZoJVdEaPkvPXbloDNx4mEpElsCAO6_PT4h4-Zw0xq1oiSkNLUp3TCO9yQlyuTutXyPBVKPuFqdgEQ8xfDutQVUp",
                    "width": 4032
                }
            ],
            "place_id": "ChIJc1--jXnhGGARYeR8o_nst_A",
            "plus_code": {
                "compound_code": "MCW6+R6 日本、東京都立川市",
                "global_code": "8Q7XMCW6+R6"
            },
            "rating": 3.3,
            "reference": "ChIJc1--jXnhGGARYeR8o_nst_A",
            "scope": "GOOGLE",
            "types": [
                "park",
                "point_of_interest",
                "establishment"
            ],
            "user_ratings_total": 37,
            "vicinity": "立川市柴崎町２丁目４−２２"
        }
    ],
    "status": "OK"
}