{
    "html_attributions": [],
    "results": [
        {
            "business_status": "OPERATIONAL",
            "geometry": {
                "location": {
                    "lat": 35.7017251,
                    "lng": 139.4179513
                },
                "viewport": {
                    "northeast": {
                        "lat": 35.7031125302915,
                        "lng": 139.4193290302915
                    },
                    "southwest": {
                        "lat": 35.7004145697085,
                        "lng": 139.4166310697085
                    }
                }
            },
            "icon": "https://maps.gstatic.com/mapfiles/place_api/icons/v1/png_71/park-71.png",
            "icon_background_color": "#4DB546",
            "icon_mask_base_uri": "https://maps.gstatic.com/mapfiles/place_api/icons/v2/tree_pinlet",
            "name": "高松三南公園",
            "opening_hours": {
                "open_now": true
            },
            "photos": [
                {
                    "height": 2000,
                    "html_attributions": [
                        "<a href=\"https://maps.google.com/maps/contrib/106722928246215307479\">RIVER OLD</a>"
                    ],
                    "photo_reference": "Aap_uEAwvab_gUGumn56AWaCFflV55SDaqOffBo-kt57_1_z0qOa9hqWTGRZuV9nOeHRHRxr95va30gMKlZ7g3fu2tTxnaMYKz2gtVpmBxyN7fwvyGRlHd8O5geFxctUa7ySups-CrSiMytXJ9rQaTuZs25I_S1486w5jpsxz2tmJDKIIoCK",
                    "width": 1500
                }
            ],
            "place_id": "ChIJSd9Dj2_hGGARGCvfiFYjbU4",
            "plus_code": {
                "compound_code": "PC29+M5 日本、東京都立川市",
                "global_code": "8Q7XPC29+M5"
            },
            "rating": 3.5,
            "reference": "ChIJSd9Dj2_hGGARGCvfiFYjbU4",
            "scope": "GOOGLE",
            "types": [
                "park",
                "point_of_interest",
                "establishment"
            ],
            "user_ratings_total": 6,
            "vicinity": "立川市高松町３丁目２６−６"
        },
        {
            "business_status": "OPERATIONAL",
            "geometry": {
                "location": {
                    "lat": 35.7020344,
                    "lng": 139.4191992
                },
                "viewport": {
                    "northeast": {
                        "lat": 35.70338338029149,
                        "lng": 139.4205481802915
                    },
                    "southwest": {
                        "lat": 35.70068541970849,
                        "lng": 139.4178502197085
                    }
                }
            },
            "icon": "https://maps.gstatic.com/mapfiles/place_api/icons/v1/png_71/park-71.png",
            "icon_background_color": "#4DB546",
            "icon_mask_base_uri": "https://maps.gstatic.com/mapfiles/place_api/icons/v2/tree_pinlet",
            "name": "高松三東公園",
            "opening_hours": {
                "open_now": true
            },
            "photos": [
                {
                    "height": 4032,
                    "html_attributions": [
                        "<a href=\"https://maps.google.com/maps/contrib/106722928246215307479\">RIVER OLD</a>"
                    ],
                    "photo_reference": "Aap_uECp47DXYf20yebBPnQsgyYynaxUZcERzxyhLIK2BKfFf9q3IF-0BRNRoT7pwFX2huWImka755D98lQGSzBCTNw8C5hX48k-Add6gOxk87nBIcDt6S4VT4KRutvafKQWDXpaaxmgN3whKCtpw_JvJ62VOQJugU7YuyLMoMq46A8m1KsQ",
                    "width": 3024
                }
            ],
            "place_id": "ChIJl3LgfG_hGGARvMCuJm_bawg",
            "plus_code": {
                "compound_code": "PC29+RM 日本、東京都立川市",
                "global_code": "8Q7XPC29+RM"
            },
            "rating": 3.1,
            "reference": "ChIJl3LgfG_hGGARvMCuJm_bawg",
            "scope": "GOOGLE",
            "types": [
                "park",
                "point_of_interest",
                "establishment"
            ],
            "user_ratings_total": 10,
            "vicinity": "立川市高松町３丁目２７−２４"
        }
    ],
    "status": "OK"
}