{
    "html_attributions": [],
    "results": [
        {
            "business_status": "OPERATIONAL",
            "geometry": {
                "location": {
                    "lat": 35.70063020000001,
                    "lng": 139.4137726
                },
                "viewport": {
                    "northeast": {
                        "lat": 35.7018428802915,
                        "lng": 139.4150948802915
                    },
                    "southwest": {
                        "lat": 35.6991449197085,
                        "lng": 139.4123969197085
                    }
                }
            },
            "icon": "https://maps.gstatic.com/mapfiles/place_api/icons/v1/png_71/movies-71.png",
            "icon_background_color": "#13B5C7",
            "icon_mask_base_uri": "https://maps.gstatic.com/mapfiles/place_api/icons/v2/movie_pinlet",
            "name": "シネマシティ シネマ・ワン",
            "photos": [
                {
                    "height": 2736,
                    "html_attributions": [
                        "<a href=\"https://maps.google.com/maps/contrib/116428934740471501996\">Ken Hammer</a>"
                    ],
                    "photo_reference": "Aap_uEDQwjJAaXaSskyxG2cTxBn6CS6Ik9YSoeBlac94xXI42XAeMh5LrmBuHBZLJknsPUDyWZsqDpCf48rUuWzd4J6z8g1PULbD1j4xJJuQCasVDaJb3M-EtE83sI8XqJNbaoyW8Hk8LNY-lZm7QJ3rm95BbpV4kQY4FdWeSItRZ2iv0SyG",
                    "width": 3648
                }
            ],
            "place_id": "ChIJu8eVY3DhGGARH9v4cIBzqhw",
            "plus_code": {
                "compound_code": "PC27+7G 日本、東京都立川市",
                "global_code": "8Q7XPC27+7G"
            },
            "rating": 4,
            "reference": "ChIJu8eVY3DhGGARH9v4cIBzqhw",
            "scope": "GOOGLE",
            "types": [
                "movie_theater",
                "point_of_interest",
                "establishment"
            ],
            "user_ratings_total": 2212,
            "vicinity": "立川市曙町２丁目８−５"
        },
        {
            "business_status": "OPERATIONAL",
            "geometry": {
                "location": {
                    "lat": 35.700803,
                    "lng": 139.4132624
                },
                "viewport": {
                    "northeast": {
                        "lat": 35.7021422302915,
                        "lng": 139.4145758302915
                    },
                    "southwest": {
                        "lat": 35.6994442697085,
                        "lng": 139.4118778697085
                    }
                }
            },
            "icon": "https://maps.gstatic.com/mapfiles/place_api/icons/v1/png_71/movies-71.png",
            "icon_background_color": "#13B5C7",
            "icon_mask_base_uri": "https://maps.gstatic.com/mapfiles/place_api/icons/v2/movie_pinlet",
            "name": "kino cinéma 立川高島屋S.C.館",
            "photos": [
                {
                    "height": 3024,
                    "html_attributions": [
                        "<a href=\"https://maps.google.com/maps/contrib/102161180480519600535\">すぎやま</a>"
                    ],
                    "photo_reference": "Aap_uED715_FLbC2DY5xgvYjt4kz8X96oXqEGh1jQMXH-_OIkzRVAq3VxOiTREjJIV0aOyYewhIV0dipIeNARC8uNOIUyZdiwHbzVp294u3KniS7Ebn9CbnlPK1rREIc9He0cd5qq_EDaN_jF5QL-8-5cy8fgki6U_s3bWTujT-5f8mLTKRI",
                    "width": 4032
                }
            ],
            "place_id": "ChIJ56B38OjhGGARrCuzfiWzVY4",
            "plus_code": {
                "compound_code": "PC27+88 日本、東京都立川市",
                "global_code": "8Q7XPC27+88"
            },
            "rating": 4,
            "reference": "ChIJ56B38OjhGGARrCuzfiWzVY4",
            "scope": "GOOGLE",
            "types": [
                "movie_theater",
                "point_of_interest",
                "establishment"
            ],
            "user_ratings_total": 223,
            "vicinity": "立川市曙町２丁目３９−３ 立川髙島屋ショッピングセンター8F"
        },
        {
            "business_status": "OPERATIONAL",
            "geometry": {
                "location": {
                    "lat": 35.7013435,
                    "lng": 139.4123267
                },
                "viewport": {
                    "northeast": {
                        "lat": 35.7025519302915,
                        "lng": 139.4133930302915
                    },
                    "southwest": {
                        "lat": 35.6998539697085,
                        "lng": 139.4106950697085
                    }
                }
            },
            "icon": "https://maps.gstatic.com/mapfiles/place_api/icons/v1/png_71/movies-71.png",
            "icon_background_color": "#13B5C7",
            "icon_mask_base_uri": "https://maps.gstatic.com/mapfiles/place_api/icons/v2/movie_pinlet",
            "name": "シネマシティ シネマ・ツー",
            "photos": [
                {
                    "height": 3743,
                    "html_attributions": [
                        "<a href=\"https://maps.google.com/maps/contrib/105615977262827872538\">Takeyoshi Suka</a>"
                    ],
                    "photo_reference": "Aap_uEAN4eQ6Flt0GvWSOuPxWiQKUEtzi4lnSjkCgGD0a9zfFQvxRISLFYSwr2PmRijAmoyCpELyePCjoPzDERKBPEphiR0EsahYL1Fh6QK8mCBq9WRiIvX34-_BTPAzYCWjbVN4Pf45EVGdrKmVP5PfDE2NP-Iv2WYe8S0pWuf4TV9qistf",
                    "width": 4991
                }
            ],
            "place_id": "ChIJAQDwIHHhGGAR6pLHQDf9pc0",
            "plus_code": {
                "compound_code": "PC26+GW 日本、東京都立川市",
                "global_code": "8Q7XPC26+GW"
            },
            "rating": 4.4,
            "reference": "ChIJAQDwIHHhGGAR6pLHQDf9pc0",
            "scope": "GOOGLE",
            "types": [
                "movie_theater",
                "point_of_interest",
                "establishment"
            ],
            "user_ratings_total": 2583,
            "vicinity": "立川市曙町２丁目４２−２６"
        }
    ],
    "status": "OK"
}