{
    "html_attributions": [],
    "results": [
        {
            "business_status": "OPERATIONAL",
            "geometry": {
                "location": {
                    "lat": 35.70161289999999,
                    "lng": 139.4148427
                },
                "viewport": {
                    "northeast": {
                        "lat": 35.70296188029149,
                        "lng": 139.4161916802915
                    },
                    "southwest": {
                        "lat": 35.70026391970849,
                        "lng": 139.4134937197085
                    }
                }
            },
            "icon": "https://maps.gstatic.com/mapfiles/place_api/icons/v1/png_71/park-71.png",
            "icon_background_color": "#4DB546",
            "icon_mask_base_uri": "https://maps.gstatic.com/mapfiles/place_api/icons/v2/tree_pinlet",
            "name": "市制五十周年記念 憩いの場",
            "opening_hours": {
                "open_now": true
            },
            "photos": [
                {
                    "height": 1536,
                    "html_attributions": [
                        "<a href=\"https://maps.google.com/maps/contrib/116459047814122695991\">メーたん</a>"
                    ],
                    "photo_reference": "Aap_uEDtEORMpne6GkzgDhy9s6JquReN7JVNi9J6kUlbJ6bYjSULfeAKAiPHQiowqxEkzfjjLba-Ql2KilxLI_9HF19JuhiouNd3kIHhAVzYQDytgDTPN1QXpNnIjZIQoq0RTq8hpvEkqywvKT6_7AH-EqNr1q5N7KveCN5bJVxOW_hFgZH0",
                    "width": 2048
                }
            ],
            "place_id": "ChIJ69KcR3DhGGAR_31aaQ5p33U",
            "plus_code": {
                "compound_code": "PC27+JW 日本、東京都立川市",
                "global_code": "8Q7XPC27+JW"
            },
            "rating": 3.4,
            "reference": "ChIJ69KcR3DhGGAR_31aaQ5p33U",
            "scope": "GOOGLE",
            "types": [
                "park",
                "point_of_interest",
                "establishment"
            ],
            "user_ratings_total": 5,
            "vicinity": "立川市曙町２丁目３４"
        },
        {
            "business_status": "OPERATIONAL",
            "geometry": {
                "location": {
                    "lat": 35.7012657,
                    "lng": 139.4148993
                },
                "viewport": {
                    "northeast": {
                        "lat": 35.7027024302915,
                        "lng": 139.4161980802915
                    },
                    "southwest": {
                        "lat": 35.7000044697085,
                        "lng": 139.4135001197085
                    }
                }
            },
            "icon": "https://maps.gstatic.com/mapfiles/place_api/icons/v1/png_71/park-71.png",
            "icon_background_color": "#4DB546",
            "icon_mask_base_uri": "https://maps.gstatic.com/mapfiles/place_api/icons/v2/tree_pinlet",
            "name": "立川北口公園",
            "opening_hours": {
                "open_now": true
            },
            "photos": [
                {
                    "height": 4032,
                    "html_attributions": [
                        "<a href=\"https://maps.google.com/maps/contrib/101143530877210533017\">f mp2034</a>"
                    ],
                    "photo_reference": "Aap_uEAPl8po6X3iHW4S0WsOtYJKIB7u2Ex0eQtpn2bufy_DXhXDn_TOXM7CpOXykd6vCX7Gq_XWEtqQ5SzaATM9Cs4qSVtjotuzCyZvXzp-KBbTfvcNrvrDGlI105-6SdFb56_lqft-6q2o62tgI2XFhUSeWMv5MPgs4OdvbuP46J1eAApv",
                    "width": 3024
                }
            ],
            "place_id": "ChIJk0Coa3DhGGAROM2XWkVmCEo",
            "plus_code": {
                "compound_code": "PC27+GX 日本、東京都立川市",
                "global_code": "8Q7XPC27+GX"
            },
            "rating": 3.2,
            "reference": "ChIJk0Coa3DhGGAROM2XWkVmCEo",
            "scope": "GOOGLE",
            "types": [
                "park",
                "tourist_attraction",
                "point_of_interest",
                "establishment"
            ],
            "user_ratings_total": 158,
            "vicinity": "立川市曙町２丁目８−２８"
        }
    ],
    "status": "OK"
}