{
    "html_attributions": [],
    "results": [
        {
            "business_status": "OPERATIONAL",
            "geometry": {
                "location": {
                    "lat": 35.70243900000001,
                    "lng": 139.410517
                },
                "viewport": {
                    "northeast": {
                        "lat": 35.7037879802915,
                        "lng": 139.4118659802915
                    },
                    "southwest": {
                        "lat": 35.7010900197085,
                        "lng": 139.4091680197085
                    }
                }
            },
            "icon": "https://maps.gstatic.com/mapfiles/place_api/icons/v1/png_71/park-71.png",
            "icon_background_color": "#4DB546",
            "icon_mask_base_uri": "https://maps.gstatic.com/mapfiles/place_api/icons/v2/tree_pinlet",
            "name": "国營照和記念公園",
            "photos": [
                {
                    "height": 4032,
                    "html_attributions": [
                        "<a href=\"https://maps.google.com/maps/contrib/102434901164302092058\">片貝秀樹</a>"
                    ],
                    "photo_reference": "Aap_uEC_bzc6rxTOlwzZuRuFo3cNx2_iL7S2RKhQ4Jehe1mLHz0aES8qr2uV2x-QGWOEI0tdoavgaCfyfZgX9WRusXFNgfwAcGeGXwlMy9U4j6y6sI5QIFRkx3BLnzvptncsrIWO3q4JOjubyUv6ABW_EKdoVfRxji1ocAi36WkXnDkFxgkj",
                    "width": 3024
                }
            ],
            "place_id": "ChIJOxIeP8fhGGAR1uIIS0I4SP4",
            "plus_code": {
                "compound_code": "PC26+X6 日本、東京都立川市",
                "global_code": "8Q7XPC26+X6"
            },
            "rating": 3,
            "reference": "ChIJOxIeP8fhGGAR1uIIS0I4SP4",
            "scope": "GOOGLE",
            "types": [
                "park",
                "point_of_interest",
                "establishment"
            ],
            "user_ratings_total": 1,
            "vicinity": "立川市緑町３１７３ 国営昭和記念公園事務所"
        },
        {
            "business_status": "OPERATIONAL",
            "geometry": {
                "location": {
                    "lat": 35.7022775,
                    "lng": 139.4079691
                },
                "viewport": {
                    "northeast": {
                        "lat": 35.7036264802915,
                        "lng": 139.4093180802915
                    },
                    "southwest": {
                        "lat": 35.7009285197085,
                        "lng": 139.4066201197085
                    }
                }
            },
            "icon": "https://maps.gstatic.com/mapfiles/place_api/icons/v1/png_71/park-71.png",
            "icon_background_color": "#4DB546",
            "icon_mask_base_uri": "https://maps.gstatic.com/mapfiles/place_api/icons/v2/tree_pinlet",
            "name": "そよぎの丘",
            "photos": [
                {
                    "height": 2448,
                    "html_attributions": [
                        "<a href=\"https://maps.google.com/maps/contrib/108084357719651702906\">能勢靖</a>"
                    ],
                    "photo_reference": "Aap_uEDZiACpHbrlkTOgoIATYt6y9cFrGjpdbmCCnHcHrFM2GErH07vSrlYklizJc5g4Mie1lTOhs6GebnqMDeEN-DFhcQE495qyHOL7ZlAWXZdagXUmuK270ktC6NhKy26jWoZaTdczYiQuZcRBm6rah69FuFDvLTmThSWTdJ5acZrIV1DN",
                    "width": 3264
                }
            ],
            "place_id": "ChIJYaIq3HThGGARSiQE2A-WgKg",
            "plus_code": {
                "compound_code": "PC25+W5 日本、東京都立川市",
                "global_code": "8Q7XPC25+W5"
            },
            "reference": "ChIJYaIq3HThGGARSiQE2A-WgKg",
            "scope": "GOOGLE",
            "types": [
                "park",
                "point_of_interest",
                "establishment"
            ],
            "vicinity": "立川市曙町１丁目３６−２５"
        },
        {
            "business_status": "OPERATIONAL",
            "geometry": {
                "location": {
                    "lat": 35.70138709999999,
                    "lng": 139.4108687
                },
                "viewport": {
                    "northeast": {
                        "lat": 35.7028300302915,
                        "lng": 139.4123588302915
                    },
                    "southwest": {
                        "lat": 35.7001320697085,
                        "lng": 139.4096608697085
                    }
                }
            },
            "icon": "https://maps.gstatic.com/mapfiles/place_api/icons/v1/png_71/park-71.png",
            "icon_background_color": "#4DB546",
            "icon_mask_base_uri": "https://maps.gstatic.com/mapfiles/place_api/icons/v2/tree_pinlet",
            "name": "立川市曙一丁目公園",
            "opening_hours": {
                "open_now": true
            },
            "photos": [
                {
                    "height": 3000,
                    "html_attributions": [
                        "<a href=\"https://maps.google.com/maps/contrib/108079254078833695133\">運転太郎</a>"
                    ],
                    "photo_reference": "Aap_uEDmA4oOM7jwiCc8ODWSAh3otZAqSOKglR9qXjaxW0dLYdNT_aMyedOC8pH5pcs8S5J6NdkFO1L82gb2ztzd9nKl3Ynrw_W_FD4vMokbuPRR9uEQemqQYcpkkUGCkEJSxWLFsERf19x-r0crYSsmDjY6-S_Ehpx_nywMDi1ymmNpE2dg",
                    "width": 4000
                }
            ],
            "place_id": "ChIJYZ600nbhGGARvF7eqjCzXWU",
            "plus_code": {
                "compound_code": "PC26+H8 日本、東京都立川市",
                "global_code": "8Q7XPC26+H8"
            },
            "rating": 3.8,
            "reference": "ChIJYZ600nbhGGARvF7eqjCzXWU",
            "scope": "GOOGLE",
            "types": [
                "park",
                "point_of_interest",
                "establishment"
            ],
            "user_ratings_total": 15,
            "vicinity": "立川市曙町１丁目３２"
        },
        {
            "business_status": "OPERATIONAL",
            "geometry": {
                "location": {
                    "lat": 35.7030374,
                    "lng": 139.4103308
                },
                "viewport": {
                    "northeast": {
                        "lat": 35.7044728802915,
                        "lng": 139.4116793802915
                    },
                    "southwest": {
                        "lat": 35.7017749197085,
                        "lng": 139.4089814197085
                    }
                }
            },
            "icon": "https://maps.gstatic.com/mapfiles/place_api/icons/v1/png_71/generic_business-71.png",
            "icon_background_color": "#7B9EB0",
            "icon_mask_base_uri": "https://maps.gstatic.com/mapfiles/place_api/icons/v2/generic_pinlet",
            "name": "国営昭和記念公園 管理センター",
            "opening_hours": {
                "open_now": false
            },
            "photos": [
                {
                    "height": 2340,
                    "html_attributions": [
                        "<a href=\"https://maps.google.com/maps/contrib/116053951806756179020\">芝田邦康</a>"
                    ],
                    "photo_reference": "Aap_uEAZQmDn6wj1p3OG6TnUxfY_8CyYWKqIluET4UPyFqalSriDhlaU5alP8tkPqYI070SknFDFJnn5xraBB3vyswAOYcStB1R4yRaDYvy2evndpSRlGdmXYQEpdAWuJP8O5TjWbn6K332sR12dw0WcQ0VIvOelwDj1miJ2B6JUnubD72f4",
                    "width": 4160
                }
            ],
            "place_id": "ChIJTyWoAnThGGARQ4qGpgZ1NU4",
            "plus_code": {
                "compound_code": "PC36+64 日本、東京都立川市",
                "global_code": "8Q7XPC36+64"
            },
            "rating": 3.9,
            "reference": "ChIJTyWoAnThGGARQ4qGpgZ1NU4",
            "scope": "GOOGLE",
            "types": [
                "tourist_attraction",
                "travel_agency",
                "local_government_office",
                "park",
                "point_of_interest",
                "establishment"
            ],
            "user_ratings_total": 17,
            "vicinity": "立川市緑町３１７３"
        },
        {
            "business_status": "OPERATIONAL",
            "geometry": {
                "location": {
                    "lat": 35.7030604,
                    "lng": 139.4077737
                },
                "viewport": {
                    "northeast": {
                        "lat": 35.70440938029149,
                        "lng": 139.4091226802915
                    },
                    "southwest": {
                        "lat": 35.7017114197085,
                        "lng": 139.4064247197085
                    }
                }
            },
            "icon": "https://maps.gstatic.com/mapfiles/place_api/icons/v1/png_71/park-71.png",
            "icon_background_color": "#4DB546",
            "icon_mask_base_uri": "https://maps.gstatic.com/mapfiles/place_api/icons/v2/tree_pinlet",
            "name": "浮遊の庭",
            "photos": [
                {
                    "height": 3854,
                    "html_attributions": [
                        "<a href=\"https://maps.google.com/maps/contrib/107593920041160059555\">E&amp;C</a>"
                    ],
                    "photo_reference": "Aap_uECPVlGAuHKXz2qFr6Y-FKYZ0dRSO9LlFe7RUUfNWAHgFfxGdzCrDFeWzgtOiN0XXblei_2wprvGsN-NO6tq8rLxgkZ44ZKsAd1IGQLfpu4PrbaNiU90HJ7vXKkrGpc81r24el19pAFu_UtuiddNPVrMiBnB-6XTOHP3RIWxDYQYZoZo",
                    "width": 7996
                }
            ],
            "place_id": "ChIJt784uHXhGGARTMkDJDFnwgc",
            "plus_code": {
                "compound_code": "PC35+64 日本、東京都立川市",
                "global_code": "8Q7XPC35+64"
            },
            "rating": 3.9,
            "reference": "ChIJt784uHXhGGARTMkDJDFnwgc",
            "scope": "GOOGLE",
            "types": [
                "tourist_attraction",
                "park",
                "point_of_interest",
                "establishment"
            ],
            "user_ratings_total": 12,
            "vicinity": "立川市緑町３１７３"
        }
    ],
    "status": "OK"
}