{
    "html_attributions": [],
    "results": [
        {
            "business_status": "OPERATIONAL",
            "geometry": {
                "location": {
                    "lat": 35.66780320000001,
                    "lng": 139.7169221
                },
                "viewport": {
                    "northeast": {
                        "lat": 35.66921148029149,
                        "lng": 139.7183236302915
                    },
                    "southwest": {
                        "lat": 35.6665135197085,
                        "lng": 139.7156256697085
                    }
                }
            },
            "icon": "https://maps.gstatic.com/mapfiles/place_api/icons/v1/png_71/park-71.png",
            "icon_background_color": "#4DB546",
            "icon_mask_base_uri": "https://maps.gstatic.com/mapfiles/place_api/icons/v2/tree_pinlet",
            "name": "南青山三丁目緑地",
            "opening_hours": {
                "open_now": true
            },
            "photos": [
                {
                    "height": 4160,
                    "html_attributions": [
                        "<a href=\"https://maps.google.com/maps/contrib/103090572369430790118\">PART4</a>"
                    ],
                    "photo_reference": "Aap_uEDBivKG76h-vG0LEw7WVia1ORnRAXmgzuGUrZwQ7v8WOb_7pqQ4tSqdcVpzKjQC1HazKAokzGy0_BwKGbCOZjvNGJ18w0IMYUdMIUpChmCgsD2lRioH42MHuVpm_qy-sfx8FTyeJCs3IzF4t89R5jumjwlrm3kOKKuvdfkeuxsG7qwq",
                    "width": 1970
                }
            ],
            "place_id": "ChIJm6me2Z2MGGARJ561Thd-7WE",
            "plus_code": {
                "compound_code": "MP98+4Q 日本、東京都港区",
                "global_code": "8Q7XMP98+4Q"
            },
            "rating": 3.2,
            "reference": "ChIJm6me2Z2MGGARJ561Thd-7WE",
            "scope": "GOOGLE",
            "types": [
                "park",
                "tourist_attraction",
                "point_of_interest",
                "establishment"
            ],
            "user_ratings_total": 11,
            "vicinity": "港区南青山３丁目１−１１"
        },
        {
            "business_status": "OPERATIONAL",
            "geometry": {
                "location": {
                    "lat": 35.6690328,
                    "lng": 139.7151305
                },
                "viewport": {
                    "northeast": {
                        "lat": 35.6703797302915,
                        "lng": 139.7164773302915
                    },
                    "southwest": {
                        "lat": 35.6676817697085,
                        "lng": 139.7137793697085
                    }
                }
            },
            "icon": "https://maps.gstatic.com/mapfiles/place_api/icons/v1/png_71/park-71.png",
            "icon_background_color": "#4DB546",
            "icon_mask_base_uri": "https://maps.gstatic.com/mapfiles/place_api/icons/v2/tree_pinlet",
            "name": "ビオトープ",
            "place_id": "ChIJ18juwZ6MGGARiPbHEbl8bn8",
            "plus_code": {
                "compound_code": "MP98+J3 日本、東京都港区",
                "global_code": "8Q7XMP98+J3"
            },
            "reference": "ChIJ18juwZ6MGGARiPbHEbl8bn8",
            "scope": "GOOGLE",
            "types": [
                "park",
                "point_of_interest",
                "establishment"
            ],
            "vicinity": "港区北青山３丁目２−９"
        },
        {
            "business_status": "OPERATIONAL",
            "geometry": {
                "location": {
                    "lat": 35.6685665,
                    "lng": 139.7183486
                },
                "viewport": {
                    "northeast": {
                        "lat": 35.6699109802915,
                        "lng": 139.7196311802915
                    },
                    "southwest": {
                        "lat": 35.66721301970851,
                        "lng": 139.7169332197085
                    }
                }
            },
            "icon": "https://maps.gstatic.com/mapfiles/place_api/icons/v1/png_71/park-71.png",
            "icon_background_color": "#4DB546",
            "icon_mask_base_uri": "https://maps.gstatic.com/mapfiles/place_api/icons/v2/tree_pinlet",
            "name": "港区保護樹林",
            "opening_hours": {
                "open_now": true
            },
            "photos": [
                {
                    "height": 4128,
                    "html_attributions": [
                        "<a href=\"https://maps.google.com/maps/contrib/100689039355298728862\">Ortelius Abraham</a>"
                    ],
                    "photo_reference": "Aap_uEDwRy9UTyeYJi0cXEa8TXKp1gwSUbxRKG4AewGTRSUKwfR1_T8yBNlYViN8vdmb6mGUXLjqxKRj-rP5IOhrE6XZI3GUjXgDEiOV5HtOLndb_8lkURURny3FUUDItZgRbUFuhc6Rf5OEWAgEaBQ50rIl5WcnUbvQtqxZ4-O5l7kfuz4-",
                    "width": 2322
                }
            ],
            "place_id": "ChIJG4zrJLKNGGARBxzsGGBE7-Y",
            "plus_code": {
                "compound_code": "MP99+C8 日本、東京都港区",
                "global_code": "8Q7XMP99+C8"
            },
            "rating": 3,
            "reference": "ChIJG4zrJLKNGGARBxzsGGBE7-Y",
            "scope": "GOOGLE",
            "types": [
                "park",
                "point_of_interest",
                "establishment"
            ],
            "user_ratings_total": 1,
            "vicinity": "港区南青山２丁目２８−３"
        },
        {
            "business_status": "OPERATIONAL",
            "geometry": {
                "location": {
                    "lat": 35.66867269999999,
                    "lng": 139.7147756
                },
                "viewport": {
                    "northeast": {
                        "lat": 35.6700216802915,
                        "lng": 139.7161245802915
                    },
                    "southwest": {
                        "lat": 35.6673237197085,
                        "lng": 139.7134266197085
                    }
                }
            },
            "icon": "https://maps.gstatic.com/mapfiles/place_api/icons/v1/png_71/park-71.png",
            "icon_background_color": "#4DB546",
            "icon_mask_base_uri": "https://maps.gstatic.com/mapfiles/place_api/icons/v2/tree_pinlet",
            "name": "北青山3丁目公園",
            "opening_hours": {
                "open_now": true
            },
            "photos": [
                {
                    "height": 3036,
                    "html_attributions": [
                        "<a href=\"https://maps.google.com/maps/contrib/111160623033515870694\">Masahiro M</a>"
                    ],
                    "photo_reference": "Aap_uEC8C0Q1Hws4gHIU5bO0t7bG9qR16pAYpE5v4633OppXKq78omSuFTBQIS4TOqwCOCh9ZSvFD8womf_Q8gB3lNfuqdXRVNeaY_IOkpGBaHl4mzf2TSKfos9T-1GHknUU9h54cCVOzFfCFyACG64h9dGvmndZQDrubl3HbtWLsDF3YSFa",
                    "width": 2386
                }
            ],
            "place_id": "ChIJpXyE6J6MGGAR241O8mKBeBg",
            "plus_code": {
                "compound_code": "MP97+FW 日本、東京都港区",
                "global_code": "8Q7XMP97+FW"
            },
            "rating": 3.5,
            "reference": "ChIJpXyE6J6MGGAR241O8mKBeBg",
            "scope": "GOOGLE",
            "types": [
                "park",
                "point_of_interest",
                "establishment"
            ],
            "user_ratings_total": 8,
            "vicinity": "港区北青山３丁目３−２６"
        },
        {
            "business_status": "OPERATIONAL",
            "geometry": {
                "location": {
                    "lat": 35.6686169,
                    "lng": 139.7147196
                },
                "viewport": {
                    "northeast": {
                        "lat": 35.6699658802915,
                        "lng": 139.7160685802915
                    },
                    "southwest": {
                        "lat": 35.6672679197085,
                        "lng": 139.7133706197085
                    }
                }
            },
            "icon": "https://maps.gstatic.com/mapfiles/place_api/icons/v1/png_71/park-71.png",
            "icon_background_color": "#4DB546",
            "icon_mask_base_uri": "https://maps.gstatic.com/mapfiles/place_api/icons/v2/tree_pinlet",
            "name": "北青山三丁目児童遊園",
            "opening_hours": {
                "open_now": true
            },
            "photos": [
                {
                    "height": 2160,
                    "html_attributions": [
                        "<a href=\"https://maps.google.com/maps/contrib/112789699542367636697\">yuki koizumi</a>"
                    ],
                    "photo_reference": "Aap_uEB3Kry1lnfblRUBh-7Sj3qQGbj8B2MhmPT7xq6Y6jVizEPG6eUz4ZRuC7dInteITuJrr-fC68l2Lz8eWMAW6dYQC860w4G-8dVDFP2bbaMB38rUf-W8gaVJfcKuvB3x5x4KnkAHt1zncJ-OWFk7KOx-8UsTHdS28soNd9VzvOa0b06y",
                    "width": 2880
                }
            ],
            "place_id": "ChIJCRQj5p6MGGAR5YzmpEWTqYc",
            "plus_code": {
                "compound_code": "MP97+CV 日本、東京都港区",
                "global_code": "8Q7XMP97+CV"
            },
            "rating": 2.9,
            "reference": "ChIJCRQj5p6MGGAR5YzmpEWTqYc",
            "scope": "GOOGLE",
            "types": [
                "park",
                "tourist_attraction",
                "point_of_interest",
                "establishment"
            ],
            "user_ratings_total": 21,
            "vicinity": "港区北青山３丁目３−２４"
        },
        {
            "business_status": "OPERATIONAL",
            "geometry": {
                "location": {
                    "lat": 35.6689691,
                    "lng": 139.7145883
                },
                "viewport": {
                    "northeast": {
                        "lat": 35.6702720802915,
                        "lng": 139.7159201802915
                    },
                    "southwest": {
                        "lat": 35.6675741197085,
                        "lng": 139.7132222197085
                    }
                }
            },
            "icon": "https://maps.gstatic.com/mapfiles/place_api/icons/v1/png_71/park-71.png",
            "icon_background_color": "#4DB546",
            "icon_mask_base_uri": "https://maps.gstatic.com/mapfiles/place_api/icons/v2/tree_pinlet",
            "name": "北青山三丁目緑地",
            "opening_hours": {
                "open_now": false
            },
            "photos": [
                {
                    "height": 3024,
                    "html_attributions": [
                        "<a href=\"https://maps.google.com/maps/contrib/109573600418962204184\">Akihito Yoshida</a>"
                    ],
                    "photo_reference": "Aap_uECNxRvc9RylQNudleTh5Xcy--sQNqN8V0xbv8aneukpSaw9swW618byvSHXxmisSq7hC3r5kmeFugO-Pj29zfYHpMObdAiNUsQZ6qr4IavkciOQ6pyOnPvlGnuEjDFn6J-kjP9Xm4qFfm7sPLCDnCmp2I1nPvYSZItz7ai0YjATms7u",
                    "width": 4032
                }
            ],
            "place_id": "ChIJ4xRf3J6MGGAROHcjZgO2h_k",
            "plus_code": {
                "compound_code": "MP97+HR 日本、東京都港区",
                "global_code": "8Q7XMP97+HR"
            },
            "rating": 5,
            "reference": "ChIJ4xRf3J6MGGAROHcjZgO2h_k",
            "scope": "GOOGLE",
            "types": [
                "park",
                "point_of_interest",
                "establishment"
            ],
            "user_ratings_total": 1,
            "vicinity": "港区北青山３丁目４−２５"
        }
    ],
    "status": "OK"
}