{
    "html_attributions": [],
    "results": [
        {
            "business_status": "OPERATIONAL",
            "geometry": {
                "location": {
                    "lat": 35.66771749999999,
                    "lng": 139.7143234
                },
                "viewport": {
                    "northeast": {
                        "lat": 35.66903068029149,
                        "lng": 139.7156399302915
                    },
                    "southwest": {
                        "lat": 35.66633271970849,
                        "lng": 139.7129419697085
                    }
                }
            },
            "icon": "https://maps.gstatic.com/mapfiles/place_api/icons/v1/png_71/museum-71.png",
            "icon_background_color": "#13B5C7",
            "icon_mask_base_uri": "https://maps.gstatic.com/mapfiles/place_api/icons/v2/museum_pinlet",
            "name": "水の波紋展",
            "place_id": "ChIJPxQC3ouNGGAR6-U_-Z9dlao",
            "plus_code": {
                "compound_code": "MP97+3P 日本、東京都港区",
                "global_code": "8Q7XMP97+3P"
            },
            "reference": "ChIJPxQC3ouNGGAR6-U_-Z9dlao",
            "scope": "GOOGLE",
            "types": [
                "museum",
                "point_of_interest",
                "establishment"
            ],
            "vicinity": "港区北青山３丁目３−１６ 港区立青山児童館"
        }
    ],
    "status": "OK"
}