{
    "html_attributions": [],
    "results": [
        {
            "business_status": "OPERATIONAL",
            "geometry": {
                "location": {
                    "lat": 35.661573,
                    "lng": 139.7176565
                },
                "viewport": {
                    "northeast": {
                        "lat": 35.6632521802915,
                        "lng": 139.7185200302915
                    },
                    "southwest": {
                        "lat": 35.6605542197085,
                        "lng": 139.7158220697085
                    }
                }
            },
            "icon": "https://maps.gstatic.com/mapfiles/place_api/icons/v1/png_71/park-71.png",
            "icon_background_color": "#4DB546",
            "icon_mask_base_uri": "https://maps.gstatic.com/mapfiles/place_api/icons/v2/tree_pinlet",
            "name": "弘仁亭・無事庵",
            "photos": [
                {
                    "height": 3868,
                    "html_attributions": [
                        "<a href=\"https://maps.google.com/maps/contrib/104624940760787277195\">m m</a>"
                    ],
                    "photo_reference": "Aap_uEBhPGVGMIa23VwS2QzM6JhtL_9-3zDwZARL1EA9naAnjB4J1ezpHq3ttJR6UTrn2FIlkITEfaD5AA6OdE6UtB690xwqHWzRpWiXlS6YTYigXf0rK1kSGkMxSkFmbMLTFgp9Yu2YDyccxP8g0eulfFovW9bdWQNFB9yHrzLFKK_fRdW1",
                    "width": 5802
                }
            ],
            "place_id": "ChIJmVBbD2SLGGARMMF2OfGPoto",
            "plus_code": {
                "compound_code": "MP69+J3 日本、東京都港区",
                "global_code": "8Q7XMP69+J3"
            },
            "rating": 4.4,
            "reference": "ChIJmVBbD2SLGGARMMF2OfGPoto",
            "scope": "GOOGLE",
            "types": [
                "tourist_attraction",
                "park",
                "point_of_interest",
                "establishment"
            ],
            "user_ratings_total": 8,
            "vicinity": "港区南青山６丁目４−５"
        },
        {
            "business_status": "OPERATIONAL",
            "geometry": {
                "location": {
                    "lat": 35.6619877,
                    "lng": 139.7173562
                },
                "viewport": {
                    "northeast": {
                        "lat": 35.6635026802915,
                        "lng": 139.7188622802915
                    },
                    "southwest": {
                        "lat": 35.6608047197085,
                        "lng": 139.7161643197085
                    }
                }
            },
            "icon": "https://maps.gstatic.com/mapfiles/place_api/icons/v1/png_71/park-71.png",
            "icon_background_color": "#4DB546",
            "icon_mask_base_uri": "https://maps.gstatic.com/mapfiles/place_api/icons/v2/tree_pinlet",
            "name": "四季を楽しむ庭",
            "photos": [
                {
                    "height": 3858,
                    "html_attributions": [
                        "<a href=\"https://maps.google.com/maps/contrib/104624940760787277195\">m m</a>"
                    ],
                    "photo_reference": "Aap_uEDEQWyJ-Q_E9BNQe0_5evccwnX4hTJYVinjcoKJdseTIz8GHokoO-qhQuP3lafCiNpXjJZdtcqo4M8JVcPH2TlmhNfcfUV-x3fKCeR3fccXBV0hl5MF_geEb5eWf58CmLYGWbwJf0rA7Tp3HRrJm7Hq5KJerNaIvYdL9-pBdFJ0QgBf",
                    "width": 5788
                }
            ],
            "place_id": "ChIJW4SLBceLGGAR9bRiTc_FX18",
            "plus_code": {
                "compound_code": "MP68+QW 日本、東京都港区",
                "global_code": "8Q7XMP68+QW"
            },
            "reference": "ChIJW4SLBceLGGAR9bRiTc_FX18",
            "scope": "GOOGLE",
            "types": [
                "park",
                "point_of_interest",
                "establishment"
            ],
            "vicinity": "港区南青山６丁目５"
        },
        {
            "business_status": "OPERATIONAL",
            "geometry": {
                "location": {
                    "lat": 35.6608393,
                    "lng": 139.7173927
                },
                "viewport": {
                    "northeast": {
                        "lat": 35.6622876802915,
                        "lng": 139.7184472802915
                    },
                    "southwest": {
                        "lat": 35.6595897197085,
                        "lng": 139.7157493197085
                    }
                }
            },
            "icon": "https://maps.gstatic.com/mapfiles/place_api/icons/v1/png_71/park-71.png",
            "icon_background_color": "#4DB546",
            "icon_mask_base_uri": "https://maps.gstatic.com/mapfiles/place_api/icons/v2/tree_pinlet",
            "name": "薬師堂",
            "photos": [
                {
                    "height": 730,
                    "html_attributions": [
                        "<a href=\"https://maps.google.com/maps/contrib/105910640851477103958\">山根猫之進</a>"
                    ],
                    "photo_reference": "Aap_uEA3KuVlBIgVsYPYqugnWt8U75hl2HTnaAp6Z6FVM_g1_6cXZFycBLC4Ks9oJ-ta2BtgnmitptpN5EhYMexKiDcjvZVj-aG8RfTenlJ2ZRq9h_rG9RHKYm5hyqNfOTFdAeugXFuj8jI23CRjmNo_OK2rB1J7Pf9O6y_C9fb2dW6gV9eJ",
                    "width": 1051
                }
            ],
            "place_id": "ChIJpdd3HGqLGGARfC_K8d4bJwo",
            "plus_code": {
                "compound_code": "MP68+8X 日本、東京都港区",
                "global_code": "8Q7XMP68+8X"
            },
            "reference": "ChIJpdd3HGqLGGARfC_K8d4bJwo",
            "scope": "GOOGLE",
            "types": [
                "park",
                "point_of_interest",
                "establishment"
            ],
            "vicinity": "港区南青山６丁目５"
        }
    ],
    "status": "OK"
}