{
    "html_attributions": [],
    "results": [
        {
            "business_status": "OPERATIONAL",
            "geometry": {
                "location": {
                    "lat": 35.664665,
                    "lng": 139.709284
                },
                "viewport": {
                    "northeast": {
                        "lat": 35.6660139802915,
                        "lng": 139.7106329802915
                    },
                    "southwest": {
                        "lat": 35.6633160197085,
                        "lng": 139.7079350197085
                    }
                }
            },
            "icon": "https://maps.gstatic.com/mapfiles/place_api/icons/v1/png_71/generic_business-71.png",
            "icon_background_color": "#7B9EB0",
            "icon_mask_base_uri": "https://maps.gstatic.com/mapfiles/place_api/icons/v2/generic_pinlet",
            "name": "ギャラリーコンセプト21",
            "opening_hours": {
                "open_now": false
            },
            "photos": [
                {
                    "height": 3096,
                    "html_attributions": [
                        "<a href=\"https://maps.google.com/maps/contrib/116884058376336827510\">柳田好史</a>"
                    ],
                    "photo_reference": "Aap_uEBJiWAsu--NQS6Ov5Mm8Kktyh0M7QKJ5SfjntIbRiNYlSek09YXVOiedJZRm6N80n0ImrJ8l8MKmc0HHJJH_WlvTJ0n1-FP2YzhChqOIKGPS28oUDYOCBmqw_TPilk6bgJDgBGkbwDEbNAedVL4csFR2wjBhW0p5kYg_geejdRQxknH",
                    "width": 4128
                }
            ],
            "place_id": "ChIJyTnHXqCMGGARMR6N_tSxAzY",
            "plus_code": {
                "compound_code": "MP75+VP 日本、東京都港区",
                "global_code": "8Q7XMP75+VP"
            },
            "rating": 4.3,
            "reference": "ChIJyTnHXqCMGGARMR6N_tSxAzY",
            "scope": "GOOGLE",
            "types": [
                "art_gallery",
                "point_of_interest",
                "establishment"
            ],
            "user_ratings_total": 37,
            "vicinity": "港区北青山３丁目１５−１６"
        }
    ],
    "status": "OK"
}