{
    "html_attributions": [],
    "results": [
        {
            "business_status": "OPERATIONAL",
            "geometry": {
                "location": {
                    "lat": 35.6634955,
                    "lng": 139.7125788
                },
                "viewport": {
                    "northeast": {
                        "lat": 35.66484448029149,
                        "lng": 139.7139277802915
                    },
                    "southwest": {
                        "lat": 35.66214651970849,
                        "lng": 139.7112298197085
                    }
                }
            },
            "icon": "https://maps.gstatic.com/mapfiles/place_api/icons/v1/png_71/museum-71.png",
            "icon_background_color": "#13B5C7",
            "icon_mask_base_uri": "https://maps.gstatic.com/mapfiles/place_api/icons/v2/museum_pinlet",
            "name": "青山中川美術館",
            "photos": [
                {
                    "height": 1536,
                    "html_attributions": [
                        "<a href=\"https://maps.google.com/maps/contrib/110262000656912479602\">Zee K</a>"
                    ],
                    "photo_reference": "Aap_uEA4PEzPbXVpZbGymVJld4jJXv8m6SW7wnjAEYMkrNFWE2dnZZo_OH8XVlJL_cjzvC62HZ-H4gcGXvOe0LZd7LXfSE-78eStym2ROLcnw4VaAMRUC8bonCxCUBKKvnWy6Sc-gDAbPTv4VetwTcQUwWvI5FPwhVCKsI2DtE1BFkdks1dP",
                    "width": 2048
                }
            ],
            "place_id": "ChIJDdxVDvqLGGARGzHuEy8tl7E",
            "plus_code": {
                "compound_code": "MP77+92 日本、東京都港区",
                "global_code": "8Q7XMP77+92"
            },
            "reference": "ChIJDdxVDvqLGGARGzHuEy8tl7E",
            "scope": "GOOGLE",
            "types": [
                "museum",
                "point_of_interest",
                "establishment"
            ],
            "vicinity": "港区南青山５丁目６−８"
        },
        {
            "business_status": "OPERATIONAL",
            "geometry": {
                "location": {
                    "lat": 35.6639709,
                    "lng": 139.7119505
                },
                "viewport": {
                    "northeast": {
                        "lat": 35.66531988029149,
                        "lng": 139.7132994802915
                    },
                    "southwest": {
                        "lat": 35.66262191970849,
                        "lng": 139.7106015197085
                    }
                }
            },
            "icon": "https://maps.gstatic.com/mapfiles/place_api/icons/v1/png_71/museum-71.png",
            "icon_background_color": "#13B5C7",
            "icon_mask_base_uri": "https://maps.gstatic.com/mapfiles/place_api/icons/v2/museum_pinlet",
            "name": "スパイラル",
            "place_id": "ChIJWQmvT1SLGGARSkjE-VE1I_U",
            "plus_code": {
                "compound_code": "MP76+HQ 日本、東京都港区",
                "global_code": "8Q7XMP76+HQ"
            },
            "reference": "ChIJWQmvT1SLGGARSkjE-VE1I_U",
            "scope": "GOOGLE",
            "types": [
                "museum",
                "point_of_interest",
                "establishment"
            ],
            "vicinity": "港区南青山５丁目６−２６ 青山246ビル8F"
        }
    ],
    "status": "OK"
}