{
    "html_attributions": [],
    "results": [
        {
            "business_status": "OPERATIONAL",
            "geometry": {
                "location": {
                    "lat": 35.665802,
                    "lng": 139.709369
                },
                "viewport": {
                    "northeast": {
                        "lat": 35.6671108302915,
                        "lng": 139.7107869302915
                    },
                    "southwest": {
                        "lat": 35.66441286970851,
                        "lng": 139.7080889697085
                    }
                }
            },
            "icon": "https://maps.gstatic.com/mapfiles/place_api/icons/v1/png_71/cafe-71.png",
            "icon_background_color": "#FF9E67",
            "icon_mask_base_uri": "https://maps.gstatic.com/mapfiles/place_api/icons/v2/cafe_pinlet",
            "name": "フェデリコマテ マーケット＆カフェ",
            "opening_hours": {
                "open_now": false
            },
            "photos": [
                {
                    "height": 667,
                    "html_attributions": [
                        "<a href=\"https://maps.google.com/maps/contrib/105792595894943298623\">フェデリコマテ マーケット＆カフェ</a>"
                    ],
                    "photo_reference": "Aap_uEDCLdBkiY3S_91PNESV_fpRiQFM9mU_WVh-b20PRMnrmEf1IPaR_ZoNqHnrMHztLe1S_a_3L3JVCjOkjt9mUnLKiXGWn2Ad3J40aAuPwXehngHZcFGuYG5D0jEBrJJv-hsNx3QOQE-kJY3edoNhCb8NIHWZ8BnheywPdohKHjARiYoC",
                    "width": 1000
                }
            ],
            "place_id": "ChIJ3UcZrKGMGGARE8k7-jJVGhc",
            "plus_code": {
                "compound_code": "MP85+8P 日本、東京都渋谷区",
                "global_code": "8Q7XMP85+8P"
            },
            "rating": 4.4,
            "reference": "ChIJ3UcZrKGMGGARE8k7-jJVGhc",
            "scope": "GOOGLE",
            "types": [
                "cafe",
                "food",
                "point_of_interest",
                "establishment"
            ],
            "user_ratings_total": 7,
            "vicinity": "渋谷区神宮前５丁目２−７"
        },
        {
            "business_status": "OPERATIONAL",
            "geometry": {
                "location": {
                    "lat": 35.6652965,
                    "lng": 139.7103527
                },
                "viewport": {
                    "northeast": {
                        "lat": 35.6666653802915,
                        "lng": 139.7116724302915
                    },
                    "southwest": {
                        "lat": 35.66396741970851,
                        "lng": 139.7089744697085
                    }
                }
            },
            "icon": "https://maps.gstatic.com/mapfiles/place_api/icons/v1/png_71/cafe-71.png",
            "icon_background_color": "#FF9E67",
            "icon_mask_base_uri": "https://maps.gstatic.com/mapfiles/place_api/icons/v2/cafe_pinlet",
            "name": "駱駝とオレンジ",
            "opening_hours": {
                "open_now": false
            },
            "place_id": "ChIJ0_MWOKCMGGARzb9RprY5E04",
            "plus_code": {
                "compound_code": "MP86+44 日本、東京都杉並区",
                "global_code": "8Q7XMP86+44"
            },
            "reference": "ChIJ0_MWOKCMGGARzb9RprY5E04",
            "scope": "GOOGLE",
            "types": [
                "cafe",
                "food",
                "point_of_interest",
                "establishment"
            ],
            "vicinity": "杉並区松庵"
        },
        {
            "business_status": "OPERATIONAL",
            "geometry": {
                "location": {
                    "lat": 35.6650496,
                    "lng": 139.7094018
                },
                "viewport": {
                    "northeast": {
                        "lat": 35.66639503029149,
                        "lng": 139.7107469302915
                    },
                    "southwest": {
                        "lat": 35.66369706970849,
                        "lng": 139.7080489697085
                    }
                }
            },
            "icon": "https://maps.gstatic.com/mapfiles/place_api/icons/v1/png_71/cafe-71.png",
            "icon_background_color": "#FF9E67",
            "icon_mask_base_uri": "https://maps.gstatic.com/mapfiles/place_api/icons/v2/cafe_pinlet",
            "name": "3doo",
            "opening_hours": {
                "open_now": false
            },
            "photos": [
                {
                    "height": 840,
                    "html_attributions": [
                        "<a href=\"https://maps.google.com/maps/contrib/101799068650670322779\">doo 3</a>"
                    ],
                    "photo_reference": "Aap_uEAhe6OweJluG0fG_KgMQatq5lmcBEYtbF6pirQBd_xiY_grMhF8rVa_Tlc9AgwsoT3rmylaiOdltSWnTViIyucV3DuXOTxQhJh2Lmk8Z4L1CwoKyAIRWBnIqcCxQjCadmK7n2JFI0_J_-ht_b_6jwOYv3BUJq3og1wry5eeQtSyg--U",
                    "width": 1280
                }
            ],
            "place_id": "ChIJ8X1leHmNGGAROMfYiYnFAuw",
            "plus_code": {
                "compound_code": "MP85+2Q 日本、東京都渋谷区",
                "global_code": "8Q7XMP85+2Q"
            },
            "rating": 5,
            "reference": "ChIJ8X1leHmNGGAROMfYiYnFAuw",
            "scope": "GOOGLE",
            "types": [
                "cafe",
                "food",
                "point_of_interest",
                "establishment"
            ],
            "user_ratings_total": 2,
            "vicinity": "渋谷区神宮前５丁目２"
        },
        {
            "business_status": "OPERATIONAL",
            "geometry": {
                "location": {
                    "lat": 35.6647981,
                    "lng": 139.710688
                },
                "viewport": {
                    "northeast": {
                        "lat": 35.6662025802915,
                        "lng": 139.7120863802915
                    },
                    "southwest": {
                        "lat": 35.6635046197085,
                        "lng": 139.7093884197085
                    }
                }
            },
            "icon": "https://maps.gstatic.com/mapfiles/place_api/icons/v1/png_71/cafe-71.png",
            "icon_background_color": "#FF9E67",
            "icon_mask_base_uri": "https://maps.gstatic.com/mapfiles/place_api/icons/v2/cafe_pinlet",
            "name": "GARIGUETTE -ガリゲット-",
            "opening_hours": {
                "open_now": false
            },
            "photos": [
                {
                    "height": 3024,
                    "html_attributions": [
                        "<a href=\"https://maps.google.com/maps/contrib/114482458673744946633\">Tomomi</a>"
                    ],
                    "photo_reference": "Aap_uEBJY_OqmKZtdcZKPpmazgZiGbOR1ASHhrMM7dqUCfmT7Sc7YPkJjzTnxUsoIIho3KoHCVGFAc-KnyMWd-IPla_H8vcr85hUVQCYyneFdvGhpZb6fqXh7W9y40diISDW7sKzOGmLBK3LfE9a2OKI3yDXaQITMF4WB1tJ6_cwXUyU2BlZ",
                    "width": 4032
                }
            ],
            "place_id": "ChIJOVNGW_aNGGARTopZulrocUw",
            "plus_code": {
                "compound_code": "MP76+W7 日本、東京都港区",
                "global_code": "8Q7XMP76+W7"
            },
            "rating": 4,
            "reference": "ChIJOVNGW_aNGGARTopZulrocUw",
            "scope": "GOOGLE",
            "types": [
                "cafe",
                "food",
                "point_of_interest",
                "establishment"
            ],
            "user_ratings_total": 15,
            "vicinity": "港区北青山３丁目７−２ FPG links OMOTESANDO Ⅱ 1F"
        },
        {
            "business_status": "OPERATIONAL",
            "geometry": {
                "location": {
                    "lat": 35.66471279999999,
                    "lng": 139.7106906
                },
                "viewport": {
                    "northeast": {
                        "lat": 35.66606178029149,
                        "lng": 139.7120395802915
                    },
                    "southwest": {
                        "lat": 35.66336381970849,
                        "lng": 139.7093416197085
                    }
                }
            },
            "icon": "https://maps.gstatic.com/mapfiles/place_api/icons/v1/png_71/cafe-71.png",
            "icon_background_color": "#FF9E67",
            "icon_mask_base_uri": "https://maps.gstatic.com/mapfiles/place_api/icons/v2/cafe_pinlet",
            "name": "Cafe Dichterliebe",
            "opening_hours": {
                "open_now": false
            },
            "photos": [
                {
                    "height": 4032,
                    "html_attributions": [
                        "<a href=\"https://maps.google.com/maps/contrib/101263930436936203739\">Cafe Dichterliebe</a>"
                    ],
                    "photo_reference": "Aap_uEBAF8WCJsVHzMrqwfTDP0z3hFiuPRVrdvmWBX1bk-cHjSPlpdoclBo-NfJTXl73iV7kQc1rSive4OIgiOmsHP7SxOf-DliVw4jIEsx3KIm_jkpZCyU_oGt1NOrqVHaDM5gGXz2lCtyvunGGlLiksWRbFvU9vzU9QqfciT1EDGzhe218",
                    "width": 3024
                }
            ],
            "place_id": "ChIJlZYcpdqNGGARKQHPJBCjcOI",
            "plus_code": {
                "compound_code": "MP76+V7 日本、東京都港区",
                "global_code": "8Q7XMP76+V7"
            },
            "rating": 4.6,
            "reference": "ChIJlZYcpdqNGGARKQHPJBCjcOI",
            "scope": "GOOGLE",
            "types": [
                "cafe",
                "food",
                "point_of_interest",
                "establishment"
            ],
            "user_ratings_total": 26,
            "vicinity": "港区北青山３丁目７−１０ 1F"
        }
    ],
    "status": "OK"
}