{
    "html_attributions": [],
    "results": [
        {
            "business_status": "OPERATIONAL",
            "geometry": {
                "location": {
                    "lat": 35.670162,
                    "lng": 139.706512
                },
                "viewport": {
                    "northeast": {
                        "lat": 35.6715109802915,
                        "lng": 139.7078609802915
                    },
                    "southwest": {
                        "lat": 35.6688130197085,
                        "lng": 139.7051630197085
                    }
                }
            },
            "icon": "https://maps.gstatic.com/mapfiles/place_api/icons/v1/png_71/park-71.png",
            "icon_background_color": "#4DB546",
            "icon_mask_base_uri": "https://maps.gstatic.com/mapfiles/place_api/icons/v2/tree_pinlet",
            "name": "＊ 幸せの宝石箱 ＊",
            "opening_hours": {
                "open_now": false
            },
            "photos": [
                {
                    "height": 1702,
                    "html_attributions": [
                        "<a href=\"https://maps.google.com/maps/contrib/105890910094591670765\">＊ 幸せの宝石箱 ＊</a>"
                    ],
                    "photo_reference": "Aap_uEA89x70N-vaFnLsyx_IUfuKCzBaycrrbIbjgw0hJq6CZTkhZ_aMFUAR9UWsZhdiiaMJYPeEufn9V4JGpk2OwrrDYBFOdiQ8kkKe0x-ET_XnkNNMfl1Y5Cx13PVvehCMXBk_LjvaHe7t_kXjI7EVCS0jOwoua4ll3wQR12s21PWHI_p8",
                    "width": 3024
                }
            ],
            "place_id": "ChIJVVWIX6OMGGARHO_MPXCnFDE",
            "plus_code": {
                "compound_code": "MPC4+3J 日本、東京都渋谷区",
                "global_code": "8Q7XMPC4+3J"
            },
            "reference": "ChIJVVWIX6OMGGARHO_MPXCnFDE",
            "scope": "GOOGLE",
            "types": [
                "park",
                "point_of_interest",
                "establishment"
            ],
            "vicinity": "渋谷区神宮前１丁目８−５ メナー神宮前4F"
        },
        {
            "business_status": "OPERATIONAL",
            "geometry": {
                "location": {
                    "lat": 35.6679999,
                    "lng": 139.7070128
                },
                "viewport": {
                    "northeast": {
                        "lat": 35.6692966302915,
                        "lng": 139.7083479302915
                    },
                    "southwest": {
                        "lat": 35.6665986697085,
                        "lng": 139.7056499697085
                    }
                }
            },
            "icon": "https://maps.gstatic.com/mapfiles/place_api/icons/v1/png_71/park-71.png",
            "icon_background_color": "#4DB546",
            "icon_mask_base_uri": "https://maps.gstatic.com/mapfiles/place_api/icons/v2/tree_pinlet",
            "name": "まちかど庭園",
            "place_id": "ChIJMfLVe7ONGGARnGxdEHnv2p4",
            "plus_code": {
                "compound_code": "MP94+5R 日本、東京都渋谷区",
                "global_code": "8Q7XMP94+5R"
            },
            "reference": "ChIJMfLVe7ONGGARnGxdEHnv2p4",
            "scope": "GOOGLE",
            "types": [
                "park",
                "point_of_interest",
                "establishment"
            ],
            "vicinity": "渋谷区神宮前４丁目２５"
        },
        {
            "business_status": "OPERATIONAL",
            "geometry": {
                "location": {
                    "lat": 35.6699682,
                    "lng": 139.709008
                },
                "viewport": {
                    "northeast": {
                        "lat": 35.6713171802915,
                        "lng": 139.7103569802915
                    },
                    "southwest": {
                        "lat": 35.6686192197085,
                        "lng": 139.7076590197085
                    }
                }
            },
            "icon": "https://maps.gstatic.com/mapfiles/place_api/icons/v1/png_71/park-71.png",
            "icon_background_color": "#4DB546",
            "icon_mask_base_uri": "https://maps.gstatic.com/mapfiles/place_api/icons/v2/tree_pinlet",
            "name": "ドラえもん みらいのとびら",
            "photos": [
                {
                    "height": 860,
                    "html_attributions": [
                        "<a href=\"https://maps.google.com/maps/contrib/108375220368071908362\">kenske kanazawa</a>"
                    ],
                    "photo_reference": "Aap_uEBsrX3No52-4UM-Ke1Ugy6Fb7Tf4ErOG-rgfw0xTTTNUZYUpch33Y27Wo9wz5bdFg3ih40ilyD9fcE50_bJUtyMtwm6w5i-_ooMkl0qB93YSLA3JvALrErw8wux1lSo_pZHwdawjNzU-9NeUpGbSLduRugNZpaV2NlnRqRDBQSfapc9",
                    "width": 1000
                }
            ],
            "place_id": "ChIJPyPVLL-NGGARpgS5Kwc4Db0",
            "plus_code": {
                "compound_code": "MP95+XJ 日本、東京都渋谷区",
                "global_code": "8Q7XMP95+XJ"
            },
            "reference": "ChIJPyPVLL-NGGARpgS5Kwc4Db0",
            "scope": "GOOGLE",
            "types": [
                "park",
                "point_of_interest",
                "establishment"
            ],
            "vicinity": "渋谷区渋谷１丁目26番5 MIYASHITA PARK 屋上"
        },
        {
            "business_status": "OPERATIONAL",
            "geometry": {
                "location": {
                    "lat": 35.66862799999999,
                    "lng": 139.7059431
                },
                "viewport": {
                    "northeast": {
                        "lat": 35.66986723029149,
                        "lng": 139.7071759302915
                    },
                    "southwest": {
                        "lat": 35.66716926970849,
                        "lng": 139.7044779697085
                    }
                }
            },
            "icon": "https://maps.gstatic.com/mapfiles/place_api/icons/v1/png_71/park-71.png",
            "icon_background_color": "#4DB546",
            "icon_mask_base_uri": "https://maps.gstatic.com/mapfiles/place_api/icons/v2/tree_pinlet",
            "name": "おもはらの森",
            "opening_hours": {
                "open_now": false
            },
            "photos": [
                {
                    "height": 4140,
                    "html_attributions": [
                        "<a href=\"https://maps.google.com/maps/contrib/116064766164771204340\">ポスネコ</a>"
                    ],
                    "photo_reference": "Aap_uEBfaNQBuzP9EXU0WnPrseEdMoq4LTI5NSu9B-nWxmYOUYtwsJQI0sMhGc3BE_gWQmgRk9E_CKtAv6qQ8v5SOBUkGfc3Ky3iHhwmC9tiwO8Uq5m4ZynsbSWkEpQhO9h-qR9yuzdI3jI-ixt7IzMjLxAnkcdGfXf60vz1-ClFQFFRXrO4",
                    "width": 5520
                }
            ],
            "place_id": "ChIJ_WQFfaSMGGARrxwjKDNcpX0",
            "plus_code": {
                "compound_code": "MP94+F9 日本、東京都渋谷区",
                "global_code": "8Q7XMP94+F9"
            },
            "rating": 4.4,
            "reference": "ChIJ_WQFfaSMGGARrxwjKDNcpX0",
            "scope": "GOOGLE",
            "types": [
                "park",
                "point_of_interest",
                "establishment"
            ],
            "user_ratings_total": 24,
            "vicinity": "渋谷区神宮前４丁目３０−３"
        }
    ],
    "status": "OK"
}