{
    "html_attributions": [],
    "results": [
        {
            "business_status": "OPERATIONAL",
            "geometry": {
                "location": {
                    "lat": 35.6635217,
                    "lng": 139.7154198
                },
                "viewport": {
                    "northeast": {
                        "lat": 35.6648138302915,
                        "lng": 139.7167140302915
                    },
                    "southwest": {
                        "lat": 35.6621158697085,
                        "lng": 139.7140160697085
                    }
                }
            },
            "icon": "https://maps.gstatic.com/mapfiles/place_api/icons/v1/png_71/generic_business-71.png",
            "icon_background_color": "#7B9EB0",
            "icon_mask_base_uri": "https://maps.gstatic.com/mapfiles/place_api/icons/v2/generic_pinlet",
            "name": "しんびようスクエア",
            "place_id": "ChIJK9LVWAmLGGARUV4QEWMbm-4",
            "plus_code": {
                "compound_code": "MP78+C5 日本、東京都港区",
                "global_code": "8Q7XMP78+C5"
            },
            "reference": "ChIJK9LVWAmLGGARUV4QEWMbm-4",
            "scope": "GOOGLE",
            "types": [
                "art_gallery",
                "point_of_interest",
                "establishment"
            ],
            "vicinity": "港区南青山４丁目２１−２５ しんびようスクエア"
        },
        {
            "business_status": "OPERATIONAL",
            "geometry": {
                "location": {
                    "lat": 35.663108,
                    "lng": 139.715505
                },
                "viewport": {
                    "northeast": {
                        "lat": 35.6644569802915,
                        "lng": 139.7168539802915
                    },
                    "southwest": {
                        "lat": 35.66175901970851,
                        "lng": 139.7141560197085
                    }
                }
            },
            "icon": "https://maps.gstatic.com/mapfiles/place_api/icons/v1/png_71/generic_business-71.png",
            "icon_background_color": "#7B9EB0",
            "icon_mask_base_uri": "https://maps.gstatic.com/mapfiles/place_api/icons/v2/generic_pinlet",
            "name": "ランジュパース",
            "place_id": "ChIJRblic2GLGGARdLk3fhnWPs0",
            "plus_code": {
                "compound_code": "MP78+66 日本、東京都港区",
                "global_code": "8Q7XMP78+66"
            },
            "reference": "ChIJRblic2GLGGARdLk3fhnWPs0",
            "scope": "GOOGLE",
            "types": [
                "art_gallery",
                "point_of_interest",
                "establishment"
            ],
            "vicinity": "港区南青山５丁目３−８"
        },
        {
            "business_status": "OPERATIONAL",
            "geometry": {
                "location": {
                    "lat": 35.663123,
                    "lng": 139.7154915
                },
                "viewport": {
                    "northeast": {
                        "lat": 35.66447198029149,
                        "lng": 139.7168404802915
                    },
                    "southwest": {
                        "lat": 35.6617740197085,
                        "lng": 139.7141425197085
                    }
                }
            },
            "icon": "https://maps.gstatic.com/mapfiles/place_api/icons/v1/png_71/generic_business-71.png",
            "icon_background_color": "#7B9EB0",
            "icon_mask_base_uri": "https://maps.gstatic.com/mapfiles/place_api/icons/v2/generic_pinlet",
            "name": "るくす",
            "place_id": "ChIJAQCcdGGLGGAR5QdB9KVFVV8",
            "plus_code": {
                "compound_code": "MP78+65 日本、東京都港区",
                "global_code": "8Q7XMP78+65"
            },
            "reference": "ChIJAQCcdGGLGGAR5QdB9KVFVV8",
            "scope": "GOOGLE",
            "types": [
                "art_gallery",
                "point_of_interest",
                "establishment"
            ],
            "vicinity": "パレスミユキ 2F, ５丁目-３-8 南青山, 港区"
        }
    ],
    "status": "OK"
}