{
    "html_attributions": [],
    "results": [
        {
            "business_status": "OPERATIONAL",
            "geometry": {
                "location": {
                    "lat": 35.6666371,
                    "lng": 139.7107987
                },
                "viewport": {
                    "northeast": {
                        "lat": 35.6679585802915,
                        "lng": 139.7122358302915
                    },
                    "southwest": {
                        "lat": 35.6652606197085,
                        "lng": 139.7095378697085
                    }
                }
            },
            "icon": "https://maps.gstatic.com/mapfiles/place_api/icons/v1/png_71/cafe-71.png",
            "icon_background_color": "#FF9E67",
            "icon_mask_base_uri": "https://maps.gstatic.com/mapfiles/place_api/icons/v2/cafe_pinlet",
            "name": "スターバックス コーヒー 表参道 神宮前4丁目店",
            "opening_hours": {
                "open_now": true
            },
            "photos": [
                {
                    "height": 3024,
                    "html_attributions": [
                        "<a href=\"https://maps.google.com/maps/contrib/107705833309561868785\">スタバカ</a>"
                    ],
                    "photo_reference": "Aap_uEAKLwE-O1fKLxmUVPT0RZtPX7pu2crLvgqGxhb1GiR8M8i6ISW1faZ-g0qvxp3102f4tVHzpKwmEFQDIvSkbaq84ZQuCxDGfzZYB1uyPfyaTX4jjVKCd4qG6o7kqWqXwUNFY7xfQXZHwe99eLLU1jQIH0vFTYgEDIDp_9Iy8OP4Rn0v",
                    "width": 4032
                }
            ],
            "place_id": "ChIJo5R3z6GMGGAR0kOi9OCbFpk",
            "plus_code": {
                "compound_code": "MP86+M8 日本、東京都渋谷区",
                "global_code": "8Q7XMP86+M8"
            },
            "price_level": 2,
            "rating": 3.9,
            "reference": "ChIJo5R3z6GMGGAR0kOi9OCbFpk",
            "scope": "GOOGLE",
            "types": [
                "meal_takeaway",
                "cafe",
                "restaurant",
                "food",
                "point_of_interest",
                "store",
                "establishment"
            ],
            "user_ratings_total": 495,
            "vicinity": "渋谷区神宮前４丁目３−４ Ｂａｒｂｉｚｏｎ ７ ＡＮＮＥＸ"
        },
        {
            "business_status": "OPERATIONAL",
            "geometry": {
                "location": {
                    "lat": 35.6670868,
                    "lng": 139.710998
                },
                "viewport": {
                    "northeast": {
                        "lat": 35.6684357802915,
                        "lng": 139.7123469802915
                    },
                    "southwest": {
                        "lat": 35.6657378197085,
                        "lng": 139.7096490197085
                    }
                }
            },
            "icon": "https://maps.gstatic.com/mapfiles/place_api/icons/v1/png_71/cafe-71.png",
            "icon_background_color": "#FF9E67",
            "icon_mask_base_uri": "https://maps.gstatic.com/mapfiles/place_api/icons/v2/cafe_pinlet",
            "name": "アフタヌーンティー・ラブアンドテーブル 表参道",
            "opening_hours": {
                "open_now": false
            },
            "photos": [
                {
                    "height": 2976,
                    "html_attributions": [
                        "<a href=\"https://maps.google.com/maps/contrib/101797373183598211933\">Sulaiman Altayar</a>"
                    ],
                    "photo_reference": "Aap_uEDZ3O1Oy_6aeO7ZAECKuibqavDi3Ek1qbaAMraoGDOVx5bA6HmOMpHAZj241syn14yXpC2F0u7cwAalMjrUPGemc3DrNlYuMxsQkwqedEcc2yRRyoPOzHzsKGjqUrfew7dmcHyusuqwuL7zNx3ph7S8V6KSu8AtcJB62HiK-l_HJPRC",
                    "width": 3968
                }
            ],
            "place_id": "ChIJWUug3KGMGGAR30V7YgpIPnQ",
            "plus_code": {
                "compound_code": "MP86+R9 日本、東京都渋谷区",
                "global_code": "8Q7XMP86+R9"
            },
            "price_level": 2,
            "rating": 4,
            "reference": "ChIJWUug3KGMGGAR30V7YgpIPnQ",
            "scope": "GOOGLE",
            "types": [
                "cafe",
                "food",
                "point_of_interest",
                "establishment"
            ],
            "user_ratings_total": 267,
            "vicinity": "渋谷区神宮前４丁目３−２"
        },
        {
            "business_status": "OPERATIONAL",
            "geometry": {
                "location": {
                    "lat": 35.6674231,
                    "lng": 139.7097679
                },
                "viewport": {
                    "northeast": {
                        "lat": 35.6687720802915,
                        "lng": 139.7111168802915
                    },
                    "southwest": {
                        "lat": 35.6660741197085,
                        "lng": 139.7084189197085
                    }
                }
            },
            "icon": "https://maps.gstatic.com/mapfiles/place_api/icons/v1/png_71/cafe-71.png",
            "icon_background_color": "#FF9E67",
            "icon_mask_base_uri": "https://maps.gstatic.com/mapfiles/place_api/icons/v2/cafe_pinlet",
            "name": "いいね！スタンド表参道(iinestand_omotesando)",
            "opening_hours": {
                "open_now": true
            },
            "photos": [
                {
                    "height": 451,
                    "html_attributions": [
                        "<a href=\"https://maps.google.com/maps/contrib/111045036951971598475\">いいね！スタンド表参道(iinestand_omotesando)</a>"
                    ],
                    "photo_reference": "Aap_uECGFO_Rolr-jJVh-sTyHQAj62oaNEUJxaaaiUZTn2yxDEUo-dQAWDNaOTu_MLjq2tdJ9yTSXeka3qKndHjHdlXiyA3iBKtnMqUEj1afQfnRRvA946s3D4g75KkXyeTdcEGmgvyhYx2W1v_J7t2M2hhoTC88-OrUeKvwhMSsYHt1V_Yn",
                    "width": 676
                }
            ],
            "place_id": "ChIJ34WINt2NGGAR1Rf11ph3IWI",
            "plus_code": {
                "compound_code": "MP85+XW 日本、東京都渋谷区",
                "global_code": "8Q7XMP85+XW"
            },
            "rating": 4.8,
            "reference": "ChIJ34WINt2NGGAR1Rf11ph3IWI",
            "scope": "GOOGLE",
            "types": [
                "cafe",
                "food",
                "point_of_interest",
                "establishment"
            ],
            "user_ratings_total": 4,
            "vicinity": "渋谷区神宮前４丁目１３−８"
        },
        {
            "business_status": "OPERATIONAL",
            "geometry": {
                "location": {
                    "lat": 35.667574,
                    "lng": 139.7100166
                },
                "viewport": {
                    "northeast": {
                        "lat": 35.6689614302915,
                        "lng": 139.7113957302915
                    },
                    "southwest": {
                        "lat": 35.6662634697085,
                        "lng": 139.7086977697085
                    }
                }
            },
            "icon": "https://maps.gstatic.com/mapfiles/place_api/icons/v1/png_71/cafe-71.png",
            "icon_background_color": "#FF9E67",
            "icon_mask_base_uri": "https://maps.gstatic.com/mapfiles/place_api/icons/v2/cafe_pinlet",
            "name": "KISHU - NO - MEGUMI",
            "opening_hours": {
                "open_now": true
            },
            "photos": [
                {
                    "height": 4032,
                    "html_attributions": [
                        "<a href=\"https://maps.google.com/maps/contrib/100002285323014835540\">Isil Bayman</a>"
                    ],
                    "photo_reference": "Aap_uEBVu_4ahmSoYvv6uLhZ8JdorDRNEufOiH2NebY1O9qG6g_NDNdb1GHTR946RMFbcs0D83OvrRjJkFj6qFikh59jkcB0gFhbLMTarCkL3psk45PjZoPxIYcYSUSpZ0paHCtA0iWePqIure0npcSVOwYnLT6GQDHznsCsTHrGC_h2zpFq",
                    "width": 3024
                }
            ],
            "place_id": "ChIJ483pjaGMGGARryEWg-eNKCM",
            "plus_code": {
                "compound_code": "MP96+22 日本、東京都渋谷区",
                "global_code": "8Q7XMP96+22"
            },
            "reference": "ChIJ483pjaGMGGARryEWg-eNKCM",
            "scope": "GOOGLE",
            "types": [
                "cafe",
                "food",
                "point_of_interest",
                "establishment"
            ],
            "vicinity": "渋谷区神宮前４丁目１３−４"
        },
        {
            "business_status": "OPERATIONAL",
            "geometry": {
                "location": {
                    "lat": 35.6668949,
                    "lng": 139.7093764
                },
                "viewport": {
                    "northeast": {
                        "lat": 35.66815418029149,
                        "lng": 139.7107498302915
                    },
                    "southwest": {
                        "lat": 35.6654562197085,
                        "lng": 139.7080518697085
                    }
                }
            },
            "icon": "https://maps.gstatic.com/mapfiles/place_api/icons/v1/png_71/cafe-71.png",
            "icon_background_color": "#FF9E67",
            "icon_mask_base_uri": "https://maps.gstatic.com/mapfiles/place_api/icons/v2/cafe_pinlet",
            "name": "imperfect 表参道",
            "opening_hours": {
                "open_now": false
            },
            "photos": [
                {
                    "height": 4472,
                    "html_attributions": [
                        "<a href=\"https://maps.google.com/maps/contrib/108449492615693214799\">imperfect 表参道</a>"
                    ],
                    "photo_reference": "Aap_uEDZTiyRxq8kTlsVQvOrqQMcsqbNFc-8lHwME4Y7r2EFnrHe6qMwQvbS_bVLbwXuJYhKGHXOptjozE8Kn9aLN6jpVocpDWunmHWmCl0bBlC76Q9bI-hA5yNjgER9NXFyQKZHOn5a8FfeTyL9zAusbENnWYJaicPkQZ11d8iB1wizwknO",
                    "width": 6708
                }
            ],
            "place_id": "ChIJ_3ZjVmONGGARmKSb6yNqkXY",
            "plus_code": {
                "compound_code": "MP85+QQ 日本、東京都渋谷区",
                "global_code": "8Q7XMP85+QQ"
            },
            "rating": 4.3,
            "reference": "ChIJ_3ZjVmONGGARmKSb6yNqkXY",
            "scope": "GOOGLE",
            "types": [
                "cafe",
                "food",
                "health",
                "point_of_interest",
                "store",
                "establishment"
            ],
            "user_ratings_total": 61,
            "vicinity": "渋谷区神宮前４丁目１２−１０ 表参道ヒルズ 1Ｆ"
        },
        {
            "business_status": "OPERATIONAL",
            "geometry": {
                "location": {
                    "lat": 35.6677675,
                    "lng": 139.7104797
                },
                "viewport": {
                    "northeast": {
                        "lat": 35.66911648029149,
                        "lng": 139.7118286802915
                    },
                    "southwest": {
                        "lat": 35.6664185197085,
                        "lng": 139.7091307197085
                    }
                }
            },
            "icon": "https://maps.gstatic.com/mapfiles/place_api/icons/v1/png_71/cafe-71.png",
            "icon_background_color": "#FF9E67",
            "icon_mask_base_uri": "https://maps.gstatic.com/mapfiles/place_api/icons/v2/cafe_pinlet",
            "name": "Higuma Doughnuts × Coffee Wrights 表参道",
            "opening_hours": {
                "open_now": false
            },
            "photos": [
                {
                    "height": 3024,
                    "html_attributions": [
                        "<a href=\"https://maps.google.com/maps/contrib/100265810710391857002\">I2 M</a>"
                    ],
                    "photo_reference": "Aap_uED4rj4grCL6EZvAWT7iBnwr0IvB4gdM7pYN79oMqwL7RP1ZT80HXjuaBNWfj_r7GLLNXsYkH-UOo4llLc7s2jrXFf7UiU77QYnqVmJN5NQERZ3ZULwKya69HV9Ch3B5x0iNImG1uT-GJbivn8AWWzVIwt9WEx_ggVIpH5LNoUJKt8y3",
                    "width": 4032
                }
            ],
            "place_id": "ChIJB4nX_beNGGARcvfg36ImbP8",
            "plus_code": {
                "compound_code": "MP96+45 日本、東京都渋谷区",
                "global_code": "8Q7XMP96+45"
            },
            "rating": 4.2,
            "reference": "ChIJB4nX_beNGGARcvfg36ImbP8",
            "scope": "GOOGLE",
            "types": [
                "cafe",
                "food",
                "point_of_interest",
                "store",
                "establishment"
            ],
            "user_ratings_total": 250,
            "vicinity": "渋谷区神宮前４丁目９−１３ ミナガワビレッジ #5"
        },
        {
            "business_status": "OPERATIONAL",
            "geometry": {
                "location": {
                    "lat": 35.667463,
                    "lng": 139.7109276
                },
                "viewport": {
                    "northeast": {
                        "lat": 35.6687674802915,
                        "lng": 139.7123784802915
                    },
                    "southwest": {
                        "lat": 35.6660695197085,
                        "lng": 139.7096805197085
                    }
                }
            },
            "icon": "https://maps.gstatic.com/mapfiles/place_api/icons/v1/png_71/cafe-71.png",
            "icon_background_color": "#FF9E67",
            "icon_mask_base_uri": "https://maps.gstatic.com/mapfiles/place_api/icons/v2/cafe_pinlet",
            "name": "F&E",
            "opening_hours": {
                "open_now": false
            },
            "place_id": "ChIJR8Ap5qGMGGARiWu-3v0WpIY",
            "plus_code": {
                "compound_code": "MP86+X9 日本、東京都渋谷区",
                "global_code": "8Q7XMP86+X9"
            },
            "reference": "ChIJR8Ap5qGMGGARiWu-3v0WpIY",
            "scope": "GOOGLE",
            "types": [
                "cafe",
                "food",
                "point_of_interest",
                "establishment"
            ],
            "vicinity": "渋谷区神宮前４丁目９−４"
        },
        {
            "business_status": "OPERATIONAL",
            "geometry": {
                "location": {
                    "lat": 35.6671798,
                    "lng": 139.7090194
                },
                "viewport": {
                    "northeast": {
                        "lat": 35.6684157302915,
                        "lng": 139.7103098802915
                    },
                    "southwest": {
                        "lat": 35.6657177697085,
                        "lng": 139.7076119197085
                    }
                }
            },
            "icon": "https://maps.gstatic.com/mapfiles/place_api/icons/v1/png_71/cafe-71.png",
            "icon_background_color": "#FF9E67",
            "icon_mask_base_uri": "https://maps.gstatic.com/mapfiles/place_api/icons/v2/cafe_pinlet",
            "name": "バランスカフェ表参道",
            "opening_hours": {
                "open_now": false
            },
            "photos": [
                {
                    "height": 564,
                    "html_attributions": [
                        "<a href=\"https://maps.google.com/maps/contrib/109135489459253172661\">バランスカフェ表参道</a>"
                    ],
                    "photo_reference": "Aap_uEC9L9FkQw-tMQ3n2MGah9QqWOGw6z-fTUFvvmzYgxCjlqZ-dmkEueSJIY_Yf4-Fg2oYSN3qhwM30bmU8MAy0L_Kfx-Ery5STTyptj9DmpnL2p1kw4mAkxsF7rIAUiQzQuS9fP9iuRFRPPiS0oRZNb5PqR2YVC8iAPrIsGdaED50IfKw",
                    "width": 1000
                }
            ],
            "place_id": "ChIJtaRkzg6NGGARoc34JviEGt8",
            "plus_code": {
                "compound_code": "MP85+VJ 日本、東京都渋谷区",
                "global_code": "8Q7XMP85+VJ"
            },
            "rating": 3,
            "reference": "ChIJtaRkzg6NGGARoc34JviEGt8",
            "scope": "GOOGLE",
            "types": [
                "cafe",
                "food",
                "point_of_interest",
                "establishment"
            ],
            "user_ratings_total": 1,
            "vicinity": "渋谷区神宮前４丁目１２−１０ 表参道ヒルズ本館 B3F"
        }
    ],
    "status": "OK"
}