{
    "html_attributions": [],
    "results": [
        {
            "business_status": "OPERATIONAL",
            "geometry": {
                "location": {
                    "lat": 35.6667791,
                    "lng": 139.7114969
                },
                "viewport": {
                    "northeast": {
                        "lat": 35.6682011302915,
                        "lng": 139.7127995802915
                    },
                    "southwest": {
                        "lat": 35.6655031697085,
                        "lng": 139.7101016197085
                    }
                }
            },
            "icon": "https://maps.gstatic.com/mapfiles/place_api/icons/v1/png_71/generic_business-71.png",
            "icon_background_color": "#7B9EB0",
            "icon_mask_base_uri": "https://maps.gstatic.com/mapfiles/place_api/icons/v2/generic_pinlet",
            "name": "ギャラリーニイク",
            "opening_hours": {
                "open_now": false
            },
            "photos": [
                {
                    "height": 2832,
                    "html_attributions": [
                        "<a href=\"https://maps.google.com/maps/contrib/102546224430588831750\">ギャラリーニイク</a>"
                    ],
                    "photo_reference": "Aap_uEA0O5C9Ccfigez2ndf8ngksXOvNQH29kwuIfDi5_6MYjWaOOjbSjII8YBFkaLdQm1mUA-9ay9tsD7mA8cgaQuc00PNg0wLj8sepesjGUyDZxAf4miyhq9qqQ-8N2iaDyb8M_fBaMQaFhGvDAcz6NaxUUWEnGa_vPUKKiWzzrjttA25G",
                    "width": 4256
                }
            ],
            "place_id": "ChIJlVvc16GMGGARDwOGH2vBUCc",
            "plus_code": {
                "compound_code": "MP86+PH 日本、東京都渋谷区",
                "global_code": "8Q7XMP86+PH"
            },
            "rating": 4.8,
            "reference": "ChIJlVvc16GMGGARDwOGH2vBUCc",
            "scope": "GOOGLE",
            "types": [
                "art_gallery",
                "museum",
                "point_of_interest",
                "establishment"
            ],
            "user_ratings_total": 4,
            "vicinity": "渋谷区神宮前４丁目２−１９"
        }
    ],
    "status": "OK"
}