{
    "html_attributions": [],
    "results": [
        {
            "business_status": "OPERATIONAL",
            "geometry": {
                "location": {
                    "lat": 35.6648704,
                    "lng": 139.7126985
                },
                "viewport": {
                    "northeast": {
                        "lat": 35.6662833802915,
                        "lng": 139.7141061802915
                    },
                    "southwest": {
                        "lat": 35.6635854197085,
                        "lng": 139.7114082197085
                    }
                }
            },
            "icon": "https://maps.gstatic.com/mapfiles/place_api/icons/v1/png_71/park-71.png",
            "icon_background_color": "#4DB546",
            "icon_mask_base_uri": "https://maps.gstatic.com/mapfiles/place_api/icons/v2/tree_pinlet",
            "name": "RAIZIN R番地",
            "opening_hours": {
                "open_now": false
            },
            "photos": [
                {
                    "height": 3024,
                    "html_attributions": [
                        "<a href=\"https://maps.google.com/maps/contrib/109404952671193835951\">ねこハンド</a>"
                    ],
                    "photo_reference": "Aap_uEA9ImnKpMJS-fokjJtwKZ0neYn1r8MEZlHd-A53hx0orM7eE-2cd7fKOeaEr6iygZrTZVyi291EyXMtKuRV_B1KxhNlCDCk8rSy3E3TBwEsUwS3cgvQaRo04Uzz8don-WPZudGg-cJj113KKxWl83_qYB_F58e-o-jxiKlZ8uA0XnsC",
                    "width": 4032
                }
            ],
            "place_id": "ChIJy4P1zNWNGGARga5BsIZHKo0",
            "plus_code": {
                "compound_code": "MP77+W3 日本、東京都港区",
                "global_code": "8Q7XMP77+W3"
            },
            "rating": 4,
            "reference": "ChIJy4P1zNWNGGARga5BsIZHKo0",
            "scope": "GOOGLE",
            "types": [
                "park",
                "point_of_interest",
                "establishment"
            ],
            "user_ratings_total": 16,
            "vicinity": "港区南青山５丁目１−２７"
        },
        {
            "business_status": "OPERATIONAL",
            "geometry": {
                "location": {
                    "lat": 35.6669003,
                    "lng": 139.7118951
                },
                "viewport": {
                    "northeast": {
                        "lat": 35.6683075802915,
                        "lng": 139.7132919302915
                    },
                    "southwest": {
                        "lat": 35.66560961970851,
                        "lng": 139.7105939697085
                    }
                }
            },
            "icon": "https://maps.gstatic.com/mapfiles/place_api/icons/v1/png_71/restaurant-71.png",
            "icon_background_color": "#FF9E67",
            "icon_mask_base_uri": "https://maps.gstatic.com/mapfiles/place_api/icons/v2/restaurant_pinlet",
            "name": "マーシーランド表参道〜昼間は縁日・夜はラーメン屋台〜",
            "opening_hours": {
                "open_now": true
            },
            "photos": [
                {
                    "height": 3024,
                    "html_attributions": [
                        "<a href=\"https://maps.google.com/maps/contrib/108798777954265332057\">マーシーランド表参道〜昼間は縁日・夜はラーメン屋台〜</a>"
                    ],
                    "photo_reference": "Aap_uECubAI2AvQJYTLE0lx510Qptq-xrY5SV5v56YOpaPQlxc9HMXPPWI6GPEP6Jb4TKWOew0Akd7SXPAWRHUMW2PvTyaF65xCErXFoBrUnpcbY3W8MW-tu0Jdo89b4I-PtcHqAsyTbU9GvuMfPFs6n6vrALYPuHBtjOaGT_yXXkDKs6M77",
                    "width": 4032
                }
            ],
            "place_id": "ChIJ224dxzKNGGARr5-wiWj1gD4",
            "plus_code": {
                "compound_code": "MP86+QQ 日本、東京都港区",
                "global_code": "8Q7XMP86+QQ"
            },
            "rating": 3,
            "reference": "ChIJ224dxzKNGGARr5-wiWj1gD4",
            "scope": "GOOGLE",
            "types": [
                "park",
                "restaurant",
                "food",
                "point_of_interest",
                "establishment"
            ],
            "user_ratings_total": 1,
            "vicinity": "港区北青山３丁目５−４４"
        },
        {
            "business_status": "OPERATIONAL",
            "geometry": {
                "location": {
                    "lat": 35.66698009999999,
                    "lng": 139.7121182
                },
                "viewport": {
                    "northeast": {
                        "lat": 35.6683730802915,
                        "lng": 139.7134039302915
                    },
                    "southwest": {
                        "lat": 35.6656751197085,
                        "lng": 139.7107059697085
                    }
                }
            },
            "icon": "https://maps.gstatic.com/mapfiles/place_api/icons/v1/png_71/park-71.png",
            "icon_background_color": "#4DB546",
            "icon_mask_base_uri": "https://maps.gstatic.com/mapfiles/place_api/icons/v2/tree_pinlet",
            "name": "青山の公園",
            "place_id": "ChIJW_KoL-eNGGARWgMjIDlmKns",
            "plus_code": {
                "compound_code": "MP86+QR 日本、東京都港区",
                "global_code": "8Q7XMP86+QR"
            },
            "reference": "ChIJW_KoL-eNGGARWgMjIDlmKns",
            "scope": "GOOGLE",
            "types": [
                "park",
                "point_of_interest",
                "establishment"
            ],
            "vicinity": "港区北青山３丁目５−４４ 伊藤マンション"
        }
    ],
    "status": "OK"
}