{
    "html_attributions": [],
    "results": [
        {
            "business_status": "OPERATIONAL",
            "geometry": {
                "location": {
                    "lat": 35.6670003,
                    "lng": 139.7136534
                },
                "viewport": {
                    "northeast": {
                        "lat": 35.66838578029149,
                        "lng": 139.7150358802915
                    },
                    "southwest": {
                        "lat": 35.66568781970849,
                        "lng": 139.7123379197085
                    }
                }
            },
            "icon": "https://maps.gstatic.com/mapfiles/place_api/icons/v1/png_71/generic_business-71.png",
            "icon_background_color": "#7B9EB0",
            "icon_mask_base_uri": "https://maps.gstatic.com/mapfiles/place_api/icons/v2/generic_pinlet",
            "name": "AOYAMA ART BREEZE",
            "place_id": "ChIJMXUDqJ-MGGARD8QLyojC9m4",
            "plus_code": {
                "compound_code": "MP87+RF 日本、東京都港区",
                "global_code": "8Q7XMP87+RF"
            },
            "rating": 3.8,
            "reference": "ChIJMXUDqJ-MGGARD8QLyojC9m4",
            "scope": "GOOGLE",
            "types": [
                "art_gallery",
                "point_of_interest",
                "establishment"
            ],
            "user_ratings_total": 4,
            "vicinity": "港区北青山３丁目５−９"
        },
        {
            "business_status": "OPERATIONAL",
            "geometry": {
                "location": {
                    "lat": 35.6671605,
                    "lng": 139.7135183
                },
                "viewport": {
                    "northeast": {
                        "lat": 35.6685094802915,
                        "lng": 139.7148672802915
                    },
                    "southwest": {
                        "lat": 35.66581151970851,
                        "lng": 139.7121693197085
                    }
                }
            },
            "icon": "https://maps.gstatic.com/mapfiles/place_api/icons/v1/png_71/generic_business-71.png",
            "icon_background_color": "#7B9EB0",
            "icon_mask_base_uri": "https://maps.gstatic.com/mapfiles/place_api/icons/v2/generic_pinlet",
            "name": "Fergus McCaffrey Tokyo",
            "opening_hours": {
                "open_now": false
            },
            "photos": [
                {
                    "height": 4032,
                    "html_attributions": [
                        "<a href=\"https://maps.google.com/maps/contrib/113136615204522227801\">一郎福井</a>"
                    ],
                    "photo_reference": "Aap_uEBa2ccPUIYZkkVP1PwivBrw8dHTcx1K-mmUgMf1pH5YnLUxpR2mwjJHuSAppQK8Yai-9_O1H9yTk8Cd6sGIxPq-sUGUZ52WSaPnIBaDSlADrhuWew8b1Pf6pcAMMQqCjysqg_CYxHmmJi_TlZ1PTFQL8N7ga-8BspQFE5K8w_NSrRQ-",
                    "width": 3024
                }
            ],
            "place_id": "ChIJLc4aqJ-MGGAREcxaa5n8Lmc",
            "plus_code": {
                "compound_code": "MP87+VC 日本、東京都港区",
                "global_code": "8Q7XMP87+VC"
            },
            "rating": 4.3,
            "reference": "ChIJLc4aqJ-MGGAREcxaa5n8Lmc",
            "scope": "GOOGLE",
            "types": [
                "art_gallery",
                "point_of_interest",
                "establishment"
            ],
            "user_ratings_total": 12,
            "vicinity": "港区北青山３丁目５−9-1F"
        }
    ],
    "status": "OK"
}