{
    "html_attributions": [],
    "results": [
        {
            "business_status": "OPERATIONAL",
            "geometry": {
                "location": {
                    "lat": 35.66524699999999,
                    "lng": 139.7089309
                },
                "viewport": {
                    "northeast": {
                        "lat": 35.6665837302915,
                        "lng": 139.7102954302915
                    },
                    "southwest": {
                        "lat": 35.6638857697085,
                        "lng": 139.7075974697085
                    }
                }
            },
            "icon": "https://maps.gstatic.com/mapfiles/place_api/icons/v1/png_71/park-71.png",
            "icon_background_color": "#4DB546",
            "icon_mask_base_uri": "https://maps.gstatic.com/mapfiles/place_api/icons/v2/tree_pinlet",
            "name": "神宮前五丁目緑地",
            "opening_hours": {
                "open_now": true
            },
            "photos": [
                {
                    "height": 3024,
                    "html_attributions": [
                        "<a href=\"https://maps.google.com/maps/contrib/109455260799956731370\">mashio yatsuzuka</a>"
                    ],
                    "photo_reference": "Aap_uEAo1ScVfwiejRCUg9fHQwtQ9FF5IWW0wg04b1zdJduu9zcYlSuk4OpxHPr1j9Bfn1iNYJqgvkl3BNllE1RfogZ5zX2BZxgalO1lo8oF3qEyb9X4VTTLM-XIr9RvV9i_EYvGRKOSUV5oKwSoOwKOKBdh77lKts1LAqkqkWEMo6ypD07a",
                    "width": 4032
                }
            ],
            "place_id": "ChIJPeGV_6CMGGARKAAFWaY3d_o",
            "plus_code": {
                "compound_code": "MP85+3H 日本、東京都渋谷区",
                "global_code": "8Q7XMP85+3H"
            },
            "reference": "ChIJPeGV_6CMGGARKAAFWaY3d_o",
            "scope": "GOOGLE",
            "types": [
                "park",
                "point_of_interest",
                "establishment"
            ],
            "vicinity": "渋谷区神宮前５丁目５"
        }
    ],
    "status": "OK"
}