{
    "html_attributions": [],
    "results": [
        {
            "business_status": "OPERATIONAL",
            "geometry": {
                "location": {
                    "lat": 35.6632149,
                    "lng": 139.7098631
                },
                "viewport": {
                    "northeast": {
                        "lat": 35.6645638802915,
                        "lng": 139.7112120802915
                    },
                    "southwest": {
                        "lat": 35.6618659197085,
                        "lng": 139.7085141197085
                    }
                }
            },
            "icon": "https://maps.gstatic.com/mapfiles/place_api/icons/v1/png_71/generic_business-71.png",
            "icon_background_color": "#7B9EB0",
            "icon_mask_base_uri": "https://maps.gstatic.com/mapfiles/place_api/icons/v2/generic_pinlet",
            "name": "エイ・コレクション",
            "opening_hours": {
                "open_now": false
            },
            "photos": [
                {
                    "height": 2160,
                    "html_attributions": [
                        "<a href=\"https://maps.google.com/maps/contrib/118252634782609753961\">奈塚Q弥</a>"
                    ],
                    "photo_reference": "Aap_uECIlP93ZBKUdtQj9uPcHrTFJeh4rlGnmDInJgZyeyLaroI912Ojfm44-mk6rI5SxZu0FjGJErKiOOZykxxvA4K1sQOfl4EXhcLkqxdE0QHDmiLzgNhdj2gmevmVK1pmnNgrlzwLQmFjVQTwJPZ_X5mrbPNlatGTryGL50pLFvdOFLsc",
                    "width": 3840
                }
            ],
            "place_id": "ChIJ1d4QiV-LGGARBltEAwVWrjI",
            "plus_code": {
                "compound_code": "MP75+7W 日本、東京都渋谷区",
                "global_code": "8Q7XMP75+7W"
            },
            "rating": 2,
            "reference": "ChIJ1d4QiV-LGGARBltEAwVWrjI",
            "scope": "GOOGLE",
            "types": [
                "art_gallery",
                "jewelry_store",
                "point_of_interest",
                "store",
                "establishment"
            ],
            "user_ratings_total": 2,
            "vicinity": "渋谷区神宮前５丁目５０−２"
        },
        {
            "business_status": "OPERATIONAL",
            "geometry": {
                "location": {
                    "lat": 35.6627823,
                    "lng": 139.7105836
                },
                "viewport": {
                    "northeast": {
                        "lat": 35.6641312802915,
                        "lng": 139.7119325802915
                    },
                    "southwest": {
                        "lat": 35.6614333197085,
                        "lng": 139.7092346197085
                    }
                }
            },
            "icon": "https://maps.gstatic.com/mapfiles/place_api/icons/v1/png_71/generic_business-71.png",
            "icon_background_color": "#7B9EB0",
            "icon_mask_base_uri": "https://maps.gstatic.com/mapfiles/place_api/icons/v2/generic_pinlet",
            "name": "オリエント 西洋美術 寿屋",
            "opening_hours": {
                "open_now": false
            },
            "photos": [
                {
                    "height": 2048,
                    "html_attributions": [
                        "<a href=\"https://maps.google.com/maps/contrib/116825009180597009182\">オリエント 西洋美術 寿屋</a>"
                    ],
                    "photo_reference": "Aap_uEAY3FxP5pEt3TsyYpYYQ9c-2xpu0zrm3b66jDcR33mmc2-yr6O_aZOI_5bn3DOQPkid_3ZxWkI5IQrjDmPuXEq8DImO7UZ1rUbB5lvpx6_LlRFHaiprY5fnXPObkHeiAJSbQZ14wDnXFMUM-pn6leqZwEnqs2665YKNW_ZjYq1GFrQe",
                    "width": 1536
                }
            ],
            "place_id": "ChIJcRf_6F-LGGAR5FKMsN0q0-g",
            "plus_code": {
                "compound_code": "MP76+46 日本、東京都港区",
                "global_code": "8Q7XMP76+46"
            },
            "reference": "ChIJcRf_6F-LGGAR5FKMsN0q0-g",
            "scope": "GOOGLE",
            "types": [
                "art_gallery",
                "point_of_interest",
                "establishment"
            ],
            "vicinity": "港区南青山５丁目１０−１９ 塩田ビル 3F"
        },
        {
            "business_status": "OPERATIONAL",
            "geometry": {
                "location": {
                    "lat": 35.66308,
                    "lng": 139.7096291
                },
                "viewport": {
                    "northeast": {
                        "lat": 35.66443633029149,
                        "lng": 139.7109857302915
                    },
                    "southwest": {
                        "lat": 35.66173836970849,
                        "lng": 139.7082877697085
                    }
                }
            },
            "icon": "https://maps.gstatic.com/mapfiles/place_api/icons/v1/png_71/shopping-71.png",
            "icon_background_color": "#4B96F3",
            "icon_mask_base_uri": "https://maps.gstatic.com/mapfiles/place_api/icons/v2/shopping_pinlet",
            "name": "バレエショップ フェアリー",
            "opening_hours": {
                "open_now": false
            },
            "photos": [
                {
                    "height": 2687,
                    "html_attributions": [
                        "<a href=\"https://maps.google.com/maps/contrib/112228717848982338439\">t s</a>"
                    ],
                    "photo_reference": "Aap_uEDpTh2yRYP2A7tVX2Vz5kJrTn1QbvbWzn6HDR_3yMcbaaTLLwamecjmbaayERuIctnytfzTnnRzn-43qi72aFqJQGYEV_634v5w1V6nnL-WLmD-7nHXoVKAuopFqlCAM-T_J_sM2u846mm5y_hmgFWrOYsirzzb1amwngnUA8q8I8qb",
                    "width": 4030
                }
            ],
            "place_id": "ChIJj1WdiF-LGGAROfxjPKUuOT4",
            "plus_code": {
                "compound_code": "MP75+6V 日本、東京都渋谷区",
                "global_code": "8Q7XMP75+6V"
            },
            "rating": 3.5,
            "reference": "ChIJj1WdiF-LGGAROfxjPKUuOT4",
            "scope": "GOOGLE",
            "types": [
                "art_gallery",
                "point_of_interest",
                "clothing_store",
                "store",
                "establishment"
            ],
            "user_ratings_total": 27,
            "vicinity": "渋谷区神宮前５丁目５０−１０ ぴゅあ1ビル"
        },
        {
            "business_status": "OPERATIONAL",
            "geometry": {
                "location": {
                    "lat": 35.6632955,
                    "lng": 139.7094928
                },
                "viewport": {
                    "northeast": {
                        "lat": 35.6646444802915,
                        "lng": 139.7108417802915
                    },
                    "southwest": {
                        "lat": 35.6619465197085,
                        "lng": 139.7081438197085
                    }
                }
            },
            "icon": "https://maps.gstatic.com/mapfiles/place_api/icons/v1/png_71/generic_business-71.png",
            "icon_background_color": "#7B9EB0",
            "icon_mask_base_uri": "https://maps.gstatic.com/mapfiles/place_api/icons/v2/generic_pinlet",
            "name": "MAT",
            "opening_hours": {
                "open_now": false
            },
            "photos": [
                {
                    "height": 4032,
                    "html_attributions": [
                        "<a href=\"https://maps.google.com/maps/contrib/101667738449428439961\">Sho Morita</a>"
                    ],
                    "photo_reference": "Aap_uED_G0_qeJ-1NA2RwLwj_1qFnwWN20FbimzyBoIRsN_a2KDDrnxOwpvwga5cun_Bi4uoDmIAKn_WHgzMV7HQwS9DIIlqaqDNe0rXF_veFd2xKJza_gS82ljj-7n2gfsqr18VKCXIPt4Wocie8--E3uC2Cuu_uRuuBaLcHjtkStiZOR4K",
                    "width": 3024
                }
            ],
            "place_id": "ChIJE8WdQ_GNGGARF-VuS41aTpk",
            "plus_code": {
                "compound_code": "MP75+8Q 日本、東京都渋谷区",
                "global_code": "8Q7XMP75+8Q"
            },
            "rating": 4.4,
            "reference": "ChIJE8WdQ_GNGGARF-VuS41aTpk",
            "scope": "GOOGLE",
            "types": [
                "art_gallery",
                "point_of_interest",
                "establishment"
            ],
            "user_ratings_total": 5,
            "vicinity": "渋谷区神宮前５丁目49-5R ハウスB1F"
        },
        {
            "business_status": "OPERATIONAL",
            "geometry": {
                "location": {
                    "lat": 35.6633368,
                    "lng": 139.7094658
                },
                "viewport": {
                    "northeast": {
                        "lat": 35.66465483029149,
                        "lng": 139.7108645302915
                    },
                    "southwest": {
                        "lat": 35.66195686970849,
                        "lng": 139.7081665697085
                    }
                }
            },
            "icon": "https://maps.gstatic.com/mapfiles/place_api/icons/v1/png_71/generic_business-71.png",
            "icon_background_color": "#7B9EB0",
            "icon_mask_base_uri": "https://maps.gstatic.com/mapfiles/place_api/icons/v2/generic_pinlet",
            "name": "PinpointGallery",
            "opening_hours": {
                "open_now": false
            },
            "photos": [
                {
                    "height": 920,
                    "html_attributions": [
                        "<a href=\"https://maps.google.com/maps/contrib/107532598170610541159\">PinpointGallery</a>"
                    ],
                    "photo_reference": "Aap_uEDo0n4BzW0EnTfCTvph6ijKR0lx57FryTPdISpN0ssMt_DH4Dc8QKYlAYQ7LxaEccjVSm7MeqafAE7EbGpxGyDyFcX98WnPToo7_0s-GkKXHqDqkOwNISW2__9qwUApwmmNmNXCYi_-TGENlfD9AA61NQLWVoQC2TLCR05POQTFrYT5",
                    "width": 615
                }
            ],
            "place_id": "ChIJcUnZ51-LGGARc6VtNj8R5Xw",
            "plus_code": {
                "compound_code": "MP75+8Q 日本、東京都渋谷区",
                "global_code": "8Q7XMP75+8Q"
            },
            "rating": 4.1,
            "reference": "ChIJcUnZ51-LGGARc6VtNj8R5Xw",
            "scope": "GOOGLE",
            "types": [
                "art_gallery",
                "point_of_interest",
                "establishment"
            ],
            "user_ratings_total": 20,
            "vicinity": "渋谷区神宮前５丁目４９−５ Rハウス"
        }
    ],
    "status": "OK"
}