{
    "html_attributions": [],
    "results": [
        {
            "business_status": "OPERATIONAL",
            "geometry": {
                "location": {
                    "lat": 35.6674825,
                    "lng": 139.7142606
                },
                "viewport": {
                    "northeast": {
                        "lat": 35.66883148029149,
                        "lng": 139.7156095802915
                    },
                    "southwest": {
                        "lat": 35.6661335197085,
                        "lng": 139.7129116197085
                    }
                }
            },
            "icon": "https://maps.gstatic.com/mapfiles/place_api/icons/v1/png_71/generic_business-71.png",
            "icon_background_color": "#7B9EB0",
            "icon_mask_base_uri": "https://maps.gstatic.com/mapfiles/place_api/icons/v2/generic_pinlet",
            "name": "シンシア・ガーデン",
            "opening_hours": {
                "open_now": false
            },
            "photos": [
                {
                    "height": 4000,
                    "html_attributions": [
                        "<a href=\"https://maps.google.com/maps/contrib/114584280840487917029\">千葉まゆみ</a>"
                    ],
                    "photo_reference": "Aap_uECe4K0hhlP2shSkYCUawFXHasqCc4osR9ewT7Sx_xXp8cJ5l3emFJmICbBLDuxQZeKzKzr0NC9XoY47IS1rHsjyfwMFOAIE5iqX7JinWwATsiFOQ4WboYuJWYDLOaKaOTdavV5h9OTZTh0B91ZXj_TUV-D67XM2XnGKxVv-PPIMD5-R",
                    "width": 3000
                }
            ],
            "place_id": "ChIJebt_VZ6MGGAR6-t03SvSpYM",
            "plus_code": {
                "compound_code": "MP87+XP 日本、東京都港区",
                "global_code": "8Q7XMP87+XP"
            },
            "rating": 4.2,
            "reference": "ChIJebt_VZ6MGGAR6-t03SvSpYM",
            "scope": "GOOGLE",
            "types": [
                "cafe",
                "spa",
                "food",
                "point_of_interest",
                "store",
                "establishment"
            ],
            "user_ratings_total": 85,
            "vicinity": "港区北青山３丁目５−４ 青山高野ビル"
        },
        {
            "business_status": "OPERATIONAL",
            "geometry": {
                "location": {
                    "lat": 35.6679054,
                    "lng": 139.7146727
                },
                "viewport": {
                    "northeast": {
                        "lat": 35.6692138302915,
                        "lng": 139.7160925302915
                    },
                    "southwest": {
                        "lat": 35.6665158697085,
                        "lng": 139.7133945697085
                    }
                }
            },
            "icon": "https://maps.gstatic.com/mapfiles/place_api/icons/v1/png_71/shopping-71.png",
            "icon_background_color": "#4B96F3",
            "icon_mask_base_uri": "https://maps.gstatic.com/mapfiles/place_api/icons/v2/shopping_pinlet",
            "name": "ボルボ スタジオ 青山",
            "opening_hours": {
                "open_now": false
            },
            "photos": [
                {
                    "height": 2687,
                    "html_attributions": [
                        "<a href=\"https://maps.google.com/maps/contrib/112228717848982338439\">t s</a>"
                    ],
                    "photo_reference": "Aap_uEBrMf1G6sNyrY-7-vOeE7AoaFHarkCD6nPJdK67nN3vqWDbFpMVT8Cs65qUT43mcMP0MpsbjO8-nkfKhw7-Eqhqb0P9Dr3srercQBiwJw4Byd0BW0jw2ulzWUczbrOTgq4249SoMRcTdu31wfYBCriwT4AFPCsZZh2OGknTZbSdaolV",
                    "width": 4030
                }
            ],
            "place_id": "ChIJS5y1-56MGGARlsNVLBsqwas",
            "plus_code": {
                "compound_code": "MP97+5V 日本、東京都港区",
                "global_code": "8Q7XMP97+5V"
            },
            "rating": 4.2,
            "reference": "ChIJS5y1-56MGGARlsNVLBsqwas",
            "scope": "GOOGLE",
            "types": [
                "cafe",
                "car_dealer",
                "food",
                "point_of_interest",
                "store",
                "establishment"
            ],
            "user_ratings_total": 131,
            "vicinity": "港区北青山３丁目３−１１"
        },
        {
            "business_status": "OPERATIONAL",
            "geometry": {
                "location": {
                    "lat": 35.6670004,
                    "lng": 139.7136532
                },
                "viewport": {
                    "northeast": {
                        "lat": 35.6683858802915,
                        "lng": 139.7150356802915
                    },
                    "southwest": {
                        "lat": 35.6656879197085,
                        "lng": 139.7123377197085
                    }
                }
            },
            "icon": "https://maps.gstatic.com/mapfiles/place_api/icons/v1/png_71/cafe-71.png",
            "icon_background_color": "#FF9E67",
            "icon_mask_base_uri": "https://maps.gstatic.com/mapfiles/place_api/icons/v2/cafe_pinlet",
            "name": "中央珈琲㈱",
            "opening_hours": {
                "open_now": false
            },
            "photos": [
                {
                    "height": 3840,
                    "html_attributions": [
                        "<a href=\"https://maps.google.com/maps/contrib/115268173219721982025\">Simon Currie</a>"
                    ],
                    "photo_reference": "Aap_uEB2O-RS55xhFG0Sw3yLdYyhBURiEDbAdgFRLiD8Oq2L6XNpNdytPH_JGE1LVByhkB51ikGIFb3YEm2RggwJaE3PNcDC8tS3o7GRWIUz3f5q5Q0QmisAgZbyFs6EHkZl1P_mHNZbmGJr4Puup4GllkgHvY6RVSQlBkmqNF6D0vjOwq-u",
                    "width": 2160
                }
            ],
            "place_id": "ChIJKywkqZ-MGGARkAW99vSQzf8",
            "plus_code": {
                "compound_code": "MP87+RF 日本、東京都港区",
                "global_code": "8Q7XMP87+RF"
            },
            "reference": "ChIJKywkqZ-MGGARkAW99vSQzf8",
            "scope": "GOOGLE",
            "types": [
                "cafe",
                "food",
                "point_of_interest",
                "store",
                "establishment"
            ],
            "vicinity": "港区北青山３丁目５−９ 桂北青山ビル"
        },
        {
            "business_status": "OPERATIONAL",
            "geometry": {
                "location": {
                    "lat": 35.6675911,
                    "lng": 139.7151989
                },
                "viewport": {
                    "northeast": {
                        "lat": 35.6689400802915,
                        "lng": 139.7165478802915
                    },
                    "southwest": {
                        "lat": 35.66624211970851,
                        "lng": 139.7138499197085
                    }
                }
            },
            "icon": "https://maps.gstatic.com/mapfiles/place_api/icons/v1/png_71/generic_business-71.png",
            "icon_background_color": "#7B9EB0",
            "icon_mask_base_uri": "https://maps.gstatic.com/mapfiles/place_api/icons/v2/generic_pinlet",
            "name": "Mazaj Shisha Lounge",
            "opening_hours": {
                "open_now": true
            },
            "photos": [
                {
                    "height": 1672,
                    "html_attributions": [
                        "<a href=\"https://maps.google.com/maps/contrib/110886168065674796143\">Mazaj Shisha Lounge</a>"
                    ],
                    "photo_reference": "Aap_uEAsDM2lhmcOmh1vFaacm5vMBt8HBJeZGgjn-2h31M7UitKJZkPGaf__iEXdemjqWiZsOProbmnD-qZ5AILKUlXnJIhTMDm1yzC5XIXfaL7sN3JObOdGsTwQLEiDmanXkM79WW4rO3qdVkiOUKcaWt5_Ycqpb-NjVlXncmRasHruoaZs",
                    "width": 2508
                }
            ],
            "place_id": "ChIJ95vsizGNGGARgXZzMvLC380",
            "plus_code": {
                "compound_code": "MP98+23 日本、東京都港区",
                "global_code": "8Q7XMP98+23"
            },
            "rating": 4.9,
            "reference": "ChIJ95vsizGNGGARgXZzMvLC380",
            "scope": "GOOGLE",
            "types": [
                "cafe",
                "bar",
                "food",
                "point_of_interest",
                "store",
                "establishment"
            ],
            "user_ratings_total": 49,
            "vicinity": "港区南青山３丁目８−２ ＯＧビル 3F"
        },
        {
            "business_status": "OPERATIONAL",
            "geometry": {
                "location": {
                    "lat": 35.667142,
                    "lng": 139.7155393
                },
                "viewport": {
                    "northeast": {
                        "lat": 35.6685132302915,
                        "lng": 139.7168400302915
                    },
                    "southwest": {
                        "lat": 35.6658152697085,
                        "lng": 139.7141420697085
                    }
                }
            },
            "icon": "https://maps.gstatic.com/mapfiles/place_api/icons/v1/png_71/cafe-71.png",
            "icon_background_color": "#FF9E67",
            "icon_mask_base_uri": "https://maps.gstatic.com/mapfiles/place_api/icons/v2/cafe_pinlet",
            "name": "mo・bar cafe",
            "opening_hours": {
                "open_now": false
            },
            "place_id": "ChIJbRaXaZ6MGGAReM5ijNfSAoA",
            "plus_code": {
                "compound_code": "MP88+V6 日本、東京都港区",
                "global_code": "8Q7XMP88+V6"
            },
            "reference": "ChIJbRaXaZ6MGGAReM5ijNfSAoA",
            "scope": "GOOGLE",
            "types": [
                "cafe",
                "food",
                "point_of_interest",
                "establishment"
            ],
            "vicinity": "港区南青山３丁目８−５"
        }
    ],
    "status": "OK"
}