{
    "html_attributions": [],
    "results": [
        {
            "business_status": "OPERATIONAL",
            "geometry": {
                "location": {
                    "lat": 35.662714,
                    "lng": 139.712572
                },
                "viewport": {
                    "northeast": {
                        "lat": 35.66400848029149,
                        "lng": 139.7138572802915
                    },
                    "southwest": {
                        "lat": 35.6613105197085,
                        "lng": 139.7111593197085
                    }
                }
            },
            "icon": "https://maps.gstatic.com/mapfiles/place_api/icons/v1/png_71/generic_business-71.png",
            "icon_background_color": "#7B9EB0",
            "icon_mask_base_uri": "https://maps.gstatic.com/mapfiles/place_api/icons/v2/generic_pinlet",
            "name": "始弘画廊",
            "photos": [
                {
                    "height": 1536,
                    "html_attributions": [
                        "<a href=\"https://maps.google.com/maps/contrib/100862685099116787190\">Mina Honda</a>"
                    ],
                    "photo_reference": "Aap_uEANRwyz0GPBbuVjAbyejd5JGH-VkCId-ByrfQYYfi8Gl9jw9F_mXIjfRQ6hVM7vprpWi0biTAPDeH-DXVdS8rMydaW7dP4g1dnksnc5SrBDllI0tcqfAyY6LWEkceQtg8WVqoSzlLhnskoBiSAwkTjEMPX2uM50XXTmu3aC9CKTG2EG",
                    "width": 1536
                }
            ],
            "place_id": "ChIJqahlZmCLGGARyLgdn5Neoxo",
            "plus_code": {
                "compound_code": "MP77+32 日本、東京都港区",
                "global_code": "8Q7XMP77+32"
            },
            "rating": 4.3,
            "reference": "ChIJqahlZmCLGGARyLgdn5Neoxo",
            "scope": "GOOGLE",
            "types": [
                "art_gallery",
                "point_of_interest",
                "establishment"
            ],
            "user_ratings_total": 6,
            "vicinity": "港区南青山５丁目７−２３"
        },
        {
            "business_status": "OPERATIONAL",
            "geometry": {
                "location": {
                    "lat": 35.6629263,
                    "lng": 139.7123016
                },
                "viewport": {
                    "northeast": {
                        "lat": 35.6643007302915,
                        "lng": 139.7136102802915
                    },
                    "southwest": {
                        "lat": 35.6616027697085,
                        "lng": 139.7109123197085
                    }
                }
            },
            "icon": "https://maps.gstatic.com/mapfiles/place_api/icons/v1/png_71/generic_business-71.png",
            "icon_background_color": "#7B9EB0",
            "icon_mask_base_uri": "https://maps.gstatic.com/mapfiles/place_api/icons/v2/generic_pinlet",
            "name": "サロン・ド・フルール",
            "opening_hours": {
                "open_now": false
            },
            "photos": [
                {
                    "height": 2160,
                    "html_attributions": [
                        "<a href=\"https://maps.google.com/maps/contrib/116383939004914926005\">岸田博史</a>"
                    ],
                    "photo_reference": "Aap_uED9QurP9Yvk8EDyqywKZmMphsKo2Rvdprqp3E5ZGSuNnpXH0VJCpLG_PO4FEjO35Wy8FOR5kxFOA_oBedpQ4dlFbFHnaX-D2vJhCH4CYpCuJlpCLwdWqL8TBsGq8ZVk9-ZljalO8fwnD4Wu3svxU6eIl8lQ_89xtf-E0-6CxgpxHtTy",
                    "width": 3840
                }
            ],
            "place_id": "ChIJz3BDbmCLGGARz-cGrKSF6TM",
            "plus_code": {
                "compound_code": "MP76+5W 日本、東京都港区",
                "global_code": "8Q7XMP76+5W"
            },
            "rating": 4.5,
            "reference": "ChIJz3BDbmCLGGARz-cGrKSF6TM",
            "scope": "GOOGLE",
            "types": [
                "art_gallery",
                "point_of_interest",
                "establishment"
            ],
            "user_ratings_total": 12,
            "vicinity": "港区南青山５丁目７−２５"
        },
        {
            "business_status": "OPERATIONAL",
            "geometry": {
                "location": {
                    "lat": 35.66328849999999,
                    "lng": 139.7122137
                },
                "viewport": {
                    "northeast": {
                        "lat": 35.6645542802915,
                        "lng": 139.7136820302915
                    },
                    "southwest": {
                        "lat": 35.6618563197085,
                        "lng": 139.7109840697085
                    }
                }
            },
            "icon": "https://maps.gstatic.com/mapfiles/place_api/icons/v1/png_71/generic_business-71.png",
            "icon_background_color": "#7B9EB0",
            "icon_mask_base_uri": "https://maps.gstatic.com/mapfiles/place_api/icons/v2/generic_pinlet",
            "name": "Gallery5610",
            "opening_hours": {
                "open_now": false
            },
            "photos": [
                {
                    "height": 1280,
                    "html_attributions": [
                        "<a href=\"https://maps.google.com/maps/contrib/108625042389870055869\">さいとうまこと</a>"
                    ],
                    "photo_reference": "Aap_uEDwpjUZ5eGOuOjexCnyETGm6STKtAmuQiWvxhgIw0qI1RxvQjee8ydC4srtFm5oJ3bhZru5FTitwLyKls8Fhu_60QAscQo1VRt8YSJySd6GpKm7ITSwKQz412fXqqT2jPn0YdhJa_ZlY0O9yMlIIVEKdZY_CmRuw29Vas5HvgSWXWOC",
                    "width": 1920
                }
            ],
            "place_id": "ChIJsbyhEmCLGGARW-XmKj05pos",
            "plus_code": {
                "compound_code": "MP76+8V 日本、東京都港区",
                "global_code": "8Q7XMP76+8V"
            },
            "rating": 3.9,
            "reference": "ChIJsbyhEmCLGGARW-XmKj05pos",
            "scope": "GOOGLE",
            "types": [
                "art_gallery",
                "point_of_interest",
                "establishment"
            ],
            "user_ratings_total": 34,
            "vicinity": "港区南青山５丁目６−１０ 5610番館"
        },
        {
            "business_status": "OPERATIONAL",
            "geometry": {
                "location": {
                    "lat": 35.6632707,
                    "lng": 139.7128372
                },
                "viewport": {
                    "northeast": {
                        "lat": 35.6646072302915,
                        "lng": 139.7141735802915
                    },
                    "southwest": {
                        "lat": 35.6619092697085,
                        "lng": 139.7114756197085
                    }
                }
            },
            "icon": "https://maps.gstatic.com/mapfiles/place_api/icons/v1/png_71/generic_business-71.png",
            "icon_background_color": "#7B9EB0",
            "icon_mask_base_uri": "https://maps.gstatic.com/mapfiles/place_api/icons/v2/generic_pinlet",
            "name": "GALLERY nicolai bergmann",
            "opening_hours": {
                "open_now": false
            },
            "photos": [
                {
                    "height": 919,
                    "html_attributions": [
                        "<a href=\"https://maps.google.com/maps/contrib/100582030706520486017\">GALLERY nicolai bergmann</a>"
                    ],
                    "photo_reference": "Aap_uED1qNj-bBnD1XkoRw-mFHuS4WlxpwIaQxEcJceUKqvB0O1IZG5vxQzC_uXL1CidXzMmVcscxyxQwiMGUu1nutvPdUdLVv11pwEOYU3uASkAWU3gMfOniOZfV5GUNKeJrFWLXSFRMR2he1k0bMc8YDRTJaT2RxVUYmpoIRTCjnlb9dZG",
                    "width": 1378
                }
            ],
            "place_id": "ChIJSUAekhiLGGARQ7VgCrTDSlI",
            "plus_code": {
                "compound_code": "MP77+84 日本、東京都港区",
                "global_code": "8Q7XMP77+84"
            },
            "reference": "ChIJSUAekhiLGGARQ7VgCrTDSlI",
            "scope": "GOOGLE",
            "types": [
                "art_gallery",
                "point_of_interest",
                "establishment"
            ],
            "vicinity": "港区南青山５丁目５−２０"
        },
        {
            "business_status": "OPERATIONAL",
            "geometry": {
                "location": {
                    "lat": 35.6628813,
                    "lng": 139.7122995
                },
                "viewport": {
                    "northeast": {
                        "lat": 35.6642302802915,
                        "lng": 139.7136484802915
                    },
                    "southwest": {
                        "lat": 35.6615323197085,
                        "lng": 139.7109505197085
                    }
                }
            },
            "icon": "https://maps.gstatic.com/mapfiles/place_api/icons/v1/png_71/generic_business-71.png",
            "icon_background_color": "#7B9EB0",
            "icon_mask_base_uri": "https://maps.gstatic.com/mapfiles/place_api/icons/v2/generic_pinlet",
            "name": "アニエスベー ギャラリー ブティック",
            "opening_hours": {
                "open_now": false
            },
            "photos": [
                {
                    "height": 3024,
                    "html_attributions": [
                        "<a href=\"https://maps.google.com/maps/contrib/104363807345802511880\">Yoshie Matsuo</a>"
                    ],
                    "photo_reference": "Aap_uED-j5QpsyPYZvhY9sSgaXnFAvduNw4P7XHO1h32I9G75LPrJzMFdVHUHUVSp-HhIGgts0hSK3soUnyd2GtU5gpwiS4wHGAHkXCRAlBcDMaU3aS5CBFNEwnJbqCJzNWPF1u4Yxb_OL4XLeNpbLRdSWx7z8qEffk1LXp8ZytBAE483HUT",
                    "width": 3024
                }
            ],
            "place_id": "ChIJK9y-aASLGGARvw3sfObBWDo",
            "plus_code": {
                "compound_code": "MP76+5W 日本、東京都港区",
                "global_code": "8Q7XMP76+5W"
            },
            "rating": 4.6,
            "reference": "ChIJK9y-aASLGGARvw3sfObBWDo",
            "scope": "GOOGLE",
            "types": [
                "art_gallery",
                "point_of_interest",
                "establishment"
            ],
            "user_ratings_total": 7,
            "vicinity": "港区南青山５丁目７−２５ ラ・フルール南青山 2F"
        },
        {
            "business_status": "OPERATIONAL",
            "geometry": {
                "location": {
                    "lat": 35.6636309,
                    "lng": 139.7116159
                },
                "viewport": {
                    "northeast": {
                        "lat": 35.6651342802915,
                        "lng": 139.7129550802915
                    },
                    "southwest": {
                        "lat": 35.6624363197085,
                        "lng": 139.7102571197085
                    }
                }
            },
            "icon": "https://maps.gstatic.com/mapfiles/place_api/icons/v1/png_71/generic_business-71.png",
            "icon_background_color": "#7B9EB0",
            "icon_mask_base_uri": "https://maps.gstatic.com/mapfiles/place_api/icons/v2/generic_pinlet",
            "name": "スパイラルガーデン",
            "opening_hours": {
                "open_now": false
            },
            "photos": [
                {
                    "height": 3840,
                    "html_attributions": [
                        "<a href=\"https://maps.google.com/maps/contrib/106776948368929287332\">李エイキ</a>"
                    ],
                    "photo_reference": "Aap_uECFvMDEowPQAe4Pxu2-vmhX7CWkTFX-pLLYAUQH6USht4tj6Y1AswUtO8O4uEi_WxxkvmMN2NfOkNQ1UDZsEVYVEtb_I_7dmLdKQbbGLuM3OGdCU6SnPzxRx5wDBq7Zg2ltyiIjy1M404kdLw_dVZnaVZ-QIAk8OHJPVtGo87xVILbi",
                    "width": 2160
                }
            ],
            "place_id": "ChIJeVYON6HpGGARBgUg1omyIYk",
            "plus_code": {
                "compound_code": "MP76+FJ 日本、東京都港区",
                "global_code": "8Q7XMP76+FJ"
            },
            "rating": 4.2,
            "reference": "ChIJeVYON6HpGGARBgUg1omyIYk",
            "scope": "GOOGLE",
            "types": [
                "art_gallery",
                "point_of_interest",
                "establishment"
            ],
            "user_ratings_total": 88,
            "vicinity": "港区南青山５丁目６−２３"
        }
    ],
    "status": "OK"
}