{
    "html_attributions": [],
    "results": [
        {
            "business_status": "OPERATIONAL",
            "geometry": {
                "location": {
                    "lat": 35.66675350000001,
                    "lng": 139.7115646
                },
                "viewport": {
                    "northeast": {
                        "lat": 35.66818943029151,
                        "lng": 139.7128359802915
                    },
                    "southwest": {
                        "lat": 35.66549146970851,
                        "lng": 139.7101380197085
                    }
                }
            },
            "icon": "https://maps.gstatic.com/mapfiles/place_api/icons/v1/png_71/cafe-71.png",
            "icon_background_color": "#FF9E67",
            "icon_mask_base_uri": "https://maps.gstatic.com/mapfiles/place_api/icons/v2/cafe_pinlet",
            "name": "Cafeteria S Omotesando 《カフェテリア エス 表参道》",
            "opening_hours": {
                "open_now": true
            },
            "photos": [
                {
                    "height": 883,
                    "html_attributions": [
                        "<a href=\"https://maps.google.com/maps/contrib/108201447422731508855\">Cafeteria S Omotesando 《カフェテリア エス 表参道》</a>"
                    ],
                    "photo_reference": "Aap_uEAIdvZkRErfQJgB1Wjnyn-DVGqSRL29TfMn-WnqLrTfoH-NqDBiZzgws6D0JA9m-Mt42vqRtRVH8t2ldJs6s8BjoQf6F3YA6tPXwNWwdEKmixnlHf_iKyz8oJAVTkrJH7tIVcSFgZHj-j5bsWfpKNY_kVm8A6xwOQg5pqktBBYBElqi",
                    "width": 1568
                }
            ],
            "place_id": "ChIJ04dhQ7eNGGARHHl_xWbT0wU",
            "plus_code": {
                "compound_code": "MP86+PJ 日本、東京都港区",
                "global_code": "8Q7XMP86+PJ"
            },
            "rating": 4.5,
            "reference": "ChIJ04dhQ7eNGGARHHl_xWbT0wU",
            "scope": "GOOGLE",
            "types": [
                "cafe",
                "restaurant",
                "food",
                "point_of_interest",
                "store",
                "establishment"
            ],
            "user_ratings_total": 18,
            "vicinity": "港区北青山３丁目５−４０ PRYME CUBE表参道 101"
        },
        {
            "business_status": "OPERATIONAL",
            "geometry": {
                "location": {
                    "lat": 35.66764980000001,
                    "lng": 139.7119405
                },
                "viewport": {
                    "northeast": {
                        "lat": 35.6689710302915,
                        "lng": 139.7132664302915
                    },
                    "southwest": {
                        "lat": 35.6662730697085,
                        "lng": 139.7105684697085
                    }
                }
            },
            "icon": "https://maps.gstatic.com/mapfiles/place_api/icons/v1/png_71/shopping-71.png",
            "icon_background_color": "#4B96F3",
            "icon_mask_base_uri": "https://maps.gstatic.com/mapfiles/place_api/icons/v2/shopping_pinlet",
            "name": "アンジュールショコラ",
            "opening_hours": {
                "open_now": false
            },
            "photos": [
                {
                    "height": 3024,
                    "html_attributions": [
                        "<a href=\"https://maps.google.com/maps/contrib/116908790914169399478\">わだ・美術館巡り、おいしいごはん、手土産</a>"
                    ],
                    "photo_reference": "Aap_uEAiLjakm4_OmLfNqkwkut-4Yn4QxrL9l8Qq7G3zgpHvDH8hAf51wVoVROUTFnT_vDCEMQX3K4ZY-aWtIpUGhAHluwLhlimTnFFmuNKr3qpFnh3VFEE38ijSCMtQ1vkELZIlmx-Ta-FUQ1F47XJNpCr-08_viJa1ENH-rTNqFKWKqlS0",
                    "width": 4032
                }
            ],
            "place_id": "ChIJ0dvxYmGNGGARqwK8nBGLupE",
            "plus_code": {
                "compound_code": "MP96+3Q 日本、東京都渋谷区",
                "global_code": "8Q7XMP96+3Q"
            },
            "rating": 4.4,
            "reference": "ChIJ0dvxYmGNGGARqwK8nBGLupE",
            "scope": "GOOGLE",
            "types": [
                "cafe",
                "food",
                "point_of_interest",
                "store",
                "establishment"
            ],
            "user_ratings_total": 18,
            "vicinity": "渋谷区神宮前４丁目５−４ 原宿 エノモトビル １F"
        },
        {
            "business_status": "OPERATIONAL",
            "geometry": {
                "location": {
                    "lat": 35.6677387,
                    "lng": 139.7128173
                },
                "viewport": {
                    "northeast": {
                        "lat": 35.6690876802915,
                        "lng": 139.7141662802915
                    },
                    "southwest": {
                        "lat": 35.6663897197085,
                        "lng": 139.7114683197085
                    }
                }
            },
            "icon": "https://maps.gstatic.com/mapfiles/place_api/icons/v1/png_71/cafe-71.png",
            "icon_background_color": "#FF9E67",
            "icon_mask_base_uri": "https://maps.gstatic.com/mapfiles/place_api/icons/v2/cafe_pinlet",
            "name": "カフェトラック森のとうばん",
            "opening_hours": {
                "open_now": false
            },
            "photos": [
                {
                    "height": 4032,
                    "html_attributions": [
                        "<a href=\"https://maps.google.com/maps/contrib/107804730062611548783\">Taka Lee</a>"
                    ],
                    "photo_reference": "Aap_uEANTwAIIB_cbtUAoj5Hg7t9cdC4aQZEeFiZW8l6ZRWgX0hq7RLktcTK6UqqvU6KIOJDhxvMFNTE_29nRbMVVIyy5IuprLIF9jwxrCV1moygNjV2JL3QLhxlDYjibtSDUIX65dl5c_En2-xH7T-4i17E-f2yZgtBTaHkbB1vlWRSYkt3",
                    "width": 3024
                }
            ],
            "place_id": "ChIJg2GHSCONGGARctqQD2mgiws",
            "plus_code": {
                "compound_code": "MP97+34 日本、東京都港区",
                "global_code": "8Q7XMP97+34"
            },
            "rating": 4.3,
            "reference": "ChIJg2GHSCONGGARctqQD2mgiws",
            "scope": "GOOGLE",
            "types": [
                "cafe",
                "food",
                "point_of_interest",
                "establishment"
            ],
            "user_ratings_total": 3,
            "vicinity": "港区北青山３丁目４−８"
        },
        {
            "business_status": "OPERATIONAL",
            "geometry": {
                "location": {
                    "lat": 35.6669091,
                    "lng": 139.7112992
                },
                "viewport": {
                    "northeast": {
                        "lat": 35.66827638029149,
                        "lng": 139.7126334302915
                    },
                    "southwest": {
                        "lat": 35.6655784197085,
                        "lng": 139.7099354697085
                    }
                }
            },
            "icon": "https://maps.gstatic.com/mapfiles/place_api/icons/v1/png_71/cafe-71.png",
            "icon_background_color": "#FF9E67",
            "icon_mask_base_uri": "https://maps.gstatic.com/mapfiles/place_api/icons/v2/cafe_pinlet",
            "name": "カフェ（地下）",
            "place_id": "ChIJl9vvw3GNGGAROwHNC1SnHBs",
            "plus_code": {
                "compound_code": "MP86+QG 日本、東京都渋谷区",
                "global_code": "8Q7XMP86+QG"
            },
            "reference": "ChIJl9vvw3GNGGAROwHNC1SnHBs",
            "scope": "GOOGLE",
            "types": [
                "cafe",
                "food",
                "point_of_interest",
                "store",
                "establishment"
            ],
            "vicinity": "渋谷区神宮前４丁目２ Unnamed Road"
        },
        {
            "business_status": "OPERATIONAL",
            "geometry": {
                "location": {
                    "lat": 35.6665155,
                    "lng": 139.7131551
                },
                "viewport": {
                    "northeast": {
                        "lat": 35.66777958029149,
                        "lng": 139.7146715802915
                    },
                    "southwest": {
                        "lat": 35.66508161970849,
                        "lng": 139.7119736197085
                    }
                }
            },
            "icon": "https://maps.gstatic.com/mapfiles/place_api/icons/v1/png_71/cafe-71.png",
            "icon_background_color": "#FF9E67",
            "icon_mask_base_uri": "https://maps.gstatic.com/mapfiles/place_api/icons/v2/cafe_pinlet",
            "name": "Ueshimakohiten",
            "place_id": "ChIJd4Fd1QeNGGARidYL0S246uA",
            "plus_code": {
                "compound_code": "MP87+J7 日本、東京都港区",
                "global_code": "8Q7XMP87+J7"
            },
            "reference": "ChIJd4Fd1QeNGGARidYL0S246uA",
            "scope": "GOOGLE",
            "types": [
                "cafe",
                "food",
                "point_of_interest",
                "establishment"
            ],
            "vicinity": "港区北青山３丁目５−１４"
        },
        {
            "business_status": "OPERATIONAL",
            "geometry": {
                "location": {
                    "lat": 35.6667547,
                    "lng": 139.7112831
                },
                "viewport": {
                    "northeast": {
                        "lat": 35.6681359802915,
                        "lng": 139.7125679802915
                    },
                    "southwest": {
                        "lat": 35.6654380197085,
                        "lng": 139.7098700197085
                    }
                }
            },
            "icon": "https://maps.gstatic.com/mapfiles/place_api/icons/v1/png_71/cafe-71.png",
            "icon_background_color": "#FF9E67",
            "icon_mask_base_uri": "https://maps.gstatic.com/mapfiles/place_api/icons/v2/cafe_pinlet",
            "name": "ホルモン",
            "place_id": "ChIJoYkOYeKNGGAREN6iovpPfNE",
            "plus_code": {
                "compound_code": "MP86+PG 日本、東京都渋谷区",
                "global_code": "8Q7XMP86+PG"
            },
            "reference": "ChIJoYkOYeKNGGAREN6iovpPfNE",
            "scope": "GOOGLE",
            "types": [
                "cafe",
                "food",
                "point_of_interest",
                "establishment"
            ],
            "vicinity": "渋谷区神宮前４丁目２−１７"
        },
        {
            "business_status": "OPERATIONAL",
            "geometry": {
                "location": {
                    "lat": 35.66736629999999,
                    "lng": 139.7112903
                },
                "viewport": {
                    "northeast": {
                        "lat": 35.66874868029149,
                        "lng": 139.7125867302915
                    },
                    "southwest": {
                        "lat": 35.66605071970849,
                        "lng": 139.7098887697085
                    }
                }
            },
            "icon": "https://maps.gstatic.com/mapfiles/place_api/icons/v1/png_71/cafe-71.png",
            "icon_background_color": "#FF9E67",
            "icon_mask_base_uri": "https://maps.gstatic.com/mapfiles/place_api/icons/v2/cafe_pinlet",
            "name": "サロン・ド・テ・ラヴォンド",
            "opening_hours": {
                "open_now": false
            },
            "photos": [
                {
                    "height": 1439,
                    "html_attributions": [
                        "<a href=\"https://maps.google.com/maps/contrib/104560070407214551007\">kojikoji. enjoygourmet</a>"
                    ],
                    "photo_reference": "Aap_uECtrb2pafQYbzP7404306xM5H_botd51-i9zGNui7g4aFuvgtdyYBMUgNWZ4FqFH45pM84HQA4v_HJRS8SUCoi_ScsK3mNw4VFCYxpGrBWjPjSN_OtR9Way5DfN_UHoiEBJUNM4heN-nA-sxz1qWNSirWVezDYFCHRhWYNWA8j1_d_Y",
                    "width": 1440
                }
            ],
            "place_id": "ChIJ2_ubFyWNGGARA0vb9K5yDQo",
            "plus_code": {
                "compound_code": "MP86+WG 日本、東京都渋谷区",
                "global_code": "8Q7XMP86+WG"
            },
            "rating": 3.3,
            "reference": "ChIJ2_ubFyWNGGARA0vb9K5yDQo",
            "scope": "GOOGLE",
            "types": [
                "cafe",
                "food",
                "point_of_interest",
                "establishment"
            ],
            "user_ratings_total": 53,
            "vicinity": "渋谷区神宮前４丁目４"
        }
    ],
    "status": "OK"
}