{
    "html_attributions": [],
    "results": [
        {
            "business_status": "OPERATIONAL",
            "geometry": {
                "location": {
                    "lat": 35.6603193,
                    "lng": 139.7070337
                },
                "viewport": {
                    "northeast": {
                        "lat": 35.6617017302915,
                        "lng": 139.7083785802915
                    },
                    "southwest": {
                        "lat": 35.6590037697085,
                        "lng": 139.7056806197085
                    }
                }
            },
            "icon": "https://maps.gstatic.com/mapfiles/place_api/icons/v1/png_71/movies-71.png",
            "icon_background_color": "#13B5C7",
            "icon_mask_base_uri": "https://maps.gstatic.com/mapfiles/place_api/icons/v2/movie_pinlet",
            "name": "シアター・イメージフォーラム",
            "photos": [
                {
                    "height": 3456,
                    "html_attributions": [
                        "<a href=\"https://maps.google.com/maps/contrib/102638333147701425445\">Aloof Eagle_ワッシー</a>"
                    ],
                    "photo_reference": "Aap_uEB5GERiPYE-anEumohBs-rUnBQMabmRH6UHbhjcBLm5MJPcbUmCzpMa0XYH67RZSE1IGZ8UT3FMcY4neHldJ7qNAIkFlKeojbWY1s52Wu_daY5fMiD1nXsfpAESeC6QVDSkyDNIC07r-2Cj4K02ug6LjaSUnevP5ABWUtA6uR1FOfzg",
                    "width": 4608
                }
            ],
            "place_id": "ChIJhY1LL1-LGGARyrQGFc-0uFU",
            "plus_code": {
                "compound_code": "MP64+4R 日本、東京都渋谷区",
                "global_code": "8Q7XMP64+4R"
            },
            "rating": 4.1,
            "reference": "ChIJhY1LL1-LGGARyrQGFc-0uFU",
            "scope": "GOOGLE",
            "types": [
                "movie_theater",
                "point_of_interest",
                "establishment"
            ],
            "user_ratings_total": 488,
            "vicinity": "渋谷区渋谷２丁目１０−２"
        },
        {
            "business_status": "OPERATIONAL",
            "geometry": {
                "location": {
                    "lat": 35.6601646,
                    "lng": 139.7087487
                },
                "viewport": {
                    "northeast": {
                        "lat": 35.6614853302915,
                        "lng": 139.7101222302915
                    },
                    "southwest": {
                        "lat": 35.6587873697085,
                        "lng": 139.7074242697085
                    }
                }
            },
            "icon": "https://maps.gstatic.com/mapfiles/place_api/icons/v1/png_71/movies-71.png",
            "icon_background_color": "#13B5C7",
            "icon_mask_base_uri": "https://maps.gstatic.com/mapfiles/place_api/icons/v2/movie_pinlet",
            "name": "シアター",
            "photos": [
                {
                    "height": 2160,
                    "html_attributions": [
                        "<a href=\"https://maps.google.com/maps/contrib/105725074868949255297\">Fumihiro Sakahashi</a>"
                    ],
                    "photo_reference": "Aap_uEA71NS3qnN9WqLT89wMkuEskmH0F5F52xN9f2mVoUvXW_e0guz7kJdJTf9qfMAfA9g_OvK5laDX8N9fqY1JFsAldSfhuVbIe8HtO-TdwyUet41tF1bNqeXA-xzEFDmxgsM0cmVkyA-B-JOhIqD7oMyKqKzASyE-wpf_zNXGUz4EIwVc",
                    "width": 3840
                }
            ],
            "place_id": "ChIJ7V-M-V6LGGARVTrQbL7-gmA",
            "plus_code": {
                "compound_code": "MP65+3F 日本、東京都渋谷区",
                "global_code": "8Q7XMP65+3F"
            },
            "price_level": 2,
            "rating": 5,
            "reference": "ChIJ7V-M-V6LGGARVTrQbL7-gmA",
            "scope": "GOOGLE",
            "types": [
                "movie_theater",
                "point_of_interest",
                "establishment"
            ],
            "user_ratings_total": 1,
            "vicinity": "渋谷区渋谷２丁目６−１４"
        }
    ],
    "status": "OK"
}