{
    "html_attributions": [],
    "results": [
        {
            "business_status": "OPERATIONAL",
            "geometry": {
                "location": {
                    "lat": 35.6637534,
                    "lng": 139.7116572
                },
                "viewport": {
                    "northeast": {
                        "lat": 35.66519553029151,
                        "lng": 139.7129663302915
                    },
                    "southwest": {
                        "lat": 35.66249756970851,
                        "lng": 139.7102683697085
                    }
                }
            },
            "icon": "https://maps.gstatic.com/mapfiles/place_api/icons/v1/png_71/generic_business-71.png",
            "icon_background_color": "#13B5C7",
            "icon_mask_base_uri": "https://maps.gstatic.com/mapfiles/place_api/icons/v2/generic_pinlet",
            "name": "高野長英終焉の地",
            "opening_hours": {
                "open_now": true
            },
            "photos": [
                {
                    "height": 2248,
                    "html_attributions": [
                        "<a href=\"https://maps.google.com/maps/contrib/112148403215840384768\">masaaki futamo</a>"
                    ],
                    "photo_reference": "Aap_uEAw8drcoOR9JZUqqlKh41IZyIAxBz-la3p4arAj80fkmNXV0q_59sfWW5J2xUBEi4Zktuc--I1WZsYprJZZg-yGy-Mh0an7-jFA3vVRBvJFFVaPg4FWJ1dkJ5Lcs33tN-EfJLwvL-H-BusnzW_o46grYvy3YjiI4Oz57MGKyb7kOJVC",
                    "width": 4000
                }
            ],
            "place_id": "ChIJaZw-nZ-MGGARCCAte5oA1-I",
            "plus_code": {
                "compound_code": "MP76+GM 日本、東京都港区",
                "global_code": "8Q7XMP76+GM"
            },
            "rating": 3.7,
            "reference": "ChIJaZw-nZ-MGGARCCAte5oA1-I",
            "scope": "GOOGLE",
            "types": [
                "tourist_attraction",
                "point_of_interest",
                "establishment"
            ],
            "user_ratings_total": 3,
            "vicinity": "港区南青山５丁目６−２３"
        },
        {
            "business_status": "OPERATIONAL",
            "geometry": {
                "location": {
                    "lat": 35.66383619999999,
                    "lng": 139.7116307
                },
                "viewport": {
                    "northeast": {
                        "lat": 35.6652232302915,
                        "lng": 139.7129550802915
                    },
                    "southwest": {
                        "lat": 35.6625252697085,
                        "lng": 139.7102571197085
                    }
                }
            },
            "icon": "https://maps.gstatic.com/mapfiles/place_api/icons/v1/png_71/generic_business-71.png",
            "icon_background_color": "#13B5C7",
            "icon_mask_base_uri": "https://maps.gstatic.com/mapfiles/place_api/icons/v2/generic_pinlet",
            "name": "高野長英隠れ家跡",
            "opening_hours": {
                "open_now": true
            },
            "photos": [
                {
                    "height": 4032,
                    "html_attributions": [
                        "<a href=\"https://maps.google.com/maps/contrib/105930336776647336537\">masa</a>"
                    ],
                    "photo_reference": "Aap_uECB4iOCNzcdgxInp2NHdKW-UNeJBi3BZPUpd8UQzDNqS16STz_ilxMnoNIrFXcmAI4VjB54gcPuC1M24WMsKcksonIb1TUzLUajC-GDUtHo3uZ5NcLdQefp_MCbLG02Un0A5ZXFoTFxPs3Zyw28tDBa4KH4GiqVkxPp3juNr5agYPAF",
                    "width": 3024
                }
            ],
            "place_id": "ChIJ9cpLB2CLGGARnggRKy51050",
            "plus_code": {
                "compound_code": "MP76+GM 日本、東京都港区",
                "global_code": "8Q7XMP76+GM"
            },
            "rating": 3.9,
            "reference": "ChIJ9cpLB2CLGGARnggRKy51050",
            "scope": "GOOGLE",
            "types": [
                "tourist_attraction",
                "point_of_interest",
                "establishment"
            ],
            "user_ratings_total": 8,
            "vicinity": "港区南青山５丁目６−２３"
        }
    ],
    "status": "OK"
}