{
    "html_attributions": [],
    "results": [
        {
            "business_status": "OPERATIONAL",
            "geometry": {
                "location": {
                    "lat": 35.6665433,
                    "lng": 139.71237
                },
                "viewport": {
                    "northeast": {
                        "lat": 35.6673631802915,
                        "lng": 139.7138154302915
                    },
                    "southwest": {
                        "lat": 35.6646652197085,
                        "lng": 139.7111174697085
                    }
                }
            },
            "icon": "https://maps.gstatic.com/mapfiles/place_api/icons/v1/png_71/worship_dharma-71.png",
            "icon_background_color": "#7B9EB0",
            "icon_mask_base_uri": "https://maps.gstatic.com/mapfiles/place_api/icons/v2/generic_pinlet",
            "name": "善光寺",
            "photos": [
                {
                    "height": 2322,
                    "html_attributions": [
                        "<a href=\"https://maps.google.com/maps/contrib/100689039355298728862\">Ortelius Abraham</a>"
                    ],
                    "photo_reference": "Aap_uECdHODgvTbPW_UID1vjcqkAaqYjosy-y7N3nzvfprbV4J_X0NvwkxDEQ3zM1lLDwio2Y5JOk4SGoAvlfNePYmqocTyCYISS7tVCXbunKgATdIlP8wyDBKziXmyEWe9PdtkXUU_43ep2qWu7YSR-HjYb877M80w3ZULkKYmADebZdjKE",
                    "width": 4128
                }
            ],
            "place_id": "ChIJaZw-nZ-MGGAREJd8mku7FIc",
            "plus_code": {
                "compound_code": "MP86+JW 日本、東京都港区",
                "global_code": "8Q7XMP86+JW"
            },
            "rating": 4.1,
            "reference": "ChIJaZw-nZ-MGGAREJd8mku7FIc",
            "scope": "GOOGLE",
            "types": [
                "tourist_attraction",
                "place_of_worship",
                "point_of_interest",
                "establishment"
            ],
            "user_ratings_total": 205,
            "vicinity": "港区北青山３丁目５−１７"
        },
        {
            "business_status": "OPERATIONAL",
            "geometry": {
                "location": {
                    "lat": 35.6661929,
                    "lng": 139.7124961
                },
                "viewport": {
                    "northeast": {
                        "lat": 35.6675418802915,
                        "lng": 139.7138450802915
                    },
                    "southwest": {
                        "lat": 35.6648439197085,
                        "lng": 139.7111471197085
                    }
                }
            },
            "icon": "https://maps.gstatic.com/mapfiles/place_api/icons/v1/png_71/generic_business-71.png",
            "icon_background_color": "#13B5C7",
            "icon_mask_base_uri": "https://maps.gstatic.com/mapfiles/place_api/icons/v2/generic_pinlet",
            "name": "高野長英石碑",
            "opening_hours": {
                "open_now": true
            },
            "photos": [
                {
                    "height": 2048,
                    "html_attributions": [
                        "<a href=\"https://maps.google.com/maps/contrib/113628981662166119220\">高橋正和</a>"
                    ],
                    "photo_reference": "Aap_uECVFcFvrhqgRj0WBFj-NgmxI0LFipOUDQS7plT1u3a-IYb2O_MdrqH_uxCoWI7zQxR1XuVI_mA3R_otXDLlg2qiiQFW3A6LycenVDJrnB4fDvTnriAyLXoKtNgsmrjoBX5oDfWzRNYQ2-vEp36iBoNDNBIkgB46RBFaI-eiEH4_l7Cm",
                    "width": 1152
                }
            ],
            "place_id": "ChIJw2ipkJ-MGGAR_bKckGmweLM",
            "plus_code": {
                "compound_code": "MP86+FX 日本、東京都港区",
                "global_code": "8Q7XMP86+FX"
            },
            "rating": 3.7,
            "reference": "ChIJw2ipkJ-MGGAR_bKckGmweLM",
            "scope": "GOOGLE",
            "types": [
                "tourist_attraction",
                "point_of_interest",
                "establishment"
            ],
            "user_ratings_total": 6,
            "vicinity": "港区北青山３丁目５−１７"
        }
    ],
    "status": "OK"
}