{
    "html_attributions": [],
    "results": [
        {
            "business_status": "OPERATIONAL",
            "geometry": {
                "location": {
                    "lat": 35.6676824,
                    "lng": 139.7119247
                },
                "viewport": {
                    "northeast": {
                        "lat": 35.6689954302915,
                        "lng": 139.7132437802915
                    },
                    "southwest": {
                        "lat": 35.6662974697085,
                        "lng": 139.7105458197085
                    }
                }
            },
            "icon": "https://maps.gstatic.com/mapfiles/place_api/icons/v1/png_71/generic_business-71.png",
            "icon_background_color": "#7B9EB0",
            "icon_mask_base_uri": "https://maps.gstatic.com/mapfiles/place_api/icons/v2/generic_pinlet",
            "name": "HB Gallery",
            "opening_hours": {
                "open_now": false
            },
            "photos": [
                {
                    "height": 3096,
                    "html_attributions": [
                        "<a href=\"https://maps.google.com/maps/contrib/109981137622948620563\">原純一郎</a>"
                    ],
                    "photo_reference": "Aap_uEALHJNUg3UcX0Skd_Ns3PIbK33drfnFGCjD4E3dZvWmOs_U_z-_yfNPR6zdewljEKidCv3_PlCGBTsmeeWZuimfx77jtWfDmEvKhr6T_I6qXRDz-4mSq7IIVjBALPWLd2_5PknG_aZD5F6Y6LIKRTdGg3Pn-tXlz9qRPCew7ybZ0_7v",
                    "width": 4128
                }
            ],
            "place_id": "ChIJH8BaZ5-MGGARe729GNY_G5c",
            "plus_code": {
                "compound_code": "MP96+3Q 日本、東京都渋谷区",
                "global_code": "8Q7XMP96+3Q"
            },
            "rating": 3.9,
            "reference": "ChIJH8BaZ5-MGGARe729GNY_G5c",
            "scope": "GOOGLE",
            "types": [
                "art_gallery",
                "point_of_interest",
                "establishment"
            ],
            "user_ratings_total": 26,
            "vicinity": "渋谷区神宮前４丁目５−４ 原宿 エノモトビル"
        },
        {
            "business_status": "OPERATIONAL",
            "geometry": {
                "location": {
                    "lat": 35.6667791,
                    "lng": 139.7114969
                },
                "viewport": {
                    "northeast": {
                        "lat": 35.6682011302915,
                        "lng": 139.7127995802915
                    },
                    "southwest": {
                        "lat": 35.6655031697085,
                        "lng": 139.7101016197085
                    }
                }
            },
            "icon": "https://maps.gstatic.com/mapfiles/place_api/icons/v1/png_71/generic_business-71.png",
            "icon_background_color": "#7B9EB0",
            "icon_mask_base_uri": "https://maps.gstatic.com/mapfiles/place_api/icons/v2/generic_pinlet",
            "name": "ギャラリーニイク",
            "opening_hours": {
                "open_now": false
            },
            "photos": [
                {
                    "height": 2832,
                    "html_attributions": [
                        "<a href=\"https://maps.google.com/maps/contrib/102546224430588831750\">ギャラリーニイク</a>"
                    ],
                    "photo_reference": "Aap_uEBCGfIwWub_sjKj_hzz9cn41YqrinIMWn3a1UHwtbmSt1jj18x5z8AGoU_C5I2aSIrVrAnjFpjqg5yPN9ASMdmJ142iEuoCArGaHs-4nAXE74bPSMkbkj5tnY7_iCWCS9c6-i6O7HSCVtYX8w3-PH74e-9lIONPUEPXYYNaNzUFuKUh",
                    "width": 4256
                }
            ],
            "place_id": "ChIJlVvc16GMGGARDwOGH2vBUCc",
            "plus_code": {
                "compound_code": "MP86+PH 日本、東京都渋谷区",
                "global_code": "8Q7XMP86+PH"
            },
            "rating": 4.8,
            "reference": "ChIJlVvc16GMGGARDwOGH2vBUCc",
            "scope": "GOOGLE",
            "types": [
                "art_gallery",
                "museum",
                "point_of_interest",
                "establishment"
            ],
            "user_ratings_total": 4,
            "vicinity": "渋谷区神宮前４丁目２−１９"
        }
    ],
    "status": "OK"
}