{
    "html_attributions": [],
    "results": [
        {
            "business_status": "OPERATIONAL",
            "geometry": {
                "location": {
                    "lat": 35.6637092,
                    "lng": 139.7138169
                },
                "viewport": {
                    "northeast": {
                        "lat": 35.6650527302915,
                        "lng": 139.7151613302915
                    },
                    "southwest": {
                        "lat": 35.6623547697085,
                        "lng": 139.7124633697085
                    }
                }
            },
            "icon": "https://maps.gstatic.com/mapfiles/place_api/icons/v1/png_71/museum-71.png",
            "icon_background_color": "#13B5C7",
            "icon_mask_base_uri": "https://maps.gstatic.com/mapfiles/place_api/icons/v2/museum_pinlet",
            "name": "本の場所",
            "photos": [
                {
                    "height": 4640,
                    "html_attributions": [
                        "<a href=\"https://maps.google.com/maps/contrib/102504973555641027912\">o masako</a>"
                    ],
                    "photo_reference": "Aap_uECehnSLM6erzJgUMuVK8rgCpy6aQdtAwllPema2b3PYNq-ZIMdJvAK2CS7P4xOnOfY2FjKru9INQP6XWJYh75gjspIYDTlzgIg6OaQapG5siX7FgiqmrpxKpNxGXsR4YA41Tb6CW75FQqAHwedqqltER8GFFUBzElkMbWz5TclJWi_I",
                    "width": 3480
                }
            ],
            "place_id": "ChIJEQPUS2CLGGARWXhXFepvrTI",
            "plus_code": {
                "compound_code": "MP77+FG 日本、東京都港区",
                "global_code": "8Q7XMP77+FG"
            },
            "rating": 4.7,
            "reference": "ChIJEQPUS2CLGGARWXhXFepvrTI",
            "scope": "GOOGLE",
            "types": [
                "museum",
                "point_of_interest",
                "establishment"
            ],
            "user_ratings_total": 3,
            "vicinity": "港区南青山５丁目２−１５ ヴィオレ南青山１F メディアトール mediatoll"
        },
        {
            "business_status": "OPERATIONAL",
            "geometry": {
                "location": {
                    "lat": 35.6635529,
                    "lng": 139.7147716
                },
                "viewport": {
                    "northeast": {
                        "lat": 35.66496298029151,
                        "lng": 139.7161790802915
                    },
                    "southwest": {
                        "lat": 35.66226501970851,
                        "lng": 139.7134811197085
                    }
                }
            },
            "icon": "https://maps.gstatic.com/mapfiles/place_api/icons/v1/png_71/shopping-71.png",
            "icon_background_color": "#4B96F3",
            "icon_mask_base_uri": "https://maps.gstatic.com/mapfiles/place_api/icons/v2/shopping_pinlet",
            "name": "SKWAT/LEMAIRE",
            "opening_hours": {
                "open_now": false
            },
            "photos": [
                {
                    "height": 1800,
                    "html_attributions": [
                        "<a href=\"https://maps.google.com/maps/contrib/117027751832715861711\">SKWAT/LEMAIRE</a>"
                    ],
                    "photo_reference": "Aap_uECgnwBT8uK-9VXWOSQRMUL7fi-retfLr3NkWqz-9BUrmo3p8LLC_HsgTTeh2M5n-41UCe8YHXd-WMmagPzq4BNAERNqBuUYEhDg8pwrJ3GQqEusAPqWh71nNbY4oETLbnRCmX7FO9rkRHyenXy0EAy88F09DhI6BYg4xNTemAlWZk0o",
                    "width": 1200
                }
            ],
            "place_id": "ChIJrwOn3rGNGGARnBohPqEkboY",
            "plus_code": {
                "compound_code": "MP77+CW 日本、東京都港区",
                "global_code": "8Q7XMP77+CW"
            },
            "rating": 4.2,
            "reference": "ChIJrwOn3rGNGGARnBohPqEkboY",
            "scope": "GOOGLE",
            "types": [
                "clothing_store",
                "museum",
                "point_of_interest",
                "store",
                "establishment"
            ],
            "user_ratings_total": 5,
            "vicinity": "港区南青山５丁目３−２"
        }
    ],
    "status": "OK"
}