{
    "html_attributions": [],
    "results": [
        {
            "business_status": "OPERATIONAL",
            "geometry": {
                "location": {
                    "lat": 35.6653579,
                    "lng": 139.711209
                },
                "viewport": {
                    "northeast": {
                        "lat": 35.66657553029149,
                        "lng": 139.7127705802915
                    },
                    "southwest": {
                        "lat": 35.6638775697085,
                        "lng": 139.7100726197085
                    }
                }
            },
            "icon": "https://maps.gstatic.com/mapfiles/place_api/icons/v1/png_71/generic_business-71.png",
            "icon_background_color": "#7B9EB0",
            "icon_mask_base_uri": "https://maps.gstatic.com/mapfiles/place_api/icons/v2/generic_pinlet",
            "name": "Beowulf",
            "opening_hours": {
                "open_now": false
            },
            "photos": [
                {
                    "height": 1494,
                    "html_attributions": [
                        "<a href=\"https://maps.google.com/maps/contrib/110119415802293085305\">Beowulf</a>"
                    ],
                    "photo_reference": "Aap_uEChdxw_GjgX4rVkFXdY75UQXlX1Jt-3h3GmdvDo0K8AAYds6xoEWtssJ7v9LQU6erU_JDtCsusBXlzS54cgrqcKUulnhyeASKHaZaeQU8qD6Y4DxzKJI6RXcz3SVMVTE2LroVLIzPZ6xyawQRpnWhrcPJI7VgXbnWIZAiy29UF9RGQ8",
                    "width": 1080
                }
            ],
            "place_id": "ChIJLeGKDIGMGGARg3Kq0zYZ4EI",
            "plus_code": {
                "compound_code": "MP86+4F 日本、東京都港区",
                "global_code": "8Q7XMP86+4F"
            },
            "reference": "ChIJLeGKDIGMGGARg3Kq0zYZ4EI",
            "scope": "GOOGLE",
            "types": [
                "art_gallery",
                "point_of_interest",
                "establishment"
            ],
            "vicinity": "Level 11, Aoyama Palacio Tower 3-6-7, 北青山, 港区"
        },
        {
            "business_status": "OPERATIONAL",
            "geometry": {
                "location": {
                    "lat": 35.665633,
                    "lng": 139.712653
                },
                "viewport": {
                    "northeast": {
                        "lat": 35.6669882302915,
                        "lng": 139.7139912802915
                    },
                    "southwest": {
                        "lat": 35.6642902697085,
                        "lng": 139.7112933197085
                    }
                }
            },
            "icon": "https://maps.gstatic.com/mapfiles/place_api/icons/v1/png_71/generic_business-71.png",
            "icon_background_color": "#7B9EB0",
            "icon_mask_base_uri": "https://maps.gstatic.com/mapfiles/place_api/icons/v2/generic_pinlet",
            "name": "NOSE art garage",
            "opening_hours": {
                "open_now": false
            },
            "photos": [
                {
                    "height": 4032,
                    "html_attributions": [
                        "<a href=\"https://maps.google.com/maps/contrib/112993171059253160761\">P T</a>"
                    ],
                    "photo_reference": "Aap_uEAdQGPn127mWKTRRPEbkQDMt9YgjQ4OgVpHul9FSOMiTuR3-lAb43PHBW-VKqc-7NBlpuaKtnFm3cYIXKxqrwYTFwnWEvBgtqO8fntLdi1aMJKGNnDQs6XtDpZbupogj9JHjhtclbZy2NQ8bdFJ9S-NZAcf9y57EhP6NOccNsSD7yQo",
                    "width": 3024
                }
            ],
            "place_id": "ChIJDbQj65-MGGARfMIrYDiXpl4",
            "plus_code": {
                "compound_code": "MP87+73 日本、東京都港区",
                "global_code": "8Q7XMP87+73"
            },
            "rating": 4.3,
            "reference": "ChIJDbQj65-MGGARfMIrYDiXpl4",
            "scope": "GOOGLE",
            "types": [
                "art_gallery",
                "point_of_interest",
                "establishment"
            ],
            "user_ratings_total": 31,
            "vicinity": "港区北青山３丁目５−２１"
        },
        {
            "business_status": "OPERATIONAL",
            "geometry": {
                "location": {
                    "lat": 35.6646132,
                    "lng": 139.7124437
                },
                "viewport": {
                    "northeast": {
                        "lat": 35.6659621802915,
                        "lng": 139.7137926802915
                    },
                    "southwest": {
                        "lat": 35.6632642197085,
                        "lng": 139.7110947197085
                    }
                }
            },
            "icon": "https://maps.gstatic.com/mapfiles/place_api/icons/v1/png_71/generic_business-71.png",
            "icon_background_color": "#7B9EB0",
            "icon_mask_base_uri": "https://maps.gstatic.com/mapfiles/place_api/icons/v2/generic_pinlet",
            "name": "EDWARD BROWN",
            "opening_hours": {
                "open_now": false
            },
            "photos": [
                {
                    "height": 2290,
                    "html_attributions": [
                        "<a href=\"https://maps.google.com/maps/contrib/102920097660216058787\">EDWARD BROWN</a>"
                    ],
                    "photo_reference": "Aap_uEBuCPMNgDFRErNB863FoPAKpqrdQtfnW2p_fAQWl8QMqQueGyGqW2gQhIerljZom-nRnEeJDvduUMp7-LQGXer4TIiODTeJFbM63GsiJORvN5imctCFIpSrJ6meY_NUqZky0uxoD4lZCG5MrfDEgfgpkkinzU38HQbMBHPL8PBZLU8p",
                    "width": 1527
                }
            ],
            "place_id": "ChIJ0-GAKlmNGGARuP8Trt6aAYo",
            "plus_code": {
                "compound_code": "MP76+RX 日本、東京都港区",
                "global_code": "8Q7XMP76+RX"
            },
            "reference": "ChIJ0-GAKlmNGGARuP8Trt6aAYo",
            "scope": "GOOGLE",
            "types": [
                "art_gallery",
                "point_of_interest",
                "establishment"
            ],
            "vicinity": "港区南青山５丁目１−２５ メゾンドラミア 4F"
        },
        {
            "business_status": "OPERATIONAL",
            "geometry": {
                "location": {
                    "lat": 35.6653755,
                    "lng": 139.7113221
                },
                "viewport": {
                    "northeast": {
                        "lat": 35.66657553029149,
                        "lng": 139.7128271302915
                    },
                    "southwest": {
                        "lat": 35.6638775697085,
                        "lng": 139.7101291697085
                    }
                }
            },
            "icon": "https://maps.gstatic.com/mapfiles/place_api/icons/v1/png_71/generic_business-71.png",
            "icon_background_color": "#7B9EB0",
            "icon_mask_base_uri": "https://maps.gstatic.com/mapfiles/place_api/icons/v2/generic_pinlet",
            "name": "ミツコアンテイツクス㈱ リトル･ボルトン",
            "place_id": "ChIJFTsqMKCMGGARM0vB35ycbfc",
            "plus_code": {
                "compound_code": "MP86+5G 日本、東京都港区",
                "global_code": "8Q7XMP86+5G"
            },
            "reference": "ChIJFTsqMKCMGGARM0vB35ycbfc",
            "scope": "GOOGLE",
            "types": [
                "art_gallery",
                "point_of_interest",
                "establishment"
            ],
            "vicinity": "港区北青山３丁目６−１"
        }
    ],
    "status": "OK"
}