{
    "html_attributions": [],
    "results": [
        {
            "business_status": "OPERATIONAL",
            "geometry": {
                "location": {
                    "lat": 35.6647612,
                    "lng": 139.7153262
                },
                "viewport": {
                    "northeast": {
                        "lat": 35.6660797302915,
                        "lng": 139.7167209802915
                    },
                    "southwest": {
                        "lat": 35.6633817697085,
                        "lng": 139.7140230197085
                    }
                }
            },
            "icon": "https://maps.gstatic.com/mapfiles/place_api/icons/v1/png_71/cafe-71.png",
            "icon_background_color": "#FF9E67",
            "icon_mask_base_uri": "https://maps.gstatic.com/mapfiles/place_api/icons/v2/cafe_pinlet",
            "name": "Café Kitsuné Aoyama",
            "opening_hours": {
                "open_now": false
            },
            "photos": [
                {
                    "height": 4480,
                    "html_attributions": [
                        "<a href=\"https://maps.google.com/maps/contrib/113649774515550884287\">Café Kitsuné Aoyama</a>"
                    ],
                    "photo_reference": "Aap_uECpB3t2_2VQE7Q11-FyQyeGYmOuVM0wjkDEIA0i3X1xzNEwQX-c4fbjria9f2wSzawKZF-NBw8rHE98EdejFQIYMCbygm7UK_GPaiy5LSOeYlWpqXSIsPyYLZn4b_2albo85KXSYCJn04_7IHU7qY95BnTrFRclg-R9EnM99hErvRa9",
                    "width": 6720
                }
            ],
            "place_id": "ChIJJ3xR02GLGGARQuKJA_ZJp-0",
            "plus_code": {
                "compound_code": "MP78+W4 日本、東京都港区",
                "global_code": "8Q7XMP78+W4"
            },
            "price_level": 2,
            "rating": 4,
            "reference": "ChIJJ3xR02GLGGARQuKJA_ZJp-0",
            "scope": "GOOGLE",
            "types": [
                "bakery",
                "cafe",
                "bar",
                "restaurant",
                "food",
                "point_of_interest",
                "store",
                "establishment"
            ],
            "user_ratings_total": 969,
            "vicinity": "港区南青山３丁目１５−９"
        },
        {
            "business_status": "OPERATIONAL",
            "geometry": {
                "location": {
                    "lat": 35.665273,
                    "lng": 139.7138581
                },
                "viewport": {
                    "northeast": {
                        "lat": 35.6665744802915,
                        "lng": 139.7151349802915
                    },
                    "southwest": {
                        "lat": 35.6638765197085,
                        "lng": 139.7124370197085
                    }
                }
            },
            "icon": "https://maps.gstatic.com/mapfiles/place_api/icons/v1/png_71/cafe-71.png",
            "icon_background_color": "#FF9E67",
            "icon_mask_base_uri": "https://maps.gstatic.com/mapfiles/place_api/icons/v2/cafe_pinlet",
            "name": "ブルーボトルコーヒー 青山カフェ",
            "opening_hours": {
                "open_now": false
            },
            "photos": [
                {
                    "height": 800,
                    "html_attributions": [
                        "<a href=\"https://maps.google.com/maps/contrib/103724298882470726382\">ブルーボトルコーヒー 青山カフェ</a>"
                    ],
                    "photo_reference": "Aap_uECLFJAuwiItwPOSHsmf1n9zixhyEgttNyibktyKxAizKzTL9AxXkE2cD8QnvKnTIKLzg6xyUvZw1pjJ2co22SJ3LF18ZPvwLkcqEsz2WhFN7s_GtPVdy_fbV3fHJINEVue-HXA1-Tlwq7E-k7OMlfQjOPEfHtWuI4C4TV2_p_8GKTMZ",
                    "width": 1422
                }
            ],
            "place_id": "ChIJ6VIU1J-MGGARbBb5g_Wg8Ec",
            "plus_code": {
                "compound_code": "MP87+4G 日本、東京都港区",
                "global_code": "8Q7XMP87+4G"
            },
            "price_level": 2,
            "rating": 4.1,
            "reference": "ChIJ6VIU1J-MGGARbBb5g_Wg8Ec",
            "scope": "GOOGLE",
            "types": [
                "meal_takeaway",
                "cafe",
                "restaurant",
                "food",
                "point_of_interest",
                "store",
                "establishment"
            ],
            "user_ratings_total": 2359,
            "vicinity": "港区南青山３丁目１３−１４"
        },
        {
            "business_status": "OPERATIONAL",
            "geometry": {
                "location": {
                    "lat": 35.6647916,
                    "lng": 139.7136997
                },
                "viewport": {
                    "northeast": {
                        "lat": 35.6660938802915,
                        "lng": 139.7151254802915
                    },
                    "southwest": {
                        "lat": 35.6633959197085,
                        "lng": 139.7124275197085
                    }
                }
            },
            "icon": "https://maps.gstatic.com/mapfiles/place_api/icons/v1/png_71/cafe-71.png",
            "icon_background_color": "#FF9E67",
            "icon_mask_base_uri": "https://maps.gstatic.com/mapfiles/place_api/icons/v2/cafe_pinlet",
            "name": "BAR & GRILL",
            "opening_hours": {
                "open_now": false
            },
            "photos": [
                {
                    "height": 2795,
                    "html_attributions": [
                        "<a href=\"https://maps.google.com/maps/contrib/107831631011006646916\">BAR &amp; GRILL</a>"
                    ],
                    "photo_reference": "Aap_uEDAiel19h_H1oqTGgxozeKmyXBhAEH63bCNH7FXu_oe-haCoQtVrAGG-bEJ-4z1jL_YXX1psGCjz4z2jRmvanC7rADXCY8T7u846_rHwF1kgtFCqOu1sjfe8VZ1SPkzs_NZ35kYPODD0_QJUkMLHycRhsT2vDXeA19mYh5-982S7cw5",
                    "width": 4193
                }
            ],
            "place_id": "ChIJ9RtwKWCLGGARllF3F8TBv-8",
            "plus_code": {
                "compound_code": "MP77+WF 日本、東京都港区",
                "global_code": "8Q7XMP77+WF"
            },
            "rating": 3.7,
            "reference": "ChIJ9RtwKWCLGGARllF3F8TBv-8",
            "scope": "GOOGLE",
            "types": [
                "cafe",
                "bar",
                "food",
                "point_of_interest",
                "establishment"
            ],
            "user_ratings_total": 15,
            "vicinity": "港区南青山３丁目１８−９"
        },
        {
            "business_status": "OPERATIONAL",
            "geometry": {
                "location": {
                    "lat": 35.6648495,
                    "lng": 139.7146551
                },
                "viewport": {
                    "northeast": {
                        "lat": 35.6661445802915,
                        "lng": 139.7159648302915
                    },
                    "southwest": {
                        "lat": 35.66344661970851,
                        "lng": 139.7132668697085
                    }
                }
            },
            "icon": "https://maps.gstatic.com/mapfiles/place_api/icons/v1/png_71/cafe-71.png",
            "icon_background_color": "#FF9E67",
            "icon_mask_base_uri": "https://maps.gstatic.com/mapfiles/place_api/icons/v2/cafe_pinlet",
            "name": "UMAMI",
            "opening_hours": {
                "open_now": false
            },
            "place_id": "ChIJlalA0GGLGGARvhhqDl3gPlM",
            "plus_code": {
                "compound_code": "MP77+WV 日本、東京都港区",
                "global_code": "8Q7XMP77+WV"
            },
            "reference": "ChIJlalA0GGLGGARvhhqDl3gPlM",
            "scope": "GOOGLE",
            "types": [
                "cafe",
                "food",
                "point_of_interest",
                "establishment"
            ],
            "vicinity": "港区南青山３丁目１４−１７"
        },
        {
            "business_status": "OPERATIONAL",
            "geometry": {
                "location": {
                    "lat": 35.6656661,
                    "lng": 139.7148884
                },
                "viewport": {
                    "northeast": {
                        "lat": 35.6670607802915,
                        "lng": 139.7162868302915
                    },
                    "southwest": {
                        "lat": 35.6643628197085,
                        "lng": 139.7135888697085
                    }
                }
            },
            "icon": "https://maps.gstatic.com/mapfiles/place_api/icons/v1/png_71/cafe-71.png",
            "icon_background_color": "#FF9E67",
            "icon_mask_base_uri": "https://maps.gstatic.com/mapfiles/place_api/icons/v2/cafe_pinlet",
            "name": "伍 itsu",
            "opening_hours": {
                "open_now": false
            },
            "photos": [
                {
                    "height": 3024,
                    "html_attributions": [
                        "<a href=\"https://maps.google.com/maps/contrib/116364353993023132348\">sao</a>"
                    ],
                    "photo_reference": "Aap_uEAQS86_0IH9NtkfXz8hRThLlTR4FiBgRohRC97-gnlHrihBbD7YqIHFPtPdrzCikU3-u58QXLu6MrAjKAIRhyD7rDCC3Zsx2rq2AsWEEWwcxbmHnOatXLKx5Yc9E56_AyFsS_W7i6F-PbPxBunViC1ZIqhLM2X7OZZf5pzPPOg-aOCr",
                    "width": 4032
                }
            ],
            "place_id": "ChIJnauCk0uNGGAROIvn4cNEjVE",
            "plus_code": {
                "compound_code": "MP87+7X 日本、東京都港区",
                "global_code": "8Q7XMP87+7X"
            },
            "rating": 5,
            "reference": "ChIJnauCk0uNGGAROIvn4cNEjVE",
            "scope": "GOOGLE",
            "types": [
                "cafe",
                "food",
                "point_of_interest",
                "establishment"
            ],
            "user_ratings_total": 6,
            "vicinity": "港区南青山３丁目１４−４"
        },
        {
            "business_status": "OPERATIONAL",
            "geometry": {
                "location": {
                    "lat": 35.6647841,
                    "lng": 139.7151044
                },
                "viewport": {
                    "northeast": {
                        "lat": 35.66613308029149,
                        "lng": 139.7164533802915
                    },
                    "southwest": {
                        "lat": 35.6634351197085,
                        "lng": 139.7137554197085
                    }
                }
            },
            "icon": "https://maps.gstatic.com/mapfiles/place_api/icons/v1/png_71/cafe-71.png",
            "icon_background_color": "#FF9E67",
            "icon_mask_base_uri": "https://maps.gstatic.com/mapfiles/place_api/icons/v2/cafe_pinlet",
            "name": "Salon de Louis 2号店",
            "opening_hours": {
                "open_now": false
            },
            "photos": [
                {
                    "height": 3024,
                    "html_attributions": [
                        "<a href=\"https://maps.google.com/maps/contrib/115968912968420411260\">Salon de Louis 2号店</a>"
                    ],
                    "photo_reference": "Aap_uEC5lwjIu_P_dzje0Y2ojPJiR6Ofmc-4JL0YCVs0WDiKizOquZT_MyVhLXmgG3ZJQlvCc5lahM4GGo6r8ON97WVyyMV5aBSQdVriPWwheZODBJRmi3qyPIeXPCPkkFlWX-iZwZS8QzyhbOFKlwbU6V5dqVaxUllFeKp-0eHF61d9WYFp",
                    "width": 4032
                }
            ],
            "place_id": "ChIJ02MAv8qLGGAR_ky1g_xuL88",
            "plus_code": {
                "compound_code": "MP78+W2 日本、東京都港区",
                "global_code": "8Q7XMP78+W2"
            },
            "rating": 3.9,
            "reference": "ChIJ02MAv8qLGGAR_ky1g_xuL88",
            "scope": "GOOGLE",
            "types": [
                "cafe",
                "food",
                "point_of_interest",
                "establishment"
            ],
            "user_ratings_total": 15,
            "vicinity": "港区南青山３丁目１５−１５ フォルピア本社ビル Salon de louis スレットシスＩｎｎ"
        },
        {
            "business_status": "OPERATIONAL",
            "geometry": {
                "location": {
                    "lat": 35.66548609999999,
                    "lng": 139.713698
                },
                "viewport": {
                    "northeast": {
                        "lat": 35.6667305302915,
                        "lng": 139.7149625802915
                    },
                    "southwest": {
                        "lat": 35.6640325697085,
                        "lng": 139.7122646197085
                    }
                }
            },
            "icon": "https://maps.gstatic.com/mapfiles/place_api/icons/v1/png_71/cafe-71.png",
            "icon_background_color": "#FF9E67",
            "icon_mask_base_uri": "https://maps.gstatic.com/mapfiles/place_api/icons/v2/cafe_pinlet",
            "name": "水果塔青山店",
            "place_id": "ChIJ_cNreleNGGARyjooNj04J_A",
            "plus_code": {
                "compound_code": "MP87+5F 日本、東京都港区",
                "global_code": "8Q7XMP87+5F"
            },
            "reference": "ChIJ_cNreleNGGARyjooNj04J_A",
            "scope": "GOOGLE",
            "types": [
                "cafe",
                "food",
                "point_of_interest",
                "establishment"
            ],
            "vicinity": "港区南青山３丁目１３"
        },
        {
            "business_status": "OPERATIONAL",
            "geometry": {
                "location": {
                    "lat": 35.66467609999999,
                    "lng": 139.7150061
                },
                "viewport": {
                    "northeast": {
                        "lat": 35.66604503029149,
                        "lng": 139.7163175302915
                    },
                    "southwest": {
                        "lat": 35.66334706970849,
                        "lng": 139.7136195697085
                    }
                }
            },
            "icon": "https://maps.gstatic.com/mapfiles/place_api/icons/v1/png_71/cafe-71.png",
            "icon_background_color": "#FF9E67",
            "icon_mask_base_uri": "https://maps.gstatic.com/mapfiles/place_api/icons/v2/cafe_pinlet",
            "name": "Cafe Madeo｜表参道のおすすめカフェ・人気スイーツ・おしゃれワインバー・女子会・デート・ランチ",
            "opening_hours": {
                "open_now": false
            },
            "photos": [
                {
                    "height": 1086,
                    "html_attributions": [
                        "<a href=\"https://maps.google.com/maps/contrib/116262036372000010022\">Cafe Madeo｜表参道のおすすめカフェ・人気スイーツ・おしゃれワインバー・女子会・デート・ランチ</a>"
                    ],
                    "photo_reference": "Aap_uECf4zSPnSCHxR_aCUTENgUs7YGTbpd2azApmvp3DaWwdWqHTUFMz1qYoR9DcjlGjKbcFv14Rcplj5uW4lffS3i1H3xikh9RQaoWXeSstPq1hUxzPW94T0UHPsAACLF6ulVkuy2YIit8EDvSyWMukV9WI5yB3eeYm3iw_w_k-x_Z6MG8",
                    "width": 1456
                }
            ],
            "place_id": "ChIJx1LA40aLGGARsqnT1n1Zig8",
            "plus_code": {
                "compound_code": "MP78+V2 日本、東京都港区",
                "global_code": "8Q7XMP78+V2"
            },
            "rating": 5,
            "reference": "ChIJx1LA40aLGGARsqnT1n1Zig8",
            "scope": "GOOGLE",
            "types": [
                "cafe",
                "bar",
                "food",
                "point_of_interest",
                "establishment"
            ],
            "user_ratings_total": 1,
            "vicinity": "港区南青山３丁目１５−１３ 青山グリーンヒルズ B1F"
        },
        {
            "business_status": "OPERATIONAL",
            "geometry": {
                "location": {
                    "lat": 35.6645383,
                    "lng": 139.7147221
                },
                "viewport": {
                    "northeast": {
                        "lat": 35.6659141302915,
                        "lng": 139.7160186802915
                    },
                    "southwest": {
                        "lat": 35.6632161697085,
                        "lng": 139.7133207197085
                    }
                }
            },
            "icon": "https://maps.gstatic.com/mapfiles/place_api/icons/v1/png_71/generic_business-71.png",
            "icon_background_color": "#7B9EB0",
            "icon_mask_base_uri": "https://maps.gstatic.com/mapfiles/place_api/icons/v2/generic_pinlet",
            "name": "HADEN BOOKS：LOVELESS青山",
            "opening_hours": {
                "open_now": false
            },
            "photos": [
                {
                    "height": 3024,
                    "html_attributions": [
                        "<a href=\"https://maps.google.com/maps/contrib/106710466621677553914\">HADEN BOOKS：LOVELESS青山</a>"
                    ],
                    "photo_reference": "Aap_uEBU6wC-lHPJ2xJN1AqJPtgD3k-3IPVoF4GnZFLHPhuDmS_7PKBQYlpE3aCYKXn66i9pzGMXfTm6bZA_x08do4sRdh3zrCy91_oD3wKssfB8A5saLV6p26n7QK7gzKdiUq8TBC_K0iNl7IMLpgj-nJr9sHJBufb1hvK6OCmS_fAACYkh",
                    "width": 4032
                }
            ],
            "place_id": "ChIJg3oDwOaLGGARWjBBYplhkcQ",
            "plus_code": {
                "compound_code": "MP77+RV 日本、東京都港区",
                "global_code": "8Q7XMP77+RV"
            },
            "rating": 3.7,
            "reference": "ChIJg3oDwOaLGGARWjBBYplhkcQ",
            "scope": "GOOGLE",
            "types": [
                "book_store",
                "cafe",
                "food",
                "point_of_interest",
                "store",
                "establishment"
            ],
            "user_ratings_total": 3,
            "vicinity": "港区南青山３丁目１６−１ LOVELESS青山"
        },
        {
            "business_status": "OPERATIONAL",
            "geometry": {
                "location": {
                    "lat": 35.6650161,
                    "lng": 139.713633
                },
                "viewport": {
                    "northeast": {
                        "lat": 35.6663862302915,
                        "lng": 139.7149396802915
                    },
                    "southwest": {
                        "lat": 35.6636882697085,
                        "lng": 139.7122417197085
                    }
                }
            },
            "icon": "https://maps.gstatic.com/mapfiles/place_api/icons/v1/png_71/cafe-71.png",
            "icon_background_color": "#FF9E67",
            "icon_mask_base_uri": "https://maps.gstatic.com/mapfiles/place_api/icons/v2/cafe_pinlet",
            "name": "グランメゾン青山",
            "opening_hours": {
                "open_now": false
            },
            "place_id": "ChIJi0a115-MGGAR2EquONlMZ4Q",
            "plus_code": {
                "compound_code": "MP87+2F 日本、東京都港区",
                "global_code": "8Q7XMP87+2F"
            },
            "reference": "ChIJi0a115-MGGAR2EquONlMZ4Q",
            "scope": "GOOGLE",
            "types": [
                "cafe",
                "food",
                "point_of_interest",
                "establishment"
            ],
            "vicinity": "フロム５, 18-, ３丁目-１７-1 南青山, 港区"
        }
    ],
    "status": "OK"
}