{
    "html_attributions": [],
    "results": [
        {
            "business_status": "OPERATIONAL",
            "geometry": {
                "location": {
                    "lat": 35.6668447,
                    "lng": 139.7158726
                },
                "viewport": {
                    "northeast": {
                        "lat": 35.6682244302915,
                        "lng": 139.7172430302915
                    },
                    "southwest": {
                        "lat": 35.6655264697085,
                        "lng": 139.7145450697085
                    }
                }
            },
            "icon": "https://maps.gstatic.com/mapfiles/place_api/icons/v1/png_71/park-71.png",
            "icon_background_color": "#4DB546",
            "icon_mask_base_uri": "https://maps.gstatic.com/mapfiles/place_api/icons/v2/tree_pinlet",
            "name": "南青山三丁目児童遊園",
            "photos": [
                {
                    "height": 3000,
                    "html_attributions": [
                        "<a href=\"https://maps.google.com/maps/contrib/109573600418962204184\">Akihito Yoshida</a>"
                    ],
                    "photo_reference": "Aap_uECj10x1nJ41Rw6QcxBAoV_8RUwffa5uG3EhdlAY296kmwB6TH_lH1eAchmNR1b3KNn10SQA_r_PiXYbVYKl7m-nCdmE_A0vGewW7sDZtz_Q1F-KJj6D1JrTjbAL9Av37AVJL9wpdeDtepDLzXJQGHrgeYCIhcAmiLVzvFITp8aQ_6Hs",
                    "width": 4000
                }
            ],
            "place_id": "ChIJVTk7gkGNGGAR9YnIFbXx-Mo",
            "plus_code": {
                "compound_code": "MP88+P8 日本、東京都港区",
                "global_code": "8Q7XMP88+P8"
            },
            "reference": "ChIJVTk7gkGNGGAR9YnIFbXx-Mo",
            "scope": "GOOGLE",
            "types": [
                "park",
                "point_of_interest",
                "establishment"
            ],
            "vicinity": "港区南青山３丁目８−１３"
        }
    ],
    "status": "OK"
}