{
    "html_attributions": [],
    "results": [
        {
            "business_status": "OPERATIONAL",
            "geometry": {
                "location": {
                    "lat": 35.661546,
                    "lng": 139.7139753
                },
                "viewport": {
                    "northeast": {
                        "lat": 35.6628949802915,
                        "lng": 139.7153242802915
                    },
                    "southwest": {
                        "lat": 35.66019701970851,
                        "lng": 139.7126263197085
                    }
                }
            },
            "icon": "https://maps.gstatic.com/mapfiles/place_api/icons/v1/png_71/movies-71.png",
            "icon_background_color": "#13B5C7",
            "icon_mask_base_uri": "https://maps.gstatic.com/mapfiles/place_api/icons/v2/movie_pinlet",
            "name": "LIFE STORIES株式会社",
            "place_id": "ChIJS-RUecCLGGARfe9fYsuqbQw",
            "plus_code": {
                "compound_code": "MP67+JH 日本、東京都港区",
                "global_code": "8Q7XMP67+JH"
            },
            "reference": "ChIJS-RUecCLGGARfe9fYsuqbQw",
            "scope": "GOOGLE",
            "types": [
                "movie_theater",
                "point_of_interest",
                "establishment"
            ],
            "vicinity": "港区南青山５丁目４−３０ YSSビル 5F"
        }
    ],
    "status": "OK"
}