{
    "html_attributions": [],
    "results": [
        {
            "business_status": "OPERATIONAL",
            "geometry": {
                "location": {
                    "lat": 35.6658458,
                    "lng": 139.7128282
                },
                "viewport": {
                    "northeast": {
                        "lat": 35.6671947802915,
                        "lng": 139.7141771802915
                    },
                    "southwest": {
                        "lat": 35.6644968197085,
                        "lng": 139.7114792197085
                    }
                }
            },
            "icon": "https://maps.gstatic.com/mapfiles/place_api/icons/v1/png_71/restaurant-71.png",
            "icon_background_color": "#FF9E67",
            "icon_mask_base_uri": "https://maps.gstatic.com/mapfiles/place_api/icons/v2/restaurant_pinlet",
            "name": "Brasserie TOURS ブラッセリートゥール",
            "opening_hours": {
                "open_now": true
            },
            "photos": [
                {
                    "height": 3024,
                    "html_attributions": [
                        "<a href=\"https://maps.google.com/maps/contrib/114162340578488623515\">Brasserie TOURS ブラッセリートゥール</a>"
                    ],
                    "photo_reference": "Aap_uEBcZF_MQpMRrFKYmbRDK1uJDinagInjzdeoTN4pFtdYsHCwVaYge2vcAMexZAOKXE26VDDe_i0svIbxPN9V5i6HAxwNpELJhNGG2Gk2jYqMv3YyArFm8xICL-lxH8zh5pRfp2ecjJELQJJibIytwswtCKYvffWTdx-67spj5-ViEn17",
                    "width": 3611
                }
            ],
            "place_id": "ChIJvTLav5-MGGARFcOBmzihgY0",
            "plus_code": {
                "compound_code": "MP87+84 日本、東京都港区",
                "global_code": "8Q7XMP87+84"
            },
            "price_level": 2,
            "rating": 4.1,
            "reference": "ChIJvTLav5-MGGARFcOBmzihgY0",
            "scope": "GOOGLE",
            "types": [
                "cafe",
                "bar",
                "liquor_store",
                "restaurant",
                "food",
                "point_of_interest",
                "store",
                "establishment"
            ],
            "user_ratings_total": 86,
            "vicinity": "港区北青山３丁目５−１９"
        },
        {
            "business_status": "OPERATIONAL",
            "geometry": {
                "location": {
                    "lat": 35.6649569,
                    "lng": 139.7119357
                },
                "viewport": {
                    "northeast": {
                        "lat": 35.6662631302915,
                        "lng": 139.7133570802915
                    },
                    "southwest": {
                        "lat": 35.6635651697085,
                        "lng": 139.7106591197085
                    }
                }
            },
            "icon": "https://maps.gstatic.com/mapfiles/place_api/icons/v1/png_71/cafe-71.png",
            "icon_background_color": "#FF9E67",
            "icon_mask_base_uri": "https://maps.gstatic.com/mapfiles/place_api/icons/v2/cafe_pinlet",
            "name": "DEAN & DELUCA カフェ Echika表参道店",
            "opening_hours": {
                "open_now": false
            },
            "photos": [
                {
                    "height": 2252,
                    "html_attributions": [
                        "<a href=\"https://maps.google.com/maps/contrib/107837821333579312155\">えくれあれみいな</a>"
                    ],
                    "photo_reference": "Aap_uECin5zOQRbfHdgLZkU3izFy4Snn8CSYhadtPu7yPj4ZuRbSEayrGBp_Sq1g3TC59SGXNBKm0jGbibBE8exdoksiLBTINYRdchtHyYSvZDonZjuZ4TFJ0fpLfyH0-XieAAPFeR9HEQHF-81UmEA1-YrwxwZ0R5Pi6aguE0XxVhtlOqLy",
                    "width": 4000
                }
            ],
            "place_id": "ChIJP4NAMqCMGGARSqaIK8k_xm8",
            "plus_code": {
                "compound_code": "MP76+XQ 日本、東京都港区",
                "global_code": "8Q7XMP76+XQ"
            },
            "price_level": 2,
            "rating": 3.4,
            "reference": "ChIJP4NAMqCMGGARSqaIK8k_xm8",
            "scope": "GOOGLE",
            "types": [
                "cafe",
                "grocery_or_supermarket",
                "food",
                "point_of_interest",
                "store",
                "establishment"
            ],
            "user_ratings_total": 99,
            "vicinity": "港区北青山３丁目６−１２ 東京メトロ表参道駅 Echika表参道"
        },
        {
            "business_status": "OPERATIONAL",
            "geometry": {
                "location": {
                    "lat": 35.6647253,
                    "lng": 139.7117348
                },
                "viewport": {
                    "northeast": {
                        "lat": 35.6661072802915,
                        "lng": 139.7131891802915
                    },
                    "southwest": {
                        "lat": 35.6634093197085,
                        "lng": 139.7104912197085
                    }
                }
            },
            "icon": "https://maps.gstatic.com/mapfiles/place_api/icons/v1/png_71/cafe-71.png",
            "icon_background_color": "#FF9E67",
            "icon_mask_base_uri": "https://maps.gstatic.com/mapfiles/place_api/icons/v2/cafe_pinlet",
            "name": "スターバックス コーヒー アクセス表参道店",
            "opening_hours": {
                "open_now": true
            },
            "photos": [
                {
                    "height": 3024,
                    "html_attributions": [
                        "<a href=\"https://maps.google.com/maps/contrib/107705833309561868785\">スタバカ</a>"
                    ],
                    "photo_reference": "Aap_uEB9Uo1f90ID3QT2oEWxI2EEFd_kZWt8Ulhl7vyTyg4HbJBfM7fX1t6bIbF44odUivCG6P-A1KTPuais8Iz58zsu3U5iNKAybFIw7n0iMHJ4ZLnPts0F0qaT3m66v0Ov3I2sh13J-4kVeo1pyauhZqFkFG_RqtiCO3Memc-VxJaiK3qc",
                    "width": 4032
                }
            ],
            "place_id": "ChIJrygo-J-MGGARkoYur3tNIE0",
            "plus_code": {
                "compound_code": "MP76+VM 日本、東京都港区",
                "global_code": "8Q7XMP76+VM"
            },
            "price_level": 2,
            "rating": 3.7,
            "reference": "ChIJrygo-J-MGGARkoYur3tNIE0",
            "scope": "GOOGLE",
            "types": [
                "meal_takeaway",
                "cafe",
                "restaurant",
                "food",
                "point_of_interest",
                "store",
                "establishment"
            ],
            "user_ratings_total": 324,
            "vicinity": "港区北青山３丁目６−１７ アクセス表参道ビル"
        },
        {
            "business_status": "OPERATIONAL",
            "geometry": {
                "location": {
                    "lat": 35.6652156,
                    "lng": 139.713113
                },
                "viewport": {
                    "northeast": {
                        "lat": 35.6666189302915,
                        "lng": 139.7142892302915
                    },
                    "southwest": {
                        "lat": 35.6639209697085,
                        "lng": 139.7115912697085
                    }
                }
            },
            "icon": "https://maps.gstatic.com/mapfiles/place_api/icons/v1/png_71/cafe-71.png",
            "icon_background_color": "#FF9E67",
            "icon_mask_base_uri": "https://maps.gstatic.com/mapfiles/place_api/icons/v2/cafe_pinlet",
            "name": "ブラッスリーカフェル コンテ",
            "opening_hours": {
                "open_now": true
            },
            "photos": [
                {
                    "height": 640,
                    "html_attributions": [
                        "<a href=\"https://maps.google.com/maps/contrib/103503213434713763285\">ブラッスリーカフェル コンテ</a>"
                    ],
                    "photo_reference": "Aap_uEDfXq_xXd1hrIx8Y6z_D-iDh2PkG7L52jruVxvBheP1omwTcQ0NVYbUyYKSNsQy0dXUtNiJWfPBV4xCgYtu8QIIYir4LyjblgvHimqVyIS3XYMsGnq8r1FiMotH-hAbeJVfK80P_9UmxGWp-SWAjoF50_YWulWh-USyJiwOydKtYZE",
                    "width": 960
                }
            ],
            "place_id": "ChIJGaQw3Z-MGGARPAJcwTasGGs",
            "plus_code": {
                "compound_code": "MP87+36 日本、東京都港区",
                "global_code": "8Q7XMP87+36"
            },
            "price_level": 2,
            "rating": 3.7,
            "reference": "ChIJGaQw3Z-MGGARPAJcwTasGGs",
            "scope": "GOOGLE",
            "types": [
                "cafe",
                "meal_takeaway",
                "restaurant",
                "food",
                "point_of_interest",
                "establishment"
            ],
            "user_ratings_total": 180,
            "vicinity": "港区南青山３丁目１８−１９ フェスタ表参道ビル 新館 ３Ｆ"
        },
        {
            "business_status": "OPERATIONAL",
            "geometry": {
                "location": {
                    "lat": 35.665158,
                    "lng": 139.7130576
                },
                "viewport": {
                    "northeast": {
                        "lat": 35.66650698029149,
                        "lng": 139.7144065802915
                    },
                    "southwest": {
                        "lat": 35.66380901970849,
                        "lng": 139.7117086197085
                    }
                }
            },
            "icon": "https://maps.gstatic.com/mapfiles/place_api/icons/v1/png_71/restaurant-71.png",
            "icon_background_color": "#FF9E67",
            "icon_mask_base_uri": "https://maps.gstatic.com/mapfiles/place_api/icons/v2/restaurant_pinlet",
            "name": "カフェアトランティス",
            "opening_hours": {
                "open_now": false
            },
            "photos": [
                {
                    "height": 667,
                    "html_attributions": [
                        "<a href=\"https://maps.google.com/maps/contrib/106315260354526608101\">カフェアトランティス</a>"
                    ],
                    "photo_reference": "Aap_uECiZM_qo-liKe92WT1skFCTeu6sP6xvPhrx_BiB-obxR_0cpJ5I5Uh1ouLOeTt7iRE1HfAfaVNsEovYOcOIUmsQ6IpbFmpIlrjPImp4Ze-R41ZQ43dzjGp6aOaBCpxapGmbgfK8N0khJNSVribd4awL3_ZRbseOk7jPPwLRgJpm2qTt",
                    "width": 1000
                }
            ],
            "place_id": "ChIJGaQw3Z-MGGARt7lXqrLz8oo",
            "plus_code": {
                "compound_code": "MP87+36 日本、東京都港区",
                "global_code": "8Q7XMP87+36"
            },
            "price_level": 2,
            "rating": 3.6,
            "reference": "ChIJGaQw3Z-MGGARt7lXqrLz8oo",
            "scope": "GOOGLE",
            "types": [
                "restaurant",
                "cafe",
                "food",
                "point_of_interest",
                "establishment"
            ],
            "user_ratings_total": 81,
            "vicinity": "港区南青山３丁目１８−１９ FESTAE表参道ビル1F"
        },
        {
            "business_status": "OPERATIONAL",
            "geometry": {
                "location": {
                    "lat": 35.6651667,
                    "lng": 139.7129022
                },
                "viewport": {
                    "northeast": {
                        "lat": 35.66657413029149,
                        "lng": 139.7141661802915
                    },
                    "southwest": {
                        "lat": 35.6638761697085,
                        "lng": 139.7114682197085
                    }
                }
            },
            "icon": "https://maps.gstatic.com/mapfiles/place_api/icons/v1/png_71/restaurant-71.png",
            "icon_background_color": "#FF9E67",
            "icon_mask_base_uri": "https://maps.gstatic.com/mapfiles/place_api/icons/v2/restaurant_pinlet",
            "name": "La CHIARA ラ キアーラ",
            "opening_hours": {
                "open_now": false
            },
            "photos": [
                {
                    "height": 4032,
                    "html_attributions": [
                        "<a href=\"https://maps.google.com/maps/contrib/115612184253561456667\">Kay</a>"
                    ],
                    "photo_reference": "Aap_uEATpt5eKPxMX1hSc0Euc4E6iBnDWp5W63HqpAZP2qGVsU55puBXrx7Q_vs56HGudo5rbz-9FJA9SdIDmlYX8p1R7s6tMRVXSiFnBiZj_OU32AYjXcnzBht0mel5ZetfecrRNgokHFiqbR0IBX0Wb0JLaaJmc8JBO7BMNDqgeV8TDjem",
                    "width": 3024
                }
            ],
            "place_id": "ChIJGaQw3Z-MGGARSirasgXZyaE",
            "plus_code": {
                "compound_code": "MP87+35 日本、東京都港区",
                "global_code": "8Q7XMP87+35"
            },
            "price_level": 2,
            "rating": 4,
            "reference": "ChIJGaQw3Z-MGGARSirasgXZyaE",
            "scope": "GOOGLE",
            "types": [
                "cafe",
                "bar",
                "restaurant",
                "food",
                "point_of_interest",
                "establishment"
            ],
            "user_ratings_total": 79,
            "vicinity": "港区南青山３丁目１８−１９ FESTAE表参道ビル 7F"
        },
        {
            "business_status": "OPERATIONAL",
            "geometry": {
                "location": {
                    "lat": 35.6657643,
                    "lng": 139.7126673
                },
                "viewport": {
                    "northeast": {
                        "lat": 35.6671171302915,
                        "lng": 139.7140095802915
                    },
                    "southwest": {
                        "lat": 35.6644191697085,
                        "lng": 139.7113116197085
                    }
                }
            },
            "icon": "https://maps.gstatic.com/mapfiles/place_api/icons/v1/png_71/cafe-71.png",
            "icon_background_color": "#FF9E67",
            "icon_mask_base_uri": "https://maps.gstatic.com/mapfiles/place_api/icons/v2/cafe_pinlet",
            "name": "KASSETTE カセット表参道",
            "opening_hours": {
                "open_now": false
            },
            "photos": [
                {
                    "height": 2255,
                    "html_attributions": [
                        "<a href=\"https://maps.google.com/maps/contrib/105189695081160184936\">KASSETTE カセット表参道</a>"
                    ],
                    "photo_reference": "Aap_uED7T8kVEJjyBQxX0ILrOYeyKks6_355oAshy6Vv6qhpqa_ZFKKf4VRWY3zTZelgJs7WsObZxnFyYwFBk8Je1w6Ri2HcHTXha6zPFCPCt-XeLpIWg6AMSgm0Etp3HYraK3hxGuARRxvePHzasZy45hvnoJ6N0BZqgLshyCOUbIa5euXk",
                    "width": 2255
                }
            ],
            "place_id": "ChIJI5WllJ-MGGAR2hR2723HpNQ",
            "plus_code": {
                "compound_code": "MP87+83 日本、東京都港区",
                "global_code": "8Q7XMP87+83"
            },
            "rating": 3.7,
            "reference": "ChIJI5WllJ-MGGAR2hR2723HpNQ",
            "scope": "GOOGLE",
            "types": [
                "cafe",
                "food",
                "point_of_interest",
                "store",
                "establishment"
            ],
            "user_ratings_total": 3,
            "vicinity": "港区北青山３丁目５−２３ ２ 階 NOI 表参道"
        },
        {
            "business_status": "OPERATIONAL",
            "geometry": {
                "location": {
                    "lat": 35.6653025,
                    "lng": 139.7121531
                },
                "viewport": {
                    "northeast": {
                        "lat": 35.66662593029149,
                        "lng": 139.7134909302915
                    },
                    "southwest": {
                        "lat": 35.66392796970849,
                        "lng": 139.7107929697085
                    }
                }
            },
            "icon": "https://maps.gstatic.com/mapfiles/place_api/icons/v1/png_71/restaurant-71.png",
            "icon_background_color": "#FF9E67",
            "icon_mask_base_uri": "https://maps.gstatic.com/mapfiles/place_api/icons/v2/restaurant_pinlet",
            "name": "JEAN FRANCOIS（ジャン・フランソワ） エチカ表参道店",
            "opening_hours": {
                "open_now": false
            },
            "photos": [
                {
                    "height": 405,
                    "html_attributions": [
                        "<a href=\"https://maps.google.com/maps/contrib/112717080827756861664\">JEAN FRANCOIS（ジャン・フランソワ） エチカ表参道店</a>"
                    ],
                    "photo_reference": "Aap_uEDd4-hSPCNe9PNjcUheoQwTca0r_bbdnbmXedNU5Ezadp1JUx7q4AL-vkgKeZYzFXbWhU8F7rbucjVrS3WYzPkrn2PJ-JWPQfL6QyluD5jhS1FHilHdqpkcue8z4uuHtPz15ovJaWvZGSDxbThu-LFpWfnLE958yxVLKseKYAiVxtXI",
                    "width": 720
                }
            ],
            "place_id": "ChIJ4T-x9p-MGGARZJ_Q_vfaqjc",
            "plus_code": {
                "compound_code": "MP86+4V 日本、東京都港区",
                "global_code": "8Q7XMP86+4V"
            },
            "rating": 4,
            "reference": "ChIJ4T-x9p-MGGARZJ_Q_vfaqjc",
            "scope": "GOOGLE",
            "types": [
                "bakery",
                "cafe",
                "food",
                "point_of_interest",
                "store",
                "establishment"
            ],
            "user_ratings_total": 113,
            "vicinity": "港区北青山３丁目６−１２ Echika表参道"
        },
        {
            "business_status": "OPERATIONAL",
            "geometry": {
                "location": {
                    "lat": 35.6654407,
                    "lng": 139.7120502
                },
                "viewport": {
                    "northeast": {
                        "lat": 35.66669788029149,
                        "lng": 139.7134480302915
                    },
                    "southwest": {
                        "lat": 35.66399991970849,
                        "lng": 139.7107500697085
                    }
                }
            },
            "icon": "https://maps.gstatic.com/mapfiles/place_api/icons/v1/png_71/cafe-71.png",
            "icon_background_color": "#FF9E67",
            "icon_mask_base_uri": "https://maps.gstatic.com/mapfiles/place_api/icons/v2/cafe_pinlet",
            "name": "CAFÉ de METRO Echika表参道",
            "opening_hours": {
                "open_now": false
            },
            "photos": [
                {
                    "height": 3024,
                    "html_attributions": [
                        "<a href=\"https://maps.google.com/maps/contrib/106815129358945392986\">tsuyoshi kawazoe</a>"
                    ],
                    "photo_reference": "Aap_uEAdSC-ymE5Wa7ANDpSKtv2UuTN0fNTSoPlayG5RGS_zhA0gD9hvI7gE1-dZiUgwbdoyledFGN3VxGg3dT2sprtHpI1x08GLZL4b2dqi7TqYrhubmaDuAhHz3nOZmbT4mr9vIADsZGqWUA9W62gOwEM9dZDesrKl3qd_r3OMCDxIAnE8",
                    "width": 4032
                }
            ],
            "place_id": "ChIJYa2gPaCMGGARJoKTpWk4PiU",
            "plus_code": {
                "compound_code": "MP86+5R 日本、東京都港区",
                "global_code": "8Q7XMP86+5R"
            },
            "price_level": 2,
            "rating": 3.8,
            "reference": "ChIJYa2gPaCMGGARJoKTpWk4PiU",
            "scope": "GOOGLE",
            "types": [
                "cafe",
                "food",
                "point_of_interest",
                "establishment"
            ],
            "user_ratings_total": 215,
            "vicinity": "港区北青山３丁目６−１２ Echika表参道 マルシェ・ドゥ・メトロ"
        },
        {
            "business_status": "OPERATIONAL",
            "geometry": {
                "location": {
                    "lat": 35.66556269999999,
                    "lng": 139.7124647
                },
                "viewport": {
                    "northeast": {
                        "lat": 35.6669060302915,
                        "lng": 139.7138233802915
                    },
                    "southwest": {
                        "lat": 35.6642080697085,
                        "lng": 139.7111254197085
                    }
                }
            },
            "icon": "https://maps.gstatic.com/mapfiles/place_api/icons/v1/png_71/cafe-71.png",
            "icon_background_color": "#FF9E67",
            "icon_mask_base_uri": "https://maps.gstatic.com/mapfiles/place_api/icons/v2/cafe_pinlet",
            "name": "マジコバナナジューススタンド",
            "place_id": "ChIJoaN8yz6NGGARIW32EcIn_74",
            "plus_code": {
                "compound_code": "MP86+6X 日本、東京都港区",
                "global_code": "8Q7XMP86+6X"
            },
            "reference": "ChIJoaN8yz6NGGARIW32EcIn_74",
            "scope": "GOOGLE",
            "types": [
                "cafe",
                "food",
                "point_of_interest",
                "establishment"
            ],
            "vicinity": "港区北青山３丁目５ 清水ビル"
        },
        {
            "business_status": "OPERATIONAL",
            "geometry": {
                "location": {
                    "lat": 35.6655714,
                    "lng": 139.7125952
                },
                "viewport": {
                    "northeast": {
                        "lat": 35.6669253302915,
                        "lng": 139.7139357802915
                    },
                    "southwest": {
                        "lat": 35.6642273697085,
                        "lng": 139.7112378197085
                    }
                }
            },
            "icon": "https://maps.gstatic.com/mapfiles/place_api/icons/v1/png_71/cafe-71.png",
            "icon_background_color": "#FF9E67",
            "icon_mask_base_uri": "https://maps.gstatic.com/mapfiles/place_api/icons/v2/cafe_pinlet",
            "name": "山陽堂珈琲",
            "opening_hours": {
                "open_now": false
            },
            "photos": [
                {
                    "height": 3888,
                    "html_attributions": [
                        "<a href=\"https://maps.google.com/maps/contrib/115579234052209225656\">山陽堂珈琲</a>"
                    ],
                    "photo_reference": "Aap_uEChMjZio5OAZFnBw_cYb_zHNjuofAWi9xfpx4hMDtE_JDbOj1ykERBSSbu5UUDSc03BLXdRMc7Inj-GobAiCbd3a3Zf1d48dlH3zDDUXHzc0SKR-nF3m2BeWXTu4AfhgGrwDzfU_4OUy3OxfsZXl7EHDfGvqv8S2TFLENY89cHF_F5H",
                    "width": 5184
                }
            ],
            "place_id": "ChIJ4bjjXKyNGGARdX0JLv_pPNc",
            "plus_code": {
                "compound_code": "MP87+62 日本、東京都港区",
                "global_code": "8Q7XMP87+62"
            },
            "reference": "ChIJ4bjjXKyNGGARdX0JLv_pPNc",
            "scope": "GOOGLE",
            "types": [
                "cafe",
                "food",
                "point_of_interest",
                "establishment"
            ],
            "vicinity": "港区北青山３丁目５−２２"
        },
        {
            "business_status": "OPERATIONAL",
            "geometry": {
                "location": {
                    "lat": 35.6652452,
                    "lng": 139.7129896
                },
                "viewport": {
                    "northeast": {
                        "lat": 35.6665941802915,
                        "lng": 139.7143385802915
                    },
                    "southwest": {
                        "lat": 35.6638962197085,
                        "lng": 139.7116406197085
                    }
                }
            },
            "icon": "https://maps.gstatic.com/mapfiles/place_api/icons/v1/png_71/cafe-71.png",
            "icon_background_color": "#FF9E67",
            "icon_mask_base_uri": "https://maps.gstatic.com/mapfiles/place_api/icons/v2/cafe_pinlet",
            "name": "G-Lounge.cafe（ジーラウンジカフェ）",
            "opening_hours": {
                "open_now": false
            },
            "place_id": "ChIJOw0dei6NGGARvC2xjlhqkPQ",
            "plus_code": {
                "compound_code": "MP87+35 日本、東京都港区",
                "global_code": "8Q7XMP87+35"
            },
            "rating": 4.5,
            "reference": "ChIJOw0dei6NGGARvC2xjlhqkPQ",
            "scope": "GOOGLE",
            "types": [
                "cafe",
                "bar",
                "food",
                "point_of_interest",
                "establishment"
            ],
            "user_ratings_total": 2,
            "vicinity": "港区１８ 都 東京都港区青山3−18−19FESTAE表参道ビル２階"
        },
        {
            "business_status": "OPERATIONAL",
            "geometry": {
                "location": {
                    "lat": 35.6650128,
                    "lng": 139.712949
                },
                "viewport": {
                    "northeast": {
                        "lat": 35.66632928029151,
                        "lng": 139.7142731802915
                    },
                    "southwest": {
                        "lat": 35.66363131970851,
                        "lng": 139.7115752197085
                    }
                }
            },
            "icon": "https://maps.gstatic.com/mapfiles/place_api/icons/v1/png_71/cafe-71.png",
            "icon_background_color": "#FF9E67",
            "icon_mask_base_uri": "https://maps.gstatic.com/mapfiles/place_api/icons/v2/cafe_pinlet",
            "name": "VIVEL PATISSERIE TOKYO",
            "opening_hours": {
                "open_now": false
            },
            "photos": [
                {
                    "height": 2394,
                    "html_attributions": [
                        "<a href=\"https://maps.google.com/maps/contrib/114189102037372075056\">みほと乾杯</a>"
                    ],
                    "photo_reference": "Aap_uEB4huUi_ID9kSj3w7utIP4b4m-6-9wO-KMo6WdMb9R3HjXdDIavIonXsJ7F86LUKmbVVrqApBCwdEkqgBFK4Bw_T2A4qvYJD7X5PfjAfQKJSwb199GluSyxiHk5KmdJJSR3HBci7lt1Ob7HGFdt3Gl5yPSfc8TR9R1x2BepL7Qyxr90",
                    "width": 3386
                }
            ],
            "place_id": "ChIJ3eXvH-iNGGARkH1IsuyguP8",
            "plus_code": {
                "compound_code": "MP87+25 日本、東京都港区",
                "global_code": "8Q7XMP87+25"
            },
            "rating": 4.1,
            "reference": "ChIJ3eXvH-iNGGARkH1IsuyguP8",
            "scope": "GOOGLE",
            "types": [
                "cafe",
                "food",
                "point_of_interest",
                "establishment"
            ],
            "user_ratings_total": 11,
            "vicinity": "港区南青山３丁目１８−１７ 青山十八番館 ２Ｆ ビル"
        },
        {
            "business_status": "CLOSED_TEMPORARILY",
            "geometry": {
                "location": {
                    "lat": 35.6647346,
                    "lng": 139.7127881
                },
                "viewport": {
                    "northeast": {
                        "lat": 35.66608358029151,
                        "lng": 139.7141370802915
                    },
                    "southwest": {
                        "lat": 35.66338561970851,
                        "lng": 139.7114391197085
                    }
                }
            },
            "icon": "https://maps.gstatic.com/mapfiles/place_api/icons/v1/png_71/cafe-71.png",
            "icon_background_color": "#FF9E67",
            "icon_mask_base_uri": "https://maps.gstatic.com/mapfiles/place_api/icons/v2/cafe_pinlet",
            "name": "青山フラワーマーケット TEAHOUSE 南青山本店",
            "permanently_closed": true,
            "photos": [
                {
                    "height": 2250,
                    "html_attributions": [
                        "<a href=\"https://maps.google.com/maps/contrib/107483192317970057587\">mai ito</a>"
                    ],
                    "photo_reference": "Aap_uECAgEvizPfGBoP_8uz5gGnZNREw0B6JvceFKwWQ2DcWZUCu3qsuByFcIhDoscvNVAxS_iIRbSMVKi1CaGrstFh9GJNlv3EDpBTKUJeQxmCAWjWn2H_jH6CJtFXS_8rlu8PhZ9vRrQCYc1ICAyn1hAvHKYJX-3kn1ObW4jNpJVPaFcp4",
                    "width": 4000
                }
            ],
            "place_id": "ChIJw6lj4J-MGGARm2ympPdsDME",
            "plus_code": {
                "compound_code": "MP77+V4 日本、東京都港区",
                "global_code": "8Q7XMP77+V4"
            },
            "rating": 4.5,
            "reference": "ChIJw6lj4J-MGGARm2ympPdsDME",
            "scope": "GOOGLE",
            "types": [
                "cafe",
                "food",
                "point_of_interest",
                "establishment"
            ],
            "user_ratings_total": 222,
            "vicinity": "港区南青山５丁目１−２"
        },
        {
            "business_status": "OPERATIONAL",
            "geometry": {
                "location": {
                    "lat": 35.66558019999999,
                    "lng": 139.7131961
                },
                "viewport": {
                    "northeast": {
                        "lat": 35.6668924302915,
                        "lng": 139.7145111302915
                    },
                    "southwest": {
                        "lat": 35.66419446970851,
                        "lng": 139.7118131697085
                    }
                }
            },
            "icon": "https://maps.gstatic.com/mapfiles/place_api/icons/v1/png_71/cafe-71.png",
            "icon_background_color": "#FF9E67",
            "icon_mask_base_uri": "https://maps.gstatic.com/mapfiles/place_api/icons/v2/cafe_pinlet",
            "name": "あおいところ",
            "opening_hours": {
                "open_now": false
            },
            "place_id": "ChIJj0OU_bqNGGARrShmJQqGqtk",
            "plus_code": {
                "compound_code": "MP87+67 日本、東京都港区",
                "global_code": "8Q7XMP87+67"
            },
            "reference": "ChIJj0OU_bqNGGARrShmJQqGqtk",
            "scope": "GOOGLE",
            "types": [
                "cafe",
                "food",
                "point_of_interest",
                "establishment"
            ],
            "vicinity": "港区南青山３丁目１３−２０"
        },
        {
            "business_status": "OPERATIONAL",
            "geometry": {
                "location": {
                    "lat": 35.6647356,
                    "lng": 139.7114171
                },
                "viewport": {
                    "northeast": {
                        "lat": 35.6660158302915,
                        "lng": 139.7127811802915
                    },
                    "southwest": {
                        "lat": 35.6633178697085,
                        "lng": 139.7100832197085
                    }
                }
            },
            "icon": "https://maps.gstatic.com/mapfiles/place_api/icons/v1/png_71/cafe-71.png",
            "icon_background_color": "#FF9E67",
            "icon_mask_base_uri": "https://maps.gstatic.com/mapfiles/place_api/icons/v2/cafe_pinlet",
            "name": "GLACIELグラッシェル表参道店",
            "photos": [
                {
                    "height": 4032,
                    "html_attributions": [
                        "<a href=\"https://maps.google.com/maps/contrib/116289087708817938757\">DK F</a>"
                    ],
                    "photo_reference": "Aap_uEA06dY064A9vMHylc8oOpPyNGAJFNo8hrCzM1EFmp7Ika7Vwp-qpbUfUofcNjHzgJzPZoht0HAUjEFnCwGKA0AAoENN_I9WTMKPk4tdXTpa7K8EMqZbjC29RftVvnKqEnxSdWvW0d4S8dvwi8qHOr_-RmiDYV83oWasRRai7TFfUhnk",
                    "width": 3024
                }
            ],
            "place_id": "ChIJDULhX-mNGGARg39ufivcINQ",
            "plus_code": {
                "compound_code": "MP76+VH 日本、東京都港区",
                "global_code": "8Q7XMP76+VH"
            },
            "rating": 5,
            "reference": "ChIJDULhX-mNGGARg39ufivcINQ",
            "scope": "GOOGLE",
            "types": [
                "cafe",
                "food",
                "point_of_interest",
                "establishment"
            ],
            "user_ratings_total": 1,
            "vicinity": "港区北青山３丁目６−２６"
        }
    ],
    "status": "OK"
}