{
    "html_attributions": [],
    "results": [
        {
            "business_status": "OPERATIONAL",
            "geometry": {
                "location": {
                    "lat": 35.6683919,
                    "lng": 139.712872
                },
                "viewport": {
                    "northeast": {
                        "lat": 35.66974088029149,
                        "lng": 139.7142209802915
                    },
                    "southwest": {
                        "lat": 35.66704291970849,
                        "lng": 139.7115230197086
                    }
                }
            },
            "icon": "https://maps.gstatic.com/mapfiles/place_api/icons/v1/png_71/park-71.png",
            "icon_background_color": "#4DB546",
            "icon_mask_base_uri": "https://maps.gstatic.com/mapfiles/place_api/icons/v2/tree_pinlet",
            "name": "神宮前三丁目児童遊園地",
            "opening_hours": {
                "open_now": true
            },
            "photos": [
                {
                    "height": 3265,
                    "html_attributions": [
                        "<a href=\"https://maps.google.com/maps/contrib/107804304792480228126\">さへきひろのぶ</a>"
                    ],
                    "photo_reference": "Aap_uEBU89Oihyt6muedicxWonb9z6pX3GJaZnNuZduNLwKU6zDTqmT67Qhb5EmzzB_MwfKxM_TzhLmXhqfCQ5ZcdQXxDaJ6qypHfLAAOR3dhZCPgjoXgiUgED9bHkdqRFyIjKr2JSELcZt5q4TBHHWWgVBEWtbv2zH0iXNdWEdXIjkWyIWQ",
                    "width": 4898
                }
            ],
            "place_id": "ChIJ4cinOJ-MGGARW_xvrzLQuQo",
            "plus_code": {
                "compound_code": "MP97+94 日本、東京都渋谷区",
                "global_code": "8Q7XMP97+94"
            },
            "rating": 3.1,
            "reference": "ChIJ4cinOJ-MGGARW_xvrzLQuQo",
            "scope": "GOOGLE",
            "types": [
                "park",
                "point_of_interest",
                "establishment"
            ],
            "user_ratings_total": 30,
            "vicinity": "渋谷区神宮前３丁目２−１１"
        },
        {
            "business_status": "OPERATIONAL",
            "geometry": {
                "location": {
                    "lat": 35.6679697,
                    "lng": 139.7129004
                },
                "viewport": {
                    "northeast": {
                        "lat": 35.6693186802915,
                        "lng": 139.7142493802915
                    },
                    "southwest": {
                        "lat": 35.6666207197085,
                        "lng": 139.7115514197085
                    }
                }
            },
            "icon": "https://maps.gstatic.com/mapfiles/place_api/icons/v1/png_71/park-71.png",
            "icon_background_color": "#4DB546",
            "icon_mask_base_uri": "https://maps.gstatic.com/mapfiles/place_api/icons/v2/tree_pinlet",
            "name": "公園 椅子ある",
            "place_id": "ChIJIXFEbAKNGGARMnaA3f-aaUU",
            "plus_code": {
                "compound_code": "MP97+55 日本、東京都港区",
                "global_code": "8Q7XMP97+55"
            },
            "reference": "ChIJIXFEbAKNGGARMnaA3f-aaUU",
            "scope": "GOOGLE",
            "types": [
                "park",
                "point_of_interest",
                "establishment"
            ],
            "vicinity": "港区北青山３丁目４−８"
        },
        {
            "business_status": "OPERATIONAL",
            "geometry": {
                "location": {
                    "lat": 35.6678621,
                    "lng": 139.7128364
                },
                "viewport": {
                    "northeast": {
                        "lat": 35.6692110802915,
                        "lng": 139.7141853802915
                    },
                    "southwest": {
                        "lat": 35.6665131197085,
                        "lng": 139.7114874197085
                    }
                }
            },
            "icon": "https://maps.gstatic.com/mapfiles/place_api/icons/v1/png_71/park-71.png",
            "icon_background_color": "#4DB546",
            "icon_mask_base_uri": "https://maps.gstatic.com/mapfiles/place_api/icons/v2/tree_pinlet",
            "name": "ののあおやま小さな森",
            "photos": [
                {
                    "height": 2322,
                    "html_attributions": [
                        "<a href=\"https://maps.google.com/maps/contrib/100689039355298728862\">Ortelius Abraham</a>"
                    ],
                    "photo_reference": "Aap_uEC7Rvuo21IDQekzu04sJIFAUygc32-V7EqhQRsLpIWE0_CIzhcbRCTJGcq1IlqcuWemIZrDnfcjCSSLqQhEQioOi3yjDLwfmJPv4z9B3kjEwHGD_ijE5go78runUWjyKbg-l9ndqm_lVqL6h4-bd6uATnDEKxKvcTZ7quhKmvklUUyK",
                    "width": 4128
                }
            ],
            "place_id": "ChIJKVTTScWNGGARde4FSMFBAqk",
            "plus_code": {
                "compound_code": "MP97+44 日本、東京都港区",
                "global_code": "8Q7XMP97+44"
            },
            "rating": 3,
            "reference": "ChIJKVTTScWNGGARde4FSMFBAqk",
            "scope": "GOOGLE",
            "types": [
                "park",
                "point_of_interest",
                "establishment"
            ],
            "user_ratings_total": 1,
            "vicinity": "港区北青山３丁目４−８"
        },
        {
            "business_status": "OPERATIONAL",
            "geometry": {
                "location": {
                    "lat": 35.66705779999999,
                    "lng": 139.712121
                },
                "viewport": {
                    "northeast": {
                        "lat": 35.6683912302915,
                        "lng": 139.7134053302915
                    },
                    "southwest": {
                        "lat": 35.66569326970851,
                        "lng": 139.7107073697085
                    }
                }
            },
            "icon": "https://maps.gstatic.com/mapfiles/place_api/icons/v1/png_71/park-71.png",
            "icon_background_color": "#4DB546",
            "icon_mask_base_uri": "https://maps.gstatic.com/mapfiles/place_api/icons/v2/tree_pinlet",
            "name": "青山北町児童遊園",
            "opening_hours": {
                "open_now": true
            },
            "photos": [
                {
                    "height": 3000,
                    "html_attributions": [
                        "<a href=\"https://maps.google.com/maps/contrib/109573600418962204184\">Akihito Yoshida</a>"
                    ],
                    "photo_reference": "Aap_uEDeyuqdE8lqZ9v5qO5B7l9KX22UOhTLeKnclGE9219hZWQLyAafi3ZL9-nMTAH7Jle0RAIJb_hMf4IQkUN8MZ3nypYiYNpH16nSnUdvyQMKkq92Zf4U-Xo8W-zMCnBeYWz1eSvej5XOeZsH-e7J1kvhOv0RAI_1ITvA-DLsZQv2avCj",
                    "width": 4000
                }
            ],
            "place_id": "ChIJPWKDMrqNGGARChpJyUOiN50",
            "plus_code": {
                "compound_code": "MP86+RR 日本、東京都港区",
                "global_code": "8Q7XMP86+RR"
            },
            "rating": 4.2,
            "reference": "ChIJPWKDMrqNGGARChpJyUOiN50",
            "scope": "GOOGLE",
            "types": [
                "park",
                "point_of_interest",
                "establishment"
            ],
            "user_ratings_total": 26,
            "vicinity": "港区北青山３丁目４"
        }
    ],
    "status": "OK"
}