{
    "html_attributions": [],
    "results": [
        {
            "business_status": "OPERATIONAL",
            "geometry": {
                "location": {
                    "lat": 35.6654184,
                    "lng": 139.7122986
                },
                "viewport": {
                    "northeast": {
                        "lat": 35.6667387302915,
                        "lng": 139.7136274302915
                    },
                    "southwest": {
                        "lat": 35.6640407697085,
                        "lng": 139.7109294697085
                    }
                }
            },
            "icon": "https://maps.gstatic.com/mapfiles/place_api/icons/v1/png_71/generic_business-71.png",
            "icon_background_color": "#13B5C7",
            "icon_mask_base_uri": "https://maps.gstatic.com/mapfiles/place_api/icons/v2/generic_pinlet",
            "name": "Stone Lantern",
            "place_id": "ChIJ5WyQZzuNGGARtWxxoVPWkjo",
            "plus_code": {
                "compound_code": "MP86+5W 日本、東京都港区",
                "global_code": "8Q7XMP86+5W"
            },
            "reference": "ChIJ5WyQZzuNGGARtWxxoVPWkjo",
            "scope": "GOOGLE",
            "types": [
                "tourist_attraction",
                "point_of_interest",
                "establishment"
            ],
            "vicinity": "港区北青山３丁目５−２３"
        }
    ],
    "status": "OK"
}