{
    "html_attributions": [],
    "results": [
        {
            "business_status": "OPERATIONAL",
            "geometry": {
                "location": {
                    "lat": 35.6987556,
                    "lng": 139.7016018
                },
                "viewport": {
                    "northeast": {
                        "lat": 35.70011718029149,
                        "lng": 139.7028179802915
                    },
                    "southwest": {
                        "lat": 35.6974192197085,
                        "lng": 139.7001200197085
                    }
                }
            },
            "icon": "https://maps.gstatic.com/mapfiles/place_api/icons/v1/png_71/generic_business-71.png",
            "icon_background_color": "#7B9EB0",
            "icon_mask_base_uri": "https://maps.gstatic.com/mapfiles/place_api/icons/v2/generic_pinlet",
            "name": "ホワイトハウス",
            "place_id": "ChIJn34N3W6NGGARC3NdNxk19Lc",
            "plus_code": {
                "compound_code": "MPX2+GJ 日本、東京都新宿区",
                "global_code": "8Q7XMPX2+GJ"
            },
            "reference": "ChIJn34N3W6NGGARC3NdNxk19Lc",
            "scope": "GOOGLE",
            "types": [
                "art_gallery",
                "point_of_interest",
                "establishment"
            ],
            "vicinity": "新宿区百人町１丁目１−８"
        },
        {
            "business_status": "OPERATIONAL",
            "geometry": {
                "location": {
                    "lat": 35.6987456,
                    "lng": 139.7016019
                },
                "viewport": {
                    "northeast": {
                        "lat": 35.7001072302915,
                        "lng": 139.7028173302915
                    },
                    "southwest": {
                        "lat": 35.6974092697085,
                        "lng": 139.7001193697085
                    }
                }
            },
            "icon": "https://maps.gstatic.com/mapfiles/place_api/icons/v1/png_71/generic_business-71.png",
            "icon_background_color": "#7B9EB0",
            "icon_mask_base_uri": "https://maps.gstatic.com/mapfiles/place_api/icons/v2/generic_pinlet",
            "name": "ホワイトハウス",
            "place_id": "ChIJc45LWp2NGGAR68B4Qzyf95U",
            "plus_code": {
                "compound_code": "MPX2+FJ 日本、東京都新宿区",
                "global_code": "8Q7XMPX2+FJ"
            },
            "reference": "ChIJc45LWp2NGGAR68B4Qzyf95U",
            "scope": "GOOGLE",
            "types": [
                "art_gallery",
                "point_of_interest",
                "establishment"
            ],
            "vicinity": "新宿区百人町１丁目１−８"
        },
        {
            "business_status": "OPERATIONAL",
            "geometry": {
                "location": {
                    "lat": 35.698737,
                    "lng": 139.7016014
                },
                "viewport": {
                    "northeast": {
                        "lat": 35.7000986802915,
                        "lng": 139.7028164302915
                    },
                    "southwest": {
                        "lat": 35.6974007197085,
                        "lng": 139.7001184697085
                    }
                }
            },
            "icon": "https://maps.gstatic.com/mapfiles/place_api/icons/v1/png_71/generic_business-71.png",
            "icon_background_color": "#7B9EB0",
            "icon_mask_base_uri": "https://maps.gstatic.com/mapfiles/place_api/icons/v2/generic_pinlet",
            "name": "WHITEHOUSE",
            "opening_hours": {
                "open_now": false
            },
            "photos": [
                {
                    "height": 4032,
                    "html_attributions": [
                        "<a href=\"https://maps.google.com/maps/contrib/118044286316216711235\">WHITEHOUSE</a>"
                    ],
                    "photo_reference": "Aap_uEATVqgm_funinRM4zpp3eNMZltZWmISLfQxkSOxuDuq7EfE9UgB0i7BVpK_ChC31A2k2dvpLyP4L90gDDbUVCPMJUIkyQXoXwk879cTNEtRoKh6khLVHo3wi4dl655kujTbxo8ELiNHODPDkQBipe3dCQmLKbG71nOgKXEuKCFReC5k",
                    "width": 3024
                }
            ],
            "place_id": "ChIJD2rz1NWNGGARcyRrudPvR7A",
            "plus_code": {
                "compound_code": "MPX2+FJ 日本、東京都新宿区",
                "global_code": "8Q7XMPX2+FJ"
            },
            "rating": 5,
            "reference": "ChIJD2rz1NWNGGARcyRrudPvR7A",
            "scope": "GOOGLE",
            "types": [
                "art_gallery",
                "point_of_interest",
                "establishment"
            ],
            "user_ratings_total": 5,
            "vicinity": "新宿区百人町１丁目１−８"
        },
        {
            "business_status": "OPERATIONAL",
            "geometry": {
                "location": {
                    "lat": 35.6987502,
                    "lng": 139.7015922
                },
                "viewport": {
                    "northeast": {
                        "lat": 35.7001113802915,
                        "lng": 139.7028127302915
                    },
                    "southwest": {
                        "lat": 35.6974134197085,
                        "lng": 139.7001147697085
                    }
                }
            },
            "icon": "https://maps.gstatic.com/mapfiles/place_api/icons/v1/png_71/generic_business-71.png",
            "icon_background_color": "#7B9EB0",
            "icon_mask_base_uri": "https://maps.gstatic.com/mapfiles/place_api/icons/v2/generic_pinlet",
            "name": "ホワイトハウス",
            "place_id": "ChIJ33Z6Gp2NGGARUqNWYLUmAWw",
            "plus_code": {
                "compound_code": "MPX2+GJ 日本、東京都新宿区",
                "global_code": "8Q7XMPX2+GJ"
            },
            "rating": 5,
            "reference": "ChIJ33Z6Gp2NGGARUqNWYLUmAWw",
            "scope": "GOOGLE",
            "types": [
                "art_gallery",
                "point_of_interest",
                "establishment"
            ],
            "user_ratings_total": 1,
            "vicinity": "新宿区百人町１丁目１−８"
        }
    ],
    "status": "OK"
}