{
    "html_attributions": [],
    "results": [
        {
            "business_status": "OPERATIONAL",
            "geometry": {
                "location": {
                    "lat": 35.69864140000001,
                    "lng": 139.6977042
                },
                "viewport": {
                    "northeast": {
                        "lat": 35.6999903802915,
                        "lng": 139.6990531802915
                    },
                    "southwest": {
                        "lat": 35.6972924197085,
                        "lng": 139.6963552197085
                    }
                }
            },
            "icon": "https://maps.gstatic.com/mapfiles/place_api/icons/v1/png_71/generic_business-71.png",
            "icon_background_color": "#7B9EB0",
            "icon_mask_base_uri": "https://maps.gstatic.com/mapfiles/place_api/icons/v2/generic_pinlet",
            "name": "ART SPACE BAR BUENA（ブエナ）",
            "opening_hours": {
                "open_now": false
            },
            "photos": [
                {
                    "height": 2448,
                    "html_attributions": [
                        "<a href=\"https://maps.google.com/maps/contrib/105048060452540474980\">NAOSHI SAHARA</a>"
                    ],
                    "photo_reference": "Aap_uECk44GSyV1jmJiQXtX6MwnSGGubG7DgCWY2dtzeXHqE1mzKYeyxGh42Lqb0AEfjhtHeWmBTNkwuZ2oS9xitFWIzZv5ViiHclEwi2xwYpr4u0fVouAl32SkEYypzgdLm_vg1eiFVhpTW2cEZ0NtC1ZAUqKcKk-t7M6DsU1s013IZGQs8",
                    "width": 3264
                }
            ],
            "place_id": "ChIJcZG0PymNGGARbGWlGzXs704",
            "plus_code": {
                "compound_code": "MMXX+F3 日本、東京都新宿区",
                "global_code": "8Q7XMMXX+F3"
            },
            "rating": 4.4,
            "reference": "ChIJcZG0PymNGGARbGWlGzXs704",
            "scope": "GOOGLE",
            "types": [
                "art_gallery",
                "bar",
                "point_of_interest",
                "establishment"
            ],
            "user_ratings_total": 20,
            "vicinity": "新宿区百人町１丁目２４−８ 2F-D"
        }
    ],
    "status": "OK"
}