{
    "html_attributions": [],
    "results": [
        {
            "business_status": "OPERATIONAL",
            "geometry": {
                "location": {
                    "lat": 35.702906,
                    "lng": 139.697847
                },
                "viewport": {
                    "northeast": {
                        "lat": 35.7042486302915,
                        "lng": 139.6992742302915
                    },
                    "southwest": {
                        "lat": 35.7015506697085,
                        "lng": 139.6965762697085
                    }
                }
            },
            "icon": "https://maps.gstatic.com/mapfiles/place_api/icons/v1/png_71/generic_business-71.png",
            "icon_background_color": "#7B9EB0",
            "icon_mask_base_uri": "https://maps.gstatic.com/mapfiles/place_api/icons/v2/generic_pinlet",
            "name": "茶和益田屋",
            "opening_hours": {
                "open_now": false
            },
            "photos": [
                {
                    "height": 1152,
                    "html_attributions": [
                        "<a href=\"https://maps.google.com/maps/contrib/105669124491293311343\">EMI Mas</a>"
                    ],
                    "photo_reference": "Aap_uEAISMI8U4KHO1ZWGA6XVnjiFfuEDIQh2JEsa5g00IIvFdt64AmFBX48oirMaX16aT4jOueqnjVmDljxcHdTkJHoPltnibrCtFBXj8da9Pb5F1NPcIygp1ST_Nq3ENGkVa9TiIbUkxmm7EZJAmD19iEbHuvqiZU1CFZjrooKIcetevRK",
                    "width": 2048
                }
            ],
            "place_id": "ChIJZ3OERC6NGGAROXMfo4wgQJI",
            "plus_code": {
                "compound_code": "PM3X+54 日本、東京都新宿区",
                "global_code": "8Q7XPM3X+54"
            },
            "rating": 4.1,
            "reference": "ChIJZ3OERC6NGGAROXMfo4wgQJI",
            "scope": "GOOGLE",
            "types": [
                "art_gallery",
                "point_of_interest",
                "establishment"
            ],
            "user_ratings_total": 7,
            "vicinity": "新宿区百人町２丁目２０−１７ 新大久保国際文化ビル"
        }
    ],
    "status": "OK"
}