{
    "html_attributions": [],
    "results": [
        {
            "business_status": "OPERATIONAL",
            "geometry": {
                "location": {
                    "lat": 35.6936838,
                    "lng": 139.7018381
                },
                "viewport": {
                    "northeast": {
                        "lat": 35.6950327802915,
                        "lng": 139.7031870802915
                    },
                    "southwest": {
                        "lat": 35.6923348197085,
                        "lng": 139.7004891197085
                    }
                }
            },
            "icon": "https://maps.gstatic.com/mapfiles/place_api/icons/v1/png_71/restaurant-71.png",
            "icon_background_color": "#FF9E67",
            "icon_mask_base_uri": "https://maps.gstatic.com/mapfiles/place_api/icons/v2/restaurant_pinlet",
            "name": "監獄レストラン ザ・ロックアップ TOKYO",
            "opening_hours": {
                "open_now": false
            },
            "photos": [
                {
                    "height": 3744,
                    "html_attributions": [
                        "<a href=\"https://maps.google.com/maps/contrib/110386359326249396213\">監獄レストラン ザ・ロックアップ TOKYO</a>"
                    ],
                    "photo_reference": "Aap_uEANzBF5Ud6B9bKE7wW0Uzz7StISjesUuTx4V6v1waXcZ6aNqsUTZcDzfYZJI0DhQk34uJ8g-gAVLOCCDR8F9EOlgf8iOitVfamjOjjeS2eV_J5SSpBxQRB0KOt3D8hcNTzMmXZVqmNbIS5ZJfUNQ4Nq06q5UznRNtIyLwse8je5x7hr",
                    "width": 5616
                }
            ],
            "place_id": "ChIJxQi43NmMGGAR5IoMVhOjd2I",
            "plus_code": {
                "compound_code": "MPV2+FP 日本、東京都新宿区",
                "global_code": "8Q7XMPV2+FP"
            },
            "price_level": 2,
            "rating": 3.6,
            "reference": "ChIJxQi43NmMGGAR5IoMVhOjd2I",
            "scope": "GOOGLE",
            "types": [
                "restaurant",
                "amusement_park",
                "food",
                "point_of_interest",
                "establishment"
            ],
            "user_ratings_total": 350,
            "vicinity": "新宿区歌舞伎町１丁目１６−３ 6F・7F 新宿スクエアビル"
        },
        {
            "business_status": "OPERATIONAL",
            "geometry": {
                "location": {
                    "lat": 35.6951871,
                    "lng": 139.704141
                },
                "viewport": {
                    "northeast": {
                        "lat": 35.6964501302915,
                        "lng": 139.7054336302915
                    },
                    "southwest": {
                        "lat": 35.6937521697085,
                        "lng": 139.7027356697085
                    }
                }
            },
            "icon": "https://maps.gstatic.com/mapfiles/place_api/icons/v1/png_71/generic_business-71.png",
            "icon_background_color": "#7B9EB0",
            "icon_mask_base_uri": "https://maps.gstatic.com/mapfiles/place_api/icons/v2/generic_pinlet",
            "name": "株式会社婚活情報FROOM",
            "place_id": "ChIJXeePBtmMGGARKY_-hyUfWcU",
            "plus_code": {
                "compound_code": "MPW3+3M 日本、東京都新宿区",
                "global_code": "8Q7XMPW3+3M"
            },
            "rating": 2.8,
            "reference": "ChIJXeePBtmMGGARKY_-hyUfWcU",
            "scope": "GOOGLE",
            "types": [
                "amusement_park",
                "point_of_interest",
                "establishment"
            ],
            "user_ratings_total": 17,
            "vicinity": "新宿区歌舞伎町２３−３−２−１"
        },
        {
            "business_status": "OPERATIONAL",
            "geometry": {
                "location": {
                    "lat": 35.693796,
                    "lng": 139.70292
                },
                "viewport": {
                    "northeast": {
                        "lat": 35.6951449802915,
                        "lng": 139.7042689802915
                    },
                    "southwest": {
                        "lat": 35.6924470197085,
                        "lng": 139.7015710197085
                    }
                }
            },
            "icon": "https://maps.gstatic.com/mapfiles/place_api/icons/v1/png_71/restaurant-71.png",
            "icon_background_color": "#FF9E67",
            "icon_mask_base_uri": "https://maps.gstatic.com/mapfiles/place_api/icons/v2/restaurant_pinlet",
            "name": "一祭楽祭",
            "opening_hours": {
                "open_now": false
            },
            "photos": [
                {
                    "height": 276,
                    "html_attributions": [
                        "<a href=\"https://maps.google.com/maps/contrib/111205644199548709471\">一祭楽祭</a>"
                    ],
                    "photo_reference": "Aap_uEDD4EyYLP-nItF_CoqKIJ9rH0mQAGajXer9uiu-hMRgukORGHlN23qK3Ea-CUXPcvctqCZTabnshq_uIt2I7CmWNRBewUb7MiMcrZsEo90KZp0i9e8dRd7pisMm3wdIqZAnIjs_UHPyRi7lIzLy-JTW7ylbvcwKoT81lWAHjoOkuz4W",
                    "width": 368
                }
            ],
            "place_id": "ChIJfb_QldmMGGARSqBwhmH3ZFE",
            "plus_code": {
                "compound_code": "MPV3+G5 日本、東京都新宿区",
                "global_code": "8Q7XMPV3+G5"
            },
            "rating": 5,
            "reference": "ChIJfb_QldmMGGARSqBwhmH3ZFE",
            "scope": "GOOGLE",
            "types": [
                "amusement_park",
                "bar",
                "restaurant",
                "food",
                "point_of_interest",
                "establishment"
            ],
            "user_ratings_total": 1,
            "vicinity": "新宿区歌舞伎町１丁目６−１３ 良川ビルⅦ 2階"
        },
        {
            "business_status": "OPERATIONAL",
            "geometry": {
                "location": {
                    "lat": 35.7066768,
                    "lng": 139.6835999
                },
                "viewport": {
                    "northeast": {
                        "lat": 35.7080933802915,
                        "lng": 139.6849681802915
                    },
                    "southwest": {
                        "lat": 35.7053954197085,
                        "lng": 139.6822702197085
                    }
                }
            },
            "icon": "https://maps.gstatic.com/mapfiles/place_api/icons/v1/png_71/generic_business-71.png",
            "icon_background_color": "#7B9EB0",
            "icon_mask_base_uri": "https://maps.gstatic.com/mapfiles/place_api/icons/v2/generic_pinlet",
            "name": "東中野レンタルスペース",
            "place_id": "ChIJJ3YAtcnyGGARs57z8DfskPw",
            "plus_code": {
                "compound_code": "PM4M+MC 日本、東京都中野区",
                "global_code": "8Q7XPM4M+MC"
            },
            "reference": "ChIJJ3YAtcnyGGARs57z8DfskPw",
            "scope": "GOOGLE",
            "types": [
                "amusement_park",
                "museum",
                "electronics_store",
                "home_goods_store",
                "point_of_interest",
                "store",
                "establishment"
            ],
            "vicinity": "中野区４ 東京都中野区 東中野4-4-5 203"
        },
        {
            "business_status": "OPERATIONAL",
            "geometry": {
                "location": {
                    "lat": 35.6878361,
                    "lng": 139.7118307
                },
                "viewport": {
                    "northeast": {
                        "lat": 35.6891271302915,
                        "lng": 139.7131562802915
                    },
                    "southwest": {
                        "lat": 35.6864291697085,
                        "lng": 139.7104583197085
                    }
                }
            },
            "icon": "https://maps.gstatic.com/mapfiles/place_api/icons/v1/png_71/generic_business-71.png",
            "icon_background_color": "#7B9EB0",
            "icon_mask_base_uri": "https://maps.gstatic.com/mapfiles/place_api/icons/v2/generic_pinlet",
            "name": "占いスペース 桜",
            "opening_hours": {
                "open_now": false
            },
            "place_id": "ChIJh65t4-mMGGARheekFZFs_fU",
            "plus_code": {
                "compound_code": "MPQ6+4P 日本、東京都新宿区",
                "global_code": "8Q7XMPQ6+4P"
            },
            "reference": "ChIJh65t4-mMGGARheekFZFs_fU",
            "scope": "GOOGLE",
            "types": [
                "beauty_salon",
                "amusement_park",
                "point_of_interest",
                "establishment"
            ],
            "vicinity": "Japan"
        }
    ],
    "status": "OK"
}