{
    "html_attributions": [],
    "results": [
        {
            "business_status": "OPERATIONAL",
            "geometry": {
                "location": {
                    "lat": 35.646403,
                    "lng": 139.7155376
                },
                "viewport": {
                    "northeast": {
                        "lat": 35.6478313302915,
                        "lng": 139.7168849302915
                    },
                    "southwest": {
                        "lat": 35.6451333697085,
                        "lng": 139.7141869697085
                    }
                }
            },
            "icon": "https://maps.gstatic.com/mapfiles/place_api/icons/v1/png_71/park-71.png",
            "icon_background_color": "#4DB546",
            "icon_mask_base_uri": "https://maps.gstatic.com/mapfiles/place_api/icons/v2/tree_pinlet",
            "name": "新橋ふれあい公園",
            "opening_hours": {
                "open_now": true
            },
            "photos": [
                {
                    "height": 3024,
                    "html_attributions": [
                        "<a href=\"https://maps.google.com/maps/contrib/109424502250619644906\">佐々木新</a>"
                    ],
                    "photo_reference": "Aap_uEAL4b-et-yPhgUsWdKukWdOuSKIFDbVNaie-rM0CH3pb2YsXfnBtsazG-SyfKeTFCRVeSHsTXNGsvtGLAkPE4xcHfaRL1WZf6fS58sG1ZxVsncCVBVsSKOhPC1BBRPxAKA2RPDsedp-xx6CNc0z5eQroXLHCIs4cILMV6kTknU7UE9t",
                    "width": 4032
                }
            ],
            "place_id": "ChIJPd24vhSLGGARAU1Rql_EpZI",
            "plus_code": {
                "compound_code": "JPW8+H6 日本、東京都渋谷区",
                "global_code": "8Q7XJPW8+H6"
            },
            "rating": 3,
            "reference": "ChIJPd24vhSLGGARAU1Rql_EpZI",
            "scope": "GOOGLE",
            "types": [
                "park",
                "point_of_interest",
                "establishment"
            ],
            "user_ratings_total": 3,
            "vicinity": "渋谷区恵比寿１丁目２３−６"
        },
        {
            "business_status": "OPERATIONAL",
            "geometry": {
                "location": {
                    "lat": 35.6463726,
                    "lng": 139.7161851
                },
                "viewport": {
                    "northeast": {
                        "lat": 35.6477597302915,
                        "lng": 139.7175607302915
                    },
                    "southwest": {
                        "lat": 35.64506176970851,
                        "lng": 139.7148627697085
                    }
                }
            },
            "icon": "https://maps.gstatic.com/mapfiles/place_api/icons/v1/png_71/park-71.png",
            "icon_background_color": "#4DB546",
            "icon_mask_base_uri": "https://maps.gstatic.com/mapfiles/place_api/icons/v2/tree_pinlet",
            "name": "恵比寿しんばし公園",
            "opening_hours": {
                "open_now": true
            },
            "photos": [
                {
                    "height": 5504,
                    "html_attributions": [
                        "<a href=\"https://maps.google.com/maps/contrib/116852650357167695148\">長谷川ひで</a>"
                    ],
                    "photo_reference": "Aap_uEB94Lb-_ahWQM3LMlG9ANdGsbAe7hAcE9I4Kb58ctFXteKf4Oi2MwnND6FwGpkT2bvaw5MT6VyvduiKx7ZSqMXdOoXEpj0-4--0yXAfX3tSV-CL2uQC5A0XNF5oPgwj0RQ1vyc50Dn5owFRskSRUgXVAYomasrQxuPpvnTB3a1xasXs",
                    "width": 3096
                }
            ],
            "place_id": "ChIJOxtz1--LGGARNkYDuYlrFVY",
            "plus_code": {
                "compound_code": "JPW8+GF 日本、東京都渋谷区",
                "global_code": "8Q7XJPW8+GF"
            },
            "rating": 5,
            "reference": "ChIJOxtz1--LGGARNkYDuYlrFVY",
            "scope": "GOOGLE",
            "types": [
                "park",
                "point_of_interest",
                "establishment"
            ],
            "user_ratings_total": 1,
            "vicinity": "渋谷区恵比寿１丁目３４−１１"
        }
    ],
    "status": "OK"
}