{
    "html_attributions": [],
    "results": [
        {
            "business_status": "OPERATIONAL",
            "geometry": {
                "location": {
                    "lat": 35.65192659999999,
                    "lng": 139.7143665
                },
                "viewport": {
                    "northeast": {
                        "lat": 35.6532585302915,
                        "lng": 139.7157859302915
                    },
                    "southwest": {
                        "lat": 35.6505605697085,
                        "lng": 139.7130879697085
                    }
                }
            },
            "icon": "https://maps.gstatic.com/mapfiles/place_api/icons/v1/png_71/park-71.png",
            "icon_background_color": "#4DB546",
            "icon_mask_base_uri": "https://maps.gstatic.com/mapfiles/place_api/icons/v2/tree_pinlet",
            "name": "渋谷区立広尾第二児童遊園地",
            "opening_hours": {
                "open_now": true
            },
            "photos": [
                {
                    "height": 3024,
                    "html_attributions": [
                        "<a href=\"https://maps.google.com/maps/contrib/112404614539742046055\">Jake</a>"
                    ],
                    "photo_reference": "Aap_uEA-6ThO7SWo8_FIDTKxGMrnKFyRM-2jzrMdf5tQgQV736z3LFRjxtO4am1yrLJLLSIneOD8WwEv0txwPRvMbxWPG8-k4GW2lk6efeCMxAnX9AXPOOB12thpY06W2c0gb3uuDUFTcUa_am1nybPhL4FxawtaKBUXdQrvkYH1fkrjbeL_",
                    "width": 4032
                }
            ],
            "place_id": "ChIJqbujeWmLGGARhLvLecjTkj4",
            "plus_code": {
                "compound_code": "MP27+QP 日本、東京都渋谷区",
                "global_code": "8Q7XMP27+QP"
            },
            "rating": 3.1,
            "reference": "ChIJqbujeWmLGGARhLvLecjTkj4",
            "scope": "GOOGLE",
            "types": [
                "park",
                "point_of_interest",
                "establishment"
            ],
            "user_ratings_total": 8,
            "vicinity": "渋谷区広尾２丁目３−９"
        },
        {
            "business_status": "OPERATIONAL",
            "geometry": {
                "location": {
                    "lat": 35.64929550000001,
                    "lng": 139.7149768
                },
                "viewport": {
                    "northeast": {
                        "lat": 35.65069923029151,
                        "lng": 139.7163087802915
                    },
                    "southwest": {
                        "lat": 35.64800126970851,
                        "lng": 139.7136108197085
                    }
                }
            },
            "icon": "https://maps.gstatic.com/mapfiles/place_api/icons/v1/png_71/park-71.png",
            "icon_background_color": "#4DB546",
            "icon_mask_base_uri": "https://maps.gstatic.com/mapfiles/place_api/icons/v2/tree_pinlet",
            "name": "MARIE ROOF",
            "place_id": "ChIJ6f7xkAiLGGARiMnkBo46Dsc",
            "plus_code": {
                "compound_code": "JPX7+PX 日本、東京都渋谷区",
                "global_code": "8Q7XJPX7+PX"
            },
            "reference": "ChIJ6f7xkAiLGGARiMnkBo46Dsc",
            "scope": "GOOGLE",
            "types": [
                "park",
                "point_of_interest",
                "establishment"
            ],
            "vicinity": "渋谷区広尾１丁目７−3 107"
        }
    ],
    "status": "OK"
}