{
    "html_attributions": [],
    "results": [
        {
            "business_status": "OPERATIONAL",
            "geometry": {
                "location": {
                    "lat": 35.6480749,
                    "lng": 139.7117732
                },
                "viewport": {
                    "northeast": {
                        "lat": 35.6495130302915,
                        "lng": 139.7128988802915
                    },
                    "southwest": {
                        "lat": 35.6468150697085,
                        "lng": 139.7102009197085
                    }
                }
            },
            "icon": "https://maps.gstatic.com/mapfiles/place_api/icons/v1/png_71/park-71.png",
            "icon_background_color": "#4DB546",
            "icon_mask_base_uri": "https://maps.gstatic.com/mapfiles/place_api/icons/v2/tree_pinlet",
            "name": "恵比寿東公園",
            "opening_hours": {
                "open_now": true
            },
            "photos": [
                {
                    "height": 2250,
                    "html_attributions": [
                        "<a href=\"https://maps.google.com/maps/contrib/104049920826204088752\">????</a>"
                    ],
                    "photo_reference": "Aap_uEBmj8o2xQtF0nL7zKy85tTAi3FbS_eE3j52p4zTIRyuVdXroXnEfL8lRbbq53rl27LtnUHy1cTyXZMh3b7GxhMWBRzfE_u8ciVAjxp-9Mv78om2tuYKCMt5bM9LZmzpNxo4TjLLZuogYhJtaWHBiFKXaMbXvOAPdHbcfR4SIllaSd26",
                    "width": 4000
                }
            ],
            "place_id": "ChIJSylf0UGLGGARpQ-MXDiKLuE",
            "plus_code": {
                "compound_code": "JPX6+6P 日本、東京都渋谷区",
                "global_code": "8Q7XJPX6+6P"
            },
            "rating": 3.7,
            "reference": "ChIJSylf0UGLGGARpQ-MXDiKLuE",
            "scope": "GOOGLE",
            "types": [
                "park",
                "tourist_attraction",
                "point_of_interest",
                "establishment"
            ],
            "user_ratings_total": 472,
            "vicinity": "渋谷区恵比寿１丁目２−１６"
        }
    ],
    "status": "OK"
}