{
    "html_attributions": [],
    "results": [
        {
            "business_status": "OPERATIONAL",
            "geometry": {
                "location": {
                    "lat": 35.6463506,
                    "lng": 139.713061
                },
                "viewport": {
                    "northeast": {
                        "lat": 35.64759008029149,
                        "lng": 139.7143510302915
                    },
                    "southwest": {
                        "lat": 35.64489211970849,
                        "lng": 139.7116530697085
                    }
                }
            },
            "icon": "https://maps.gstatic.com/mapfiles/place_api/icons/v1/png_71/generic_business-71.png",
            "icon_background_color": "#7B9EB0",
            "icon_mask_base_uri": "https://maps.gstatic.com/mapfiles/place_api/icons/v2/generic_pinlet",
            "name": "シナプス画廊",
            "photos": [
                {
                    "height": 375,
                    "html_attributions": [
                        "<a href=\"https://maps.google.com/maps/contrib/107590864249588720613\">シナプス画廊</a>"
                    ],
                    "photo_reference": "Aap_uEDmxDWqTdSTvJAft7vVEB5iICs5FTN1gHwkRvENX3xX_UsVTSvSnqzGrvyNS0t6Ipd6pVNRGyNp9VjCKfTOpOClI5SLqruSpy6IlhiJpmpdOXrEx53vT5hnNnh0ezjUTLxez2TySxjV3qswiLg5H5Gm0OuCyK_nppc7EjgCbMLGOjGw",
                    "width": 500
                }
            ],
            "place_id": "ChIJIanCymqLGGARcl8MTzF-9fw",
            "plus_code": {
                "compound_code": "JPW7+G6 日本、東京都渋谷区",
                "global_code": "8Q7XJPW7+G6"
            },
            "reference": "ChIJIanCymqLGGARcl8MTzF-9fw",
            "scope": "GOOGLE",
            "types": [
                "art_gallery",
                "point_of_interest",
                "establishment"
            ],
            "vicinity": "渋谷区恵比寿１丁目２２−３ シルバープラザ恵比寿 406 押川美術"
        }
    ],
    "status": "OK"
}