{
    "html_attributions": [],
    "results": [
        {
            "business_status": "OPERATIONAL",
            "geometry": {
                "location": {
                    "lat": 35.6466778,
                    "lng": 139.7106625
                },
                "viewport": {
                    "northeast": {
                        "lat": 35.6480681302915,
                        "lng": 139.7120682802915
                    },
                    "southwest": {
                        "lat": 35.64537016970851,
                        "lng": 139.7093703197085
                    }
                }
            },
            "icon": "https://maps.gstatic.com/mapfiles/place_api/icons/v1/png_71/park-71.png",
            "icon_background_color": "#4DB546",
            "icon_mask_base_uri": "https://maps.gstatic.com/mapfiles/place_api/icons/v2/tree_pinlet",
            "name": "恵比寿駅東口公園",
            "opening_hours": {
                "open_now": true
            },
            "photos": [
                {
                    "height": 3024,
                    "html_attributions": [
                        "<a href=\"https://maps.google.com/maps/contrib/112404614539742046055\">Jake</a>"
                    ],
                    "photo_reference": "Aap_uEDa-VZ5oWZkbB3ySbROWmfS290rKUnvOurxa0yAv101-5FVYfwC_rfo4Zq5sTT8bxE5lJw2dVs7oTS-TGVyk_wbU9dm78kPsst5X0KY4J2Q2ac97Wv7_FWekCFSthSw3MTJN08jmAG1Wn8SoKVU0hqvsRqo2Rpp24OupmwW9FUQKUiZ",
                    "width": 4032
                }
            ],
            "place_id": "ChIJp1QzPECLGGARa61TFJlj1SQ",
            "plus_code": {
                "compound_code": "JPW6+M7 日本、東京都渋谷区",
                "global_code": "8Q7XJPW6+M7"
            },
            "rating": 3.5,
            "reference": "ChIJp1QzPECLGGARa61TFJlj1SQ",
            "scope": "GOOGLE",
            "types": [
                "park",
                "tourist_attraction",
                "point_of_interest",
                "establishment"
            ],
            "user_ratings_total": 65,
            "vicinity": "渋谷区恵比寿４丁目２−６"
        },
        {
            "business_status": "OPERATIONAL",
            "geometry": {
                "location": {
                    "lat": 35.6466925,
                    "lng": 139.7101468
                },
                "viewport": {
                    "northeast": {
                        "lat": 35.6483495302915,
                        "lng": 139.7114116802915
                    },
                    "southwest": {
                        "lat": 35.6456515697085,
                        "lng": 139.7087137197085
                    }
                }
            },
            "icon": "https://maps.gstatic.com/mapfiles/place_api/icons/v1/png_71/park-71.png",
            "icon_background_color": "#4DB546",
            "icon_mask_base_uri": "https://maps.gstatic.com/mapfiles/place_api/icons/v2/tree_pinlet",
            "name": "ebisu green garden",
            "opening_hours": {
                "open_now": false
            },
            "photos": [
                {
                    "height": 3024,
                    "html_attributions": [
                        "<a href=\"https://maps.google.com/maps/contrib/100074922485299983919\">ホシMom</a>"
                    ],
                    "photo_reference": "Aap_uEAR-7kPekC7KUJTh5OrtO28sK1pyb4rduchX9BT7NMjQSHkApsFB8rTANiwb6nA1jxZ0vgbgqqE428A6Axo4SfkKxAY7H81bC02JWKwE3QsJlZAp62vJoYs8wgTD63QGI3aurPq_8fG3-eAvFRB1TNkkkvm8oZQlxUlje9x_GHVp0s",
                    "width": 4032
                }
            ],
            "place_id": "ChIJ9ftQkteLGGARW5plzAQT8H4",
            "plus_code": {
                "compound_code": "JPW6+M3 日本、東京都渋谷区",
                "global_code": "8Q7XJPW6+M3"
            },
            "rating": 4.7,
            "reference": "ChIJ9ftQkteLGGARW5plzAQT8H4",
            "scope": "GOOGLE",
            "types": [
                "park",
                "point_of_interest",
                "establishment"
            ],
            "user_ratings_total": 3,
            "vicinity": "渋谷区恵比寿南１丁目５−５"
        },
        {
            "business_status": "OPERATIONAL",
            "geometry": {
                "location": {
                    "lat": 35.6471249,
                    "lng": 139.7091034
                },
                "viewport": {
                    "northeast": {
                        "lat": 35.6484738802915,
                        "lng": 139.7104523802915
                    },
                    "southwest": {
                        "lat": 35.64577591970851,
                        "lng": 139.7077544197086
                    }
                }
            },
            "icon": "https://maps.gstatic.com/mapfiles/place_api/icons/v1/png_71/park-71.png",
            "icon_background_color": "#4DB546",
            "icon_mask_base_uri": "https://maps.gstatic.com/mapfiles/place_api/icons/v2/tree_pinlet",
            "name": "恵比寿西口駅前広場",
            "photos": [
                {
                    "height": 2988,
                    "html_attributions": [
                        "<a href=\"https://maps.google.com/maps/contrib/100436245656451531937\">Yoshio Yammer</a>"
                    ],
                    "photo_reference": "Aap_uECdeJwZ9kkOPLA4fNfhkfbm-nhbMi1dv-DnAwbkHO4HRORUV-aDJXbMp0B_RcQGEFzKO2c5fa3aYe3naGG_1okUNO5CgfL-SiXKM9R9LCap288aVNsnBYfz1qDRhwZKfNcDgiNtwlsLHGxsKvyJe9iS44M9TWmOrPGQWBPCbSJdxYq9",
                    "width": 5312
                }
            ],
            "place_id": "ChIJ-72d2wSLGGARRYkV_hk1v6c",
            "plus_code": {
                "compound_code": "JPW5+RJ 日本、東京都渋谷区",
                "global_code": "8Q7XJPW5+RJ"
            },
            "rating": 3.5,
            "reference": "ChIJ-72d2wSLGGARRYkV_hk1v6c",
            "scope": "GOOGLE",
            "types": [
                "park",
                "point_of_interest",
                "establishment"
            ],
            "user_ratings_total": 2,
            "vicinity": "渋谷区恵比寿南１丁目５ 恵比寿駅（バス"
        }
    ],
    "status": "OK"
}