{
    "html_attributions": [],
    "results": [
        {
            "business_status": "OPERATIONAL",
            "geometry": {
                "location": {
                    "lat": 35.645924,
                    "lng": 139.710037
                },
                "viewport": {
                    "northeast": {
                        "lat": 35.6472729802915,
                        "lng": 139.7113859802915
                    },
                    "southwest": {
                        "lat": 35.6445750197085,
                        "lng": 139.7086880197085
                    }
                }
            },
            "icon": "https://maps.gstatic.com/mapfiles/place_api/icons/v1/png_71/generic_business-71.png",
            "icon_background_color": "#7B9EB0",
            "icon_mask_base_uri": "https://maps.gstatic.com/mapfiles/place_api/icons/v2/generic_pinlet",
            "name": "LIBRAIRIE6",
            "opening_hours": {
                "open_now": false
            },
            "photos": [
                {
                    "height": 900,
                    "html_attributions": [
                        "<a href=\"https://maps.google.com/maps/contrib/117669164700691154033\">LIBRAIRIE6</a>"
                    ],
                    "photo_reference": "Aap_uEAlYhmnGchoerjFZXC9mvfxoiUsouxZrOAaLa3EjMkb1S4R7YiXh4OjlNVUyu3czVrWDNyqgt3kHwhMI48bkI7dGJXvu3RDK3qGA21MteYQ__-6t8qTmi4MEpuPShXlkYvJF0oN3qQpiiRNo7XCERAMQCPrZYZ87X4n7K7wATKISpmc",
                    "width": 1200
                }
            ],
            "place_id": "ChIJdSAVbECLGGARzZzubVbamHU",
            "plus_code": {
                "compound_code": "JPW6+92 日本、東京都渋谷区",
                "global_code": "8Q7XJPW6+92"
            },
            "rating": 4.7,
            "reference": "ChIJdSAVbECLGGARzZzubVbamHU",
            "scope": "GOOGLE",
            "types": [
                "art_gallery",
                "point_of_interest",
                "establishment"
            ],
            "user_ratings_total": 22,
            "vicinity": "渋谷区１２ 恵比寿南1-12-2南ビル3F"
        },
        {
            "business_status": "OPERATIONAL",
            "geometry": {
                "location": {
                    "lat": 35.64599210000001,
                    "lng": 139.7101036
                },
                "viewport": {
                    "northeast": {
                        "lat": 35.6473075802915,
                        "lng": 139.7115373802915
                    },
                    "southwest": {
                        "lat": 35.6446096197085,
                        "lng": 139.7088394197085
                    }
                }
            },
            "icon": "https://maps.gstatic.com/mapfiles/place_api/icons/v1/png_71/generic_business-71.png",
            "icon_background_color": "#7B9EB0",
            "icon_mask_base_uri": "https://maps.gstatic.com/mapfiles/place_api/icons/v2/generic_pinlet",
            "name": "EBISUROOM",
            "opening_hours": {
                "open_now": false
            },
            "photos": [
                {
                    "height": 666,
                    "html_attributions": [
                        "<a href=\"https://maps.google.com/maps/contrib/106227796107581083260\">EBISUROOM</a>"
                    ],
                    "photo_reference": "Aap_uECT_MsUjyXktopLHiykFb3OUQRtH16mb_c4mRoY68S9r6dJZ0v2edpQeClhBWpSwwPQ7c2UoyEcvFv4HliJElbZpas3T9vFjlwNABquQk9C_qs4yYXY_GLiBbvu72CMNpG8ekkK5xavoJROXSMZzzFBDCaXi8RRumoHvmUCBxQnyvkZ",
                    "width": 1000
                }
            ],
            "place_id": "ChIJDb1JM-iLGGARduWkc_WdvYU",
            "plus_code": {
                "compound_code": "JPW6+92 日本、東京都渋谷区",
                "global_code": "8Q7XJPW6+92"
            },
            "rating": 4,
            "reference": "ChIJDb1JM-iLGGARduWkc_WdvYU",
            "scope": "GOOGLE",
            "types": [
                "art_gallery",
                "point_of_interest",
                "establishment"
            ],
            "user_ratings_total": 4,
            "vicinity": "渋谷区恵比寿南１丁目１２−１ 瑩心会ビル 1F"
        }
    ],
    "status": "OK"
}