{
    "html_attributions": [],
    "results": [
        {
            "business_status": "OPERATIONAL",
            "geometry": {
                "location": {
                    "lat": 35.6585867,
                    "lng": 139.6965781
                },
                "viewport": {
                    "northeast": {
                        "lat": 35.6599356802915,
                        "lng": 139.6979270802915
                    },
                    "southwest": {
                        "lat": 35.6572377197085,
                        "lng": 139.6952291197085
                    }
                }
            },
            "icon": "https://maps.gstatic.com/mapfiles/place_api/icons/v1/png_71/generic_business-71.png",
            "icon_background_color": "#7B9EB0",
            "icon_mask_base_uri": "https://maps.gstatic.com/mapfiles/place_api/icons/v2/generic_pinlet",
            "name": "渋谷ギャラクシー",
            "opening_hours": {
                "open_now": false
            },
            "photos": [
                {
                    "height": 2048,
                    "html_attributions": [
                        "<a href=\"https://maps.google.com/maps/contrib/110719074544977492825\">渋谷ギャラクシー</a>"
                    ],
                    "photo_reference": "Aap_uEB7_AOOsadtgn-XsocI15gXHK0U3tHZfO4lsFC29GIAvTh_Kh8Cu0Evp4Pv0fhel1pUySqS2vkzrJs67kzGWQ0Ttk920dkcDP7KsVIgKOdBZOAnFumX1Syb_IOZ2luLIfrAxBihbPfupydTJ58NfwON27cs5orRyoLM3hu-eExE51nq",
                    "width": 1536
                }
            ],
            "place_id": "ChIJSfTdaqmMGGARqFd5OEuz5HY",
            "plus_code": {
                "compound_code": "MM5W+CJ 日本、東京都渋谷区",
                "global_code": "8Q7XMM5W+CJ"
            },
            "rating": 3.6,
            "reference": "ChIJSfTdaqmMGGARqFd5OEuz5HY",
            "scope": "GOOGLE",
            "types": [
                "amusement_park",
                "point_of_interest",
                "store",
                "establishment"
            ],
            "user_ratings_total": 11,
            "vicinity": "渋谷区道玄坂２丁目１７−１"
        },
        {
            "business_status": "OPERATIONAL",
            "geometry": {
                "location": {
                    "lat": 35.660543,
                    "lng": 139.7049588
                },
                "viewport": {
                    "northeast": {
                        "lat": 35.6618919802915,
                        "lng": 139.7063077802915
                    },
                    "southwest": {
                        "lat": 35.6591940197085,
                        "lng": 139.7036098197085
                    }
                }
            },
            "icon": "https://maps.gstatic.com/mapfiles/place_api/icons/v1/png_71/generic_business-71.png",
            "icon_background_color": "#7B9EB0",
            "icon_mask_base_uri": "https://maps.gstatic.com/mapfiles/place_api/icons/v2/generic_pinlet",
            "name": "有限会社ことり",
            "photos": [
                {
                    "height": 844,
                    "html_attributions": [
                        "<a href=\"https://maps.google.com/maps/contrib/110830432630899740266\">有限会社ことり</a>"
                    ],
                    "photo_reference": "Aap_uEBrWyfBoDX9iQAg85gAPrKghJPFst1aRsGKdNaPCUTTmpNALf4kC-0VFyFKu02A1inS5CCAQTdbbBb5nvPbJlPZ28IXuH_fQlZAoTCZSiuVKwyrsnfiSnBxr6wjVAekP4mnnklML8ntr4brorpZfRR-GKcUFZxxDEQG7nzmecew8rIN",
                    "width": 600
                }
            ],
            "place_id": "ChIJJQFalFiLGGARZuWADa61nQw",
            "plus_code": {
                "compound_code": "MP63+6X 日本、東京都渋谷区",
                "global_code": "8Q7XMP63+6X"
            },
            "reference": "ChIJJQFalFiLGGARZuWADa61nQw",
            "scope": "GOOGLE",
            "types": [
                "art_gallery",
                "amusement_park",
                "point_of_interest",
                "store",
                "establishment"
            ],
            "vicinity": "渋谷区渋谷１丁目１０−７ グローリア宮益坂Ⅲ10F"
        },
        {
            "business_status": "OPERATIONAL",
            "geometry": {
                "location": {
                    "lat": 35.65600130000001,
                    "lng": 139.7047719
                },
                "viewport": {
                    "northeast": {
                        "lat": 35.6573890302915,
                        "lng": 139.7061566802915
                    },
                    "southwest": {
                        "lat": 35.65469106970851,
                        "lng": 139.7034587197085
                    }
                }
            },
            "icon": "https://maps.gstatic.com/mapfiles/place_api/icons/v1/png_71/generic_business-71.png",
            "icon_background_color": "#7B9EB0",
            "icon_mask_base_uri": "https://maps.gstatic.com/mapfiles/place_api/icons/v2/generic_pinlet",
            "name": "PARK+",
            "opening_hours": {
                "open_now": false
            },
            "photos": [
                {
                    "height": 4032,
                    "html_attributions": [
                        "<a href=\"https://maps.google.com/maps/contrib/109990743725213034199\">miho atashi</a>"
                    ],
                    "photo_reference": "Aap_uEDEPKvS3G2Qtk6oG8Ed0rWZqO_HPf4P3h8NW9SgPMxTaF8Ytzo8CEEbQ005z7EEdUM-J1gIaazCFr11vrJEFDsxB8vzUdpB2dCHSO2noa0i5ax9Ym4fLkkCtyj4oQmAdV67su4DxF0vwztVIYfXVwcDIaSJvXpdCDFV8c8WpIlDKYwr",
                    "width": 3024
                }
            ],
            "place_id": "ChIJNwHzc6SLGGARxBtKkN533rs",
            "plus_code": {
                "compound_code": "MP43+CW 日本、東京都渋谷区",
                "global_code": "8Q7XMP43+CW"
            },
            "rating": 4.7,
            "reference": "ChIJNwHzc6SLGGARxBtKkN533rs",
            "scope": "GOOGLE",
            "types": [
                "amusement_park",
                "point_of_interest",
                "establishment"
            ],
            "user_ratings_total": 3,
            "vicinity": "渋谷区渋谷３丁目２７−１"
        },
        {
            "business_status": "OPERATIONAL",
            "geometry": {
                "location": {
                    "lat": 35.660543,
                    "lng": 139.7049588
                },
                "viewport": {
                    "northeast": {
                        "lat": 35.6618297802915,
                        "lng": 139.7063324302915
                    },
                    "southwest": {
                        "lat": 35.6591318197085,
                        "lng": 139.7036344697085
                    }
                }
            },
            "icon": "https://maps.gstatic.com/mapfiles/place_api/icons/v1/png_71/shopping-71.png",
            "icon_background_color": "#4B96F3",
            "icon_mask_base_uri": "https://maps.gstatic.com/mapfiles/place_api/icons/v2/shopping_pinlet",
            "name": "ドイツゲームスペース@Shibuya",
            "opening_hours": {
                "open_now": false
            },
            "photos": [
                {
                    "height": 420,
                    "html_attributions": [
                        "<a href=\"https://maps.google.com/maps/contrib/101637344018508419278\">ドイツゲームスペース@Shibuya</a>"
                    ],
                    "photo_reference": "Aap_uED5dkOQbppA29kY8O14SEdX_yL6XaOLhJlNCkBwsyGwtVVhpIVP5LVbG03xe3yyPlMiPc9GSFHDgJXdQlBIVDfPcAZR-hdGuO-941jGvswsnMVZroF__M0NSeLWbLjZCHNuocNFlXybVeq37EiL8yBMgN5bctBUuYvGGKxKEzk_p9FR",
                    "width": 451
                }
            ],
            "place_id": "ChIJCTf4lFiLGGAR2MWrD-UKhlk",
            "plus_code": {
                "compound_code": "MP63+6X 日本、東京都渋谷区",
                "global_code": "8Q7XMP63+6X"
            },
            "reference": "ChIJCTf4lFiLGGAR2MWrD-UKhlk",
            "scope": "GOOGLE",
            "types": [
                "amusement_park",
                "point_of_interest",
                "store",
                "establishment"
            ],
            "vicinity": "渋谷区渋谷１丁目１０−７ グローリア宮益坂Ⅲ1001"
        },
        {
            "business_status": "CLOSED_TEMPORARILY",
            "geometry": {
                "location": {
                    "lat": 35.6593887,
                    "lng": 139.7056429
                },
                "viewport": {
                    "northeast": {
                        "lat": 35.6607376802915,
                        "lng": 139.7069918802915
                    },
                    "southwest": {
                        "lat": 35.6580397197085,
                        "lng": 139.7042939197085
                    }
                }
            },
            "icon": "https://maps.gstatic.com/mapfiles/place_api/icons/v1/png_71/generic_business-71.png",
            "icon_background_color": "#7B9EB0",
            "icon_mask_base_uri": "https://maps.gstatic.com/mapfiles/place_api/icons/v2/generic_pinlet",
            "name": "AR謎解きゲーム 渋谷会場 by Pretia",
            "permanently_closed": true,
            "photos": [
                {
                    "height": 3843,
                    "html_attributions": [
                        "<a href=\"https://maps.google.com/maps/contrib/111689568203726533915\">AR謎解きゲーム 渋谷会場 by Pretia</a>"
                    ],
                    "photo_reference": "Aap_uEBSJVzUQ4hBbjWsVxaKqc3Yg5R_nXJs1wkL__oOS9Up1bhDVfcAW91V3lgMizXnV799SGu4_ZV_gopjAI6_3vUZHG4fgTTc7F4OQTsAiareBy4R_BwAPY7cGxvKEpNQSskeR2Yb-cU3Jm1uprYx64Z1yZlNOqWTzU2CEp1n8sSEMMOV",
                    "width": 5760
                }
            ],
            "place_id": "ChIJI8KaBQKLGGARWLPm0TYHZZE",
            "plus_code": {
                "compound_code": "MP54+Q7 日本、東京都渋谷区",
                "global_code": "8Q7XMP54+Q7"
            },
            "rating": 4.3,
            "reference": "ChIJI8KaBQKLGGARWLPm0TYHZZE",
            "scope": "GOOGLE",
            "types": [
                "amusement_park",
                "point_of_interest",
                "establishment"
            ],
            "user_ratings_total": 12,
            "vicinity": "岡崎ビル, 3階, ２丁目-１４-13 渋谷, 渋谷区"
        },
        {
            "business_status": "OPERATIONAL",
            "geometry": {
                "location": {
                    "lat": 35.6583582,
                    "lng": 139.7021708
                },
                "viewport": {
                    "northeast": {
                        "lat": 35.6595104302915,
                        "lng": 139.7036213802915
                    },
                    "southwest": {
                        "lat": 35.6568124697085,
                        "lng": 139.7009234197085
                    }
                }
            },
            "icon": "https://maps.gstatic.com/mapfiles/place_api/icons/v1/png_71/generic_business-71.png",
            "icon_background_color": "#7B9EB0",
            "icon_mask_base_uri": "https://maps.gstatic.com/mapfiles/place_api/icons/v2/generic_pinlet",
            "name": "NHKプラスクロスSHIBUYA",
            "opening_hours": {
                "open_now": false
            },
            "photos": [
                {
                    "height": 2250,
                    "html_attributions": [
                        "<a href=\"https://maps.google.com/maps/contrib/118325135467213984339\">廣木紀彦</a>"
                    ],
                    "photo_reference": "Aap_uEABMwSE3LTGQRWUgEQPfKRnmB32wZrrpdwKxJfb6dxNIEqUKUm7tYj5mgIUz_w-DAym-PaQg1zX__lmmU6qJOVThSovZIL5TgOD1qc7jXe-kT18P0anUbXS8G452wrTW3N38JB5dCR8Y78f0xvhoBupxnY19wt473ZNWnHfyTfA7Fc4",
                    "width": 4000
                }
            ],
            "place_id": "ChIJR4ZMSziLGGARQqAv-68ipHM",
            "plus_code": {
                "compound_code": "MP52+8V 日本、東京都渋谷区",
                "global_code": "8Q7XMP52+8V"
            },
            "rating": 3.6,
            "reference": "ChIJR4ZMSziLGGARQqAv-68ipHM",
            "scope": "GOOGLE",
            "types": [
                "amusement_park",
                "point_of_interest",
                "establishment"
            ],
            "user_ratings_total": 22,
            "vicinity": "渋谷区渋谷２丁目２４−１２ スクランブルスクエア １４Ｆ"
        }
    ],
    "status": "OK"
}