{
    "html_attributions": [],
    "results": [
        {
            "business_status": "OPERATIONAL",
            "geometry": {
                "location": {
                    "lat": 35.6509704,
                    "lng": 139.7105522
                },
                "viewport": {
                    "northeast": {
                        "lat": 35.6523282802915,
                        "lng": 139.7119636802915
                    },
                    "southwest": {
                        "lat": 35.6496303197085,
                        "lng": 139.7092657197085
                    }
                }
            },
            "icon": "https://maps.gstatic.com/mapfiles/place_api/icons/v1/png_71/park-71.png",
            "icon_background_color": "#4DB546",
            "icon_mask_base_uri": "https://maps.gstatic.com/mapfiles/place_api/icons/v2/tree_pinlet",
            "name": "渋谷区立東三丁目児童遊園地",
            "opening_hours": {
                "open_now": true
            },
            "photos": [
                {
                    "height": 3024,
                    "html_attributions": [
                        "<a href=\"https://maps.google.com/maps/contrib/114419082937879377625\">Michinobu S</a>"
                    ],
                    "photo_reference": "Aap_uEAJe-CFZJWTdjUptSHGdEVMQYfSKMSG5QMBr0aQKgmXPoyPsQvS4cnxEMtOnWqi_WFkxl848KVpK3kGkcq5wj_haK8QPS53KjV1Rm9yE01l6rtxz7RYWZDPrVB8lMIRaAAJ4qT1oz8wIlP5EY4Asyrs-E3paeyFK2D5thPKkTMGgLRh",
                    "width": 4032
                }
            ],
            "place_id": "ChIJNzCAFEKLGGARkv-S5-T3p8g",
            "plus_code": {
                "compound_code": "MP26+96 日本、東京都渋谷区",
                "global_code": "8Q7XMP26+96"
            },
            "rating": 3.5,
            "reference": "ChIJNzCAFEKLGGARkv-S5-T3p8g",
            "scope": "GOOGLE",
            "types": [
                "park",
                "point_of_interest",
                "establishment"
            ],
            "user_ratings_total": 4,
            "vicinity": "渋谷区東３丁目１２−６"
        }
    ],
    "status": "OK"
}