{
    "html_attributions": [],
    "results": [
        {
            "business_status": "OPERATIONAL",
            "geometry": {
                "location": {
                    "lat": 35.6416411,
                    "lng": 139.7132893
                },
                "viewport": {
                    "northeast": {
                        "lat": 35.6427402302915,
                        "lng": 139.7147864802915
                    },
                    "southwest": {
                        "lat": 35.6400422697085,
                        "lng": 139.7120885197085
                    }
                }
            },
            "icon": "https://maps.gstatic.com/mapfiles/place_api/icons/v1/png_71/museum-71.png",
            "icon_background_color": "#13B5C7",
            "icon_mask_base_uri": "https://maps.gstatic.com/mapfiles/place_api/icons/v2/museum_pinlet",
            "name": "東京都写真美術館",
            "opening_hours": {
                "open_now": false
            },
            "photos": [
                {
                    "height": 1365,
                    "html_attributions": [
                        "<a href=\"https://maps.google.com/maps/contrib/104603073216611257075\">東京都写真美術館</a>"
                    ],
                    "photo_reference": "Aap_uECvXBKC4xtEWDXdaLqtgFqlbI84E4CDQizx7m0MttG88K3fCqcbIjWj6honVx65khmT0lGHyctiKHe9xa3HL7WFeNucwM-lMFpENITOPdEBC9cehengMb36g-6DvcBoILPw0kdIzdjCcpgtkprtyVoS7FV-fo4M2UEuMPBA5fuhv9Hb",
                    "width": 2048
                }
            ],
            "place_id": "ChIJq6radhaLGGAR2-mAGeshrHk",
            "plus_code": {
                "compound_code": "JPR7+M8 日本、東京都目黒区",
                "global_code": "8Q7XJPR7+M8"
            },
            "rating": 4.3,
            "reference": "ChIJq6radhaLGGAR2-mAGeshrHk",
            "scope": "GOOGLE",
            "types": [
                "movie_theater",
                "library",
                "museum",
                "point_of_interest",
                "establishment"
            ],
            "user_ratings_total": 679,
            "vicinity": "目黒区三田１丁目１３−３ 恵比寿ガーデンプレイス内"
        },
        {
            "business_status": "CLOSED_TEMPORARILY",
            "geometry": {
                "location": {
                    "lat": 35.6422417,
                    "lng": 139.7145943
                },
                "viewport": {
                    "northeast": {
                        "lat": 35.6435906802915,
                        "lng": 139.7159432802915
                    },
                    "southwest": {
                        "lat": 35.6408927197085,
                        "lng": 139.7132453197085
                    }
                }
            },
            "icon": "https://maps.gstatic.com/mapfiles/place_api/icons/v1/png_71/movies-71.png",
            "icon_background_color": "#13B5C7",
            "icon_mask_base_uri": "https://maps.gstatic.com/mapfiles/place_api/icons/v2/movie_pinlet",
            "name": "恵比寿ガーデンシネマ",
            "permanently_closed": true,
            "photos": [
                {
                    "height": 2160,
                    "html_attributions": [
                        "<a href=\"https://maps.google.com/maps/contrib/118252634782609753961\">奈塚Q弥</a>"
                    ],
                    "photo_reference": "Aap_uEB9YkkRWBSuFfmIoXEVRhQU8pfJaghOuQCy2HtgzHM7VHWjmswVCZLVl9KXFIrStIMVpAQqqKb3b22aFHtRh-J2OuJtNo7tesnU6BjVz05pVsS2O-b3Z9kkhobxhg9Ze-IQNpzI-sHWCQFIhmrqHzb_H_Am3rrlXMTCAfkaelBynk6C",
                    "width": 3840
                }
            ],
            "place_id": "ChIJ4-dSnRaLGGARbWW-OsXKXUs",
            "plus_code": {
                "compound_code": "JPR7+VR 日本、東京都渋谷区",
                "global_code": "8Q7XJPR7+VR"
            },
            "rating": 4.3,
            "reference": "ChIJ4-dSnRaLGGARbWW-OsXKXUs",
            "scope": "GOOGLE",
            "types": [
                "movie_theater",
                "point_of_interest",
                "establishment"
            ],
            "user_ratings_total": 346,
            "vicinity": "渋谷区恵比寿４丁目２０−２"
        }
    ],
    "status": "OK"
}