{
    "html_attributions": [],
    "results": [
        {
            "business_status": "OPERATIONAL",
            "geometry": {
                "location": {
                    "lat": 35.64847999999999,
                    "lng": 139.7101102
                },
                "viewport": {
                    "northeast": {
                        "lat": 35.64982898029148,
                        "lng": 139.7114591802915
                    },
                    "southwest": {
                        "lat": 35.64713101970849,
                        "lng": 139.7087612197085
                    }
                }
            },
            "icon": "https://maps.gstatic.com/mapfiles/place_api/icons/v1/png_71/museum-71.png",
            "icon_background_color": "#13B5C7",
            "icon_mask_base_uri": "https://maps.gstatic.com/mapfiles/place_api/icons/v2/museum_pinlet",
            "name": "アトリエy恵比寿",
            "opening_hours": {
                "open_now": false
            },
            "photos": [
                {
                    "height": 1439,
                    "html_attributions": [
                        "<a href=\"https://maps.google.com/maps/contrib/106857320079825183539\">中林正希</a>"
                    ],
                    "photo_reference": "Aap_uEB1xCgf6H47MeImmUfe5TfXm6xDOMenOTQ7IVxiApMVXb055IStBsYGzPVesQCFxrrZeuBrLSrp4i2482I9yssmm5iTkz1wqF9EwKrUme2vZn5boe2IjKc-fqh4ayy2A_n0Uk3PH_rAcnZm4sVt03TwkpjSNhzrR_58wXBB8opOcvmX",
                    "width": 1440
                }
            ],
            "place_id": "ChIJ12EWVeKLGGARKTtJ7cujDIU",
            "plus_code": {
                "compound_code": "JPX6+92 日本、東京都渋谷区",
                "global_code": "8Q7XJPX6+92"
            },
            "rating": 3.9,
            "reference": "ChIJ12EWVeKLGGARKTtJ7cujDIU",
            "scope": "GOOGLE",
            "types": [
                "museum",
                "point_of_interest",
                "establishment"
            ],
            "user_ratings_total": 7,
            "vicinity": "渋谷区東３丁目２５−７ 2階"
        }
    ],
    "status": "OK"
}