{
    "html_attributions": [],
    "results": [
        {
            "business_status": "OPERATIONAL",
            "geometry": {
                "location": {
                    "lat": 35.643314,
                    "lng": 139.7044938
                },
                "viewport": {
                    "northeast": {
                        "lat": 35.6449608802915,
                        "lng": 139.7058196302915
                    },
                    "southwest": {
                        "lat": 35.6422629197085,
                        "lng": 139.7031216697085
                    }
                }
            },
            "icon": "https://maps.gstatic.com/mapfiles/place_api/icons/v1/png_71/park-71.png",
            "icon_background_color": "#4DB546",
            "icon_mask_base_uri": "https://maps.gstatic.com/mapfiles/place_api/icons/v2/tree_pinlet",
            "name": "別所坂児童遊園",
            "opening_hours": {
                "open_now": true
            },
            "photos": [
                {
                    "height": 3096,
                    "html_attributions": [
                        "<a href=\"https://maps.google.com/maps/contrib/103496919681172650749\">Sumita Jiro</a>"
                    ],
                    "photo_reference": "Aap_uEAc1R2Cnt6lTSeKlWi75i9uwh8iZo50GY8_nwbFYLXRZ2-MVTW-N89gRuGEXV7OAtNCAh2DZngzy6OVxYOLFA7c0qAmDSlww-PrzTJUUYTeUWSlQnKodNviKn9kGJdT1anngGfmg308C2HYCpj57jORb-nC-8RRQ9W3ycueYXJiBVIK",
                    "width": 4128
                }
            ],
            "place_id": "ChIJzzk7e0eLGGARHQHPNGtqMIQ",
            "plus_code": {
                "compound_code": "JPV3+8Q 日本、東京都目黒区",
                "global_code": "8Q7XJPV3+8Q"
            },
            "rating": 3.8,
            "reference": "ChIJzzk7e0eLGGARHQHPNGtqMIQ",
            "scope": "GOOGLE",
            "types": [
                "park",
                "point_of_interest",
                "establishment"
            ],
            "user_ratings_total": 20,
            "vicinity": "目黒区中目黒２丁目１−１９"
        },
        {
            "business_status": "OPERATIONAL",
            "geometry": {
                "location": {
                    "lat": 35.6413455,
                    "lng": 139.7052746
                },
                "viewport": {
                    "northeast": {
                        "lat": 35.6426944802915,
                        "lng": 139.7066235802915
                    },
                    "southwest": {
                        "lat": 35.6399965197085,
                        "lng": 139.7039256197085
                    }
                }
            },
            "icon": "https://maps.gstatic.com/mapfiles/place_api/icons/v1/png_71/park-71.png",
            "icon_background_color": "#4DB546",
            "icon_mask_base_uri": "https://maps.gstatic.com/mapfiles/place_api/icons/v2/tree_pinlet",
            "name": "防災備蓄倉庫",
            "place_id": "ChIJfXCdmJuLGGARp6gKve2c9EM",
            "plus_code": {
                "compound_code": "JPR4+G4 日本、東京都目黒区",
                "global_code": "8Q7XJPR4+G4"
            },
            "reference": "ChIJfXCdmJuLGGARp6gKve2c9EM",
            "scope": "GOOGLE",
            "types": [
                "park",
                "point_of_interest",
                "establishment"
            ],
            "vicinity": "目黒区中目黒２丁目３−１４"
        }
    ],
    "status": "OK"
}