{
    "html_attributions": [],
    "results": [
        {
            "business_status": "OPERATIONAL",
            "geometry": {
                "location": {
                    "lat": 35.648612,
                    "lng": 139.707328
                },
                "viewport": {
                    "northeast": {
                        "lat": 35.6499609802915,
                        "lng": 139.7086769802915
                    },
                    "southwest": {
                        "lat": 35.6472630197085,
                        "lng": 139.7059790197085
                    }
                }
            },
            "icon": "https://maps.gstatic.com/mapfiles/place_api/icons/v1/png_71/generic_business-71.png",
            "icon_background_color": "#7B9EB0",
            "icon_mask_base_uri": "https://maps.gstatic.com/mapfiles/place_api/icons/v2/generic_pinlet",
            "name": "ロムドシン",
            "opening_hours": {
                "open_now": false
            },
            "photos": [
                {
                    "height": 2160,
                    "html_attributions": [
                        "<a href=\"https://maps.google.com/maps/contrib/118252634782609753961\">奈塚Q弥</a>"
                    ],
                    "photo_reference": "Aap_uEBqwr16aUVECdKUAjIBMuxoIuIaGdJS5kfEdqA98Z3RhtuuPiqyogoccv6jkVbu1qJuiuzkZLXdk7AbqO_jNm6S1VmGi4hES8ltXrWohTvmO2R0cBoqFIyemgeM7343_AhdNI0KOYoURGnb-REagyENROPgdUdi-_9-pWiD18DvWaUT",
                    "width": 3840
                }
            ],
            "place_id": "ChIJDSWYWEGLGGAReroys8z0sis",
            "plus_code": {
                "compound_code": "JPX4+CW 日本、東京都渋谷区",
                "global_code": "8Q7XJPX4+CW"
            },
            "rating": 4.8,
            "reference": "ChIJDSWYWEGLGGAReroys8z0sis",
            "scope": "GOOGLE",
            "types": [
                "art_gallery",
                "point_of_interest",
                "establishment"
            ],
            "user_ratings_total": 6,
            "vicinity": "渋谷区恵比寿西１丁目１６−５ 小塙ビル"
        },
        {
            "business_status": "OPERATIONAL",
            "geometry": {
                "location": {
                    "lat": 35.6487784,
                    "lng": 139.707794
                },
                "viewport": {
                    "northeast": {
                        "lat": 35.65014953029149,
                        "lng": 139.7090907302915
                    },
                    "southwest": {
                        "lat": 35.6474515697085,
                        "lng": 139.7063927697085
                    }
                }
            },
            "icon": "https://maps.gstatic.com/mapfiles/place_api/icons/v1/png_71/generic_business-71.png",
            "icon_background_color": "#7B9EB0",
            "icon_mask_base_uri": "https://maps.gstatic.com/mapfiles/place_api/icons/v2/generic_pinlet",
            "name": "ACM Gallery",
            "opening_hours": {
                "open_now": false
            },
            "photos": [
                {
                    "height": 4000,
                    "html_attributions": [
                        "<a href=\"https://maps.google.com/maps/contrib/114198651573758190523\">ACM Gallery</a>"
                    ],
                    "photo_reference": "Aap_uEAf9NfBBYlZf-hkeMz8K13mpg4lg2gnAxWZ7NgS6Qe67HgB6e-hDjYfja-BrLKS8dwOSYhJE5q-7Nhyn5RVQjttGzUK5PzOXRp85ZltSX8EUm5kscejGipqsysxyD1iJUzZEpmrlc-FAx6AJnBqmKJcK8vKyq3tGmvenNPQ5pYQe8NJ",
                    "width": 6016
                }
            ],
            "place_id": "ChIJj5xTPaqLGGARppEeiX8g2FY",
            "plus_code": {
                "compound_code": "JPX5+G4 日本、東京都渋谷区",
                "global_code": "8Q7XJPX5+G4"
            },
            "rating": 5,
            "reference": "ChIJj5xTPaqLGGARppEeiX8g2FY",
            "scope": "GOOGLE",
            "types": [
                "art_gallery",
                "point_of_interest",
                "establishment"
            ],
            "user_ratings_total": 2,
            "vicinity": "渋谷区恵比寿西１丁目４−１１"
        },
        {
            "business_status": "OPERATIONAL",
            "geometry": {
                "location": {
                    "lat": 35.64892,
                    "lng": 139.7075737
                },
                "viewport": {
                    "northeast": {
                        "lat": 35.6502689802915,
                        "lng": 139.7089226802915
                    },
                    "southwest": {
                        "lat": 35.6475710197085,
                        "lng": 139.7062247197085
                    }
                }
            },
            "icon": "https://maps.gstatic.com/mapfiles/place_api/icons/v1/png_71/generic_business-71.png",
            "icon_background_color": "#7B9EB0",
            "icon_mask_base_uri": "https://maps.gstatic.com/mapfiles/place_api/icons/v2/generic_pinlet",
            "name": "FMCD Gallery Studio",
            "opening_hours": {
                "open_now": false
            },
            "photos": [
                {
                    "height": 809,
                    "html_attributions": [
                        "<a href=\"https://maps.google.com/maps/contrib/106126438455117619002\">FMCD Gallery Studio</a>"
                    ],
                    "photo_reference": "Aap_uEDAL9r76JaM-HHhq2CFXaHxaRZunqO7YE7HIkdpckVBN0bBU24Tc21spkUVBU3G41Y7UR4W25s1cppd-BqUuXQtL6f8KCHJofxU9HxaJq-XFmXJduI56VFeILDQKynQ_ltnlDPAYvRwXuf5QHvsQqntXLvOYAUBWCyVxymSV9NrBcai",
                    "width": 1440
                }
            ],
            "place_id": "ChIJc80c4UOLGGARiVICHY3Dit8",
            "plus_code": {
                "compound_code": "JPX5+H2 日本、東京都渋谷区",
                "global_code": "8Q7XJPX5+H2"
            },
            "rating": 3,
            "reference": "ChIJc80c4UOLGGARiVICHY3Dit8",
            "scope": "GOOGLE",
            "types": [
                "art_gallery",
                "point_of_interest",
                "establishment"
            ],
            "user_ratings_total": 3,
            "vicinity": "丸山ビル, 3F, １丁目-１６-1 恵比寿西, 渋谷区"
        },
        {
            "business_status": "OPERATIONAL",
            "geometry": {
                "location": {
                    "lat": 35.6484352,
                    "lng": 139.7070233
                },
                "viewport": {
                    "northeast": {
                        "lat": 35.6498563802915,
                        "lng": 139.7084224302915
                    },
                    "southwest": {
                        "lat": 35.6471584197085,
                        "lng": 139.7057244697085
                    }
                }
            },
            "icon": "https://maps.gstatic.com/mapfiles/place_api/icons/v1/png_71/generic_business-71.png",
            "icon_background_color": "#7B9EB0",
            "icon_mask_base_uri": "https://maps.gstatic.com/mapfiles/place_api/icons/v2/generic_pinlet",
            "name": "などや 恵比寿 | nadoya ebisu",
            "opening_hours": {
                "open_now": false
            },
            "photos": [
                {
                    "height": 2548,
                    "html_attributions": [
                        "<a href=\"https://maps.google.com/maps/contrib/107841150907803790759\">などや nadoya ebisu</a>"
                    ],
                    "photo_reference": "Aap_uEA1DP00lEGsRRbGQdAKr3lGmlKsdUBDhqCfyMgl1sF4um6nM-7wyaUH_0tV3L-DCrpjLDlmrp0F2d1WCMR1Gy-x2gIIq9XP1P-F9trVmCzrEVkJ5Qt39q5jIoJbbYDJVdaMSemJC4WfM46WV08jBFsrbLntMN47vU7_7G-Dd6n9LkNz",
                    "width": 3823
                }
            ],
            "place_id": "ChIJRdR59iaLGGAR_I2luLDQ4tI",
            "plus_code": {
                "compound_code": "JPX4+9R 日本、東京都渋谷区",
                "global_code": "8Q7XJPX4+9R"
            },
            "rating": 4.3,
            "reference": "ChIJRdR59iaLGGAR_I2luLDQ4tI",
            "scope": "GOOGLE",
            "types": [
                "art_gallery",
                "point_of_interest",
                "establishment"
            ],
            "user_ratings_total": 3,
            "vicinity": "渋谷区恵比寿西１丁目１７−１４"
        },
        {
            "business_status": "OPERATIONAL",
            "geometry": {
                "location": {
                    "lat": 35.6488177,
                    "lng": 139.7068526
                },
                "viewport": {
                    "northeast": {
                        "lat": 35.6501666802915,
                        "lng": 139.7082015802915
                    },
                    "southwest": {
                        "lat": 35.6474687197085,
                        "lng": 139.7055036197085
                    }
                }
            },
            "icon": "https://maps.gstatic.com/mapfiles/place_api/icons/v1/png_71/generic_business-71.png",
            "icon_background_color": "#7B9EB0",
            "icon_mask_base_uri": "https://maps.gstatic.com/mapfiles/place_api/icons/v2/generic_pinlet",
            "name": "west gallery NO DESIGN GALLERY",
            "opening_hours": {
                "open_now": false
            },
            "photos": [
                {
                    "height": 550,
                    "html_attributions": [
                        "<a href=\"https://maps.google.com/maps/contrib/112644189867892630387\">west gallery NO DESIGN GALLERY</a>"
                    ],
                    "photo_reference": "Aap_uEAvtMnCYLmeYecEwCGb_s-9fyT3fuHT3_IgR6weOwr5VySfcOEEXyCjos839FbGi1aJCFlUtg-vOU9RgkeB-PtqbckXTvQfNMKwKkSZEMFw-B-B0rz9xxGUSESVZpPX0QJuEMKPpf3BmWfO6VdHI6gpEYwpgNUQe7S69uQ3IkBKBsqN",
                    "width": 825
                }
            ],
            "place_id": "ChIJc0Crl2KLGGAR2v62W6ufpKc",
            "plus_code": {
                "compound_code": "JPX4+GP 日本、東京都渋谷区",
                "global_code": "8Q7XJPX4+GP"
            },
            "rating": 4,
            "reference": "ChIJc0Crl2KLGGAR2v62W6ufpKc",
            "scope": "GOOGLE",
            "types": [
                "art_gallery",
                "point_of_interest",
                "establishment"
            ],
            "user_ratings_total": 1,
            "vicinity": "渋谷区恵比寿西１丁目１６−８ 彰和ビル 1階"
        }
    ],
    "status": "OK"
}