{
    "html_attributions": [],
    "results": [
        {
            "business_status": "OPERATIONAL",
            "geometry": {
                "location": {
                    "lat": 35.6448841,
                    "lng": 139.7098938
                },
                "viewport": {
                    "northeast": {
                        "lat": 35.6462233302915,
                        "lng": 139.7111966302915
                    },
                    "southwest": {
                        "lat": 35.6435253697085,
                        "lng": 139.7084986697085
                    }
                }
            },
            "icon": "https://maps.gstatic.com/mapfiles/place_api/icons/v1/png_71/generic_business-71.png",
            "icon_background_color": "#7B9EB0",
            "icon_mask_base_uri": "https://maps.gstatic.com/mapfiles/place_api/icons/v2/generic_pinlet",
            "name": "PANOF E studio",
            "opening_hours": {
                "open_now": false
            },
            "photos": [
                {
                    "height": 500,
                    "html_attributions": [
                        "<a href=\"https://maps.google.com/maps/contrib/106395582434698425437\">PANOF E studio</a>"
                    ],
                    "photo_reference": "Aap_uEDkkHZo6x1Vo_axMj62vzbV0k2pw-sfuGBSkH1EPpq7GmhjoL7ilWeuDYuDEl7kNDHARKxlus9jNK42B_XFctwRQbDoMPuV8ZocttjVLggtta3DYAkVtSv1TV6Ly6V58lApGhlqgks676rc6zButAwP9ftCSKSdJ5zm0FSKDhKLAfqX",
                    "width": 904
                }
            ],
            "place_id": "ChIJ6_hEiT-LGGARR_7vYLjGWQ4",
            "plus_code": {
                "compound_code": "JPV5+XX 日本、東京都渋谷区",
                "global_code": "8Q7XJPV5+XX"
            },
            "rating": 3,
            "reference": "ChIJ6_hEiT-LGGARR_7vYLjGWQ4",
            "scope": "GOOGLE",
            "types": [
                "art_gallery",
                "point_of_interest",
                "establishment"
            ],
            "user_ratings_total": 9,
            "vicinity": "渋谷区恵比寿南１丁目１４−９ ホワイト レジデンス B2"
        }
    ],
    "status": "OK"
}