{
    "html_attributions": [],
    "results": [
        {
            "business_status": "CLOSED_TEMPORARILY",
            "geometry": {
                "location": {
                    "lat": 35.8571183,
                    "lng": 139.6562184
                },
                "viewport": {
                    "northeast": {
                        "lat": 35.8584672802915,
                        "lng": 139.6575673802915
                    },
                    "southwest": {
                        "lat": 35.8557693197085,
                        "lng": 139.6548694197085
                    }
                }
            },
            "icon": "https://maps.gstatic.com/mapfiles/place_api/icons/v1/png_71/cafe-71.png",
            "icon_background_color": "#FF9E67",
            "icon_mask_base_uri": "https://maps.gstatic.com/mapfiles/place_api/icons/v2/cafe_pinlet",
            "name": "浦和かき氷 蔦",
            "permanently_closed": true,
            "photos": [
                {
                    "height": 1152,
                    "html_attributions": [
                        "<a href=\"https://maps.google.com/maps/contrib/117510293920351082906\">budget kun</a>"
                    ],
                    "photo_reference": "Aap_uECb4X3LN3_qUYEk0GSgAewqSqTpriacQqcnK16VX8eIfLXFPsM466LCPwmcizLW51swPSkuxcmF0E80LzD7WlRfwDJYym0HO17sN8UowdjBa9Al5JwhoWNRt0xjQWUTjtqZqFE8WzzscUnc_KuHrmcpSBCmv2-mwTrsDp8ZWWyq_hJA",
                    "width": 2048
                }
            ],
            "place_id": "ChIJdZGrCYTqGGARxlaxpZOr7LY",
            "plus_code": {
                "compound_code": "VM44+RF 日本、埼玉県さいたま市",
                "global_code": "8Q7XVM44+RF"
            },
            "price_level": 2,
            "rating": 3.9,
            "reference": "ChIJdZGrCYTqGGARxlaxpZOr7LY",
            "scope": "GOOGLE",
            "types": [
                "cafe",
                "food",
                "point_of_interest",
                "establishment"
            ],
            "user_ratings_total": 240,
            "vicinity": "さいたま市浦和区高砂１丁目９−１１"
        }
    ],
    "status": "OK"
}