{
    "html_attributions": [],
    "results": [
        {
            "business_status": "OPERATIONAL",
            "geometry": {
                "location": {
                    "lat": 35.8569185,
                    "lng": 139.6560443
                },
                "viewport": {
                    "northeast": {
                        "lat": 35.8582362302915,
                        "lng": 139.6574039302915
                    },
                    "southwest": {
                        "lat": 35.8555382697085,
                        "lng": 139.6547059697085
                    }
                }
            },
            "icon": "https://maps.gstatic.com/mapfiles/place_api/icons/v1/png_71/museum-71.png",
            "icon_background_color": "#13B5C7",
            "icon_mask_base_uri": "https://maps.gstatic.com/mapfiles/place_api/icons/v2/museum_pinlet",
            "name": "テレビ東京アーカイブセンター",
            "place_id": "ChIJ-QfmkVnrGGAR4O7DhaHreF0",
            "plus_code": {
                "compound_code": "VM44+QC 日本、埼玉県さいたま市",
                "global_code": "8Q7XVM44+QC"
            },
            "reference": "ChIJ-QfmkVnrGGAR4O7DhaHreF0",
            "scope": "GOOGLE",
            "types": [
                "museum",
                "point_of_interest",
                "establishment"
            ],
            "vicinity": "さいたま市浦和区高砂１丁目９−７"
        }
    ],
    "status": "OK"
}