{
    "html_attributions": [],
    "results": [
        {
            "business_status": "OPERATIONAL",
            "geometry": {
                "location": {
                    "lat": 35.8587195,
                    "lng": 139.6591805
                },
                "viewport": {
                    "northeast": {
                        "lat": 35.8603495802915,
                        "lng": 139.6607092802915
                    },
                    "southwest": {
                        "lat": 35.85765161970851,
                        "lng": 139.6580113197085
                    }
                }
            },
            "icon": "https://maps.gstatic.com/mapfiles/place_api/icons/v1/png_71/museum-71.png",
            "icon_background_color": "#13B5C7",
            "icon_mask_base_uri": "https://maps.gstatic.com/mapfiles/place_api/icons/v2/museum_pinlet",
            "name": "映写室ミュージアム",
            "opening_hours": {
                "open_now": false
            },
            "photos": [
                {
                    "height": 4032,
                    "html_attributions": [
                        "<a href=\"https://maps.google.com/maps/contrib/112279479611893954362\">さいまさ</a>"
                    ],
                    "photo_reference": "Aap_uEBjxfg1K7c0Ib6yt6yVnkaF0DO6u5Aqlga0L2iDAInzuDtfVtitHMvAwJ9oUKoivbTe9bMykhGZIEn_gwo7chs_JYIbQl2j_bgYDiJs4oyoBA727s33ufEUGz4aGD8Igs20b82bX0jB-N987Si9KBg_GBpCM7dWdKNbQ85nHgwrarq9",
                    "width": 3024
                }
            ],
            "place_id": "ChIJoYtxOZ7rGGARNwEacKoh41o",
            "plus_code": {
                "compound_code": "VM55+FM 日本、埼玉県さいたま市",
                "global_code": "8Q7XVM55+FM"
            },
            "reference": "ChIJoYtxOZ7rGGARNwEacKoh41o",
            "scope": "GOOGLE",
            "types": [
                "museum",
                "point_of_interest",
                "establishment"
            ],
            "vicinity": "さいたま市浦和区東高砂町１１−１ 浦和PARCO 7F"
        }
    ],
    "status": "OK"
}