{
    "html_attributions": [],
    "results": [
        {
            "business_status": "OPERATIONAL",
            "geometry": {
                "location": {
                    "lat": 35.85741299999999,
                    "lng": 139.655193
                },
                "viewport": {
                    "northeast": {
                        "lat": 35.8587755302915,
                        "lng": 139.6566423302915
                    },
                    "southwest": {
                        "lat": 35.8560775697085,
                        "lng": 139.6539443697085
                    }
                }
            },
            "icon": "https://maps.gstatic.com/mapfiles/place_api/icons/v1/png_71/cafe-71.png",
            "icon_background_color": "#FF9E67",
            "icon_mask_base_uri": "https://maps.gstatic.com/mapfiles/place_api/icons/v2/cafe_pinlet",
            "name": "茶房コマ",
            "opening_hours": {
                "open_now": false
            },
            "photos": [
                {
                    "height": 4032,
                    "html_attributions": [
                        "<a href=\"https://maps.google.com/maps/contrib/106406721884181805218\">m hiroshi</a>"
                    ],
                    "photo_reference": "Aap_uEBMlnuNGIlM2OlktK68_s2tj0Csw3MNlp17m_AWiu6mivBFFvN2cPJBw3jJcAdxQx96vZAbbxNPzpBzN_Lm6uYd2IO-RNpaHmY1asXhYGwxQy5F16B38NWKDA6ot4NKRLxQlGKM7ViVZkOOGa6NfloHq5o4GgXzw5n3MKom_h5Nof4H",
                    "width": 3024
                }
            ],
            "place_id": "ChIJqalmV4HqGGARj1N-SRr1es0",
            "plus_code": {
                "compound_code": "VM44+X3 日本、埼玉県さいたま市",
                "global_code": "8Q7XVM44+X3"
            },
            "price_level": 2,
            "rating": 4.2,
            "reference": "ChIJqalmV4HqGGARj1N-SRr1es0",
            "scope": "GOOGLE",
            "types": [
                "cafe",
                "food",
                "point_of_interest",
                "store",
                "establishment"
            ],
            "user_ratings_total": 26,
            "vicinity": "さいたま市浦和区高砂２丁目１−２ 駒崎ビル"
        },
        {
            "business_status": "OPERATIONAL",
            "geometry": {
                "location": {
                    "lat": 35.8563882,
                    "lng": 139.6546377
                },
                "viewport": {
                    "northeast": {
                        "lat": 35.85773718029149,
                        "lng": 139.6559866802915
                    },
                    "southwest": {
                        "lat": 35.85503921970849,
                        "lng": 139.6532887197085
                    }
                }
            },
            "icon": "https://maps.gstatic.com/mapfiles/place_api/icons/v1/png_71/cafe-71.png",
            "icon_background_color": "#FF9E67",
            "icon_mask_base_uri": "https://maps.gstatic.com/mapfiles/place_api/icons/v2/cafe_pinlet",
            "name": "コミュニティサロン アラヰ",
            "opening_hours": {
                "open_now": false
            },
            "photos": [
                {
                    "height": 1200,
                    "html_attributions": [
                        "<a href=\"https://maps.google.com/maps/contrib/110432859794004341632\">usaharu</a>"
                    ],
                    "photo_reference": "Aap_uEAd0jwuofwDD5tY8uDrR-UKhNAzueuzPSfuzkN0yQbi2KjS3d-kcVrwus_NAmEnEHrYZRqPlKsrSuKi1j_guw7a9yF0V_fN1WQE97c7Bs9-htdf0Tq4y_MIiC4sht2h_2UYU8EimkXjQq-3FfFTc3pa7KM_WfwlJxi43TtHFk3ZaiBO",
                    "width": 1600
                }
            ],
            "place_id": "ChIJf0z10yXrGGARNLXd3_pIUEE",
            "plus_code": {
                "compound_code": "VM43+HV 日本、埼玉県さいたま市",
                "global_code": "8Q7XVM43+HV"
            },
            "reference": "ChIJf0z10yXrGGARNLXd3_pIUEE",
            "scope": "GOOGLE",
            "types": [
                "cafe",
                "food",
                "point_of_interest",
                "store",
                "establishment"
            ],
            "vicinity": "さいたま市浦和区岸町４丁目２６−１９ 新井ビル 1F"
        }
    ],
    "status": "OK"
}