{
    "html_attributions": [],
    "results": [
        {
            "business_status": "OPERATIONAL",
            "geometry": {
                "location": {
                    "lat": 35.8589567,
                    "lng": 139.6567628
                },
                "viewport": {
                    "northeast": {
                        "lat": 35.8603056802915,
                        "lng": 139.6581117802915
                    },
                    "southwest": {
                        "lat": 35.8576077197085,
                        "lng": 139.6554138197085
                    }
                }
            },
            "icon": "https://maps.gstatic.com/mapfiles/place_api/icons/v1/png_71/park-71.png",
            "icon_background_color": "#4DB546",
            "icon_mask_base_uri": "https://maps.gstatic.com/mapfiles/place_api/icons/v2/tree_pinlet",
            "name": "オリーブ広場",
            "photos": [
                {
                    "height": 2322,
                    "html_attributions": [
                        "<a href=\"https://maps.google.com/maps/contrib/100689039355298728862\">Ortelius Abraham</a>"
                    ],
                    "photo_reference": "Aap_uEB48T2XjVlgqecAwfDkfGSPx_PGc5bLQgbtGEydLvM4OnkMT5qLzTurxg59ZdO6Gh4qNgXwR8wPtuyr3dF1F5qNmhKZDnLYAcC7GKwptaHQhCDEITzz-qFaL4_fCvs6jTnUYcrYEHOgK3i4w6GtK-qBtU8CYjBvCgJI-pYsjVL4yQEL",
                    "width": 4128
                }
            ],
            "place_id": "ChIJKamWBnrrGGARKVmixv7dtGI",
            "plus_code": {
                "compound_code": "VM54+HP 日本、埼玉県さいたま市",
                "global_code": "8Q7XVM54+HP"
            },
            "reference": "ChIJKamWBnrrGGARKVmixv7dtGI",
            "scope": "GOOGLE",
            "types": [
                "park",
                "point_of_interest",
                "establishment"
            ],
            "vicinity": "さいたま市浦和区高砂１丁目１６−１１５−１"
        },
        {
            "business_status": "OPERATIONAL",
            "geometry": {
                "location": {
                    "lat": 35.85856130000001,
                    "lng": 139.6564107
                },
                "viewport": {
                    "northeast": {
                        "lat": 35.85988348029151,
                        "lng": 139.6576461802915
                    },
                    "southwest": {
                        "lat": 35.85718551970851,
                        "lng": 139.6549482197085
                    }
                }
            },
            "icon": "https://maps.gstatic.com/mapfiles/place_api/icons/v1/png_71/park-71.png",
            "icon_background_color": "#4DB546",
            "icon_mask_base_uri": "https://maps.gstatic.com/mapfiles/place_api/icons/v2/tree_pinlet",
            "name": "中ノ島",
            "opening_hours": {
                "open_now": true
            },
            "photos": [
                {
                    "height": 2240,
                    "html_attributions": [
                        "<a href=\"https://maps.google.com/maps/contrib/107911181590692470410\">Akira hasawei</a>"
                    ],
                    "photo_reference": "Aap_uEC9lNg8OL6DcS1iuhLd7G-FPoVV7Z_6d8ZRw45pT-eh5XtVPp6qCFT8v7JuSdrKPHtWfuO0Ywxlvz5-59Fhd05x4nCV-7ttyY3JsCRw_3S2Lse5dlKncOg31DzbsQj9pDKV2cLcbkdZCMWsF0O-Go5O-ZymubWajGZIRs9l6msdlijC",
                    "width": 3968
                }
            ],
            "place_id": "ChIJgVvtwYPqGGARsw6_Xm1-bvY",
            "plus_code": {
                "compound_code": "VM54+CH 日本、埼玉県さいたま市",
                "global_code": "8Q7XVM54+CH"
            },
            "rating": 3.7,
            "reference": "ChIJgVvtwYPqGGARsw6_Xm1-bvY",
            "scope": "GOOGLE",
            "types": [
                "park",
                "point_of_interest",
                "establishment"
            ],
            "user_ratings_total": 6,
            "vicinity": "さいたま市浦和区高砂１丁目１１"
        },
        {
            "business_status": "OPERATIONAL",
            "geometry": {
                "location": {
                    "lat": 35.8591472,
                    "lng": 139.6565204
                },
                "viewport": {
                    "northeast": {
                        "lat": 35.86023583029149,
                        "lng": 139.6575783802915
                    },
                    "southwest": {
                        "lat": 35.85753786970849,
                        "lng": 139.6548804197085
                    }
                }
            },
            "icon": "https://maps.gstatic.com/mapfiles/place_api/icons/v1/png_71/camping-71.png",
            "icon_background_color": "#4DB546",
            "icon_mask_base_uri": "https://maps.gstatic.com/mapfiles/place_api/icons/v2/camping_pinlet",
            "name": "デパそらURAWA",
            "opening_hours": {
                "open_now": false
            },
            "photos": [
                {
                    "height": 4016,
                    "html_attributions": [
                        "<a href=\"https://maps.google.com/maps/contrib/104749603867895012332\">デパそらURAWA</a>"
                    ],
                    "photo_reference": "Aap_uEBfW_9U9eJoo6KmDmXcmTv6UxDBgLGYdqvbuaAexVVjdA6Y-vPkpKrh7XKTadBmtdXVxJF6twH0JnjUrQO90qvGNNmw7HDBbz2jFDJSN__HcGQwwwa_-LE6qckMLX8Aaf0-wyhULhcuI3AQZ9krztL3jpdULKxVRqpd8vHcyh-tkxHS",
                    "width": 6016
                }
            ],
            "place_id": "ChIJKR8WrvDrGGARwL6IeITHQLg",
            "plus_code": {
                "compound_code": "VM54+MJ 日本、埼玉県さいたま市",
                "global_code": "8Q7XVM54+MJ"
            },
            "rating": 5,
            "reference": "ChIJKR8WrvDrGGARwL6IeITHQLg",
            "scope": "GOOGLE",
            "types": [
                "campground",
                "lodging",
                "park",
                "point_of_interest",
                "establishment"
            ],
            "user_ratings_total": 5,
            "vicinity": "さいたま市浦和区高砂１丁目１５−１ 屋上(R階 伊勢丹浦和店"
        },
        {
            "business_status": "OPERATIONAL",
            "geometry": {
                "location": {
                    "lat": 35.8568475,
                    "lng": 139.656518
                },
                "viewport": {
                    "northeast": {
                        "lat": 35.8581964802915,
                        "lng": 139.6578669802915
                    },
                    "southwest": {
                        "lat": 35.8554985197085,
                        "lng": 139.6551690197085
                    }
                }
            },
            "icon": "https://maps.gstatic.com/mapfiles/place_api/icons/v1/png_71/park-71.png",
            "icon_background_color": "#4DB546",
            "icon_mask_base_uri": "https://maps.gstatic.com/mapfiles/place_api/icons/v2/tree_pinlet",
            "name": "高砂1丁目公園",
            "opening_hours": {
                "open_now": true
            },
            "photos": [
                {
                    "height": 1333,
                    "html_attributions": [
                        "<a href=\"https://maps.google.com/maps/contrib/102993742643589716386\">windmind4</a>"
                    ],
                    "photo_reference": "Aap_uEBh__6U20rzSwOztyjcz-kwBuPRBsNpVUQ6k2Eq_mdYSnXoSXvxIUlo5OiFcNTsEt04Auqt9k1hX_jrZ41hEAzPTLpoZ71cPy2Ckpi4aZg1j6zBa-Ek-eszZQtbruHh4441LWrY3YJ18K6PVqUb92BvT3bP7G9_b_4zDaENgQjAjs3G",
                    "width": 2000
                }
            ],
            "place_id": "ChIJowGDDYTqGGAR9yyyxzHxdDY",
            "plus_code": {
                "compound_code": "VM44+PJ 日本、埼玉県さいたま市",
                "global_code": "8Q7XVM44+PJ"
            },
            "rating": 4.3,
            "reference": "ChIJowGDDYTqGGAR9yyyxzHxdDY",
            "scope": "GOOGLE",
            "types": [
                "park",
                "point_of_interest",
                "establishment"
            ],
            "user_ratings_total": 3,
            "vicinity": "さいたま市浦和区高砂１丁目９−１１"
        }
    ],
    "status": "OK"
}