{
    "html_attributions": [],
    "results": [
        {
            "business_status": "OPERATIONAL",
            "geometry": {
                "location": {
                    "lat": 35.8594726,
                    "lng": 139.6568814
                },
                "viewport": {
                    "northeast": {
                        "lat": 35.86052413029151,
                        "lng": 139.6581214302915
                    },
                    "southwest": {
                        "lat": 35.85782616970851,
                        "lng": 139.6554234697085
                    }
                }
            },
            "icon": "https://maps.gstatic.com/mapfiles/place_api/icons/v1/png_71/cafe-71.png",
            "icon_background_color": "#FF9E67",
            "icon_mask_base_uri": "https://maps.gstatic.com/mapfiles/place_api/icons/v2/cafe_pinlet",
            "name": "スターバックス コーヒー 浦和 蔦屋書店",
            "opening_hours": {
                "open_now": true
            },
            "photos": [
                {
                    "height": 714,
                    "html_attributions": [
                        "<a href=\"https://maps.google.com/maps/contrib/102261758134944039189\">Quốc Thắng</a>"
                    ],
                    "photo_reference": "Aap_uECMtVNAoZutFwtiK-R5oUMvgxWPqwLFnOCgAKfYyUTttGsbalti9tXF0g22sDWLx6cQzvAEg52hQ5jyC5IuYh8bNTuXjL5sGuZ69UUTnKfAGsNWCYtpQFDwmlGFbmn7zNO2sv9IOV2QvITfj1VHu8-QGj7E3zh9uRi0z68ilZU2Wo8T",
                    "width": 1284
                }
            ],
            "place_id": "ChIJcyzAnoPqGGAR6H9GbtzJz6Q",
            "plus_code": {
                "compound_code": "VM54+QQ 日本、埼玉県さいたま市",
                "global_code": "8Q7XVM54+QQ"
            },
            "price_level": 2,
            "rating": 3.9,
            "reference": "ChIJcyzAnoPqGGAR6H9GbtzJz6Q",
            "scope": "GOOGLE",
            "types": [
                "cafe",
                "meal_takeaway",
                "restaurant",
                "food",
                "point_of_interest",
                "store",
                "establishment"
            ],
            "user_ratings_total": 221,
            "vicinity": "さいたま市浦和区高砂１丁目１６−１２ アトレ浦和"
        }
    ],
    "status": "OK"
}