{
    "html_attributions": [],
    "results": [
        {
            "business_status": "OPERATIONAL",
            "geometry": {
                "location": {
                    "lat": 35.8574424,
                    "lng": 139.6588875
                },
                "viewport": {
                    "northeast": {
                        "lat": 35.8587913802915,
                        "lng": 139.6602364802915
                    },
                    "southwest": {
                        "lat": 35.8560934197085,
                        "lng": 139.6575385197085
                    }
                }
            },
            "icon": "https://maps.gstatic.com/mapfiles/place_api/icons/v1/png_71/generic_business-71.png",
            "icon_background_color": "#7B9EB0",
            "icon_mask_base_uri": "https://maps.gstatic.com/mapfiles/place_api/icons/v2/generic_pinlet",
            "name": "常盤珈琲焙煎所 浦和店",
            "opening_hours": {
                "open_now": false
            },
            "photos": [
                {
                    "height": 3024,
                    "html_attributions": [
                        "<a href=\"https://maps.google.com/maps/contrib/102356488748338251814\">ねこたん。</a>"
                    ],
                    "photo_reference": "Aap_uEBYqtcKo0YbujL0mC_icMnoZ213WE-jY4y3AXGIQ_nz5qQ0_aB3UtvNZSYjzzDtQvDK313DXgHvsLx-xDE2eK5XSjKyA2WoffsM7e_wWO69Wk6tdiiQLhjJNgnQPj9U8gsKx4HMgT8XdLvPKhqGP_Rj_JLkjk8k8IjvtfXjxMrhFcQi",
                    "width": 4032
                }
            ],
            "place_id": "ChIJi5_jk4TqGGARPujij6VPXHQ",
            "plus_code": {
                "compound_code": "VM45+XH 日本、埼玉県さいたま市",
                "global_code": "8Q7XVM45+XH"
            },
            "price_level": 2,
            "rating": 4.1,
            "reference": "ChIJi5_jk4TqGGARPujij6VPXHQ",
            "scope": "GOOGLE",
            "types": [
                "cafe",
                "food",
                "point_of_interest",
                "store",
                "establishment"
            ],
            "user_ratings_total": 74,
            "vicinity": "さいたま市浦和区東高砂町９−２０"
        }
    ],
    "status": "OK"
}