{
    "html_attributions": [],
    "results": [
        {
            "business_status": "OPERATIONAL",
            "geometry": {
                "location": {
                    "lat": 35.8607545,
                    "lng": 139.6600531
                },
                "viewport": {
                    "northeast": {
                        "lat": 35.8620843302915,
                        "lng": 139.6615608302915
                    },
                    "southwest": {
                        "lat": 35.8593863697085,
                        "lng": 139.6588628697085
                    }
                }
            },
            "icon": "https://maps.gstatic.com/mapfiles/place_api/icons/v1/png_71/museum-71.png",
            "icon_background_color": "#13B5C7",
            "icon_mask_base_uri": "https://maps.gstatic.com/mapfiles/place_api/icons/v2/museum_pinlet",
            "name": "老人福祉センター仲本荘",
            "photos": [
                {
                    "height": 3840,
                    "html_attributions": [
                        "<a href=\"https://maps.google.com/maps/contrib/106610080512911100778\">ウーポンアーサック</a>"
                    ],
                    "photo_reference": "Aap_uECwX_YVh_VI2MdSf1kmoN_lf2nBtYRqdlBppRvFPlVD9CIVhRw05BKjar9mrMgS7T8OQn5D3nrZA2QTqMBWZb_VzNgrKiU3i-qbbUW-nWBTwRfe3-VMPfdQSs8xjmyYVw2Yqjeyftzsvl2GutU8SqR7MEWiXoVGsR7dXlI4LBt5U8NT",
                    "width": 2160
                }
            ],
            "place_id": "ChIJPxx-yerrGGARW0C6yVgnoqc",
            "plus_code": {
                "compound_code": "VM66+82 日本、埼玉県さいたま市",
                "global_code": "8Q7XVM66+82"
            },
            "rating": 4.3,
            "reference": "ChIJPxx-yerrGGARW0C6yVgnoqc",
            "scope": "GOOGLE",
            "types": [
                "museum",
                "point_of_interest",
                "establishment"
            ],
            "user_ratings_total": 4,
            "vicinity": "さいたま市浦和区東仲町２８−１５"
        }
    ],
    "status": "OK"
}