{
    "html_attributions": [],
    "results": [
        {
            "business_status": "OPERATIONAL",
            "geometry": {
                "location": {
                    "lat": 35.8631105,
                    "lng": 139.6561439
                },
                "viewport": {
                    "northeast": {
                        "lat": 35.8644741302915,
                        "lng": 139.6574969802915
                    },
                    "southwest": {
                        "lat": 35.86177616970851,
                        "lng": 139.6547990197085
                    }
                }
            },
            "icon": "https://maps.gstatic.com/mapfiles/place_api/icons/v1/png_71/park-71.png",
            "icon_background_color": "#4DB546",
            "icon_mask_base_uri": "https://maps.gstatic.com/mapfiles/place_api/icons/v2/tree_pinlet",
            "name": "本太2丁目第一公園",
            "opening_hours": {
                "open_now": true
            },
            "place_id": "ChIJ6xRfkinAGGARQMuFtLR7g4M",
            "plus_code": {
                "compound_code": "VM74+6F 日本、埼玉県さいたま市",
                "global_code": "8Q7XVM74+6F"
            },
            "rating": 3.5,
            "reference": "ChIJ6xRfkinAGGARQMuFtLR7g4M",
            "scope": "GOOGLE",
            "types": [
                "park",
                "point_of_interest",
                "establishment"
            ],
            "user_ratings_total": 2,
            "vicinity": "さいたま市浦和区本太２丁目２−８"
        },
        {
            "business_status": "OPERATIONAL",
            "geometry": {
                "location": {
                    "lat": 35.8620149,
                    "lng": 139.6555242
                },
                "viewport": {
                    "northeast": {
                        "lat": 35.86338748029149,
                        "lng": 139.6569268302915
                    },
                    "southwest": {
                        "lat": 35.8606895197085,
                        "lng": 139.6542288697085
                    }
                }
            },
            "icon": "https://maps.gstatic.com/mapfiles/place_api/icons/v1/png_71/park-71.png",
            "icon_background_color": "#4DB546",
            "icon_mask_base_uri": "https://maps.gstatic.com/mapfiles/place_api/icons/v2/tree_pinlet",
            "name": "東通りでんしゃ公園",
            "opening_hours": {
                "open_now": true
            },
            "photos": [
                {
                    "height": 2160,
                    "html_attributions": [
                        "<a href=\"https://maps.google.com/maps/contrib/118252634782609753961\">奈塚Q弥</a>"
                    ],
                    "photo_reference": "Aap_uED4v3Y1cr5IjMQDdsluQP6IsaY7YEWu0RAcWA68TeaaWeiZJ6dGcxX_haIrURwLAyGmCLz4pZb_9ApcfsFLlYU9AV-7HW0sxxyGeCYMI0oPBRAVWi6EFNIQ1GWxdB0qXe-VtHX2tW1zml9spahsDnoAjz6Zbj-NShHbOsYW20YvMPoN",
                    "width": 3840
                }
            ],
            "place_id": "ChIJB88U-CnAGGAR2ZZryDOiJnI",
            "plus_code": {
                "compound_code": "VM64+R6 日本、埼玉県さいたま市",
                "global_code": "8Q7XVM64+R6"
            },
            "rating": 3.7,
            "reference": "ChIJB88U-CnAGGAR2ZZryDOiJnI",
            "scope": "GOOGLE",
            "types": [
                "park",
                "point_of_interest",
                "establishment"
            ],
            "user_ratings_total": 43,
            "vicinity": "さいたま市浦和区東仲町３−１８"
        },
        {
            "business_status": "OPERATIONAL",
            "geometry": {
                "location": {
                    "lat": 35.861781,
                    "lng": 139.655017
                },
                "viewport": {
                    "northeast": {
                        "lat": 35.8631299802915,
                        "lng": 139.6563659802915
                    },
                    "southwest": {
                        "lat": 35.8604320197085,
                        "lng": 139.6536680197085
                    }
                }
            },
            "icon": "https://maps.gstatic.com/mapfiles/place_api/icons/v1/png_71/park-71.png",
            "icon_background_color": "#4DB546",
            "icon_mask_base_uri": "https://maps.gstatic.com/mapfiles/place_api/icons/v2/tree_pinlet",
            "name": "浦和仲町1丁目ひろば",
            "opening_hours": {
                "open_now": true
            },
            "photos": [
                {
                    "height": 2000,
                    "html_attributions": [
                        "<a href=\"https://maps.google.com/maps/contrib/102993742643589716386\">windmind4</a>"
                    ],
                    "photo_reference": "Aap_uEBO_tJlQERHTE-MzWManfioyXfdCTA-Drage1aJJjxo4VnlEL1IQHQwJn1cc6DsWJ-Ks4Yv-KG_Ygtqku23p_F0dp8kIY3ClNZYtlquIXGO_sd-MwriWOLqLQyEVuUqMDYRp-lggkdJU26_M-mpDSSw-_pn-UOsJSs3FVjahiuIEFvy",
                    "width": 1333
                }
            ],
            "place_id": "ChIJJZFgBCrAGGARUSwyVgVCR-0",
            "plus_code": {
                "compound_code": "VM64+P2 日本、埼玉県さいたま市",
                "global_code": "8Q7XVM64+P2"
            },
            "rating": 3.5,
            "reference": "ChIJJZFgBCrAGGARUSwyVgVCR-0",
            "scope": "GOOGLE",
            "types": [
                "park",
                "point_of_interest",
                "establishment"
            ],
            "user_ratings_total": 4,
            "vicinity": "さいたま市浦和区仲町１丁目１３"
        },
        {
            "business_status": "OPERATIONAL",
            "geometry": {
                "location": {
                    "lat": 35.8633735,
                    "lng": 139.6555953
                },
                "viewport": {
                    "northeast": {
                        "lat": 35.8647462802915,
                        "lng": 139.6569103802915
                    },
                    "southwest": {
                        "lat": 35.8620483197085,
                        "lng": 139.6542124197085
                    }
                }
            },
            "icon": "https://maps.gstatic.com/mapfiles/place_api/icons/v1/png_71/park-71.png",
            "icon_background_color": "#4DB546",
            "icon_mask_base_uri": "https://maps.gstatic.com/mapfiles/place_api/icons/v2/tree_pinlet",
            "name": "本太2丁目第二公園",
            "opening_hours": {
                "open_now": true
            },
            "place_id": "ChIJm5E2hinAGGAR63VsyFAWMA8",
            "plus_code": {
                "compound_code": "VM74+86 日本、埼玉県さいたま市",
                "global_code": "8Q7XVM74+86"
            },
            "reference": "ChIJm5E2hinAGGAR63VsyFAWMA8",
            "scope": "GOOGLE",
            "types": [
                "park",
                "point_of_interest",
                "establishment"
            ],
            "vicinity": "さいたま市浦和区本太３丁目４−１３"
        }
    ],
    "status": "OK"
}