{
    "html_attributions": [],
    "results": [
        {
            "business_status": "OPERATIONAL",
            "geometry": {
                "location": {
                    "lat": 35.85966740000001,
                    "lng": 139.6544517
                },
                "viewport": {
                    "northeast": {
                        "lat": 35.8610365302915,
                        "lng": 139.6558753302915
                    },
                    "southwest": {
                        "lat": 35.8583385697085,
                        "lng": 139.6531773697085
                    }
                }
            },
            "icon": "https://maps.gstatic.com/mapfiles/place_api/icons/v1/png_71/cafe-71.png",
            "icon_background_color": "#FF9E67",
            "icon_mask_base_uri": "https://maps.gstatic.com/mapfiles/place_api/icons/v2/cafe_pinlet",
            "name": "タリーズコーヒー 浦和仲町店",
            "opening_hours": {
                "open_now": true
            },
            "photos": [
                {
                    "height": 750,
                    "html_attributions": [
                        "<a href=\"https://maps.google.com/maps/contrib/106595554756553826139\">イッチャン</a>"
                    ],
                    "photo_reference": "Aap_uEBl6c3D_IYt4D8vvF-DwAcdynbTYBrE_icPMs4VELXAoiJSZ78P0KV2WTECUVsFqxcH3lrb5wT92v_GfveCCdj8gc4-6vz9272Po4ANqNLIVhbrPQimF2Yuw42OG5r5KI23mlxxkBp8GcJ5cWm-4oR1OXxcA-dnuZb-cKd1u5mApZBU",
                    "width": 750
                }
            ],
            "place_id": "ChIJR99WuIHqGGAR_3c4TVpDyS8",
            "plus_code": {
                "compound_code": "VM53+VQ 日本、埼玉県さいたま市",
                "global_code": "8Q7XVM53+VQ"
            },
            "price_level": 2,
            "rating": 3.8,
            "reference": "ChIJR99WuIHqGGAR_3c4TVpDyS8",
            "scope": "GOOGLE",
            "types": [
                "cafe",
                "food",
                "point_of_interest",
                "store",
                "establishment"
            ],
            "user_ratings_total": 194,
            "vicinity": "さいたま市浦和区仲町１丁目４−１０"
        },
        {
            "business_status": "OPERATIONAL",
            "geometry": {
                "location": {
                    "lat": 35.8599616,
                    "lng": 139.6552824
                },
                "viewport": {
                    "northeast": {
                        "lat": 35.8613506302915,
                        "lng": 139.6566237802915
                    },
                    "southwest": {
                        "lat": 35.8586526697085,
                        "lng": 139.6539258197085
                    }
                }
            },
            "icon": "https://maps.gstatic.com/mapfiles/place_api/icons/v1/png_71/cafe-71.png",
            "icon_background_color": "#FF9E67",
            "icon_mask_base_uri": "https://maps.gstatic.com/mapfiles/place_api/icons/v2/cafe_pinlet",
            "name": "たまごやきーた",
            "place_id": "ChIJzXqiN2LrGGARmHNIk4NvGzg",
            "plus_code": {
                "compound_code": "VM54+X4 日本、埼玉県さいたま市",
                "global_code": "8Q7XVM54+X4"
            },
            "reference": "ChIJzXqiN2LrGGARmHNIk4NvGzg",
            "scope": "GOOGLE",
            "types": [
                "cafe",
                "food",
                "point_of_interest",
                "establishment"
            ],
            "vicinity": "さいたま市浦和区仲町１丁目２−８"
        },
        {
            "business_status": "OPERATIONAL",
            "geometry": {
                "location": {
                    "lat": 35.860038,
                    "lng": 139.655895
                },
                "viewport": {
                    "northeast": {
                        "lat": 35.86138698029149,
                        "lng": 139.6572439802915
                    },
                    "southwest": {
                        "lat": 35.85868901970849,
                        "lng": 139.6545460197085
                    }
                }
            },
            "icon": "https://maps.gstatic.com/mapfiles/place_api/icons/v1/png_71/restaurant-71.png",
            "icon_background_color": "#FF9E67",
            "icon_mask_base_uri": "https://maps.gstatic.com/mapfiles/place_api/icons/v2/restaurant_pinlet",
            "name": "ミスタードーナツ 浦和西口ショップ",
            "opening_hours": {
                "open_now": true
            },
            "photos": [
                {
                    "height": 2160,
                    "html_attributions": [
                        "<a href=\"https://maps.google.com/maps/contrib/118252634782609753961\">奈塚Q弥</a>"
                    ],
                    "photo_reference": "Aap_uEAJY31WgM9_NOftp0dhbm6dAz4HpFYlulMzXEkBBKM4eALWO1MTW7mbNz9LjEwowUuceta07WH0k2TzyDZbWbU-k-1NUBuLHoy1WlktycewifsAdojOl0_ULDGDhbJQMWoAPc-MpDWvOh8E01Q3dy2374jQQEKisL2gZQLjjHarD4M7",
                    "width": 3840
                }
            ],
            "place_id": "ChIJT2p4JYLqGGARhjlsbyQOTnw",
            "plus_code": {
                "compound_code": "VM64+29 日本、埼玉県さいたま市",
                "global_code": "8Q7XVM64+29"
            },
            "price_level": 2,
            "rating": 3.6,
            "reference": "ChIJT2p4JYLqGGARhjlsbyQOTnw",
            "scope": "GOOGLE",
            "types": [
                "bakery",
                "meal_takeaway",
                "cafe",
                "restaurant",
                "food",
                "point_of_interest",
                "store",
                "establishment"
            ],
            "user_ratings_total": 105,
            "vicinity": "さいたま市浦和区仲町１丁目１−１０"
        },
        {
            "business_status": "OPERATIONAL",
            "geometry": {
                "location": {
                    "lat": 35.859626,
                    "lng": 139.655561
                },
                "viewport": {
                    "northeast": {
                        "lat": 35.8609816302915,
                        "lng": 139.6569651302915
                    },
                    "southwest": {
                        "lat": 35.8582836697085,
                        "lng": 139.6542671697085
                    }
                }
            },
            "icon": "https://maps.gstatic.com/mapfiles/place_api/icons/v1/png_71/restaurant-71.png",
            "icon_background_color": "#FF9E67",
            "icon_mask_base_uri": "https://maps.gstatic.com/mapfiles/place_api/icons/v2/restaurant_pinlet",
            "name": "マクドナルド 浦和仲町店",
            "opening_hours": {
                "open_now": true
            },
            "photos": [
                {
                    "height": 2160,
                    "html_attributions": [
                        "<a href=\"https://maps.google.com/maps/contrib/118252634782609753961\">奈塚Q弥</a>"
                    ],
                    "photo_reference": "Aap_uECuAPwrOvD5H_WBxRHvufIkaOiAbiu8Ytn87Lo0zziEzvhvJS3izTZtqIgJnMbDsBgVxasV0WXRq1jC_46lLCliOQRzZXQ7FVjH0QmCszEmOymMIEYXJd1FR-Y0xCLAytdRJRNWYeByu-WGh9IM2tqOR35e3xMb2NPvwV-27I1hTZJb",
                    "width": 3840
                }
            ],
            "place_id": "ChIJmc4nKoLqGGARkIbyWAkZDj4",
            "plus_code": {
                "compound_code": "VM54+V6 日本、埼玉県さいたま市",
                "global_code": "8Q7XVM54+V6"
            },
            "price_level": 1,
            "rating": 3.4,
            "reference": "ChIJmc4nKoLqGGARkIbyWAkZDj4",
            "scope": "GOOGLE",
            "types": [
                "cafe",
                "restaurant",
                "food",
                "point_of_interest",
                "store",
                "establishment"
            ],
            "user_ratings_total": 665,
            "vicinity": "さいたま市浦和区仲町１丁目２−１４"
        }
    ],
    "status": "OK"
}