{
    "html_attributions": [],
    "results": [
        {
            "business_status": "OPERATIONAL",
            "geometry": {
                "location": {
                    "lat": 35.4382945,
                    "lng": 139.651503
                },
                "viewport": {
                    "northeast": {
                        "lat": 35.43964348029149,
                        "lng": 139.6528519802915
                    },
                    "southwest": {
                        "lat": 35.43694551970849,
                        "lng": 139.6501540197085
                    }
                }
            },
            "icon": "https://maps.gstatic.com/mapfiles/place_api/icons/v1/png_71/park-71.png",
            "icon_background_color": "#4DB546",
            "icon_mask_base_uri": "https://maps.gstatic.com/mapfiles/place_api/icons/v2/tree_pinlet",
            "name": "元町公園",
            "opening_hours": {
                "open_now": true
            },
            "photos": [
                {
                    "height": 2448,
                    "html_attributions": [
                        "<a href=\"https://maps.google.com/maps/contrib/103067408033665982483\">yu kura</a>"
                    ],
                    "photo_reference": "Aap_uECqmvmjSiUWZ9aRdBk2SYzaU0qW4oT5YAgOZuDIqcAl-xsaLBDgAO36xDXPsW6iO4q31azwjcZB0fh2r3lm69FDDwmPkugE4z381md5CIOb6xUD4f7g9nNobCRHtKyHxe1e7G_R3xGTF46yjVcfj9eDquatYsa9ysZSj24vMM6NOUAi",
                    "width": 3264
                }
            ],
            "place_id": "ChIJfTgh8h9dGGAR9gemfe29JFE",
            "plus_code": {
                "compound_code": "CMQ2+8J 日本、神奈川県横浜市",
                "global_code": "8Q7XCMQ2+8J"
            },
            "rating": 4.1,
            "reference": "ChIJfTgh8h9dGGAR9gemfe29JFE",
            "scope": "GOOGLE",
            "types": [
                "park",
                "tourist_attraction",
                "point_of_interest",
                "establishment"
            ],
            "user_ratings_total": 274,
            "vicinity": "横浜市中区元町１丁目７７−４"
        },
        {
            "business_status": "OPERATIONAL",
            "geometry": {
                "location": {
                    "lat": 35.4397166,
                    "lng": 139.6488587
                },
                "viewport": {
                    "northeast": {
                        "lat": 35.44098048029149,
                        "lng": 139.6502600802915
                    },
                    "southwest": {
                        "lat": 35.43828251970849,
                        "lng": 139.6475621197085
                    }
                }
            },
            "icon": "https://maps.gstatic.com/mapfiles/place_api/icons/v1/png_71/park-71.png",
            "icon_background_color": "#4DB546",
            "icon_mask_base_uri": "https://maps.gstatic.com/mapfiles/place_api/icons/v2/tree_pinlet",
            "name": "元町百段公園",
            "opening_hours": {
                "open_now": true
            },
            "photos": [
                {
                    "height": 3000,
                    "html_attributions": [
                        "<a href=\"https://maps.google.com/maps/contrib/110850678153756712752\">流石泰行</a>"
                    ],
                    "photo_reference": "Aap_uEDXywuKUF0S84cA-vz8kZsq8_tRJ3jwxICvBalPIIUMA1TgZesiA5WHbSKa74hnTsbcGfKRUJdHfx_okSH520dS7mdxb9ovFGnW86sSNEg_1BhKfZ46H32h1wTDhtmLmNnqh6D1QiA8gOxCScdQaF8zkjZ-gy3WbngBF04ltMq6AA37",
                    "width": 5333
                }
            ],
            "place_id": "ChIJczDKueFcGGARiu2jwLWa0Oc",
            "plus_code": {
                "compound_code": "CJQX+VG 日本、神奈川県横浜市",
                "global_code": "8Q7XCJQX+VG"
            },
            "rating": 4,
            "reference": "ChIJczDKueFcGGARiu2jwLWa0Oc",
            "scope": "GOOGLE",
            "types": [
                "park",
                "tourist_attraction",
                "point_of_interest",
                "establishment"
            ],
            "user_ratings_total": 36,
            "vicinity": "横浜市中区山手町５６−１"
        }
    ],
    "status": "OK"
}