{
    "html_attributions": [],
    "results": [
        {
            "business_status": "OPERATIONAL",
            "geometry": {
                "location": {
                    "lat": 35.4425968,
                    "lng": 139.6480239
                },
                "viewport": {
                    "northeast": {
                        "lat": 35.4439353802915,
                        "lng": 139.6493000302915
                    },
                    "southwest": {
                        "lat": 35.4412374197085,
                        "lng": 139.6466020697085
                    }
                }
            },
            "icon": "https://maps.gstatic.com/mapfiles/place_api/icons/v1/png_71/museum-71.png",
            "icon_background_color": "#13B5C7",
            "icon_mask_base_uri": "https://maps.gstatic.com/mapfiles/place_api/icons/v2/museum_pinlet",
            "name": "アートリックミュージアム",
            "opening_hours": {
                "open_now": false
            },
            "photos": [
                {
                    "height": 3120,
                    "html_attributions": [
                        "<a href=\"https://maps.google.com/maps/contrib/111756415633526669994\">Litao Xu</a>"
                    ],
                    "photo_reference": "Aap_uED7fNMkBgB1XmcdrhDr-6R1N2h049DV4vqn_vLLMqEBejWFPoNVX9zqi2Yps_HqMQKzdv2cy5YNwlGVtrkaXW2-AtZG33alVo-GFbJherRKnF79EzMGU-IqozikwHpaZwYlqvpLtqzrXada4DT4nmpEMI48aY93x6-bMf3T5s2EjAhS",
                    "width": 4160
                }
            ],
            "place_id": "ChIJx7fjj0ddGGARa0f1cmlvlTM",
            "plus_code": {
                "compound_code": "CJVX+26 日本、神奈川県横浜市",
                "global_code": "8Q7XCJVX+26"
            },
            "rating": 4,
            "reference": "ChIJx7fjj0ddGGARa0f1cmlvlTM",
            "scope": "GOOGLE",
            "types": [
                "museum",
                "point_of_interest",
                "establishment"
            ],
            "user_ratings_total": 3,
            "vicinity": "横浜市中区山下町１０３−３"
        }
    ],
    "status": "OK"
}