{
    "html_attributions": [],
    "results": [
        {
            "business_status": "OPERATIONAL",
            "geometry": {
                "location": {
                    "lat": 35.4415784,
                    "lng": 139.6506672
                },
                "viewport": {
                    "northeast": {
                        "lat": 35.4428829302915,
                        "lng": 139.6520451302915
                    },
                    "southwest": {
                        "lat": 35.4401849697085,
                        "lng": 139.6493471697085
                    }
                }
            },
            "icon": "https://maps.gstatic.com/mapfiles/place_api/icons/v1/png_71/cafe-71.png",
            "icon_background_color": "#FF9E67",
            "icon_mask_base_uri": "https://maps.gstatic.com/mapfiles/place_api/icons/v2/cafe_pinlet",
            "name": "スターバックス コーヒー 横浜元町店",
            "opening_hours": {
                "open_now": true
            },
            "photos": [
                {
                    "height": 3024,
                    "html_attributions": [
                        "<a href=\"https://maps.google.com/maps/contrib/101283277893629204148\">san Achapa</a>"
                    ],
                    "photo_reference": "Aap_uEAr4YDEIwhspP4tiKn8j-btTxKZ_KMyMJzgwbGRaTAa8Lx97uFv7cMQUiB7VhAnEy4GEgB3bQH2J4LQzKMUcL6OK3WLf3nDwItVko2hLt-B3YCrnGfvDXG6I87H0cUUQxWrZvQbqyoLXeooMeTuQ6fF2P5WIKnNN4s0yd_qiKR1ZnZ5",
                    "width": 4032
                }
            ],
            "place_id": "ChIJtfthAx5dGGAR2TP-ppzQ7yk",
            "plus_code": {
                "compound_code": "CMR2+J7 日本、神奈川県横浜市",
                "global_code": "8Q7XCMR2+J7"
            },
            "price_level": 2,
            "rating": 3.8,
            "reference": "ChIJtfthAx5dGGAR2TP-ppzQ7yk",
            "scope": "GOOGLE",
            "types": [
                "cafe",
                "food",
                "point_of_interest",
                "store",
                "establishment"
            ],
            "user_ratings_total": 468,
            "vicinity": "横浜市中区元町１丁目13−５ ラヴィ元町 1F"
        },
        {
            "business_status": "CLOSED_TEMPORARILY",
            "geometry": {
                "location": {
                    "lat": 35.4428488,
                    "lng": 139.6506624
                },
                "viewport": {
                    "northeast": {
                        "lat": 35.4442533802915,
                        "lng": 139.6520677802915
                    },
                    "southwest": {
                        "lat": 35.4415554197085,
                        "lng": 139.6493698197085
                    }
                }
            },
            "icon": "https://maps.gstatic.com/mapfiles/place_api/icons/v1/png_71/cafe-71.png",
            "icon_background_color": "#FF9E67",
            "icon_mask_base_uri": "https://maps.gstatic.com/mapfiles/place_api/icons/v2/cafe_pinlet",
            "name": "Cinnamon’s Restaurant",
            "permanently_closed": true,
            "photos": [
                {
                    "height": 2800,
                    "html_attributions": [
                        "<a href=\"https://maps.google.com/maps/contrib/108566625170608508132\">まさ・なち</a>"
                    ],
                    "photo_reference": "Aap_uEApjpQU8lM24vh_D57-VzM_IUr3V6LxkUAhDZiAWAGWV_DCozz2FSaVwoB-2GcYpx1BVH2cKGRjjbTPrawnSbZkOnUO2Poafuho1OS32tjjdkFM8zXjKnKYYdbZdtXf_DkWfuOYdJBqkXDy-JVylX8GcPyJkVig9mPSja82n77magFr",
                    "width": 3734
                }
            ],
            "place_id": "ChIJVSPdnuNcGGARIQQxxV0tP0Y",
            "plus_code": {
                "compound_code": "CMV2+47 日本、神奈川県横浜市",
                "global_code": "8Q7XCMV2+47"
            },
            "price_level": 2,
            "rating": 3.8,
            "reference": "ChIJVSPdnuNcGGARIQQxxV0tP0Y",
            "scope": "GOOGLE",
            "types": [
                "cafe",
                "food",
                "point_of_interest",
                "establishment"
            ],
            "user_ratings_total": 246,
            "vicinity": "横浜市中区山下町３７−８"
        },
        {
            "business_status": "OPERATIONAL",
            "geometry": {
                "location": {
                    "lat": 35.442378,
                    "lng": 139.650191
                },
                "viewport": {
                    "northeast": {
                        "lat": 35.44372698029149,
                        "lng": 139.6515399802915
                    },
                    "southwest": {
                        "lat": 35.4410290197085,
                        "lng": 139.6488420197085
                    }
                }
            },
            "icon": "https://maps.gstatic.com/mapfiles/place_api/icons/v1/png_71/cafe-71.png",
            "icon_background_color": "#FF9E67",
            "icon_mask_base_uri": "https://maps.gstatic.com/mapfiles/place_api/icons/v2/cafe_pinlet",
            "name": "横浜 元町 中華街 猫カフェ 猫ちゃんといっしょ",
            "opening_hours": {
                "open_now": false
            },
            "photos": [
                {
                    "height": 2000,
                    "html_attributions": [
                        "<a href=\"https://maps.google.com/maps/contrib/105375770803592145283\">横浜 元町 中華街 猫カフェ 猫ちゃんといっしょ</a>"
                    ],
                    "photo_reference": "Aap_uECWn0GkZCpWuxjgj3Hq2YsVSm0J8cdOESOaX1b3YAtCrwyEvpYwUbz9lb6BjT7X41cWZD1FuUkBsis7hXg2_IDJ3QhxJy_XrxMJb-9vx7Pmsh7rFSNftknoEM_Tit5Z6kYcKDyriSJADvZ7QrDl6RvZT0V_VDDOP5cHTePbwc1iLjAa",
                    "width": 3000
                }
            ],
            "place_id": "ChIJ9wT6cuJdGGAR-U0VUM_YmVk",
            "plus_code": {
                "compound_code": "CMR2+X3 日本、神奈川県横浜市",
                "global_code": "8Q7XCMR2+X3"
            },
            "rating": 4.3,
            "reference": "ChIJ9wT6cuJdGGAR-U0VUM_YmVk",
            "scope": "GOOGLE",
            "types": [
                "cafe",
                "food",
                "point_of_interest",
                "establishment"
            ],
            "user_ratings_total": 66,
            "vicinity": "横浜市中区山下町87−３ 3F 302 ロンシンリューズタワー"
        },
        {
            "business_status": "OPERATIONAL",
            "geometry": {
                "location": {
                    "lat": 35.44228330000001,
                    "lng": 139.6501123
                },
                "viewport": {
                    "northeast": {
                        "lat": 35.4436322802915,
                        "lng": 139.6514612802915
                    },
                    "southwest": {
                        "lat": 35.4409343197085,
                        "lng": 139.6487633197085
                    }
                }
            },
            "icon": "https://maps.gstatic.com/mapfiles/place_api/icons/v1/png_71/cafe-71.png",
            "icon_background_color": "#FF9E67",
            "icon_mask_base_uri": "https://maps.gstatic.com/mapfiles/place_api/icons/v2/cafe_pinlet",
            "name": "CARAVAN COFFEE STAND（キャラバンコーヒースタンド）",
            "opening_hours": {
                "open_now": false
            },
            "photos": [
                {
                    "height": 718,
                    "html_attributions": [
                        "<a href=\"https://maps.google.com/maps/contrib/110635834034813084543\">CARAVAN COFFEE STAND（キャラバンコーヒースタンド）</a>"
                    ],
                    "photo_reference": "Aap_uEDDtlXQgeqZUcXApm8ipe1GeKgPjPwUA1VsRM6D4ToYa-bulN-wUjO181xU7F_Il5cSC9Bkwy26_0VV687YwqiriVCVLwEXxaFs4e5lCjrKJG9KIxUN_mPfXm2b9JeFSjtvrgCILBJFIx4RC8xsaAHwJXHxn2tx-gAkx3eS_pj7Sbzm",
                    "width": 1277
                }
            ],
            "place_id": "ChIJe6t7HOxdGGARtwPPtTV9ULg",
            "plus_code": {
                "compound_code": "CMR2+W2 日本、神奈川県横浜市",
                "global_code": "8Q7XCMR2+W2"
            },
            "price_level": 2,
            "rating": 4.1,
            "reference": "ChIJe6t7HOxdGGARtwPPtTV9ULg",
            "scope": "GOOGLE",
            "types": [
                "cafe",
                "food",
                "point_of_interest",
                "store",
                "establishment"
            ],
            "user_ratings_total": 105,
            "vicinity": "横浜市中区山下町８８ パークホームズ横濱山下町 １階"
        },
        {
            "business_status": "OPERATIONAL",
            "geometry": {
                "location": {
                    "lat": 35.4421447,
                    "lng": 139.6499719
                },
                "viewport": {
                    "northeast": {
                        "lat": 35.44345593029149,
                        "lng": 139.6512816802915
                    },
                    "southwest": {
                        "lat": 35.4407579697085,
                        "lng": 139.6485837197085
                    }
                }
            },
            "icon": "https://maps.gstatic.com/mapfiles/place_api/icons/v1/png_71/restaurant-71.png",
            "icon_background_color": "#FF9E67",
            "icon_mask_base_uri": "https://maps.gstatic.com/mapfiles/place_api/icons/v2/restaurant_pinlet",
            "name": "タグチテーブル",
            "opening_hours": {
                "open_now": false
            },
            "photos": [
                {
                    "height": 634,
                    "html_attributions": [
                        "<a href=\"https://maps.google.com/maps/contrib/113692850310948028018\">タグチテーブル</a>"
                    ],
                    "photo_reference": "Aap_uEAiGGV-KnpPXuvmMObvqOW6r6aTVmQORvXbQ1D_J2Vhukzx-VRH_55R_GOr0r6i-XhfhyqStaT2TgzPQvsXVMhnf0RHVRxQcRyd-QKbEZa47x8VdYETc1l-LLk1t947RpwNmiRnznnsx_h2Eg6Lr34HOlr4S1XEbEnouQ9KQA_6VpDY",
                    "width": 960
                }
            ],
            "place_id": "ChIJn1hEL0hdGGARjHhYjNFRLE0",
            "plus_code": {
                "compound_code": "CJRX+VX 日本、神奈川県横浜市",
                "global_code": "8Q7XCJRX+VX"
            },
            "rating": 4.5,
            "reference": "ChIJn1hEL0hdGGARjHhYjNFRLE0",
            "scope": "GOOGLE",
            "types": [
                "cafe",
                "restaurant",
                "food",
                "point_of_interest",
                "establishment"
            ],
            "user_ratings_total": 2,
            "vicinity": "横浜市中区山下町87番地4"
        }
    ],
    "status": "OK"
}