{
    "html_attributions": [],
    "results": [
        {
            "business_status": "OPERATIONAL",
            "geometry": {
                "location": {
                    "lat": 35.4448182,
                    "lng": 139.6500125
                },
                "viewport": {
                    "northeast": {
                        "lat": 35.4462085802915,
                        "lng": 139.6513117302915
                    },
                    "southwest": {
                        "lat": 35.4435106197085,
                        "lng": 139.6486137697085
                    }
                }
            },
            "icon": "https://maps.gstatic.com/mapfiles/place_api/icons/v1/png_71/restaurant-71.png",
            "icon_background_color": "#FF9E67",
            "icon_mask_base_uri": "https://maps.gstatic.com/mapfiles/place_api/icons/v2/restaurant_pinlet",
            "name": "コーヒーハウス ザ・カフェ",
            "opening_hours": {
                "open_now": false
            },
            "photos": [
                {
                    "height": 3024,
                    "html_attributions": [
                        "<a href=\"https://maps.google.com/maps/contrib/114086510399578146678\">HO NA</a>"
                    ],
                    "photo_reference": "Aap_uEDqA33kpQ_Oj5b4SXTKiQF8YQDHNjc4NSbUp87ZZDq7o9a68Rq2FM1iaP6wZaUPaQug7g2BSUuzyWYLkYj-T1oHScS0ZJ6_mufr9MW5WW9B3V-LEtIUcYzIBYNlhqHmsjz6yru5lFTenTmcenaVx7dXp5baPh0O3kBZo877GbLwv3mf",
                    "width": 4032
                }
            ],
            "place_id": "ChIJk2Ihl-JcGGARN5ggEsEIfuY",
            "plus_code": {
                "compound_code": "CMV2+W2 日本、神奈川県横浜市",
                "global_code": "8Q7XCMV2+W2"
            },
            "price_level": 3,
            "rating": 4.3,
            "reference": "ChIJk2Ihl-JcGGARN5ggEsEIfuY",
            "scope": "GOOGLE",
            "types": [
                "restaurant",
                "cafe",
                "food",
                "point_of_interest",
                "store",
                "establishment"
            ],
            "user_ratings_total": 462,
            "vicinity": "横浜市中区山下町１０ ホテル ニューグランド本館1F"
        },
        {
            "business_status": "OPERATIONAL",
            "geometry": {
                "location": {
                    "lat": 35.4445139,
                    "lng": 139.6504653
                },
                "viewport": {
                    "northeast": {
                        "lat": 35.44593638029149,
                        "lng": 139.6518832302915
                    },
                    "southwest": {
                        "lat": 35.4432384197085,
                        "lng": 139.6491852697085
                    }
                }
            },
            "icon": "https://maps.gstatic.com/mapfiles/place_api/icons/v1/png_71/restaurant-71.png",
            "icon_background_color": "#FF9E67",
            "icon_mask_base_uri": "https://maps.gstatic.com/mapfiles/place_api/icons/v2/restaurant_pinlet",
            "name": "マクドナルド 山下公園前店",
            "opening_hours": {
                "open_now": true
            },
            "photos": [
                {
                    "height": 1440,
                    "html_attributions": [
                        "<a href=\"https://maps.google.com/maps/contrib/100119114610929662994\">ひろグッチ</a>"
                    ],
                    "photo_reference": "Aap_uEBhSymvyXai_hfpx4wP0RElwaWkKBNfnrGZKN0MU2HG0Jo9WReZUjIwhPSUsDpg1rMcyRkKrfOuHMCc59OKSS-wzOGQHYv3soUnxLAR5RG00mCQ-_IDlbbef7opeHkXFCHIYRbKFyLEeC-LIseZFQYgeKJYrUBnf1nPeEAK-HLoJzBn",
                    "width": 1920
                }
            ],
            "place_id": "ChIJw800fh1dGGAR6ZiYcc9Smwc",
            "plus_code": {
                "compound_code": "CMV2+R5 日本、神奈川県横浜市",
                "global_code": "8Q7XCMV2+R5"
            },
            "price_level": 1,
            "rating": 3.6,
            "reference": "ChIJw800fh1dGGAR6ZiYcc9Smwc",
            "scope": "GOOGLE",
            "types": [
                "cafe",
                "restaurant",
                "food",
                "point_of_interest",
                "store",
                "establishment"
            ],
            "user_ratings_total": 695,
            "vicinity": "横浜市中区山下町１２−１"
        },
        {
            "business_status": "OPERATIONAL",
            "geometry": {
                "location": {
                    "lat": 35.443786,
                    "lng": 139.6499626
                },
                "viewport": {
                    "northeast": {
                        "lat": 35.44525653029151,
                        "lng": 139.6514318802915
                    },
                    "southwest": {
                        "lat": 35.44255856970851,
                        "lng": 139.6487339197085
                    }
                }
            },
            "icon": "https://maps.gstatic.com/mapfiles/place_api/icons/v1/png_71/cafe-71.png",
            "icon_background_color": "#FF9E67",
            "icon_mask_base_uri": "https://maps.gstatic.com/mapfiles/place_api/icons/v2/cafe_pinlet",
            "name": "カフェウエインズ Cafe Weins（横浜トヨペット本社2階）",
            "opening_hours": {
                "open_now": false
            },
            "photos": [
                {
                    "height": 886,
                    "html_attributions": [
                        "<a href=\"https://maps.google.com/maps/contrib/105569870716906155553\">カフェウエインズ Cafe Weins（横浜トヨペット本社2階）</a>"
                    ],
                    "photo_reference": "Aap_uECiM8_botFrYb17pQ-Fq_vhhZITej_nvGNilfLyb9ra2TCt8NfwA6rTWUh8VA5HPeG_32rC40eS6fwVapqQyoTmVtntsuxEM1xcukSEKSO9de_bRjJQ6j-3qQ-3XEcI71va1dOzxuYp8Hk7jOnvbCuFLu4J_8ss9faaO35oGCBM0bAz",
                    "width": 1057
                }
            ],
            "place_id": "ChIJASBKeeJcGGARxiNFGCUtXUY",
            "plus_code": {
                "compound_code": "CJVX+GX 日本、神奈川県横浜市",
                "global_code": "8Q7XCJVX+GX"
            },
            "rating": 4.5,
            "reference": "ChIJASBKeeJcGGARxiNFGCUtXUY",
            "scope": "GOOGLE",
            "types": [
                "cafe",
                "food",
                "point_of_interest",
                "store",
                "establishment"
            ],
            "user_ratings_total": 4,
            "vicinity": "横浜市中区山下町３３ ２階"
        }
    ],
    "status": "OK"
}