{
    "html_attributions": [],
    "results": [
        {
            "business_status": "OPERATIONAL",
            "geometry": {
                "location": {
                    "lat": 35.656069,
                    "lng": 139.3391247
                },
                "viewport": {
                    "northeast": {
                        "lat": 35.6576555302915,
                        "lng": 139.3403041802915
                    },
                    "southwest": {
                        "lat": 35.6549575697085,
                        "lng": 139.3376062197085
                    }
                }
            },
            "icon": "https://maps.gstatic.com/mapfiles/place_api/icons/v1/png_71/cafe-71.png",
            "icon_background_color": "#FF9E67",
            "icon_mask_base_uri": "https://maps.gstatic.com/mapfiles/place_api/icons/v2/cafe_pinlet",
            "name": "Café＆Meal_MUJIセレオ八王子",
            "opening_hours": {
                "open_now": false
            },
            "photos": [
                {
                    "height": 3024,
                    "html_attributions": [
                        "<a href=\"https://maps.google.com/maps/contrib/100018232264603388490\">MIINI F555</a>"
                    ],
                    "photo_reference": "Aap_uEBquDRPwepkMSurXxukk2nCwZnB_FlMJ2pVCB-JFayJtTR3WuJv9jQKjvmekLQ_8PuoR_rmeWY5GD-VyJP8wbeptmnOIxE8Jyk1Xz4K_mf3Cs6DfARGrWKlIwzwKV5yFRL454yEFfjQJVRCn11iyNebYQj-D8ymCkBGCyvMbEgw6Wlm",
                    "width": 4032
                }
            ],
            "place_id": "ChIJbyo5ItkdGWARDylFAHxBPI0",
            "plus_code": {
                "compound_code": "M84Q+CJ 日本、東京都八王子市",
                "global_code": "8Q7XM84Q+CJ"
            },
            "price_level": 2,
            "rating": 3.8,
            "reference": "ChIJbyo5ItkdGWARDylFAHxBPI0",
            "scope": "GOOGLE",
            "types": [
                "cafe",
                "restaurant",
                "food",
                "point_of_interest",
                "establishment"
            ],
            "user_ratings_total": 122,
            "vicinity": "八王子市旭町１−１ セレオ八王子北館 ４Ｆ"
        },
        {
            "business_status": "OPERATIONAL",
            "geometry": {
                "location": {
                    "lat": 35.6559013,
                    "lng": 139.3395714
                },
                "viewport": {
                    "northeast": {
                        "lat": 35.65725028029149,
                        "lng": 139.3409203802915
                    },
                    "southwest": {
                        "lat": 35.6545523197085,
                        "lng": 139.3382224197085
                    }
                }
            },
            "icon": "https://maps.gstatic.com/mapfiles/place_api/icons/v1/png_71/cafe-71.png",
            "icon_background_color": "#FF9E67",
            "icon_mask_base_uri": "https://maps.gstatic.com/mapfiles/place_api/icons/v2/cafe_pinlet",
            "name": "珈琲倶楽部 田 CELEO八王子店",
            "opening_hours": {
                "open_now": false
            },
            "photos": [
                {
                    "height": 3024,
                    "html_attributions": [
                        "<a href=\"https://maps.google.com/maps/contrib/112550037106657261357\">影山のりみ</a>"
                    ],
                    "photo_reference": "Aap_uEB89NE7BDT_Rz6zpi8EdU9pNvyhoz792NDkY0axu-P-i5Hpi6JRiI9OtTr2vb3IzwrNyoALu_4uu228VvOTNVH0HoelfaS6kdxmYBqwJdKdWNHGGz_oow28ztLohzX2I-3HaQ4MHciv2eJGSiLHOXqx3ZCtJ59tRHrimDwP0ywlaJCN",
                    "width": 4032
                }
            ],
            "place_id": "ChIJJ9MVBNwdGWAR1A31v_sSw5g",
            "plus_code": {
                "compound_code": "M84Q+9R 日本、東京都八王子市",
                "global_code": "8Q7XM84Q+9R"
            },
            "rating": 4.3,
            "reference": "ChIJJ9MVBNwdGWAR1A31v_sSw5g",
            "scope": "GOOGLE",
            "types": [
                "cafe",
                "food",
                "point_of_interest",
                "store",
                "establishment"
            ],
            "user_ratings_total": 22,
            "vicinity": "八王子市旭町１−１ セレオ北館 B1F"
        },
        {
            "business_status": "OPERATIONAL",
            "geometry": {
                "location": {
                    "lat": 35.6555699,
                    "lng": 139.338676
                },
                "viewport": {
                    "northeast": {
                        "lat": 35.65690823029151,
                        "lng": 139.3400922302915
                    },
                    "southwest": {
                        "lat": 35.65421026970851,
                        "lng": 139.3373942697085
                    }
                }
            },
            "icon": "https://maps.gstatic.com/mapfiles/place_api/icons/v1/png_71/cafe-71.png",
            "icon_background_color": "#FF9E67",
            "icon_mask_base_uri": "https://maps.gstatic.com/mapfiles/place_api/icons/v2/cafe_pinlet",
            "name": "ベックスコーヒーショップ 八王子店",
            "opening_hours": {
                "open_now": true
            },
            "photos": [
                {
                    "height": 3024,
                    "html_attributions": [
                        "<a href=\"https://maps.google.com/maps/contrib/110832632350741340550\">村長智</a>"
                    ],
                    "photo_reference": "Aap_uEDLffKMl70wX8xQltlKgB291Fc8_6JFY-qqiBchmMKQODQi3yTXEwotosZXhw4syvx3NcSk5l2rMP0zwl3WlCaP4UopsoOitRf0l1KOuTil7UcoxaUru0VJZ4ZSB9fxoRFlJJl3vJ0J9_8ZJw90x6LRVJ4LSbFzYDvp3U4BGj7XbONP",
                    "width": 4032
                }
            ],
            "place_id": "ChIJ-5STWtkdGWARuE9u9UNHaek",
            "plus_code": {
                "compound_code": "M84Q+6F 日本、東京都八王子市",
                "global_code": "8Q7XM84Q+6F"
            },
            "price_level": 1,
            "rating": 3.5,
            "reference": "ChIJ-5STWtkdGWARuE9u9UNHaek",
            "scope": "GOOGLE",
            "types": [
                "cafe",
                "food",
                "point_of_interest",
                "store",
                "establishment"
            ],
            "user_ratings_total": 203,
            "vicinity": "八王子市旭町１−１ JR八王子駅構内"
        },
        {
            "business_status": "OPERATIONAL",
            "geometry": {
                "location": {
                    "lat": 35.656069,
                    "lng": 139.3391247
                },
                "viewport": {
                    "northeast": {
                        "lat": 35.65741798029151,
                        "lng": 139.3404736802915
                    },
                    "southwest": {
                        "lat": 35.65472001970851,
                        "lng": 139.3377757197085
                    }
                }
            },
            "icon": "https://maps.gstatic.com/mapfiles/place_api/icons/v1/png_71/cafe-71.png",
            "icon_background_color": "#FF9E67",
            "icon_mask_base_uri": "https://maps.gstatic.com/mapfiles/place_api/icons/v2/cafe_pinlet",
            "name": "スターバックス コーヒー セレオ八王子北館店",
            "opening_hours": {
                "open_now": true
            },
            "photos": [
                {
                    "height": 3024,
                    "html_attributions": [
                        "<a href=\"https://maps.google.com/maps/contrib/107705833309561868785\">スタバカ</a>"
                    ],
                    "photo_reference": "Aap_uEATG6GLjNxGf_taAacFdLC3Gjkd-NkSPmtZfS2RgePV72bjkx54Ccn7u7soswndlLoHXv1jHs5S02i8VMoAj2SSkQg7JmVBH2OGv9zy_o3pr0EmfmimbReaKkB3nvvW9YY4Tw0NAMI3JObX30Mewv5oNM18jgptoACb9ImZmVp8lZw2",
                    "width": 4032
                }
            ],
            "place_id": "ChIJwcVXWtkdGWAR7ZUWzCrZMqE",
            "plus_code": {
                "compound_code": "M84Q+CJ 日本、東京都八王子市",
                "global_code": "8Q7XM84Q+CJ"
            },
            "price_level": 2,
            "rating": 3.9,
            "reference": "ChIJwcVXWtkdGWAR7ZUWzCrZMqE",
            "scope": "GOOGLE",
            "types": [
                "cafe",
                "food",
                "point_of_interest",
                "store",
                "establishment"
            ],
            "user_ratings_total": 164,
            "vicinity": "八王子市旭町１−１ セレオ八王子"
        },
        {
            "business_status": "OPERATIONAL",
            "geometry": {
                "location": {
                    "lat": 35.656069,
                    "lng": 139.3391247
                },
                "viewport": {
                    "northeast": {
                        "lat": 35.65741798029151,
                        "lng": 139.3404736802915
                    },
                    "southwest": {
                        "lat": 35.65472001970851,
                        "lng": 139.3377757197085
                    }
                }
            },
            "icon": "https://maps.gstatic.com/mapfiles/place_api/icons/v1/png_71/cafe-71.png",
            "icon_background_color": "#FF9E67",
            "icon_mask_base_uri": "https://maps.gstatic.com/mapfiles/place_api/icons/v2/cafe_pinlet",
            "name": "メゾン・ド・ヴェールセレオ八王子店",
            "opening_hours": {
                "open_now": false
            },
            "photos": [
                {
                    "height": 3000,
                    "html_attributions": [
                        "<a href=\"https://maps.google.com/maps/contrib/107641753410434699537\">安田誠</a>"
                    ],
                    "photo_reference": "Aap_uECoJAe0nnp-vuy9sW9rEJw7FvsFb3AVSjo-3BrpedFlSzkVQTrLwQsgcAzwf3Wp-_Jc_zweFf7I7C_Mm1web4Gzm49L5m3Wo2aOZZbdQVGWaSopwfZmPcSgFzX1YdLgJDahMmU12V5am50TY-DNlV6XyrP6pjR1YQEOorASQpgqB_yc",
                    "width": 5332
                }
            ],
            "place_id": "ChIJs1fQRNkdGWARPTUUkwvFjEI",
            "plus_code": {
                "compound_code": "M84Q+CJ 日本、東京都八王子市",
                "global_code": "8Q7XM84Q+CJ"
            },
            "price_level": 2,
            "rating": 3.6,
            "reference": "ChIJs1fQRNkdGWARPTUUkwvFjEI",
            "scope": "GOOGLE",
            "types": [
                "cafe",
                "food",
                "point_of_interest",
                "establishment"
            ],
            "user_ratings_total": 21,
            "vicinity": "八王子市旭町１−１ セレオ八王子 北館 ８階"
        },
        {
            "business_status": "OPERATIONAL",
            "geometry": {
                "location": {
                    "lat": 35.6561556,
                    "lng": 139.3392806
                },
                "viewport": {
                    "northeast": {
                        "lat": 35.6575045802915,
                        "lng": 139.3406295802915
                    },
                    "southwest": {
                        "lat": 35.6548066197085,
                        "lng": 139.3379316197085
                    }
                }
            },
            "icon": "https://maps.gstatic.com/mapfiles/place_api/icons/v1/png_71/cafe-71.png",
            "icon_background_color": "#FF9E67",
            "icon_mask_base_uri": "https://maps.gstatic.com/mapfiles/place_api/icons/v2/cafe_pinlet",
            "name": "伊藤園 セレオ八王子店",
            "opening_hours": {
                "open_now": false
            },
            "photos": [
                {
                    "height": 4032,
                    "html_attributions": [
                        "<a href=\"https://maps.google.com/maps/contrib/114206640158401919535\">NOR K</a>"
                    ],
                    "photo_reference": "Aap_uECjAKy8l7gJui6qhik9QpO4wpvILRDtkTQPPvS-XH8Dm5K4J-1fUvY9kieTzRXGnfqxz-0ytnhP5FcryS56lJbIa8pxxJzgGP3xIFCwDQr7i5bofBpfe7wsCuADLedpFBBs_09Lsz_PdlKwQp7jFR3x90Kb1RDViwDKWxSXdr1sMrW-",
                    "width": 3024
                }
            ],
            "place_id": "ChIJAwJvWtkdGWART9Ys4d04aZk",
            "plus_code": {
                "compound_code": "M84Q+FP 日本、東京都八王子市",
                "global_code": "8Q7XM84Q+FP"
            },
            "price_level": 2,
            "rating": 3.5,
            "reference": "ChIJAwJvWtkdGWART9Ys4d04aZk",
            "scope": "GOOGLE",
            "types": [
                "cafe",
                "food",
                "point_of_interest",
                "store",
                "establishment"
            ],
            "user_ratings_total": 18,
            "vicinity": "八王子市旭町１−１ 1階 セレオ八王子北館"
        },
        {
            "business_status": "OPERATIONAL",
            "geometry": {
                "location": {
                    "lat": 35.656069,
                    "lng": 139.3391247
                },
                "viewport": {
                    "northeast": {
                        "lat": 35.65741798029151,
                        "lng": 139.3404736802915
                    },
                    "southwest": {
                        "lat": 35.65472001970851,
                        "lng": 139.3377757197085
                    }
                }
            },
            "icon": "https://maps.gstatic.com/mapfiles/place_api/icons/v1/png_71/cafe-71.png",
            "icon_background_color": "#FF9E67",
            "icon_mask_base_uri": "https://maps.gstatic.com/mapfiles/place_api/icons/v2/cafe_pinlet",
            "name": "セレオ八王子 珈琲館 1F",
            "opening_hours": {
                "open_now": false
            },
            "photos": [
                {
                    "height": 4032,
                    "html_attributions": [
                        "<a href=\"https://maps.google.com/maps/contrib/118322217340694472322\">鶴城龍</a>"
                    ],
                    "photo_reference": "Aap_uEA66uucSzXpWQK8qQLyVCaxGKfMPXLS4lLgN9s4oHt_f7cMwGrMYbwIkThXFSJVpHT8zWZQyirdSQLe023RKDR3E23m0kRnDwj3aJo0f3f6Z45zFa-6b344AhR6YUBzR4Ws_G_FMsP64DfTHVWt-wPJ-UYj_y8swuahvfMyBWCJps-G",
                    "width": 3024
                }
            ],
            "place_id": "ChIJAeGZUWUdGWARg7J5T0n0ZMc",
            "plus_code": {
                "compound_code": "M84Q+CJ 日本、東京都八王子市",
                "global_code": "8Q7XM84Q+CJ"
            },
            "price_level": 2,
            "rating": 3.9,
            "reference": "ChIJAeGZUWUdGWARg7J5T0n0ZMc",
            "scope": "GOOGLE",
            "types": [
                "cafe",
                "food",
                "point_of_interest",
                "establishment"
            ],
            "user_ratings_total": 30,
            "vicinity": "八王子市旭町１−８ 八王子駅付近"
        },
        {
            "business_status": "OPERATIONAL",
            "geometry": {
                "location": {
                    "lat": 35.6562303,
                    "lng": 139.3389936
                },
                "viewport": {
                    "northeast": {
                        "lat": 35.6575792802915,
                        "lng": 139.3403425802915
                    },
                    "southwest": {
                        "lat": 35.6548813197085,
                        "lng": 139.3376446197085
                    }
                }
            },
            "icon": "https://maps.gstatic.com/mapfiles/place_api/icons/v1/png_71/cafe-71.png",
            "icon_background_color": "#FF9E67",
            "icon_mask_base_uri": "https://maps.gstatic.com/mapfiles/place_api/icons/v2/cafe_pinlet",
            "name": "アフタヌーンティー・ティールーム セレオ八王子",
            "opening_hours": {
                "open_now": false
            },
            "photos": [
                {
                    "height": 897,
                    "html_attributions": [
                        "<a href=\"https://maps.google.com/maps/contrib/108752526992911987299\">アフタヌーンティー・ティールーム セレオ八王子</a>"
                    ],
                    "photo_reference": "Aap_uEBYQVAfEz_ME2eb3xnc80iXEqOrSCtSf8NMuUN8B6CIXYfpxBpB2XNYSmazVzsYzga50F_STYWHhRr7UAhuTlM2a7boboZF5hxOOPbz9d5-iE9jgACgKx0S_VvseEbi2qzw5xUBicHfgoF8NLn2dLGdfB9Jf5bnpDgEFIYkcWkEMME_",
                    "width": 1202
                }
            ],
            "place_id": "ChIJJ9MVBNwdGWARhupQpm0WsnI",
            "plus_code": {
                "compound_code": "M84Q+FH 日本、東京都八王子市",
                "global_code": "8Q7XM84Q+FH"
            },
            "price_level": 2,
            "rating": 4,
            "reference": "ChIJJ9MVBNwdGWARhupQpm0WsnI",
            "scope": "GOOGLE",
            "types": [
                "cafe",
                "food",
                "point_of_interest",
                "establishment"
            ],
            "user_ratings_total": 133,
            "vicinity": "八王子市旭町１−１ セレオ八王子北館 3階"
        },
        {
            "business_status": "OPERATIONAL",
            "geometry": {
                "location": {
                    "lat": 35.6562951,
                    "lng": 139.3390514
                },
                "viewport": {
                    "northeast": {
                        "lat": 35.6576440802915,
                        "lng": 139.3404003802915
                    },
                    "southwest": {
                        "lat": 35.6549461197085,
                        "lng": 139.3377024197085
                    }
                }
            },
            "icon": "https://maps.gstatic.com/mapfiles/place_api/icons/v1/png_71/cafe-71.png",
            "icon_background_color": "#FF9E67",
            "icon_mask_base_uri": "https://maps.gstatic.com/mapfiles/place_api/icons/v2/cafe_pinlet",
            "name": "ゴンチャ セレオ八王子店",
            "opening_hours": {
                "open_now": false
            },
            "photos": [
                {
                    "height": 2932,
                    "html_attributions": [
                        "<a href=\"https://maps.google.com/maps/contrib/118114142106999527874\">篠宮かりん</a>"
                    ],
                    "photo_reference": "Aap_uEDxmVcExh2BFY2L0Jq-1HqGPywhDA6G_qy3Xzx9h6QAG6iga8tKFw2YUigk8x1fpThl6SZtRePamnbQ99ChPempXX6Q9H7DQhNxT6c4hx53xjqxwdEFDn40la30v1mSS_drIMRJ6dX08ZiC-zQZBMESfjgpgppLt4xOUyG8VvzVd2YG",
                    "width": 2930
                }
            ],
            "place_id": "ChIJCxsiHiYdGWARzRSK9fRC30U",
            "plus_code": {
                "compound_code": "M84Q+GJ 日本、東京都八王子市",
                "global_code": "8Q7XM84Q+GJ"
            },
            "price_level": 2,
            "rating": 3.2,
            "reference": "ChIJCxsiHiYdGWARzRSK9fRC30U",
            "scope": "GOOGLE",
            "types": [
                "cafe",
                "food",
                "point_of_interest",
                "establishment"
            ],
            "user_ratings_total": 64,
            "vicinity": "八王子市旭町１−１−１８ セレオ八王子北館 1階"
        }
    ],
    "status": "OK"
}