{
    "html_attributions": [],
    "results": [
        {
            "business_status": "OPERATIONAL",
            "geometry": {
                "location": {
                    "lat": 35.4423297,
                    "lng": 139.6481683
                },
                "viewport": {
                    "northeast": {
                        "lat": 35.44367868029151,
                        "lng": 139.6495172802915
                    },
                    "southwest": {
                        "lat": 35.44098071970851,
                        "lng": 139.6468193197085
                    }
                }
            },
            "icon": "https://maps.gstatic.com/mapfiles/place_api/icons/v1/png_71/cafe-71.png",
            "icon_background_color": "#FF9E67",
            "icon_mask_base_uri": "https://maps.gstatic.com/mapfiles/place_api/icons/v2/cafe_pinlet",
            "name": "香格里拉",
            "opening_hours": {
                "open_now": false
            },
            "photos": [
                {
                    "height": 4618,
                    "html_attributions": [
                        "<a href=\"https://maps.google.com/maps/contrib/105615977262827872538\">Takeyoshi Suka</a>"
                    ],
                    "photo_reference": "Aap_uEBJyvSsRIlIgk1MGvHv_cIDqUNoFgLQjZDeLjW3ieE2Cb5x-fnsts-BP6NLzI1YMOG8dkJhYFGapLKJgC1QXNHiZFNo3MvoQwTijmTbfDyQ7OoPh0_ufWqfZqI-6MG1gQ_MUyyJY7-yXyxFDkI3cl8wQZnS_HnrvHrSKpIIbDg8zct1",
                    "width": 3464
                }
            ],
            "place_id": "ChIJ9wyVSeJcGGARtfcMTTsJtqM",
            "plus_code": {
                "compound_code": "CJRX+W7 日本、神奈川県横浜市",
                "global_code": "8Q7XCJRX+W7"
            },
            "rating": 3.6,
            "reference": "ChIJ9wyVSeJcGGARtfcMTTsJtqM",
            "scope": "GOOGLE",
            "types": [
                "cafe",
                "food",
                "point_of_interest",
                "store",
                "establishment"
            ],
            "user_ratings_total": 5,
            "vicinity": "横浜市中区山下町１０３"
        },
        {
            "business_status": "OPERATIONAL",
            "geometry": {
                "location": {
                    "lat": 35.4425884,
                    "lng": 139.6484772
                },
                "viewport": {
                    "northeast": {
                        "lat": 35.44393738029149,
                        "lng": 139.6498261802915
                    },
                    "southwest": {
                        "lat": 35.4412394197085,
                        "lng": 139.6471282197085
                    }
                }
            },
            "icon": "https://maps.gstatic.com/mapfiles/place_api/icons/v1/png_71/cafe-71.png",
            "icon_background_color": "#FF9E67",
            "icon_mask_base_uri": "https://maps.gstatic.com/mapfiles/place_api/icons/v2/cafe_pinlet",
            "name": "CANTIK-MANIS",
            "opening_hours": {
                "open_now": false
            },
            "photos": [
                {
                    "height": 1224,
                    "html_attributions": [
                        "<a href=\"https://maps.google.com/maps/contrib/117173922166802870516\">CANTIK-MANIS</a>"
                    ],
                    "photo_reference": "Aap_uEB-Tt9-VPOGmEh5KdI6TitlUHpUqtUHxY8q1oED6imjlQ0CEtaD05ERlB1EU2n40U2Ps918P3QDCpolAqOQH94E-5xnliDx5DfcpVCXUNxWfYI68RVuZ8AhLhn_wuvI5GMITXzSrMFLd0C2NV-t0TtPxMicD_MZH3kr3qlW5b_mu17w",
                    "width": 1632
                }
            ],
            "place_id": "ChIJkx-DRuJcGGAR6_R7QiD8oSg",
            "plus_code": {
                "compound_code": "CJVX+29 日本、神奈川県横浜市",
                "global_code": "8Q7XCJVX+29"
            },
            "price_level": 2,
            "rating": 4.8,
            "reference": "ChIJkx-DRuJcGGAR6_R7QiD8oSg",
            "scope": "GOOGLE",
            "types": [
                "cafe",
                "food",
                "point_of_interest",
                "establishment"
            ],
            "user_ratings_total": 24,
            "vicinity": "横浜市中区山下町９８ GSハイム山下町 2F"
        },
        {
            "business_status": "OPERATIONAL",
            "geometry": {
                "location": {
                    "lat": 35.442423,
                    "lng": 139.6480605
                },
                "viewport": {
                    "northeast": {
                        "lat": 35.44377198029149,
                        "lng": 139.6494094802915
                    },
                    "southwest": {
                        "lat": 35.44107401970849,
                        "lng": 139.6467115197085
                    }
                }
            },
            "icon": "https://maps.gstatic.com/mapfiles/place_api/icons/v1/png_71/cafe-71.png",
            "icon_background_color": "#FF9E67",
            "icon_mask_base_uri": "https://maps.gstatic.com/mapfiles/place_api/icons/v2/cafe_pinlet",
            "name": "ハリネズミカフェ®️ HARRY 横浜中華街店",
            "opening_hours": {
                "open_now": false
            },
            "photos": [
                {
                    "height": 3024,
                    "html_attributions": [
                        "<a href=\"https://maps.google.com/maps/contrib/109900341887225137989\">マサ</a>"
                    ],
                    "photo_reference": "Aap_uEBpT8-2f53v4kwNxZ6uA2WPVvo3yVF7ReCFK-xwz2QHgLadqWEhtZwRQWfnautxsXrbaZGXAdN4Kz5HAmhoZyNKHLUfc9gy780EXhPW4IX15uz5awVvuPaHSvirEimgMRvmgEm4gLL3U_ehWrcOXzwf8sd3qEQF8iKN453fFxkhDdoM",
                    "width": 4032
                }
            ],
            "place_id": "ChIJ6fMoNsFdGGARETKWE-SojaE",
            "plus_code": {
                "compound_code": "CJRX+X6 日本、神奈川県横浜市",
                "global_code": "8Q7XCJRX+X6"
            },
            "rating": 4.3,
            "reference": "ChIJ6fMoNsFdGGARETKWE-SojaE",
            "scope": "GOOGLE",
            "types": [
                "cafe",
                "pet_store",
                "food",
                "point_of_interest",
                "store",
                "establishment"
            ],
            "user_ratings_total": 102,
            "vicinity": "横浜市中区山下町１０３−３ M'sPort2F"
        },
        {
            "business_status": "OPERATIONAL",
            "geometry": {
                "location": {
                    "lat": 35.4427274,
                    "lng": 139.6481472
                },
                "viewport": {
                    "northeast": {
                        "lat": 35.44411958029149,
                        "lng": 139.6494371302915
                    },
                    "southwest": {
                        "lat": 35.44142161970849,
                        "lng": 139.6467391697085
                    }
                }
            },
            "icon": "https://maps.gstatic.com/mapfiles/place_api/icons/v1/png_71/cafe-71.png",
            "icon_background_color": "#FF9E67",
            "icon_mask_base_uri": "https://maps.gstatic.com/mapfiles/place_api/icons/v2/cafe_pinlet",
            "name": "飲茶カフェ 東風 TongPoo",
            "opening_hours": {
                "open_now": false
            },
            "place_id": "ChIJHdJrTuJcGGARddEQqP8pQq8",
            "plus_code": {
                "compound_code": "CJVX+37 日本、神奈川県横浜市",
                "global_code": "8Q7XCJVX+37"
            },
            "reference": "ChIJHdJrTuJcGGARddEQqP8pQq8",
            "scope": "GOOGLE",
            "types": [
                "cafe",
                "food",
                "point_of_interest",
                "establishment"
            ],
            "vicinity": "横浜市中区山下町９７"
        },
        {
            "business_status": "OPERATIONAL",
            "geometry": {
                "location": {
                    "lat": 35.4421159,
                    "lng": 139.6480674
                },
                "viewport": {
                    "northeast": {
                        "lat": 35.4434599302915,
                        "lng": 139.6493896802915
                    },
                    "southwest": {
                        "lat": 35.4407619697085,
                        "lng": 139.6466917197085
                    }
                }
            },
            "icon": "https://maps.gstatic.com/mapfiles/place_api/icons/v1/png_71/cafe-71.png",
            "icon_background_color": "#FF9E67",
            "icon_mask_base_uri": "https://maps.gstatic.com/mapfiles/place_api/icons/v2/cafe_pinlet",
            "name": "パンダ福茶 横浜中華街",
            "opening_hours": {
                "open_now": false
            },
            "photos": [
                {
                    "height": 336,
                    "html_attributions": [
                        "<a href=\"https://maps.google.com/maps/contrib/100356918492003564346\">タピオカチーズティー専門店 パンダ福茶 横浜中華街</a>"
                    ],
                    "photo_reference": "Aap_uEByQ_98CHNy3Jd5nwUjStC-4nWbzKTH4aeH_-ritsbbqeS1_iSnF1Q8lponWR6lvkpW_ulgnFFJXGALtYKnugn74bf8rKOCb2P_FlXC1SGbJevcEYnWtuy5iYQseqSic8INqKRwGqftCc8O4isbjVQcnnpX5ovbjV7eovPqIyo9BUBx",
                    "width": 596
                }
            ],
            "place_id": "ChIJGQw7caNdGGARbp4B5NjM0AU",
            "plus_code": {
                "compound_code": "CJRX+R6 日本、神奈川県横浜市",
                "global_code": "8Q7XCJRX+R6"
            },
            "rating": 4,
            "reference": "ChIJGQw7caNdGGARbp4B5NjM0AU",
            "scope": "GOOGLE",
            "types": [
                "cafe",
                "food",
                "point_of_interest",
                "establishment"
            ],
            "user_ratings_total": 2,
            "vicinity": "横浜市中区山下町１０６−１ 光元ビル"
        },
        {
            "business_status": "OPERATIONAL",
            "geometry": {
                "location": {
                    "lat": 35.4427681,
                    "lng": 139.6486748
                },
                "viewport": {
                    "northeast": {
                        "lat": 35.4441608802915,
                        "lng": 139.6500697802915
                    },
                    "southwest": {
                        "lat": 35.4414629197085,
                        "lng": 139.6473718197085
                    }
                }
            },
            "icon": "https://maps.gstatic.com/mapfiles/place_api/icons/v1/png_71/cafe-71.png",
            "icon_background_color": "#FF9E67",
            "icon_mask_base_uri": "https://maps.gstatic.com/mapfiles/place_api/icons/v2/cafe_pinlet",
            "name": "エロガッパ",
            "opening_hours": {
                "open_now": true
            },
            "photos": [
                {
                    "height": 960,
                    "html_attributions": [
                        "<a href=\"https://maps.google.com/maps/contrib/101272459363228197985\">Vegas 24</a>"
                    ],
                    "photo_reference": "Aap_uECSXLFucbfDn96QpVpYcgSszaKgp2tbEOMjUIi0rjG_EBNiZa8KMkKprK0EwGujAZTDvqxo5tmZQOIuauh8P-Cqd5zPUEB7bmMPA7rLlJk8lHgikqewvzTYcauXyFn8Qsqal_Eioqn3vPeXO5Q396DRe8IR54uydhnDGSSuEo45J20a",
                    "width": 1706
                }
            ],
            "place_id": "ChIJcV0UROJcGGARWOaJkk1Gm9s",
            "plus_code": {
                "compound_code": "CJVX+4F 日本、神奈川県横浜市",
                "global_code": "8Q7XCJVX+4F"
            },
            "price_level": 1,
            "rating": 4.3,
            "reference": "ChIJcV0UROJcGGARWOaJkk1Gm9s",
            "scope": "GOOGLE",
            "types": [
                "cafe",
                "food",
                "point_of_interest",
                "establishment"
            ],
            "user_ratings_total": 18,
            "vicinity": "横浜市中区山下町９８ GSハイム山下町 2F"
        },
        {
            "business_status": "OPERATIONAL",
            "geometry": {
                "location": {
                    "lat": 35.4425722,
                    "lng": 139.6477047
                },
                "viewport": {
                    "northeast": {
                        "lat": 35.4439332802915,
                        "lng": 139.6491382302915
                    },
                    "southwest": {
                        "lat": 35.4412353197085,
                        "lng": 139.6464402697085
                    }
                }
            },
            "icon": "https://maps.gstatic.com/mapfiles/place_api/icons/v1/png_71/cafe-71.png",
            "icon_background_color": "#FF9E67",
            "icon_mask_base_uri": "https://maps.gstatic.com/mapfiles/place_api/icons/v2/cafe_pinlet",
            "name": "幸茶 (koucha) 横浜中華街 タピオカ専門店",
            "opening_hours": {
                "open_now": false
            },
            "photos": [
                {
                    "height": 1702,
                    "html_attributions": [
                        "<a href=\"https://maps.google.com/maps/contrib/105479000496272177436\">幸茶 (koucha) 横浜中華街 タピオカ専門店</a>"
                    ],
                    "photo_reference": "Aap_uEB0hoescFnwFpm2faGYLysgbIbymYyEDdZY6lsZ211KzgFPm3n2-cEtNuPYidlKwB8lMIe9fR1rjoiGh_uLHPKYQjzVP0sDceKlp8G9Xkl987XDhVrOEVuJ3CIHtV5EZSZ4qtvzhsKhFUcIa-D71AEr5tQwDetGpb_oNWq5qgBkFJQN",
                    "width": 3024
                }
            ],
            "place_id": "ChIJU6PPl_BdGGARlroKOrYSFu4",
            "plus_code": {
                "compound_code": "CJVX+23 日本、神奈川県横浜市",
                "global_code": "8Q7XCJVX+23"
            },
            "rating": 4.5,
            "reference": "ChIJU6PPl_BdGGARlroKOrYSFu4",
            "scope": "GOOGLE",
            "types": [
                "cafe",
                "food",
                "point_of_interest",
                "establishment"
            ],
            "user_ratings_total": 4,
            "vicinity": "横浜市中区山下町１８７"
        },
        {
            "business_status": "OPERATIONAL",
            "geometry": {
                "location": {
                    "lat": 35.4424153,
                    "lng": 139.6475964
                },
                "viewport": {
                    "northeast": {
                        "lat": 35.4437642802915,
                        "lng": 139.6489453802915
                    },
                    "southwest": {
                        "lat": 35.4410663197085,
                        "lng": 139.6462474197085
                    }
                }
            },
            "icon": "https://maps.gstatic.com/mapfiles/place_api/icons/v1/png_71/cafe-71.png",
            "icon_background_color": "#FF9E67",
            "icon_mask_base_uri": "https://maps.gstatic.com/mapfiles/place_api/icons/v2/cafe_pinlet",
            "name": "QQ屋台屋",
            "opening_hours": {
                "open_now": false
            },
            "photos": [
                {
                    "height": 1200,
                    "html_attributions": [
                        "<a href=\"https://maps.google.com/maps/contrib/112789766745551041890\">かぜ</a>"
                    ],
                    "photo_reference": "Aap_uEARKF3CzOswhuBTvKWtknrMZqd9tNFkzovHVetZ0ihM57qZaicotZd88KcbEg3YCq_6MklEU4wDHCqXl3OKr_x8oo8WPxqUWeBzU7qYyAtx_qtjefCo99g7J0GGyjAhLiBLhpwf_-xKx0JHpTrFDDGbDFMUvRA820piPfanYTFHAWMC",
                    "width": 1200
                }
            ],
            "place_id": "ChIJky5Ls-NcGGARHGmB_n3WZZ4",
            "plus_code": {
                "compound_code": "CJRX+X2 日本、神奈川県横浜市",
                "global_code": "8Q7XCJRX+X2"
            },
            "rating": 3.9,
            "reference": "ChIJky5Ls-NcGGARHGmB_n3WZZ4",
            "scope": "GOOGLE",
            "types": [
                "cafe",
                "food",
                "point_of_interest",
                "establishment"
            ],
            "user_ratings_total": 66,
            "vicinity": "横浜市中区山下町１３６−５"
        },
        {
            "business_status": "OPERATIONAL",
            "geometry": {
                "location": {
                    "lat": 35.44193,
                    "lng": 139.648639
                },
                "viewport": {
                    "northeast": {
                        "lat": 35.4432562302915,
                        "lng": 139.6499643302915
                    },
                    "southwest": {
                        "lat": 35.4405582697085,
                        "lng": 139.6472663697085
                    }
                }
            },
            "icon": "https://maps.gstatic.com/mapfiles/place_api/icons/v1/png_71/cafe-71.png",
            "icon_background_color": "#FF9E67",
            "icon_mask_base_uri": "https://maps.gstatic.com/mapfiles/place_api/icons/v2/cafe_pinlet",
            "name": "yokohama coffee stand",
            "opening_hours": {
                "open_now": false
            },
            "photos": [
                {
                    "height": 2160,
                    "html_attributions": [
                        "<a href=\"https://maps.google.com/maps/contrib/115252040129261401383\">First Penguin</a>"
                    ],
                    "photo_reference": "Aap_uEDFrWjJDTGl3iqnXhEUljp7pklOq81Xjn9MeU17afD7aPVXCQ4vLDChdTw2ZpDxlsAdmZLyTfKO3G4L2xzuhuYJgFnPAuhcL_k8-8z33G2JFlpMhLWm_FbcLOViapx7vYQw4VWnJfL_lN2bxTr9Jccy2PXGY8-srcSVYmjX4lYdTPbh",
                    "width": 2160
                }
            ],
            "place_id": "ChIJo3JAO-JcGGARzaeIswFzF_U",
            "plus_code": {
                "compound_code": "CJRX+QF 日本、神奈川県横浜市",
                "global_code": "8Q7XCJRX+QF"
            },
            "rating": 4.2,
            "reference": "ChIJo3JAO-JcGGARzaeIswFzF_U",
            "scope": "GOOGLE",
            "types": [
                "cafe",
                "food",
                "point_of_interest",
                "store",
                "establishment"
            ],
            "user_ratings_total": 59,
            "vicinity": "横浜市中区山下町１０４−５"
        },
        {
            "business_status": "CLOSED_TEMPORARILY",
            "geometry": {
                "location": {
                    "lat": 35.442699,
                    "lng": 139.6475241
                },
                "viewport": {
                    "northeast": {
                        "lat": 35.4440479802915,
                        "lng": 139.6488730802915
                    },
                    "southwest": {
                        "lat": 35.4413500197085,
                        "lng": 139.6461751197085
                    }
                }
            },
            "icon": "https://maps.gstatic.com/mapfiles/place_api/icons/v1/png_71/cafe-71.png",
            "icon_background_color": "#FF9E67",
            "icon_mask_base_uri": "https://maps.gstatic.com/mapfiles/place_api/icons/v2/cafe_pinlet",
            "name": "マックスカフェ 横浜中華街店",
            "permanently_closed": true,
            "photos": [
                {
                    "height": 450,
                    "html_attributions": [
                        "<a href=\"https://maps.google.com/maps/contrib/101381385388266151790\">マックスカフェ 横浜中華街店</a>"
                    ],
                    "photo_reference": "Aap_uEDxRcB7xSyhNLDRTQdFvbEQB7WJusM-BZyStIRst02-2VtatMOjcwy8ylrU0Q4RvOkcEWqE52Iocj46sogXcwZs0pchD8Sk5yAwZ2h2I1jxbAc8mpYTR2hm9P2ysIwijT0WY7gtWfsqgtOR7Oiz3VOyESmeSDmEWVt8B8Ka1G-3ZBen",
                    "width": 600
                }
            ],
            "place_id": "ChIJr2YNreNcGGAR7sG8zKzWSuA",
            "plus_code": {
                "compound_code": "CJVX+32 日本、神奈川県横浜市",
                "global_code": "8Q7XCJVX+32"
            },
            "rating": 3.8,
            "reference": "ChIJr2YNreNcGGAR7sG8zKzWSuA",
            "scope": "GOOGLE",
            "types": [
                "cafe",
                "food",
                "point_of_interest",
                "store",
                "establishment"
            ],
            "user_ratings_total": 58,
            "vicinity": "横浜市中区山下町１８７ ホテルリブマックス横浜元町駅前1F"
        },
        {
            "business_status": "OPERATIONAL",
            "geometry": {
                "location": {
                    "lat": 35.4416931,
                    "lng": 139.6481884
                },
                "viewport": {
                    "northeast": {
                        "lat": 35.44304208029151,
                        "lng": 139.6495373802915
                    },
                    "southwest": {
                        "lat": 35.44034411970851,
                        "lng": 139.6468394197085
                    }
                }
            },
            "icon": "https://maps.gstatic.com/mapfiles/place_api/icons/v1/png_71/generic_business-71.png",
            "icon_background_color": "#7B9EB0",
            "icon_mask_base_uri": "https://maps.gstatic.com/mapfiles/place_api/icons/v2/generic_pinlet",
            "name": "Tsukikoya Specialty Coffee Roaster's shop",
            "opening_hours": {
                "open_now": false
            },
            "photos": [
                {
                    "height": 1536,
                    "html_attributions": [
                        "<a href=\"https://maps.google.com/maps/contrib/113072574668452573019\">Tsukikoya Specialty Coffee Roaster&#39;s shop</a>"
                    ],
                    "photo_reference": "Aap_uEBERpWBMuPwLGqZlKveuZjy2QX_RtY1zOX_j_WbkplBuELKGd6fnX9rfDJVC8w5yJg7J-6QPg1-xq2V9sMTjqOBu5WgJxbqWFkWpmBj16nTaNkQfYmRzlPnd-ulOMbvPi-7cA8XgX6Ec4sKYRbBaVaC0VOB0pP_A3R4xolcs4nehWFE",
                    "width": 2048
                }
            ],
            "place_id": "ChIJ62LAMeJcGGARtkkQoPIClo0",
            "plus_code": {
                "compound_code": "CJRX+M7 日本、神奈川県横浜市",
                "global_code": "8Q7XCJRX+M7"
            },
            "rating": 4.6,
            "reference": "ChIJ62LAMeJcGGARtkkQoPIClo0",
            "scope": "GOOGLE",
            "types": [
                "cafe",
                "food",
                "point_of_interest",
                "store",
                "establishment"
            ],
            "user_ratings_total": 114,
            "vicinity": "横浜市中区山下町１０６ シルクロード通り1F 朱雀門近く"
        },
        {
            "business_status": "OPERATIONAL",
            "geometry": {
                "location": {
                    "lat": 35.4423658,
                    "lng": 139.6493223
                },
                "viewport": {
                    "northeast": {
                        "lat": 35.4437278302915,
                        "lng": 139.6507249802915
                    },
                    "southwest": {
                        "lat": 35.4410298697085,
                        "lng": 139.6480270197085
                    }
                }
            },
            "icon": "https://maps.gstatic.com/mapfiles/place_api/icons/v1/png_71/cafe-71.png",
            "icon_background_color": "#FF9E67",
            "icon_mask_base_uri": "https://maps.gstatic.com/mapfiles/place_api/icons/v2/cafe_pinlet",
            "name": "パティスリー パブロフ 元町本店",
            "opening_hours": {
                "open_now": false
            },
            "photos": [
                {
                    "height": 1318,
                    "html_attributions": [
                        "<a href=\"https://maps.google.com/maps/contrib/116068191470919280770\">Pavlov (パブロフ) 元町本店</a>"
                    ],
                    "photo_reference": "Aap_uEDx8RwboXOEl1GG0btN0qCsgiIkhwBb5xOnOJCp0nbVdP61WSHAC2aHORDDU3sbUYsXrAAeMyVRtJXKB-mMQJI-_nOzEgi-AmLt_WHwKFdLY7li3ihhKAD73y8eZY-Lzr1EsOyEJ2Rypa28Q_xP_C1GAuJ1GpS0Qw306HJ1Ri-r6lgO",
                    "width": 2000
                }
            ],
            "place_id": "ChIJvWu2FuJcGGARsbystLFvajc",
            "plus_code": {
                "compound_code": "CJRX+WP 日本、神奈川県横浜市",
                "global_code": "8Q7XCJRX+WP"
            },
            "price_level": 2,
            "rating": 4.4,
            "reference": "ChIJvWu2FuJcGGARsbystLFvajc",
            "scope": "GOOGLE",
            "types": [
                "cafe",
                "bakery",
                "food",
                "point_of_interest",
                "store",
                "establishment"
            ],
            "user_ratings_total": 340,
            "vicinity": "横浜市中区山下町１０５"
        }
    ],
    "status": "OK"
}