{
    "html_attributions": [],
    "results": [
        {
            "business_status": "OPERATIONAL",
            "geometry": {
                "location": {
                    "lat": 35.6573288,
                    "lng": 139.3387939
                },
                "viewport": {
                    "northeast": {
                        "lat": 35.65886533029149,
                        "lng": 139.3401238302915
                    },
                    "southwest": {
                        "lat": 35.6561673697085,
                        "lng": 139.3374258697085
                    }
                }
            },
            "icon": "https://maps.gstatic.com/mapfiles/place_api/icons/v1/png_71/cafe-71.png",
            "icon_background_color": "#FF9E67",
            "icon_mask_base_uri": "https://maps.gstatic.com/mapfiles/place_api/icons/v2/cafe_pinlet",
            "name": "スターバックス コーヒー 八王子オクトーレ店",
            "opening_hours": {
                "open_now": true
            },
            "photos": [
                {
                    "height": 3024,
                    "html_attributions": [
                        "<a href=\"https://maps.google.com/maps/contrib/107705833309561868785\">スタバカ</a>"
                    ],
                    "photo_reference": "Aap_uECfv8vYztnvCl1MVQXLw_OXfH4gMifmTUJPQxjMU65C-tnfhMDtHA2btOycQ_BV3GKgL_30J0cCzyd4PLeqm4AtYs2X5yJGSDYblB_sxqQxTSKk_VFwFDldMuJma20bOtVdrsJZG0zLc41pM9zLCJHfEUB9ra_pF-Q-MyOtXtCXSKos",
                    "width": 4032
                }
            ],
            "place_id": "ChIJg_iSItkdGWARMP63pOTYupo",
            "plus_code": {
                "compound_code": "M84Q+WG 日本、東京都八王子市",
                "global_code": "8Q7XM84Q+WG"
            },
            "price_level": 2,
            "rating": 3.8,
            "reference": "ChIJg_iSItkdGWARMP63pOTYupo",
            "scope": "GOOGLE",
            "types": [
                "cafe",
                "food",
                "point_of_interest",
                "store",
                "establishment"
            ],
            "user_ratings_total": 259,
            "vicinity": "八王子市旭町９−１ 八王子オクトーレ 1F"
        },
        {
            "business_status": "CLOSED_TEMPORARILY",
            "geometry": {
                "location": {
                    "lat": 35.6573288,
                    "lng": 139.3387939
                },
                "viewport": {
                    "northeast": {
                        "lat": 35.6588653802915,
                        "lng": 139.3401219302915
                    },
                    "southwest": {
                        "lat": 35.6561674197085,
                        "lng": 139.3374239697085
                    }
                }
            },
            "icon": "https://maps.gstatic.com/mapfiles/place_api/icons/v1/png_71/cafe-71.png",
            "icon_background_color": "#FF9E67",
            "icon_mask_base_uri": "https://maps.gstatic.com/mapfiles/place_api/icons/v2/cafe_pinlet",
            "name": "スカイラウンジ・クレア",
            "permanently_closed": true,
            "photos": [
                {
                    "height": 480,
                    "html_attributions": [
                        "<a href=\"https://maps.google.com/maps/contrib/115328782351377594230\">スカイラウンジ・クレア</a>"
                    ],
                    "photo_reference": "Aap_uED-z02ILZofQhIAHbXUD3c3pw8mPyrxvmbMAzxZkYVI36djucmtcYP_1J_Q1e0q2FUFcfRRQVraGB4r5ouJBmbKDIhNUmXm9xzFOyGByC9inAdqdanXXwnPs4_jHwg1otjVGysH2r_4_vvLapt0cP0wy3I39H66UY_HdmoFHo2FDbx9",
                    "width": 480
                }
            ],
            "place_id": "ChIJbyo5ItkdGWARdb6sP0fl4fo",
            "plus_code": {
                "compound_code": "M84Q+WG 日本、東京都八王子市",
                "global_code": "8Q7XM84Q+WG"
            },
            "rating": 3.6,
            "reference": "ChIJbyo5ItkdGWARdb6sP0fl4fo",
            "scope": "GOOGLE",
            "types": [
                "cafe",
                "food",
                "point_of_interest",
                "establishment"
            ],
            "user_ratings_total": 23,
            "vicinity": "八王子市旭町９−１ 八王子オクトーレ １１階 八王子学園都市センター内"
        },
        {
            "business_status": "OPERATIONAL",
            "geometry": {
                "location": {
                    "lat": 35.6582439,
                    "lng": 139.3389621
                },
                "viewport": {
                    "northeast": {
                        "lat": 35.6595937802915,
                        "lng": 139.3403000302915
                    },
                    "southwest": {
                        "lat": 35.6568958197085,
                        "lng": 139.3376020697085
                    }
                }
            },
            "icon": "https://maps.gstatic.com/mapfiles/place_api/icons/v1/png_71/generic_business-71.png",
            "icon_background_color": "#7B9EB0",
            "icon_mask_base_uri": "https://maps.gstatic.com/mapfiles/place_api/icons/v2/generic_pinlet",
            "name": "PRIVATE CAFE CAVE 八王子",
            "opening_hours": {
                "open_now": true
            },
            "photos": [
                {
                    "height": 809,
                    "html_attributions": [
                        "<a href=\"https://maps.google.com/maps/contrib/104931985690402963201\">PRIVATE CAFE CAVE 八王子</a>"
                    ],
                    "photo_reference": "Aap_uEAbfvWsVdH1DZcAEqLteXst2b3zbTAiLII3LW7sgAuBYHGOFFN3Ien5D8OmM6uMYf6n8SQUrApc08eH89E9wvwjcPR-SiML3pFhYoV_ETIRoTd0okxztow2suPY_8EUyP_GCxpC34iHu87lnVqV8K9lALrl5wTOURtQdszCBmdOxgEd",
                    "width": 1440
                }
            ],
            "place_id": "ChIJNQG_bfkdGWARAkbfUHXO5gg",
            "plus_code": {
                "compound_code": "M85Q+7H 日本、東京都八王子市",
                "global_code": "8Q7XM85Q+7H"
            },
            "rating": 3.6,
            "reference": "ChIJNQG_bfkdGWARAkbfUHXO5gg",
            "scope": "GOOGLE",
            "types": [
                "cafe",
                "food",
                "point_of_interest",
                "establishment"
            ],
            "user_ratings_total": 20,
            "vicinity": "八王子市東町８−５"
        }
    ],
    "status": "OK"
}