{
    "html_attributions": [],
    "results": [
        {
            "business_status": "OPERATIONAL",
            "geometry": {
                "location": {
                    "lat": 35.4393014,
                    "lng": 139.6547099
                },
                "viewport": {
                    "northeast": {
                        "lat": 35.44065038029149,
                        "lng": 139.6560588802915
                    },
                    "southwest": {
                        "lat": 35.4379524197085,
                        "lng": 139.6533609197085
                    }
                }
            },
            "icon": "https://maps.gstatic.com/mapfiles/place_api/icons/v1/png_71/park-71.png",
            "icon_background_color": "#4DB546",
            "icon_mask_base_uri": "https://maps.gstatic.com/mapfiles/place_api/icons/v2/tree_pinlet",
            "name": "バラとカスケードの庭",
            "photos": [
                {
                    "height": 4000,
                    "html_attributions": [
                        "<a href=\"https://maps.google.com/maps/contrib/117893449410147217083\">Osamu Tomita</a>"
                    ],
                    "photo_reference": "Aap_uEDe1-kaIaml9G2VixkKt3mwviWGIPsD-UzVV21r0Qfr7Ow3Xxb441qJ7ByGP-P8L6EuAM45QGHz8FIKnNgKlNETfeuDgxZwAqFhjpRWL22GBTBYJ7WD1Z2qQ7mrTAA-hzFd-szFlIOvQzaZLu6oMNIImx6Y_wEjG044M20ILNJUTIyj",
                    "width": 6000
                }
            ],
            "place_id": "ChIJV5nADp9dGGARroQmq-Lz-wQ",
            "plus_code": {
                "compound_code": "CMQ3+PV 日本、神奈川県横浜市",
                "global_code": "8Q7XCMQ3+PV"
            },
            "rating": 4.1,
            "reference": "ChIJV5nADp9dGGARroQmq-Lz-wQ",
            "scope": "GOOGLE",
            "types": [
                "park",
                "point_of_interest",
                "establishment"
            ],
            "user_ratings_total": 7,
            "vicinity": "横浜市中区山手町"
        },
        {
            "business_status": "OPERATIONAL",
            "geometry": {
                "location": {
                    "lat": 35.4395696,
                    "lng": 139.6557023
                },
                "viewport": {
                    "northeast": {
                        "lat": 35.44091858029149,
                        "lng": 139.6570512802915
                    },
                    "southwest": {
                        "lat": 35.4382206197085,
                        "lng": 139.6543533197085
                    }
                }
            },
            "icon": "https://maps.gstatic.com/mapfiles/place_api/icons/v1/png_71/park-71.png",
            "icon_background_color": "#4DB546",
            "icon_mask_base_uri": "https://maps.gstatic.com/mapfiles/place_api/icons/v2/tree_pinlet",
            "name": "霧笛橋前広場",
            "photos": [
                {
                    "height": 3024,
                    "html_attributions": [
                        "<a href=\"https://maps.google.com/maps/contrib/105779051533050370921\">CH C</a>"
                    ],
                    "photo_reference": "Aap_uEBb7JbeI4etBIy9IM5BlgJozfIF1p6l0t_ChhI7AllJLYcEbqlCgY4Hzl1dMv1E-YdPOrIz5PGwGRksiEdTMX_J6shYDA3H6crDjKVQ4Vo6DUjJXZ53cuwh9o-DKt62h1xI-03TPlK7kOXD5TJox4DpW7H0Z5UoTLbHO6aV8ZV0tCL5",
                    "width": 4032
                }
            ],
            "place_id": "ChIJQySV5DldGGARgQqbvUeJ7X8",
            "plus_code": {
                "compound_code": "CMQ4+R7 日本、神奈川県横浜市",
                "global_code": "8Q7XCMQ4+R7"
            },
            "rating": 4,
            "reference": "ChIJQySV5DldGGARgQqbvUeJ7X8",
            "scope": "GOOGLE",
            "types": [
                "park",
                "point_of_interest",
                "establishment"
            ],
            "user_ratings_total": 5,
            "vicinity": "横浜市中区山手町１１４"
        },
        {
            "business_status": "OPERATIONAL",
            "geometry": {
                "location": {
                    "lat": 35.4397543,
                    "lng": 139.6542892
                },
                "viewport": {
                    "northeast": {
                        "lat": 35.44110328029149,
                        "lng": 139.6556381802915
                    },
                    "southwest": {
                        "lat": 35.4384053197085,
                        "lng": 139.6529402197085
                    }
                }
            },
            "icon": "https://maps.gstatic.com/mapfiles/place_api/icons/v1/png_71/park-71.png",
            "icon_background_color": "#4DB546",
            "icon_mask_base_uri": "https://maps.gstatic.com/mapfiles/place_api/icons/v2/tree_pinlet",
            "name": "イングリッシュローズの庭",
            "photos": [
                {
                    "height": 1936,
                    "html_attributions": [
                        "<a href=\"https://maps.google.com/maps/contrib/110161950941594226711\">佐々木ゆかり</a>"
                    ],
                    "photo_reference": "Aap_uEANHUixHD8S5i9h1sKMmqd9b8Nq_STKROuyWoQoTpossOK8SvgtOUYZXl9TAsoJFhIuvXlHIW3jaUeZcA5DJzJfa8oXmBWEFmwSY82zhKnP1ngvm2tjFTX3MFD9Iy6rFxd-0Y0xfEs6dEPKJcSZbIhIFX5Uw6crdHF0Acy9JI_f647g",
                    "width": 1936
                }
            ],
            "place_id": "ChIJ53NRG4NdGGARpszs2jQmzWs",
            "plus_code": {
                "compound_code": "CMQ3+WP 日本、神奈川県横浜市",
                "global_code": "8Q7XCMQ3+WP"
            },
            "rating": 4.7,
            "reference": "ChIJ53NRG4NdGGARpszs2jQmzWs",
            "scope": "GOOGLE",
            "types": [
                "park",
                "point_of_interest",
                "establishment"
            ],
            "user_ratings_total": 51,
            "vicinity": "横浜市中区山手町"
        },
        {
            "business_status": "OPERATIONAL",
            "geometry": {
                "location": {
                    "lat": 35.4399034,
                    "lng": 139.654993
                },
                "viewport": {
                    "northeast": {
                        "lat": 35.44125238029149,
                        "lng": 139.6563419802915
                    },
                    "southwest": {
                        "lat": 35.4385544197085,
                        "lng": 139.6536440197085
                    }
                }
            },
            "icon": "https://maps.gstatic.com/mapfiles/place_api/icons/v1/png_71/park-71.png",
            "icon_background_color": "#4DB546",
            "icon_mask_base_uri": "https://maps.gstatic.com/mapfiles/place_api/icons/v2/tree_pinlet",
            "name": "港の見える丘公園 沈床花壇",
            "opening_hours": {
                "open_now": true
            },
            "photos": [
                {
                    "height": 1200,
                    "html_attributions": [
                        "<a href=\"https://maps.google.com/maps/contrib/117763116281813703972\">Tien Dat Le</a>"
                    ],
                    "photo_reference": "Aap_uEDLpKMvfor_Flu7_tCXqQB6qHqKRH906zWNbYTL8y2acy3yMHGsmSDgZcI-C4XY6PviabxRq80RKXad_B4zEdCIVaL3h7O1bux79cy0lETZwmBOxEz4KnWMI15Cl8-3kEu7nIdSQlI-r-tnI7DcTbz_6JVzMyMe-Pp_OyPjgZLi0Zog",
                    "width": 1600
                }
            ],
            "place_id": "ChIJQapGTh9dGGARY3nIYj9Vzgk",
            "plus_code": {
                "compound_code": "CMQ3+XX 日本、神奈川県横浜市",
                "global_code": "8Q7XCMQ3+XX"
            },
            "rating": 4.4,
            "reference": "ChIJQapGTh9dGGARY3nIYj9Vzgk",
            "scope": "GOOGLE",
            "types": [
                "tourist_attraction",
                "park",
                "point_of_interest",
                "establishment"
            ],
            "user_ratings_total": 143,
            "vicinity": "横浜市中区山手町１１４"
        },
        {
            "business_status": "OPERATIONAL",
            "geometry": {
                "location": {
                    "lat": 35.4403169,
                    "lng": 139.6546505
                },
                "viewport": {
                    "northeast": {
                        "lat": 35.4416136802915,
                        "lng": 139.6556865302915
                    },
                    "southwest": {
                        "lat": 35.4389157197085,
                        "lng": 139.6529885697085
                    }
                }
            },
            "icon": "https://maps.gstatic.com/mapfiles/place_api/icons/v1/png_71/park-71.png",
            "icon_background_color": "#4DB546",
            "icon_mask_base_uri": "https://maps.gstatic.com/mapfiles/place_api/icons/v2/tree_pinlet",
            "name": "港の見える丘公園",
            "opening_hours": {
                "open_now": true
            },
            "photos": [
                {
                    "height": 4024,
                    "html_attributions": [
                        "<a href=\"https://maps.google.com/maps/contrib/117017618241179075128\">Ko Ma</a>"
                    ],
                    "photo_reference": "Aap_uEC6Cgih15_jnMsdkAAB8VQDMQ_LvFMoAqn4ONKjLAlEGnJwJlxw44zwU9g2vnDmso1ZF3ybxEqL4UqNxrc0Pwk4h_WQDuJy88GviQKbkyXPVa65bpaVKm-z1w0ngDoTTdSOyjFFwEAbG6tIvLRY4n_ZLPgZR61y6UjBQfxzSNXA3R0a",
                    "width": 6024
                }
            ],
            "place_id": "ChIJNzmfdapdGGARbQW0hzW3ROs",
            "plus_code": {
                "compound_code": "CMR3+4V 日本、神奈川県横浜市",
                "global_code": "8Q7XCMR3+4V"
            },
            "rating": 4.4,
            "reference": "ChIJNzmfdapdGGARbQW0hzW3ROs",
            "scope": "GOOGLE",
            "types": [
                "park",
                "point_of_interest",
                "establishment"
            ],
            "user_ratings_total": 428,
            "vicinity": "横浜市中区山手町１１４"
        }
    ],
    "status": "OK"
}