{
    "html_attributions": [],
    "results": [
        {
            "business_status": "OPERATIONAL",
            "geometry": {
                "location": {
                    "lat": 35.4406219,
                    "lng": 139.6508287
                },
                "viewport": {
                    "northeast": {
                        "lat": 35.4420531302915,
                        "lng": 139.6521368802915
                    },
                    "southwest": {
                        "lat": 35.4393551697085,
                        "lng": 139.6494389197085
                    }
                }
            },
            "icon": "https://maps.gstatic.com/mapfiles/place_api/icons/v1/png_71/generic_business-71.png",
            "icon_background_color": "#7B9EB0",
            "icon_mask_base_uri": "https://maps.gstatic.com/mapfiles/place_api/icons/v2/generic_pinlet",
            "name": "ガラスアートギャラリーMr.glass(ミスターグラス)",
            "opening_hours": {
                "open_now": false
            },
            "place_id": "ChIJcQDnJB5dGGARDEvr5RINtV4",
            "plus_code": {
                "compound_code": "CMR2+68 日本、神奈川県横浜市",
                "global_code": "8Q7XCMR2+68"
            },
            "reference": "ChIJcQDnJB5dGGARDEvr5RINtV4",
            "scope": "GOOGLE",
            "types": [
                "art_gallery",
                "point_of_interest",
                "establishment"
            ],
            "vicinity": "横浜市中区元町１丁目５０ 元町パセオ1F"
        },
        {
            "business_status": "OPERATIONAL",
            "geometry": {
                "location": {
                    "lat": 35.4407308,
                    "lng": 139.6501468
                },
                "viewport": {
                    "northeast": {
                        "lat": 35.44207978029149,
                        "lng": 139.6514957802915
                    },
                    "southwest": {
                        "lat": 35.4393818197085,
                        "lng": 139.6487978197085
                    }
                }
            },
            "icon": "https://maps.gstatic.com/mapfiles/place_api/icons/v1/png_71/generic_business-71.png",
            "icon_background_color": "#7B9EB0",
            "icon_mask_base_uri": "https://maps.gstatic.com/mapfiles/place_api/icons/v2/generic_pinlet",
            "name": "Gallery+Sushi三郎寿司あまね",
            "opening_hours": {
                "open_now": false
            },
            "photos": [
                {
                    "height": 1044,
                    "html_attributions": [
                        "<a href=\"https://maps.google.com/maps/contrib/117215811109851367507\">Gallery+Sushi三郎寿司あまね</a>"
                    ],
                    "photo_reference": "Aap_uED0MMlf3SFDJ8UwqsOk5gkjvhum6t5VjHJ3oyGNC1btalJdHNlfSqX8ia4Od20xdfdrpEByZUGv7vkfA0panQWSdJSxlDlXC2hwG1Tis5V9anQT7RwQht0X5e5f0m7uYJCmsCliDhba80tgvV_ZQecFvh1V4AGFqjzolO5c8lJ3InX-",
                    "width": 1568
                }
            ],
            "place_id": "ChIJC5cbxlddGGARhJ9GS84uYf0",
            "plus_code": {
                "compound_code": "CMR2+73 日本、神奈川県横浜市",
                "global_code": "8Q7XCMR2+73"
            },
            "rating": 4.3,
            "reference": "ChIJC5cbxlddGGARhJ9GS84uYf0",
            "scope": "GOOGLE",
            "types": [
                "art_gallery",
                "point_of_interest",
                "establishment"
            ],
            "user_ratings_total": 20,
            "vicinity": "横浜市中区 元町 1 37 4 てるのビル1F"
        },
        {
            "business_status": "OPERATIONAL",
            "geometry": {
                "location": {
                    "lat": 35.44071379999999,
                    "lng": 139.6500673
                },
                "viewport": {
                    "northeast": {
                        "lat": 35.44206278029149,
                        "lng": 139.6514162802915
                    },
                    "southwest": {
                        "lat": 35.43936481970849,
                        "lng": 139.6487183197085
                    }
                }
            },
            "icon": "https://maps.gstatic.com/mapfiles/place_api/icons/v1/png_71/generic_business-71.png",
            "icon_background_color": "#7B9EB0",
            "icon_mask_base_uri": "https://maps.gstatic.com/mapfiles/place_api/icons/v2/generic_pinlet",
            "name": "Gallery N",
            "place_id": "ChIJ75ODUcRdGGARiqBt6ramkjU",
            "plus_code": {
                "compound_code": "CMR2+72 日本、神奈川県横浜市",
                "global_code": "8Q7XCMR2+72"
            },
            "reference": "ChIJ75ODUcRdGGARiqBt6ramkjU",
            "scope": "GOOGLE",
            "types": [
                "art_gallery",
                "point_of_interest",
                "establishment"
            ],
            "vicinity": "横浜市中区元町１丁目３８−２ Le Noir横濱元町 2階"
        },
        {
            "business_status": "OPERATIONAL",
            "geometry": {
                "location": {
                    "lat": 35.4406825,
                    "lng": 139.6500272
                },
                "viewport": {
                    "northeast": {
                        "lat": 35.4420314802915,
                        "lng": 139.6513761802915
                    },
                    "southwest": {
                        "lat": 35.43933351970851,
                        "lng": 139.6486782197085
                    }
                }
            },
            "icon": "https://maps.gstatic.com/mapfiles/place_api/icons/v1/png_71/generic_business-71.png",
            "icon_background_color": "#7B9EB0",
            "icon_mask_base_uri": "https://maps.gstatic.com/mapfiles/place_api/icons/v2/generic_pinlet",
            "name": "MAGO GALLERY YOKOHAMA",
            "opening_hours": {
                "open_now": false
            },
            "photos": [
                {
                    "height": 4608,
                    "html_attributions": [
                        "<a href=\"https://maps.google.com/maps/contrib/112164539661883746091\">W Taka</a>"
                    ],
                    "photo_reference": "Aap_uEA-MP9i99MeZDRXvLHG8IuDsZnck_pwFWJA8iE9dg7tPdoZa4s7MfNtTN5G193qaHd4rMxWQtpMWX5KOKMcMmlTgfMEPaUxN8CrCiN2K2PGkqE_nrDsxHe4s4jrO9RVV8Sd4eTDS18Is0jjCjb5jB-FamEgNtwxp3iDKHKAc2oATvYw",
                    "width": 2592
                }
            ],
            "place_id": "ChIJL4WItSJdGGARICoS2Wzc3Lk",
            "plus_code": {
                "compound_code": "CMR2+72 日本、神奈川県横浜市",
                "global_code": "8Q7XCMR2+72"
            },
            "rating": 4,
            "reference": "ChIJL4WItSJdGGARICoS2Wzc3Lk",
            "scope": "GOOGLE",
            "types": [
                "art_gallery",
                "point_of_interest",
                "establishment"
            ],
            "user_ratings_total": 1,
            "vicinity": "横浜市中区元町１丁目３８ Le Noir 横濱元町1F"
        },
        {
            "business_status": "OPERATIONAL",
            "geometry": {
                "location": {
                    "lat": 35.44059779999999,
                    "lng": 139.650877
                },
                "viewport": {
                    "northeast": {
                        "lat": 35.4420423302915,
                        "lng": 139.6521623802915
                    },
                    "southwest": {
                        "lat": 35.4393443697085,
                        "lng": 139.6494644197085
                    }
                }
            },
            "icon": "https://maps.gstatic.com/mapfiles/place_api/icons/v1/png_71/generic_business-71.png",
            "icon_background_color": "#7B9EB0",
            "icon_mask_base_uri": "https://maps.gstatic.com/mapfiles/place_api/icons/v2/generic_pinlet",
            "name": "air space 横浜元町",
            "photos": [
                {
                    "height": 2401,
                    "html_attributions": [
                        "<a href=\"https://maps.google.com/maps/contrib/115234787283152358469\">air space 横浜元町</a>"
                    ],
                    "photo_reference": "Aap_uECvBesFjOWarir9LoPyalRWmpH-BQnbbkTRItzZXljKmMLCyYvJLxs6kFQBpLv5Jm_KeuyhLVJQNQXc4Lkm4VUb286PjJYCHznMZh-b5hYuxPhNJxEsfF07uZWa5uY2Zl-7MtwtKccOFtuHCcsymhytX6Fo4cR8WeEBi7JwvFPkA8dd",
                    "width": 3600
                }
            ],
            "place_id": "ChIJVR2s769dGGARuRzb0HsLcEM",
            "plus_code": {
                "compound_code": "CMR2+69 日本、神奈川県横浜市",
                "global_code": "8Q7XCMR2+69"
            },
            "rating": 5,
            "reference": "ChIJVR2s769dGGARuRzb0HsLcEM",
            "scope": "GOOGLE",
            "types": [
                "art_gallery",
                "point_of_interest",
                "establishment"
            ],
            "user_ratings_total": 11,
            "vicinity": "横浜市中区元町1−５０ パセオ 2F 208"
        },
        {
            "business_status": "OPERATIONAL",
            "geometry": {
                "location": {
                    "lat": 35.4404284,
                    "lng": 139.6509284
                },
                "viewport": {
                    "northeast": {
                        "lat": 35.4417812802915,
                        "lng": 139.6522648302915
                    },
                    "southwest": {
                        "lat": 35.4390833197085,
                        "lng": 139.6495668697085
                    }
                }
            },
            "icon": "https://maps.gstatic.com/mapfiles/place_api/icons/v1/png_71/generic_business-71.png",
            "icon_background_color": "#7B9EB0",
            "icon_mask_base_uri": "https://maps.gstatic.com/mapfiles/place_api/icons/v2/generic_pinlet",
            "name": "Gallery Libre Motomachi",
            "opening_hours": {
                "open_now": false
            },
            "photos": [
                {
                    "height": 3088,
                    "html_attributions": [
                        "<a href=\"https://maps.google.com/maps/contrib/116713033077761277468\">Andrew Woolner</a>"
                    ],
                    "photo_reference": "Aap_uEBWSeQn7v-QgK3qxgIouYPXFm6DqM2ZZTEcD-PYLeEmQ3Tcl0iDoE0mKDaEfvy7KTYv6x6hbVNw2vP3-iXBG9sQqENvqUd4WX0NQl5gaO8sG_ZsMcEXIEif_ET2KpWsj3KwelLUPStNKYpb_7TsYNnQYVGHgPfhL-psNEoNNvLgBwIn",
                    "width": 4160
                }
            ],
            "place_id": "ChIJ___jLx5dGGAReTLThbx4ewY",
            "plus_code": {
                "compound_code": "CMR2+59 日本、神奈川県横浜市",
                "global_code": "8Q7XCMR2+59"
            },
            "reference": "ChIJ___jLx5dGGAReTLThbx4ewY",
            "scope": "GOOGLE",
            "types": [
                "art_gallery",
                "point_of_interest",
                "establishment"
            ],
            "vicinity": "横浜市中区元町１丁目５４−１"
        },
        {
            "business_status": "OPERATIONAL",
            "geometry": {
                "location": {
                    "lat": 35.440439,
                    "lng": 139.650961
                },
                "viewport": {
                    "northeast": {
                        "lat": 35.44179943029149,
                        "lng": 139.6522737302915
                    },
                    "southwest": {
                        "lat": 35.43910146970849,
                        "lng": 139.6495757697085
                    }
                }
            },
            "icon": "https://maps.gstatic.com/mapfiles/place_api/icons/v1/png_71/generic_business-71.png",
            "icon_background_color": "#7B9EB0",
            "icon_mask_base_uri": "https://maps.gstatic.com/mapfiles/place_api/icons/v2/generic_pinlet",
            "name": "（有）アークコム",
            "place_id": "ChIJ5-0eMB5dGGARNz3TJj8S0z0",
            "plus_code": {
                "compound_code": "CMR2+59 日本、神奈川県横浜市",
                "global_code": "8Q7XCMR2+59"
            },
            "reference": "ChIJ5-0eMB5dGGARNz3TJj8S0z0",
            "scope": "GOOGLE",
            "types": [
                "art_gallery",
                "point_of_interest",
                "establishment"
            ],
            "vicinity": "横浜市中区元町１丁目５４−１"
        },
        {
            "business_status": "OPERATIONAL",
            "geometry": {
                "location": {
                    "lat": 35.4404338,
                    "lng": 139.6509942
                },
                "viewport": {
                    "northeast": {
                        "lat": 35.4417991302915,
                        "lng": 139.6522914302915
                    },
                    "southwest": {
                        "lat": 35.4391011697085,
                        "lng": 139.6495934697085
                    }
                }
            },
            "icon": "https://maps.gstatic.com/mapfiles/place_api/icons/v1/png_71/generic_business-71.png",
            "icon_background_color": "#7B9EB0",
            "icon_mask_base_uri": "https://maps.gstatic.com/mapfiles/place_api/icons/v2/generic_pinlet",
            "name": "ギャラリーリブレ元町",
            "opening_hours": {
                "open_now": false
            },
            "photos": [
                {
                    "height": 1397,
                    "html_attributions": [
                        "<a href=\"https://maps.google.com/maps/contrib/105374407757529871036\">ギャラリーリブレ元町</a>"
                    ],
                    "photo_reference": "Aap_uEAymf45lUY-OmBkB2dUCBTVXVTfWdx-WRdyIexSDzQ1gP1SD5njPjoVdKmQ7mP0oXm8PzbEMRbfHIx5GkzmZMXWVs9dsxCfKlgHeQYmVuiiOz3ccgnGsWFHOm7bHmUR0yx94xxyDJeNKoWhFFlqGLxEso6PJ8Lr59T1ahzVmdqUFxuZ",
                    "width": 1000
                }
            ],
            "place_id": "ChIJobUfMB5dGGARYnu-eT298Dk",
            "plus_code": {
                "compound_code": "CMR2+59 日本、神奈川県横浜市",
                "global_code": "8Q7XCMR2+59"
            },
            "rating": 4.1,
            "reference": "ChIJobUfMB5dGGARYnu-eT298Dk",
            "scope": "GOOGLE",
            "types": [
                "art_gallery",
                "point_of_interest",
                "establishment"
            ],
            "user_ratings_total": 7,
            "vicinity": "横浜市中区元町１丁目５４−１ リブレ元町Ⅱ"
        },
        {
            "business_status": "OPERATIONAL",
            "geometry": {
                "location": {
                    "lat": 35.4410035,
                    "lng": 139.6498665
                },
                "viewport": {
                    "northeast": {
                        "lat": 35.4423524802915,
                        "lng": 139.6512154802915
                    },
                    "southwest": {
                        "lat": 35.4396545197085,
                        "lng": 139.6485175197085
                    }
                }
            },
            "icon": "https://maps.gstatic.com/mapfiles/place_api/icons/v1/png_71/generic_business-71.png",
            "icon_background_color": "#7B9EB0",
            "icon_mask_base_uri": "https://maps.gstatic.com/mapfiles/place_api/icons/v2/generic_pinlet",
            "name": "横浜元町 いしい M.ISHII & SONS",
            "opening_hours": {
                "open_now": false
            },
            "photos": [
                {
                    "height": 3024,
                    "html_attributions": [
                        "<a href=\"https://maps.google.com/maps/contrib/100887341604094961394\">横浜元町 いしい M.ISHII &amp; SONS</a>"
                    ],
                    "photo_reference": "Aap_uEA92MPOBTpIGJqwYftPVvQfc4l7zIYXSx4tkz5yQAHQsXhxR8wNONQ80v2_bh7oxPbfvBmESA3bbkrcRNShgL_WK__vZVU6voW7f4s_C8SkbL95m2teLNUuc-NXsBz67uuuNSGaqXDZzTsZQOGQIQxvgeqYE8k-xmCmkv4wfiMo27vK",
                    "width": 4032
                }
            ],
            "place_id": "ChIJgZeTfdddGGARTXVlJo2n5Sc",
            "plus_code": {
                "compound_code": "CJRX+CW 日本、神奈川県横浜市",
                "global_code": "8Q7XCJRX+CW"
            },
            "rating": 4,
            "reference": "ChIJgZeTfdddGGARTXVlJo2n5Sc",
            "scope": "GOOGLE",
            "types": [
                "art_gallery",
                "food",
                "point_of_interest",
                "store",
                "establishment"
            ],
            "user_ratings_total": 2,
            "vicinity": "横浜市中区元町１−２８"
        },
        {
            "business_status": "OPERATIONAL",
            "geometry": {
                "location": {
                    "lat": 35.4414081,
                    "lng": 139.6500878
                },
                "viewport": {
                    "northeast": {
                        "lat": 35.44280673029149,
                        "lng": 139.6514055302915
                    },
                    "southwest": {
                        "lat": 35.4401087697085,
                        "lng": 139.6487075697085
                    }
                }
            },
            "icon": "https://maps.gstatic.com/mapfiles/place_api/icons/v1/png_71/generic_business-71.png",
            "icon_background_color": "#7B9EB0",
            "icon_mask_base_uri": "https://maps.gstatic.com/mapfiles/place_api/icons/v2/generic_pinlet",
            "name": "キュリアリスト",
            "place_id": "ChIJGYFEv09dGGARdGNAfbe26SI",
            "plus_code": {
                "compound_code": "CMR2+H2 日本、神奈川県横浜市",
                "global_code": "8Q7XCMR2+H2"
            },
            "reference": "ChIJGYFEv09dGGARdGNAfbe26SI",
            "scope": "GOOGLE",
            "types": [
                "art_gallery",
                "point_of_interest",
                "establishment"
            ],
            "vicinity": "横浜市中区元町１丁目20−６０１"
        },
        {
            "business_status": "OPERATIONAL",
            "geometry": {
                "location": {
                    "lat": 35.4414081,
                    "lng": 139.6500878
                },
                "viewport": {
                    "northeast": {
                        "lat": 35.44280673029149,
                        "lng": 139.6514055302915
                    },
                    "southwest": {
                        "lat": 35.4401087697085,
                        "lng": 139.6487075697085
                    }
                }
            },
            "icon": "https://maps.gstatic.com/mapfiles/place_api/icons/v1/png_71/generic_business-71.png",
            "icon_background_color": "#7B9EB0",
            "icon_mask_base_uri": "https://maps.gstatic.com/mapfiles/place_api/icons/v2/generic_pinlet",
            "name": "サイレン601",
            "photos": [
                {
                    "height": 4032,
                    "html_attributions": [
                        "<a href=\"https://maps.google.com/maps/contrib/101790858071292946922\">サイレン601</a>"
                    ],
                    "photo_reference": "Aap_uEBWvV4DVQgtvN84slm-yrmxnCwrwnbNONcleKLilz_1MNvz20xkUgaHIgT7oQfH3s6viJtHHlS4nlBknUm1LeqwYgb0Nbz8DaQ-JAMBGe1OHVn_zCpLeY9LrhoNeBG6bEZSiYLmelBmYggIO5L6YfzimLAfs49JVNeTxM1OIwxinPhq",
                    "width": 3024
                }
            ],
            "place_id": "ChIJ9TrlDKddGGARzY14N3QPBP0",
            "plus_code": {
                "compound_code": "CMR2+H2 日本、神奈川県横浜市",
                "global_code": "8Q7XCMR2+H2"
            },
            "rating": 5,
            "reference": "ChIJ9TrlDKddGGARzY14N3QPBP0",
            "scope": "GOOGLE",
            "types": [
                "art_gallery",
                "point_of_interest",
                "establishment"
            ],
            "user_ratings_total": 1,
            "vicinity": "横浜市中区元町1−２０ 601号室"
        },
        {
            "business_status": "OPERATIONAL",
            "geometry": {
                "location": {
                    "lat": 35.4405528,
                    "lng": 139.6493831
                },
                "viewport": {
                    "northeast": {
                        "lat": 35.4419017802915,
                        "lng": 139.6507320802915
                    },
                    "southwest": {
                        "lat": 35.4392038197085,
                        "lng": 139.6480341197085
                    }
                }
            },
            "icon": "https://maps.gstatic.com/mapfiles/place_api/icons/v1/png_71/generic_business-71.png",
            "icon_background_color": "#7B9EB0",
            "icon_mask_base_uri": "https://maps.gstatic.com/mapfiles/place_api/icons/v2/generic_pinlet",
            "name": "フジムラコンテンポラリーアート",
            "opening_hours": {
                "open_now": false
            },
            "photos": [
                {
                    "height": 900,
                    "html_attributions": [
                        "<a href=\"https://maps.google.com/maps/contrib/100342198752154618572\">フジムラコンテンポラリーアート</a>"
                    ],
                    "photo_reference": "Aap_uEBUjyhgSY92fQNv_WTj0jjh0xWN7hO7rnOaZkA27eG4yCOBtPS7kEiXP1sP4fRWseo72cJlaHvOjsYJRzcBdA5-zdkhABREFjvqjbN0fCstEAWSES9UOVwqGIHm4pBHYuGEqPbWYYpYjNTvG_9wHtZSUWuEYgffpMLaul4XtJ4rH4Bx",
                    "width": 1200
                }
            ],
            "place_id": "ChIJY6KB6eFcGGARJ35t2irfIjU",
            "plus_code": {
                "compound_code": "CJRX+6Q 日本、神奈川県横浜市",
                "global_code": "8Q7XCJRX+6Q"
            },
            "rating": 4,
            "reference": "ChIJY6KB6eFcGGARJ35t2irfIjU",
            "scope": "GOOGLE",
            "types": [
                "art_gallery",
                "point_of_interest",
                "establishment"
            ],
            "user_ratings_total": 6,
            "vicinity": "横浜市中区元町２丁目９１−１１ イエダビル2F"
        }
    ],
    "status": "OK"
}