{
    "html_attributions": [],
    "results": [
        {
            "business_status": "OPERATIONAL",
            "geometry": {
                "location": {
                    "lat": 35.44316999999999,
                    "lng": 139.652095
                },
                "viewport": {
                    "northeast": {
                        "lat": 35.44451898029148,
                        "lng": 139.6534439802915
                    },
                    "southwest": {
                        "lat": 35.44182101970848,
                        "lng": 139.6507460197085
                    }
                }
            },
            "icon": "https://maps.gstatic.com/mapfiles/place_api/icons/v1/png_71/museum-71.png",
            "icon_background_color": "#13B5C7",
            "icon_mask_base_uri": "https://maps.gstatic.com/mapfiles/place_api/icons/v2/museum_pinlet",
            "name": "横浜人形の家",
            "opening_hours": {
                "open_now": false
            },
            "photos": [
                {
                    "height": 4931,
                    "html_attributions": [
                        "<a href=\"https://maps.google.com/maps/contrib/112006668611375524151\">eguchonjapan</a>"
                    ],
                    "photo_reference": "Aap_uEB2dGcYOR0V83wNO4tRo8aXiJufNF2RVmdpeZBofOsPahkTrwMO-tvOUDTUbry4yurh6vppLbHj_cnb2S_woXhO6kEw7s68oV9D84Ow3dZEvovLkatV5kMr5npC211XNUy8pHYvwgNbc2W7vM8v67OzaJ9OKFp46kGjhHnSPEFknJwO",
                    "width": 2609
                }
            ],
            "place_id": "ChIJsynq2h1dGGARIJ4iBe7hUpc",
            "plus_code": {
                "compound_code": "CMV2+7R 日本、神奈川県横浜市",
                "global_code": "8Q7XCMV2+7R"
            },
            "rating": 4,
            "reference": "ChIJsynq2h1dGGARIJ4iBe7hUpc",
            "scope": "GOOGLE",
            "types": [
                "tourist_attraction",
                "museum",
                "point_of_interest",
                "establishment"
            ],
            "user_ratings_total": 546,
            "vicinity": "横浜市中区山下町１８ 横浜人形の家 1F"
        }
    ],
    "status": "OK"
}