{
    "html_attributions": [],
    "results": [
        {
            "business_status": "OPERATIONAL",
            "geometry": {
                "location": {
                    "lat": 35.4428084,
                    "lng": 139.6496464
                },
                "viewport": {
                    "northeast": {
                        "lat": 35.4442029302915,
                        "lng": 139.6510433302915
                    },
                    "southwest": {
                        "lat": 35.4415049697085,
                        "lng": 139.6483453697085
                    }
                }
            },
            "icon": "https://maps.gstatic.com/mapfiles/place_api/icons/v1/png_71/generic_business-71.png",
            "icon_background_color": "#13B5C7",
            "icon_mask_base_uri": "https://maps.gstatic.com/mapfiles/place_api/icons/v2/generic_pinlet",
            "name": "麻里布丸の錨",
            "photos": [
                {
                    "height": 3024,
                    "html_attributions": [
                        "<a href=\"https://maps.google.com/maps/contrib/113509012494848391306\">Channel Actors</a>"
                    ],
                    "photo_reference": "Aap_uEAVUSx6ExjAih-YtzG49w6gG1_EHnp35QruzChKvApaDqRgtfHxfdwsDiEVwXSGGjqPUNcv1_aPmQ4rRdXP3A9vUBZacu7eHkrQLR5ywRxWqoT6mcMS5wG-swaAntLzalVlkCcHqrFe1gBEpDWT69suld87qV53Gks0uUnCW1S_Kzzo",
                    "width": 4032
                }
            ],
            "place_id": "ChIJJUEXaWldGGARYGfmRDvqa6g",
            "plus_code": {
                "compound_code": "CJVX+4V 日本、神奈川県横浜市",
                "global_code": "8Q7XCJVX+4V"
            },
            "rating": 3.5,
            "reference": "ChIJJUEXaWldGGARYGfmRDvqa6g",
            "scope": "GOOGLE",
            "types": [
                "tourist_attraction",
                "point_of_interest",
                "establishment"
            ],
            "user_ratings_total": 2,
            "vicinity": "横浜市中区山下町"
        }
    ],
    "status": "OK"
}