{
    "html_attributions": [],
    "results": [
        {
            "business_status": "OPERATIONAL",
            "geometry": {
                "location": {
                    "lat": 35.44205970000001,
                    "lng": 139.6522997
                },
                "viewport": {
                    "northeast": {
                        "lat": 35.4434086802915,
                        "lng": 139.6536486802915
                    },
                    "southwest": {
                        "lat": 35.44071071970851,
                        "lng": 139.6509507197085
                    }
                }
            },
            "icon": "https://maps.gstatic.com/mapfiles/place_api/icons/v1/png_71/generic_business-71.png",
            "icon_background_color": "#7B9EB0",
            "icon_mask_base_uri": "https://maps.gstatic.com/mapfiles/place_api/icons/v2/generic_pinlet",
            "name": "フランス橋",
            "opening_hours": {
                "open_now": true
            },
            "photos": [
                {
                    "height": 4000,
                    "html_attributions": [
                        "<a href=\"https://maps.google.com/maps/contrib/117875654365522252231\">Toshihiro Gamo</a>"
                    ],
                    "photo_reference": "Aap_uEA-43Z-sQVMSG81pO8KsGiYqxEDgA28akoT-_DbDL6vGhKfq-njOFpx4F4kxXFa5lDUFUnDammzaCAjR-TY0x9Vi9ncHNBySv15Bsmumk449xxTKlNJNGgNpbxPdH1D4kDHkbQWJ7nrr7ivcCl7ZK3jW4F46lpTPm8CUhuYdK-m3XDZ",
                    "width": 6000
                }
            ],
            "place_id": "ChIJdURzZR5dGGARqy7Uz6Dtd3A",
            "plus_code": {
                "compound_code": "CMR2+RW 日本、神奈川県横浜市",
                "global_code": "8Q7XCMR2+RW"
            },
            "rating": 3.2,
            "reference": "ChIJdURzZR5dGGARqy7Uz6Dtd3A",
            "scope": "GOOGLE",
            "types": [
                "tourist_attraction",
                "point_of_interest",
                "establishment"
            ],
            "user_ratings_total": 11,
            "vicinity": "横浜市中区山手町"
        },
        {
            "business_status": "OPERATIONAL",
            "geometry": {
                "location": {
                    "lat": 35.44316999999999,
                    "lng": 139.652095
                },
                "viewport": {
                    "northeast": {
                        "lat": 35.44451898029148,
                        "lng": 139.6534439802915
                    },
                    "southwest": {
                        "lat": 35.44182101970848,
                        "lng": 139.6507460197085
                    }
                }
            },
            "icon": "https://maps.gstatic.com/mapfiles/place_api/icons/v1/png_71/museum-71.png",
            "icon_background_color": "#13B5C7",
            "icon_mask_base_uri": "https://maps.gstatic.com/mapfiles/place_api/icons/v2/museum_pinlet",
            "name": "横浜人形の家",
            "opening_hours": {
                "open_now": false
            },
            "photos": [
                {
                    "height": 4931,
                    "html_attributions": [
                        "<a href=\"https://maps.google.com/maps/contrib/112006668611375524151\">eguchonjapan</a>"
                    ],
                    "photo_reference": "Aap_uEBOjm0E8p1hvcIefw3obNvkJe_YyMKonupZwiZQ9PbqfiLHg354vL4WY1dH5_nkQA_gbQsFgVxS51mGMcfXMQkUlnj8oRtWjxgbof8SqL4J61jSOHukW-wMYe6-0Jnpi4lKo5BLimrRMtO7zRAvCXbqdqNoyYZqRh2qcoqCU1mqg7AM",
                    "width": 2609
                }
            ],
            "place_id": "ChIJsynq2h1dGGARIJ4iBe7hUpc",
            "plus_code": {
                "compound_code": "CMV2+7R 日本、神奈川県横浜市",
                "global_code": "8Q7XCMV2+7R"
            },
            "rating": 4,
            "reference": "ChIJsynq2h1dGGARIJ4iBe7hUpc",
            "scope": "GOOGLE",
            "types": [
                "tourist_attraction",
                "museum",
                "point_of_interest",
                "establishment"
            ],
            "user_ratings_total": 546,
            "vicinity": "横浜市中区山下町１８ 横浜人形の家 1F"
        },
        {
            "business_status": "OPERATIONAL",
            "geometry": {
                "location": {
                    "lat": 35.4426302,
                    "lng": 139.6517284
                },
                "viewport": {
                    "northeast": {
                        "lat": 35.4439791802915,
                        "lng": 139.6530773802915
                    },
                    "southwest": {
                        "lat": 35.4412812197085,
                        "lng": 139.6503794197085
                    }
                }
            },
            "icon": "https://maps.gstatic.com/mapfiles/place_api/icons/v1/png_71/generic_business-71.png",
            "icon_background_color": "#13B5C7",
            "icon_mask_base_uri": "https://maps.gstatic.com/mapfiles/place_api/icons/v2/generic_pinlet",
            "name": "ヘボン博士邸跡",
            "opening_hours": {
                "open_now": true
            },
            "photos": [
                {
                    "height": 1944,
                    "html_attributions": [
                        "<a href=\"https://maps.google.com/maps/contrib/108784195876784182303\">バーン</a>"
                    ],
                    "photo_reference": "Aap_uEB9l_gQ37RBdCzJlsrkjjnyKeSsoXbVhr75xHSwEwzkVguFWM6eOAQhH61UiRSzYlxrOjciz-a7MCxgM97_Ih2nM3vF8q8Xw6NL7aAuCizaQUoUIGBuHsra-Z5F1QHXmX9RNhJ0CLO4fKn6Ic5Uq_S9gmWf489MrdIN5UkGnoCONJak",
                    "width": 2592
                }
            ],
            "place_id": "ChIJ2W2m3x1dGGARaWupCaOhAiI",
            "plus_code": {
                "compound_code": "CMV2+3M 日本、神奈川県横浜市",
                "global_code": "8Q7XCMV2+3M"
            },
            "rating": 2.8,
            "reference": "ChIJ2W2m3x1dGGARaWupCaOhAiI",
            "scope": "GOOGLE",
            "types": [
                "tourist_attraction",
                "point_of_interest",
                "establishment"
            ],
            "user_ratings_total": 20,
            "vicinity": "横浜市中区山下町"
        }
    ],
    "status": "OK"
}