{
    "html_attributions": [],
    "results": [
        {
            "business_status": "OPERATIONAL",
            "geometry": {
                "location": {
                    "lat": 35.6525985,
                    "lng": 139.3351683
                },
                "viewport": {
                    "northeast": {
                        "lat": 35.6541552802915,
                        "lng": 139.3367726802915
                    },
                    "southwest": {
                        "lat": 35.6514573197085,
                        "lng": 139.3340747197085
                    }
                }
            },
            "icon": "https://maps.gstatic.com/mapfiles/place_api/icons/v1/png_71/park-71.png",
            "icon_background_color": "#4DB546",
            "icon_mask_base_uri": "https://maps.gstatic.com/mapfiles/place_api/icons/v2/tree_pinlet",
            "name": "子安公園",
            "opening_hours": {
                "open_now": true
            },
            "photos": [
                {
                    "height": 2048,
                    "html_attributions": [
                        "<a href=\"https://maps.google.com/maps/contrib/115824925006659111778\">矢代哲</a>"
                    ],
                    "photo_reference": "Aap_uEDNVhhvMKUYLkrclSauNzsh-ULN_T8PEsBfkGgmPwUf0KLrBViUaDheG7Ba-3-L2dCwUaHydzrw5FWNlhjOasoONlqWCNGrBgW3ot7kNUjCCrASoSWZQfXgAq-J1oedVcVvdPt6a3fvi-GdIIiN_ExWowg6osXYvvs8Ua3VdCt0fD5K",
                    "width": 1536
                }
            ],
            "place_id": "ChIJaSYBdNodGWARHpI4pTQwYwg",
            "plus_code": {
                "compound_code": "M83P+23 日本、東京都八王子市",
                "global_code": "8Q7XM83P+23"
            },
            "rating": 3.9,
            "reference": "ChIJaSYBdNodGWARHpI4pTQwYwg",
            "scope": "GOOGLE",
            "types": [
                "park",
                "tourist_attraction",
                "point_of_interest",
                "establishment"
            ],
            "user_ratings_total": 129,
            "vicinity": "八王子市子安町４丁目３１"
        }
    ],
    "status": "OK"
}