{
    "html_attributions": [],
    "results": [
        {
            "business_status": "OPERATIONAL",
            "geometry": {
                "location": {
                    "lat": 35.6549752,
                    "lng": 139.3433798
                },
                "viewport": {
                    "northeast": {
                        "lat": 35.6563028302915,
                        "lng": 139.3447195802915
                    },
                    "southwest": {
                        "lat": 35.6536048697085,
                        "lng": 139.3420216197085
                    }
                }
            },
            "icon": "https://maps.gstatic.com/mapfiles/place_api/icons/v1/png_71/park-71.png",
            "icon_background_color": "#4DB546",
            "icon_mask_base_uri": "https://maps.gstatic.com/mapfiles/place_api/icons/v2/tree_pinlet",
            "name": "明神町三丁目南公園",
            "opening_hours": {
                "open_now": true
            },
            "photos": [
                {
                    "height": 2160,
                    "html_attributions": [
                        "<a href=\"https://maps.google.com/maps/contrib/109424502250619644906\">佐々木新</a>"
                    ],
                    "photo_reference": "Aap_uEABWOf0mFIQvhKBV3GhgdlErSDLt5YUa7u5Cz8O9sgsEcoG4AU1kFNybTaW-k5DB9Genv5ajsoqScJiaHBnylYU1S9JucCUL3RR30QUbt63ogK8g82ccbwMAx2d0_x2l0nRDqW4xnZr8jOpN8fL7wa5OG4BUjzXuYfceygwGtjBIWLI",
                    "width": 3840
                }
            ],
            "place_id": "ChIJWWpjFOAdGWARMFLqozZoHG8",
            "plus_code": {
                "compound_code": "M83V+X9 日本、東京都八王子市",
                "global_code": "8Q7XM83V+X9"
            },
            "rating": 2,
            "reference": "ChIJWWpjFOAdGWARMFLqozZoHG8",
            "scope": "GOOGLE",
            "types": [
                "park",
                "point_of_interest",
                "establishment"
            ],
            "user_ratings_total": 3,
            "vicinity": "八王子市明神町３丁目１２"
        }
    ],
    "status": "OK"
}