{
    "html_attributions": [],
    "results": [
        {
            "business_status": "OPERATIONAL",
            "geometry": {
                "location": {
                    "lat": 35.4431307,
                    "lng": 139.6482724
                },
                "viewport": {
                    "northeast": {
                        "lat": 35.44447968029149,
                        "lng": 139.6496213802915
                    },
                    "southwest": {
                        "lat": 35.4417817197085,
                        "lng": 139.6469234197085
                    }
                }
            },
            "icon": "https://maps.gstatic.com/mapfiles/place_api/icons/v1/png_71/shopping-71.png",
            "icon_background_color": "#4B96F3",
            "icon_mask_base_uri": "https://maps.gstatic.com/mapfiles/place_api/icons/v2/shopping_pinlet",
            "name": "KAMINARI YOKOHAMA",
            "opening_hours": {
                "open_now": false
            },
            "photos": [
                {
                    "height": 3423,
                    "html_attributions": [
                        "<a href=\"https://maps.google.com/maps/contrib/107782445964037834662\">KAMINARI YOKOHAMA</a>"
                    ],
                    "photo_reference": "Aap_uEC2MQ96aAB-_Rgq4KeyN2VoW5erHvt0rklSNCsdcCrLpJWDtfeW9WyQ3RRiUTv5nlGHVRzw7WA9C5gmO6ifQrDFHnLIMfq8w0vKyK8XzuT7d02Ne7DbJfK3Jvlz2L3FTo36frwB05CSDTZKQW8EiZLEdFm3ZVxa-nEqrQ-KcFcFsA4K",
                    "width": 5134
                }
            ],
            "place_id": "ChIJ7-CvVeJcGGARG-EfHz4dUks",
            "plus_code": {
                "compound_code": "CJVX+78 日本、神奈川県横浜市",
                "global_code": "8Q7XCJVX+78"
            },
            "rating": 4.9,
            "reference": "ChIJ7-CvVeJcGGARG-EfHz4dUks",
            "scope": "GOOGLE",
            "types": [
                "art_gallery",
                "electronics_store",
                "home_goods_store",
                "point_of_interest",
                "store",
                "establishment"
            ],
            "user_ratings_total": 14,
            "vicinity": "横浜市中区山下町８１"
        },
        {
            "business_status": "OPERATIONAL",
            "geometry": {
                "location": {
                    "lat": 35.4432018,
                    "lng": 139.6479691
                },
                "viewport": {
                    "northeast": {
                        "lat": 35.44455078029149,
                        "lng": 139.6493180802915
                    },
                    "southwest": {
                        "lat": 35.4418528197085,
                        "lng": 139.6466201197085
                    }
                }
            },
            "icon": "https://maps.gstatic.com/mapfiles/place_api/icons/v1/png_71/generic_business-71.png",
            "icon_background_color": "#7B9EB0",
            "icon_mask_base_uri": "https://maps.gstatic.com/mapfiles/place_api/icons/v2/generic_pinlet",
            "name": "ギャラリーソコソコ",
            "photos": [
                {
                    "height": 3492,
                    "html_attributions": [
                        "<a href=\"https://maps.google.com/maps/contrib/102899003880351755686\">Keaton Masuda</a>"
                    ],
                    "photo_reference": "Aap_uEBtIt5aKkhd4RvuX9wKzQLxlK1625lP7K7y7J07BaUYmdTRFOdbJb-0cuAh5lXGRcIwjpelXdxVMY0BqRSva7AWDXKq0_uE9EC2swJA0xoLriYcCtdyJJit0jgxxx_62w7zfHA4JGMDZjiHn9pUQNX2UmlcvcEgBCXdaGQyNdwrF36j",
                    "width": 4656
                }
            ],
            "place_id": "ChIJ__-wVeJcGGARw4IZt-uMBLo",
            "plus_code": {
                "compound_code": "CJVX+75 日本、神奈川県横浜市",
                "global_code": "8Q7XCJVX+75"
            },
            "rating": 4.3,
            "reference": "ChIJ__-wVeJcGGARw4IZt-uMBLo",
            "scope": "GOOGLE",
            "types": [
                "art_gallery",
                "point_of_interest",
                "establishment"
            ],
            "user_ratings_total": 10,
            "vicinity": "横浜市中区山下町８１−６"
        },
        {
            "business_status": "OPERATIONAL",
            "geometry": {
                "location": {
                    "lat": 35.44321329999999,
                    "lng": 139.6487363
                },
                "viewport": {
                    "northeast": {
                        "lat": 35.4446162802915,
                        "lng": 139.6500120802915
                    },
                    "southwest": {
                        "lat": 35.4419183197085,
                        "lng": 139.6473141197085
                    }
                }
            },
            "icon": "https://maps.gstatic.com/mapfiles/place_api/icons/v1/png_71/generic_business-71.png",
            "icon_background_color": "#7B9EB0",
            "icon_mask_base_uri": "https://maps.gstatic.com/mapfiles/place_api/icons/v2/generic_pinlet",
            "name": "AAA GALLERY",
            "opening_hours": {
                "open_now": false
            },
            "photos": [
                {
                    "height": 464,
                    "html_attributions": [
                        "<a href=\"https://maps.google.com/maps/contrib/102717303345794240579\">AAA GALLERY</a>"
                    ],
                    "photo_reference": "Aap_uEDNGKMhXFkgDvY555qSfOaJhaJAB-nNC5JbGCXZenvx9hedpQzNCaEhwutyOhn3PsZdQoh7JuVj0GFp2lyDZUGqqFzWW6hbQBv6CirX7zn4VQ4ERnL6JJHEwL6yvn4gjvB6jGC0RFZglRcPLBiQv9XeOiirsWmspOb9rmE8QbaEkPhd",
                    "width": 1296
                }
            ],
            "place_id": "ChIJAQB8XOJcGGARX_rfmgfwqcQ",
            "plus_code": {
                "compound_code": "CJVX+7F 日本、神奈川県横浜市",
                "global_code": "8Q7XCJVX+7F"
            },
            "rating": 3.4,
            "reference": "ChIJAQB8XOJcGGARX_rfmgfwqcQ",
            "scope": "GOOGLE",
            "types": [
                "art_gallery",
                "point_of_interest",
                "establishment"
            ],
            "user_ratings_total": 58,
            "vicinity": "横浜市中区山下町８２ 徳永ビル 206"
        }
    ],
    "status": "OK"
}