{
    "html_attributions": [],
    "results": [
        {
            "business_status": "OPERATIONAL",
            "geometry": {
                "location": {
                    "lat": 35.6568175,
                    "lng": 139.339252
                },
                "viewport": {
                    "northeast": {
                        "lat": 35.65816648029149,
                        "lng": 139.3406009802915
                    },
                    "southwest": {
                        "lat": 35.65546851970849,
                        "lng": 139.3379030197085
                    }
                }
            },
            "icon": "https://maps.gstatic.com/mapfiles/place_api/icons/v1/png_71/generic_business-71.png",
            "icon_background_color": "#13B5C7",
            "icon_mask_base_uri": "https://maps.gstatic.com/mapfiles/place_api/icons/v2/generic_pinlet",
            "name": "絹の舞",
            "photos": [
                {
                    "height": 3821,
                    "html_attributions": [
                        "<a href=\"https://maps.google.com/maps/contrib/110807531686252733131\">Masahiko Motono</a>"
                    ],
                    "photo_reference": "Aap_uEBiV1LkDGc_Jw1bjV_UCiF2FHSNui-dR1OUx_j3M2OuVGeZm1PVIs2rL388ct449LbUW468noRIWgpa7RUYoWMTr0g71fNCGKDUdPDUMnnzIP4gZu55XwuAgIIZmYwG6sA8jAbeo38FUvPhhMalRICar7aYtbb5TsqQ7ZLRllwjtNh2",
                    "width": 5724
                }
            ],
            "place_id": "ChIJe67Fxk8dGWAR9k8hb-ujbk0",
            "plus_code": {
                "compound_code": "M84Q+PP 日本、東京都八王子市",
                "global_code": "8Q7XM84Q+PP"
            },
            "reference": "ChIJe67Fxk8dGWAR9k8hb-ujbk0",
            "scope": "GOOGLE",
            "types": [
                "tourist_attraction",
                "point_of_interest",
                "establishment"
            ],
            "vicinity": "八王子市旭町１"
        },
        {
            "business_status": "OPERATIONAL",
            "geometry": {
                "location": {
                    "lat": 35.657959,
                    "lng": 139.3381921
                },
                "viewport": {
                    "northeast": {
                        "lat": 35.6593061302915,
                        "lng": 139.3396490802915
                    },
                    "southwest": {
                        "lat": 35.6566081697085,
                        "lng": 139.3369511197085
                    }
                }
            },
            "icon": "https://maps.gstatic.com/mapfiles/place_api/icons/v1/png_71/generic_business-71.png",
            "icon_background_color": "#13B5C7",
            "icon_mask_base_uri": "https://maps.gstatic.com/mapfiles/place_api/icons/v2/generic_pinlet",
            "name": "恵美寿屋",
            "place_id": "ChIJEfsEgjcdGWARSKtANIuM-CA",
            "plus_code": {
                "compound_code": "M85Q+57 日本、東京都八王子市",
                "global_code": "8Q7XM85Q+57"
            },
            "rating": 5,
            "reference": "ChIJEfsEgjcdGWARSKtANIuM-CA",
            "scope": "GOOGLE",
            "types": [
                "tourist_attraction",
                "point_of_interest",
                "establishment"
            ],
            "user_ratings_total": 1,
            "vicinity": "八王子市東町１２"
        }
    ],
    "status": "OK"
}