{
    "html_attributions": [],
    "results": [
        {
            "business_status": "OPERATIONAL",
            "geometry": {
                "location": {
                    "lat": 35.6573288,
                    "lng": 139.3387374
                },
                "viewport": {
                    "northeast": {
                        "lat": 35.6588653802915,
                        "lng": 139.3400977802915
                    },
                    "southwest": {
                        "lat": 35.6561674197085,
                        "lng": 139.3373998197085
                    }
                }
            },
            "icon": "https://maps.gstatic.com/mapfiles/place_api/icons/v1/png_71/generic_business-71.png",
            "icon_background_color": "#7B9EB0",
            "icon_mask_base_uri": "https://maps.gstatic.com/mapfiles/place_api/icons/v2/generic_pinlet",
            "name": "八王子市学園都市センター",
            "opening_hours": {
                "open_now": false
            },
            "photos": [
                {
                    "height": 800,
                    "html_attributions": [
                        "<a href=\"https://maps.google.com/maps/contrib/111983432790288426046\">八王子市学園都市センター</a>"
                    ],
                    "photo_reference": "Aap_uECMjs_EKsUleQtm1FhKC_A8P6HudDGyxzIoRYAS5pE-GmjYHD35IDJErVMR4WJ7tlr1JaDiAtZ35hSurGOECqJKglUemYdNTvqnwcwz6FGVjBiqf6EaOOwp5NWveoy7uyK7kdxjuErCJgeGUSV03LIblWAACp6mjgXFOU1pZWAhAYXb",
                    "width": 600
                }
            ],
            "place_id": "ChIJWRYYItkdGWARgkYWGpDRBFM",
            "plus_code": {
                "compound_code": "M84Q+WF 日本、東京都八王子市",
                "global_code": "8Q7XM84Q+WF"
            },
            "rating": 3.7,
            "reference": "ChIJWRYYItkdGWARgkYWGpDRBFM",
            "scope": "GOOGLE",
            "types": [
                "art_gallery",
                "school",
                "point_of_interest",
                "establishment"
            ],
            "user_ratings_total": 158,
            "vicinity": "八王子市旭町９−１"
        }
    ],
    "status": "OK"
}