{
    "html_attributions": [],
    "results": [
        {
            "business_status": "OPERATIONAL",
            "geometry": {
                "location": {
                    "lat": 35.44137539999999,
                    "lng": 139.6523293
                },
                "viewport": {
                    "northeast": {
                        "lat": 35.4427308302915,
                        "lng": 139.6537042302915
                    },
                    "southwest": {
                        "lat": 35.4400328697085,
                        "lng": 139.6510062697085
                    }
                }
            },
            "icon": "https://maps.gstatic.com/mapfiles/place_api/icons/v1/png_71/generic_business-71.png",
            "icon_background_color": "#13B5C7",
            "icon_mask_base_uri": "https://maps.gstatic.com/mapfiles/place_api/icons/v2/generic_pinlet",
            "name": "愛の母子像",
            "place_id": "ChIJ43y7VFZdGGARl9aKBl0CAn4",
            "plus_code": {
                "compound_code": "CMR2+HW 日本、神奈川県横浜市",
                "global_code": "8Q7XCMR2+HW"
            },
            "reference": "ChIJ43y7VFZdGGARl9aKBl0CAn4",
            "scope": "GOOGLE",
            "types": [
                "tourist_attraction",
                "point_of_interest",
                "establishment"
            ],
            "vicinity": "横浜市中区山手町１８４−４３"
        }
    ],
    "status": "OK"
}