{
    "html_attributions": [],
    "results": [
        {
            "business_status": "OPERATIONAL",
            "geometry": {
                "location": {
                    "lat": 35.4438401,
                    "lng": 139.6487761
                },
                "viewport": {
                    "northeast": {
                        "lat": 35.4451432302915,
                        "lng": 139.6500770802915
                    },
                    "southwest": {
                        "lat": 35.4424452697085,
                        "lng": 139.6473791197085
                    }
                }
            },
            "icon": "https://maps.gstatic.com/mapfiles/place_api/icons/v1/png_71/restaurant-71.png",
            "icon_background_color": "#FF9E67",
            "icon_mask_base_uri": "https://maps.gstatic.com/mapfiles/place_api/icons/v2/restaurant_pinlet",
            "name": "カフェ ラ・ボエム 元町中華街",
            "opening_hours": {
                "open_now": false
            },
            "photos": [
                {
                    "height": 2000,
                    "html_attributions": [
                        "<a href=\"https://maps.google.com/maps/contrib/115993724334156407725\">カフェ ラ・ボエム 元町中華街</a>"
                    ],
                    "photo_reference": "Aap_uEACsbF9j-OTUnb0r-OTP6qBhrP30c7zIJ5bwlIEz4Wqv7fiXuTA__9ZAJzrwtoFcZHk7uZwQrAsXGeZn79iKN4plKoJm0NhaCNZwcBLqfxbf7q1a21JwNNGYXUTHbRPwPr0iLzcVPG9o-wfwfeMFfhnNciibrxdVIuODNsvN7-YM-SV",
                    "width": 3008
                }
            ],
            "place_id": "ChIJRW1o9OJcGGARqjjb0Bl91u0",
            "plus_code": {
                "compound_code": "CJVX+GG 日本、神奈川県横浜市",
                "global_code": "8Q7XCJVX+GG"
            },
            "price_level": 2,
            "rating": 4,
            "reference": "ChIJRW1o9OJcGGARqjjb0Bl91u0",
            "scope": "GOOGLE",
            "types": [
                "meal_delivery",
                "meal_takeaway",
                "cafe",
                "bar",
                "restaurant",
                "food",
                "point_of_interest",
                "establishment"
            ],
            "user_ratings_total": 365,
            "vicinity": "横浜市中区山下町６１−１ 横浜山下ビル B1"
        },
        {
            "business_status": "OPERATIONAL",
            "geometry": {
                "location": {
                    "lat": 35.4438744,
                    "lng": 139.6475573
                },
                "viewport": {
                    "northeast": {
                        "lat": 35.4452233802915,
                        "lng": 139.6489062802915
                    },
                    "southwest": {
                        "lat": 35.4425254197085,
                        "lng": 139.6462083197085
                    }
                }
            },
            "icon": "https://maps.gstatic.com/mapfiles/place_api/icons/v1/png_71/cafe-71.png",
            "icon_background_color": "#FF9E67",
            "icon_mask_base_uri": "https://maps.gstatic.com/mapfiles/place_api/icons/v2/cafe_pinlet",
            "name": "サンマルクカフェ 横浜中華街東門店",
            "opening_hours": {
                "open_now": true
            },
            "photos": [
                {
                    "height": 3456,
                    "html_attributions": [
                        "<a href=\"https://maps.google.com/maps/contrib/117998336494414393621\">田村和俊</a>"
                    ],
                    "photo_reference": "Aap_uEDXI1q6JT53Xtk4oZDCZNcefuS4ZqeikrNbXJuDwIV3-2lSjau2P-SxeX4OkrFArfdvPKMlZeUiaob1CguY4hmsiQGb3-kN92yvnN9q9S-eLFQz5o4cFMEOqnWi7W21idJvIDIJfKPkbdJmM_3gd8r6L7BeNBZYXYHaV5v-jNg42n6t",
                    "width": 4608
                }
            ],
            "place_id": "ChIJOfRuHONcGGARS332VXGn260",
            "plus_code": {
                "compound_code": "CJVX+G2 日本、神奈川県横浜市",
                "global_code": "8Q7XCJVX+G2"
            },
            "price_level": 2,
            "rating": 3.5,
            "reference": "ChIJOfRuHONcGGARS332VXGn260",
            "scope": "GOOGLE",
            "types": [
                "cafe",
                "food",
                "point_of_interest",
                "establishment"
            ],
            "user_ratings_total": 514,
            "vicinity": "横浜市中区山下町７８−８"
        },
        {
            "business_status": "OPERATIONAL",
            "geometry": {
                "location": {
                    "lat": 35.4443006,
                    "lng": 139.6484922
                },
                "viewport": {
                    "northeast": {
                        "lat": 35.4456341802915,
                        "lng": 139.6496856302915
                    },
                    "southwest": {
                        "lat": 35.4429362197085,
                        "lng": 139.6469876697085
                    }
                }
            },
            "icon": "https://maps.gstatic.com/mapfiles/place_api/icons/v1/png_71/cafe-71.png",
            "icon_background_color": "#FF9E67",
            "icon_mask_base_uri": "https://maps.gstatic.com/mapfiles/place_api/icons/v2/cafe_pinlet",
            "name": "ドトールコーヒーショップ 山下町店",
            "opening_hours": {
                "open_now": true
            },
            "photos": [
                {
                    "height": 3024,
                    "html_attributions": [
                        "<a href=\"https://maps.google.com/maps/contrib/100279977426197523686\">許傑昇</a>"
                    ],
                    "photo_reference": "Aap_uEDGJdbeG8wrMOxcL9uEqmTqIOS7z1t_FpLBlQwViKhxx1dJYozqcwQYuYSfPtXxlaEABcze0nQ03ANnYbmTVjD2j-zCphua533anpv8-9jsQP_0T1nzrSw6fYj2qnU1skfeX67Bst8Go-yz4sy1hoGNVOIpMC7GY-8hcHLX4DLdHmgw",
                    "width": 4032
                }
            ],
            "place_id": "ChIJ3QPy7-JcGGARi8rb49nl69M",
            "plus_code": {
                "compound_code": "CJVX+P9 日本、神奈川県横浜市",
                "global_code": "8Q7XCJVX+P9"
            },
            "price_level": 1,
            "rating": 3.6,
            "reference": "ChIJ3QPy7-JcGGARi8rb49nl69M",
            "scope": "GOOGLE",
            "types": [
                "cafe",
                "food",
                "point_of_interest",
                "establishment"
            ],
            "user_ratings_total": 421,
            "vicinity": "横浜市中区山下町60‐1"
        },
        {
            "business_status": "OPERATIONAL",
            "geometry": {
                "location": {
                    "lat": 35.4437297,
                    "lng": 139.6489203
                },
                "viewport": {
                    "northeast": {
                        "lat": 35.4450786802915,
                        "lng": 139.6502692802915
                    },
                    "southwest": {
                        "lat": 35.4423807197085,
                        "lng": 139.6475713197085
                    }
                }
            },
            "icon": "https://maps.gstatic.com/mapfiles/place_api/icons/v1/png_71/cafe-71.png",
            "icon_background_color": "#FF9E67",
            "icon_mask_base_uri": "https://maps.gstatic.com/mapfiles/place_api/icons/v2/cafe_pinlet",
            "name": "香流",
            "opening_hours": {
                "open_now": false
            },
            "place_id": "ChIJRz1l9eJcGGARbAuLxTikfeU",
            "plus_code": {
                "compound_code": "CJVX+FH 日本、神奈川県横浜市",
                "global_code": "8Q7XCJVX+FH"
            },
            "rating": 4,
            "reference": "ChIJRz1l9eJcGGARbAuLxTikfeU",
            "scope": "GOOGLE",
            "types": [
                "cafe",
                "food",
                "point_of_interest",
                "establishment"
            ],
            "user_ratings_total": 2,
            "vicinity": "横浜市中区山下町６１−１ 5F 山下ビル"
        },
        {
            "business_status": "OPERATIONAL",
            "geometry": {
                "location": {
                    "lat": 35.4438632,
                    "lng": 139.6472701
                },
                "viewport": {
                    "northeast": {
                        "lat": 35.44521218029149,
                        "lng": 139.6486190802915
                    },
                    "southwest": {
                        "lat": 35.44251421970849,
                        "lng": 139.6459211197085
                    }
                }
            },
            "icon": "https://maps.gstatic.com/mapfiles/place_api/icons/v1/png_71/cafe-71.png",
            "icon_background_color": "#FF9E67",
            "icon_mask_base_uri": "https://maps.gstatic.com/mapfiles/place_api/icons/v2/cafe_pinlet",
            "name": "ベトナム喫茶 CAFÉ GIẢNG (カフェ ジャン)",
            "opening_hours": {
                "open_now": false
            },
            "photos": [
                {
                    "height": 3456,
                    "html_attributions": [
                        "<a href=\"https://maps.google.com/maps/contrib/117998336494414393621\">田村和俊</a>"
                    ],
                    "photo_reference": "Aap_uEDQl_5spriuXWfUgye35YAsZs5Br6WEd2u151PdeBKZTkdaCd1CEIQQEXsWRqJKMBg7PotpLR-rQeOimkre5tmyY2QSZ21UrzYfh0uKZoD3s8ptlVhBxKISoRooAoIavZyz1a4bPpCcW1OzVNg_a2n5wGGdcGjawuvvo1obgpzc5vdO",
                    "width": 4608
                }
            ],
            "place_id": "ChIJvY7aG-NcGGAR36fyk4TchiQ",
            "plus_code": {
                "compound_code": "CJVW+GW 日本、神奈川県横浜市",
                "global_code": "8Q7XCJVW+GW"
            },
            "price_level": 2,
            "rating": 4.1,
            "reference": "ChIJvY7aG-NcGGAR36fyk4TchiQ",
            "scope": "GOOGLE",
            "types": [
                "cafe",
                "food",
                "point_of_interest",
                "store",
                "establishment"
            ],
            "user_ratings_total": 285,
            "vicinity": "横浜市中区山下町７８−３"
        }
    ],
    "status": "OK"
}