{
    "html_attributions": [],
    "results": [
        {
            "business_status": "OPERATIONAL",
            "geometry": {
                "location": {
                    "lat": 35.44401390000001,
                    "lng": 139.6478856
                },
                "viewport": {
                    "northeast": {
                        "lat": 35.4453856302915,
                        "lng": 139.6492035802915
                    },
                    "southwest": {
                        "lat": 35.4426876697085,
                        "lng": 139.6465056197085
                    }
                }
            },
            "icon": "https://maps.gstatic.com/mapfiles/place_api/icons/v1/png_71/generic_business-71.png",
            "icon_background_color": "#13B5C7",
            "icon_mask_base_uri": "https://maps.gstatic.com/mapfiles/place_api/icons/v2/generic_pinlet",
            "name": "朝陽門",
            "opening_hours": {
                "open_now": true
            },
            "photos": [
                {
                    "height": 3024,
                    "html_attributions": [
                        "<a href=\"https://maps.google.com/maps/contrib/104797328537983104230\">M T</a>"
                    ],
                    "photo_reference": "Aap_uED4ojBXrOKAlIwk4CIpCvJgQcmQaLa1Mm5FZ3aXewUF5cZWISyGYdIH9w-KIjoN-GCUsQT6j6MEpU5Q1UzRauxNZG5DCIwRtUFHdl0lYyYcsWtPUH-LcesSr3vHNmvhhxS1V6zVDNvr0YHf2-zKFpgliTx1hDMj8rStGrc2jaeWcpmn",
                    "width": 4032
                }
            ],
            "place_id": "ChIJU0lX4uJcGGARhQHVi3uB6ws",
            "plus_code": {
                "compound_code": "CJVX+J5 日本、神奈川県横浜市",
                "global_code": "8Q7XCJVX+J5"
            },
            "rating": 4,
            "reference": "ChIJU0lX4uJcGGARhQHVi3uB6ws",
            "scope": "GOOGLE",
            "types": [
                "tourist_attraction",
                "point_of_interest",
                "establishment"
            ],
            "user_ratings_total": 124,
            "vicinity": "横浜市中区山下町７９"
        },
        {
            "business_status": "OPERATIONAL",
            "geometry": {
                "location": {
                    "lat": 35.4437501,
                    "lng": 139.6483363
                },
                "viewport": {
                    "northeast": {
                        "lat": 35.44509908029149,
                        "lng": 139.6496852802915
                    },
                    "southwest": {
                        "lat": 35.44240111970849,
                        "lng": 139.6469873197085
                    }
                }
            },
            "icon": "https://maps.gstatic.com/mapfiles/place_api/icons/v1/png_71/generic_business-71.png",
            "icon_background_color": "#13B5C7",
            "icon_mask_base_uri": "https://maps.gstatic.com/mapfiles/place_api/icons/v2/generic_pinlet",
            "name": "横浜天主堂跡",
            "photos": [
                {
                    "height": 4032,
                    "html_attributions": [
                        "<a href=\"https://maps.google.com/maps/contrib/105964220090628212164\">江原克徳</a>"
                    ],
                    "photo_reference": "Aap_uEBIalJfrcHU15JSGudd2BkCALk5PsnBtgzovERdfPAAyKyQgjf3AAlpJdAWA9jqWnBGBYNi9ybMFeHjMu_DKA1WJc9V4Whx6cG5PLoU2VCLROQrxBeetm4Nmm-d_jKMtHH0KK0PjSk1vrLG2Qjc-jR3evg6Xs490IvB6toUi1aGQZEf",
                    "width": 3024
                }
            ],
            "place_id": "ChIJhfC59-JcGGAR5wjMMJh_xOA",
            "plus_code": {
                "compound_code": "CJVX+G8 日本、神奈川県横浜市",
                "global_code": "8Q7XCJVX+G8"
            },
            "rating": 3.2,
            "reference": "ChIJhfC59-JcGGAR5wjMMJh_xOA",
            "scope": "GOOGLE",
            "types": [
                "tourist_attraction",
                "point_of_interest",
                "establishment"
            ],
            "user_ratings_total": 14,
            "vicinity": "横浜市中区山下町"
        }
    ],
    "status": "OK"
}