{
    "html_attributions": [],
    "results": [
        {
            "business_status": "OPERATIONAL",
            "geometry": {
                "location": {
                    "lat": 35.4403567,
                    "lng": 139.6497426
                },
                "viewport": {
                    "northeast": {
                        "lat": 35.4417056802915,
                        "lng": 139.6510915802915
                    },
                    "southwest": {
                        "lat": 35.4390077197085,
                        "lng": 139.6483936197085
                    }
                }
            },
            "icon": "https://maps.gstatic.com/mapfiles/place_api/icons/v1/png_71/generic_business-71.png",
            "icon_background_color": "#13B5C7",
            "icon_mask_base_uri": "https://maps.gstatic.com/mapfiles/place_api/icons/v2/generic_pinlet",
            "name": "横浜元町",
            "photos": [
                {
                    "height": 3096,
                    "html_attributions": [
                        "<a href=\"https://maps.google.com/maps/contrib/114033218083631478631\">F Tony</a>"
                    ],
                    "photo_reference": "Aap_uECyvsM7kxqwmNFkzH-0xyiefHPA6KzbtUP5w948tA_6ogUQxPQfvTKqPrE5p8Rmv2hxHOejuL03OMf4-bRD2TTD4CdE_He224RA7syQDU77GIXvTsVfbw7RMBppVIwb_er0nWHi7QWagbREkstLFAdOw0rKMNu8QI58hvsGRjldNQ0N",
                    "width": 5504
                }
            ],
            "place_id": "ChIJsafH3OFcGGARlk1_Qd9g6Wg",
            "plus_code": {
                "compound_code": "CJRX+4V 日本、神奈川県横浜市",
                "global_code": "8Q7XCJRX+4V"
            },
            "rating": 4.2,
            "reference": "ChIJsafH3OFcGGARlk1_Qd9g6Wg",
            "scope": "GOOGLE",
            "types": [
                "tourist_attraction",
                "point_of_interest",
                "establishment"
            ],
            "user_ratings_total": 100,
            "vicinity": "横浜市中区元町２丁目"
        },
        {
            "business_status": "OPERATIONAL",
            "geometry": {
                "location": {
                    "lat": 35.4403638,
                    "lng": 139.6497222
                },
                "viewport": {
                    "northeast": {
                        "lat": 35.4417392802915,
                        "lng": 139.6511176802915
                    },
                    "southwest": {
                        "lat": 35.4390413197085,
                        "lng": 139.6484197197085
                    }
                }
            },
            "icon": "https://maps.gstatic.com/mapfiles/place_api/icons/v1/png_71/museum-71.png",
            "icon_background_color": "#13B5C7",
            "icon_mask_base_uri": "https://maps.gstatic.com/mapfiles/place_api/icons/v2/museum_pinlet",
            "name": "元町老街",
            "place_id": "ChIJsafH3OFcGGAR_LYTO0u4NVw",
            "plus_code": {
                "compound_code": "CJRX+4V 日本、神奈川県横浜市",
                "global_code": "8Q7XCJRX+4V"
            },
            "reference": "ChIJsafH3OFcGGAR_LYTO0u4NVw",
            "scope": "GOOGLE",
            "types": [
                "museum",
                "tourist_attraction",
                "point_of_interest",
                "establishment"
            ],
            "vicinity": "横浜市中区元町２丁目"
        }
    ],
    "status": "OK"
}