{
    "html_attributions": [],
    "results": [
        {
            "business_status": "OPERATIONAL",
            "geometry": {
                "location": {
                    "lat": 35.75003650000001,
                    "lng": 139.8044689
                },
                "viewport": {
                    "northeast": {
                        "lat": 35.75108723029151,
                        "lng": 139.8058258302915
                    },
                    "southwest": {
                        "lat": 35.74838926970851,
                        "lng": 139.8031278697085
                    }
                }
            },
            "icon": "https://maps.gstatic.com/mapfiles/place_api/icons/v1/png_71/generic_business-71.png",
            "icon_background_color": "#13B5C7",
            "icon_mask_base_uri": "https://maps.gstatic.com/mapfiles/place_api/icons/v2/generic_pinlet",
            "name": "北千住駅ペデストリアンデッキ",
            "opening_hours": {
                "open_now": true
            },
            "place_id": "ChIJdfLTrPWPGGARuaZjtTrhdEw",
            "plus_code": {
                "compound_code": "QR23+2Q 日本、東京都足立区",
                "global_code": "8Q7XQR23+2Q"
            },
            "reference": "ChIJdfLTrPWPGGARuaZjtTrhdEw",
            "scope": "GOOGLE",
            "types": [
                "tourist_attraction",
                "point_of_interest",
                "establishment"
            ],
            "vicinity": "足立区千住旭町４２ 北千住駅"
        }
    ],
    "status": "OK"
}