{
    "html_attributions": [],
    "results": [
        {
            "business_status": "OPERATIONAL",
            "geometry": {
                "location": {
                    "lat": 35.7482286,
                    "lng": 139.8049486
                },
                "viewport": {
                    "northeast": {
                        "lat": 35.74960693029151,
                        "lng": 139.8062762302915
                    },
                    "southwest": {
                        "lat": 35.74690896970851,
                        "lng": 139.8035782697085
                    }
                }
            },
            "icon": "https://maps.gstatic.com/mapfiles/place_api/icons/v1/png_71/cafe-71.png",
            "icon_background_color": "#FF9E67",
            "icon_mask_base_uri": "https://maps.gstatic.com/mapfiles/place_api/icons/v2/cafe_pinlet",
            "name": "サンマルクカフェ エキア北千住店",
            "opening_hours": {
                "open_now": true
            },
            "photos": [
                {
                    "height": 3024,
                    "html_attributions": [
                        "<a href=\"https://maps.google.com/maps/contrib/104321686475976474907\">Y Y</a>"
                    ],
                    "photo_reference": "Aap_uEBvc8DmH_ViEdHC-wM2REtByegxMbH-PfH2MOy1RKItJrQZ8yNgm675T1DhSdYke0A15_sZxEd04y-29IpAuvLe0rLDv8HU5Ktxe9WSqAfMUZ-a0G1gJ19EuoI9rLEebOVNpLNFxaLjwY7HMC6RrHnpUxW6olawElv1aVOxuy0EVnkl",
                    "width": 4032
                }
            ],
            "place_id": "ChIJTSWfr0-OGGARyjEX9gGru3U",
            "plus_code": {
                "compound_code": "PRX3+7X 日本、東京都足立区",
                "global_code": "8Q7XPRX3+7X"
            },
            "price_level": 2,
            "rating": 3.7,
            "reference": "ChIJTSWfr0-OGGARyjEX9gGru3U",
            "scope": "GOOGLE",
            "types": [
                "cafe",
                "food",
                "point_of_interest",
                "establishment"
            ],
            "user_ratings_total": 197,
            "vicinity": "足立区千住旭町４２−１"
        }
    ],
    "status": "OK"
}