{
    "html_attributions": [],
    "results": [
        {
            "business_status": "OPERATIONAL",
            "geometry": {
                "location": {
                    "lat": 35.7510619,
                    "lng": 139.8044749
                },
                "viewport": {
                    "northeast": {
                        "lat": 35.75246088029149,
                        "lng": 139.8057742302915
                    },
                    "southwest": {
                        "lat": 35.74976291970849,
                        "lng": 139.8030762697085
                    }
                }
            },
            "icon": "https://maps.gstatic.com/mapfiles/place_api/icons/v1/png_71/restaurant-71.png",
            "icon_background_color": "#FF9E67",
            "icon_mask_base_uri": "https://maps.gstatic.com/mapfiles/place_api/icons/v2/restaurant_pinlet",
            "name": "マクドナルド 千住ミルディス店",
            "opening_hours": {
                "open_now": false
            },
            "photos": [
                {
                    "height": 3024,
                    "html_attributions": [
                        "<a href=\"https://maps.google.com/maps/contrib/108023486295397790531\">T K</a>"
                    ],
                    "photo_reference": "Aap_uECUW0svVKzKyf8mmvStO_tMkyf-u2Wfo-KSw3rJoFcR4jK6Z0r5uZ2wWug3gMFAoMPs1igkueqSdhYk-E7_qBtAzCXREgmuFQu1nJrEjzhTPrvvRgNE4U0Ou8XLhFNkdnU4c9m85k2geoRTyq_b5GZhr-u7EJ8tzPVOT8e-IDm7GCQz",
                    "width": 4032
                }
            ],
            "place_id": "ChIJD8ClQU-OGGARJTST78ePgl0",
            "plus_code": {
                "compound_code": "QR23+CQ 日本、東京都足立区",
                "global_code": "8Q7XQR23+CQ"
            },
            "price_level": 1,
            "rating": 3.2,
            "reference": "ChIJD8ClQU-OGGARJTST78ePgl0",
            "scope": "GOOGLE",
            "types": [
                "cafe",
                "restaurant",
                "food",
                "point_of_interest",
                "store",
                "establishment"
            ],
            "user_ratings_total": 52,
            "vicinity": "足立区千住３−９２"
        },
        {
            "business_status": "OPERATIONAL",
            "geometry": {
                "location": {
                    "lat": 35.75124780000001,
                    "lng": 139.8048186
                },
                "viewport": {
                    "northeast": {
                        "lat": 35.75254778029149,
                        "lng": 139.8059207802915
                    },
                    "southwest": {
                        "lat": 35.74984981970849,
                        "lng": 139.8032228197085
                    }
                }
            },
            "icon": "https://maps.gstatic.com/mapfiles/place_api/icons/v1/png_71/cafe-71.png",
            "icon_background_color": "#FF9E67",
            "icon_mask_base_uri": "https://maps.gstatic.com/mapfiles/place_api/icons/v2/cafe_pinlet",
            "name": "椿屋カフェ北千住マルイ店",
            "opening_hours": {
                "open_now": false
            },
            "photos": [
                {
                    "height": 3024,
                    "html_attributions": [
                        "<a href=\"https://maps.google.com/maps/contrib/113073399677704443395\">Hayato Onishi</a>"
                    ],
                    "photo_reference": "Aap_uEA59SyTjmTCkkZdnK0lUcc_upYRHtcUX1ZWTu9il0DrurusVTrRIu3H__Z8DHnP8O7Y7o69PQ8Zt7fzO-yHJTs5UBrcU9wj77XFyAbvsWkibARyaB_qZP_CqAJ861XKraiFsbR5Mwu-NF2OLHoJg2b-e8EfX94EbdzsODTS0NQDdRKo",
                    "width": 4032
                }
            ],
            "place_id": "ChIJO98jQE-OGGAR0PPbHY593WM",
            "plus_code": {
                "compound_code": "QR23+FW 日本、東京都足立区",
                "global_code": "8Q7XQR23+FW"
            },
            "price_level": 3,
            "rating": 3.8,
            "reference": "ChIJO98jQE-OGGAR0PPbHY593WM",
            "scope": "GOOGLE",
            "types": [
                "cafe",
                "food",
                "point_of_interest",
                "store",
                "establishment"
            ],
            "user_ratings_total": 74,
            "vicinity": "足立区千住３−９２"
        },
        {
            "business_status": "OPERATIONAL",
            "geometry": {
                "location": {
                    "lat": 35.75114,
                    "lng": 139.804638
                },
                "viewport": {
                    "northeast": {
                        "lat": 35.7524849802915,
                        "lng": 139.8058336302915
                    },
                    "southwest": {
                        "lat": 35.7497870197085,
                        "lng": 139.8031356697085
                    }
                }
            },
            "icon": "https://maps.gstatic.com/mapfiles/place_api/icons/v1/png_71/restaurant-71.png",
            "icon_background_color": "#FF9E67",
            "icon_mask_base_uri": "https://maps.gstatic.com/mapfiles/place_api/icons/v2/restaurant_pinlet",
            "name": "ミスタードーナツ 北千住ショップ",
            "opening_hours": {
                "open_now": false
            },
            "photos": [
                {
                    "height": 480,
                    "html_attributions": [
                        "<a href=\"https://maps.google.com/maps/contrib/112284561747265551332\">ライカー中佐</a>"
                    ],
                    "photo_reference": "Aap_uEAzRNzXbm8bwqXeNH7LY5TSy_MRHiJjYIYao09yYBZ1B_BU2x0bO0xPzGVfphOtJeB01ExL9NEortTFYnHMjA8QTBsKTo8EAWwO4IuAqn249dBENG0o07fJOxWZUzGwXEWaSW89m5L9oAN2tZUTh-xtriPpzw_sozNM_jlVq9Ty1Bos",
                    "width": 640
                }
            ],
            "place_id": "ChIJq1jdRk-OGGARYk0BIUkAt4c",
            "plus_code": {
                "compound_code": "QR23+FV 日本、東京都足立区",
                "global_code": "8Q7XQR23+FV"
            },
            "price_level": 2,
            "rating": 3.4,
            "reference": "ChIJq1jdRk-OGGARYk0BIUkAt4c",
            "scope": "GOOGLE",
            "types": [
                "bakery",
                "meal_takeaway",
                "cafe",
                "restaurant",
                "food",
                "point_of_interest",
                "store",
                "establishment"
            ],
            "user_ratings_total": 64,
            "vicinity": "足立区千住３丁目９２ ミルディスⅠ番館 １F"
        },
        {
            "business_status": "OPERATIONAL",
            "geometry": {
                "location": {
                    "lat": 35.7507609,
                    "lng": 139.8045189
                },
                "viewport": {
                    "northeast": {
                        "lat": 35.7519077802915,
                        "lng": 139.8056130802915
                    },
                    "southwest": {
                        "lat": 35.7492098197085,
                        "lng": 139.8029151197085
                    }
                }
            },
            "icon": "https://maps.gstatic.com/mapfiles/place_api/icons/v1/png_71/cafe-71.png",
            "icon_background_color": "#FF9E67",
            "icon_mask_base_uri": "https://maps.gstatic.com/mapfiles/place_api/icons/v2/cafe_pinlet",
            "name": "スターバックス コーヒー 北千住マルイ店",
            "opening_hours": {
                "open_now": false
            },
            "photos": [
                {
                    "height": 3792,
                    "html_attributions": [
                        "<a href=\"https://maps.google.com/maps/contrib/106178946167893870411\">kasanobu taro</a>"
                    ],
                    "photo_reference": "Aap_uEC8X3A92s6rfl_aEWvuGwZsej3voAjNX5abOBARoSvRreieHuyUIQm31dlC-8fhE_6onEzUiqRDsOeKDpCwBvT3xgTuHzCNenxaVdllvbntMfPPkV20xx_CU22kg7mnx0EJ1nmrFDUfX--FG8BL4wTn9JDDewyTBHBD9e_jDgaswpts",
                    "width": 5056
                }
            ],
            "place_id": "ChIJV93HQU-OGGARdsMqBcgGIYg",
            "plus_code": {
                "compound_code": "QR23+8R 日本、東京都足立区",
                "global_code": "8Q7XQR23+8R"
            },
            "price_level": 2,
            "rating": 3.5,
            "reference": "ChIJV93HQU-OGGARdsMqBcgGIYg",
            "scope": "GOOGLE",
            "types": [
                "cafe",
                "food",
                "point_of_interest",
                "store",
                "establishment"
            ],
            "user_ratings_total": 156,
            "vicinity": "足立区千住3−９２ 北千住マルイ"
        },
        {
            "business_status": "OPERATIONAL",
            "geometry": {
                "location": {
                    "lat": 35.7517232,
                    "lng": 139.8047246
                },
                "viewport": {
                    "northeast": {
                        "lat": 35.7530715302915,
                        "lng": 139.8062003302915
                    },
                    "southwest": {
                        "lat": 35.7503735697085,
                        "lng": 139.8035023697085
                    }
                }
            },
            "icon": "https://maps.gstatic.com/mapfiles/place_api/icons/v1/png_71/cafe-71.png",
            "icon_background_color": "#FF9E67",
            "icon_mask_base_uri": "https://maps.gstatic.com/mapfiles/place_api/icons/v2/cafe_pinlet",
            "name": "Pearl Lady CHA BAR（茶バー）北千住マルイ店",
            "opening_hours": {
                "open_now": false
            },
            "photos": [
                {
                    "height": 4032,
                    "html_attributions": [
                        "<a href=\"https://maps.google.com/maps/contrib/118343687610724389440\">TAKE O.</a>"
                    ],
                    "photo_reference": "Aap_uEDsJLHKH956pWhsdRJJI_wMFny7l-an0kpcRsUvpwP6h44kIguSSe-pRPtXrQMgioXGuXd95Rh3YijklJKyi7rXZ2jCT66VIfNoTJ4yRvUjQ4e0g7UYqNhmdQUP1p5D01x-hs5w6_7l9UxOZ3ksC-DcExAznKYPJNN3V0j9Nn2NAYxt",
                    "width": 3024
                }
            ],
            "place_id": "ChIJq7S4uQuPGGAR0W0r6XV4ghc",
            "plus_code": {
                "compound_code": "QR23+MV 日本、東京都足立区",
                "global_code": "8Q7XQR23+MV"
            },
            "rating": 4.1,
            "reference": "ChIJq7S4uQuPGGAR0W0r6XV4ghc",
            "scope": "GOOGLE",
            "types": [
                "cafe",
                "food",
                "point_of_interest",
                "establishment"
            ],
            "user_ratings_total": 25,
            "vicinity": "足立区千住３丁目９２ 北千住マルイ ２F"
        },
        {
            "business_status": "OPERATIONAL",
            "geometry": {
                "location": {
                    "lat": 35.7512178,
                    "lng": 139.8041898
                },
                "viewport": {
                    "northeast": {
                        "lat": 35.7525392802915,
                        "lng": 139.8056032302915
                    },
                    "southwest": {
                        "lat": 35.7498413197085,
                        "lng": 139.8029052697085
                    }
                }
            },
            "icon": "https://maps.gstatic.com/mapfiles/place_api/icons/v1/png_71/cafe-71.png",
            "icon_background_color": "#FF9E67",
            "icon_mask_base_uri": "https://maps.gstatic.com/mapfiles/place_api/icons/v2/cafe_pinlet",
            "name": "マイウェイ",
            "opening_hours": {
                "open_now": false
            },
            "photos": [
                {
                    "height": 3000,
                    "html_attributions": [
                        "<a href=\"https://maps.google.com/maps/contrib/103314122367758340260\">Ichiro yoyogi</a>"
                    ],
                    "photo_reference": "Aap_uEAisjRlGoKt1XgiMrSw0Lb5AwHeGzHfbHgJmtk8rwjIqorqaDPIRw0q0BaMjBsOOTCWBq_3biquOdbKCY98i8DdD_Tp-b2-oqIFOpdc56uCWVs3vydE3TwdVzJUFW_PphKTsxtqKTGs8JsM3offWU5hVQESycdhHv6e6I7P2HzBzx3D",
                    "width": 4000
                }
            ],
            "place_id": "ChIJg_W0aMaPGGARGTfwEwTzdTw",
            "plus_code": {
                "compound_code": "QR23+FM 日本、東京都足立区",
                "global_code": "8Q7XQR23+FM"
            },
            "rating": 4,
            "reference": "ChIJg_W0aMaPGGARGTfwEwTzdTw",
            "scope": "GOOGLE",
            "types": [
                "cafe",
                "food",
                "point_of_interest",
                "establishment"
            ],
            "user_ratings_total": 6,
            "vicinity": "足立区千住３丁目６８−９"
        },
        {
            "business_status": "OPERATIONAL",
            "geometry": {
                "location": {
                    "lat": 35.75070119999999,
                    "lng": 139.804364
                },
                "viewport": {
                    "northeast": {
                        "lat": 35.7519664302915,
                        "lng": 139.8055495802915
                    },
                    "southwest": {
                        "lat": 35.7492684697085,
                        "lng": 139.8028516197085
                    }
                }
            },
            "icon": "https://maps.gstatic.com/mapfiles/place_api/icons/v1/png_71/restaurant-71.png",
            "icon_background_color": "#FF9E67",
            "icon_mask_base_uri": "https://maps.gstatic.com/mapfiles/place_api/icons/v2/restaurant_pinlet",
            "name": "RAKERU PAN 北千住マルイ店",
            "opening_hours": {
                "open_now": false
            },
            "photos": [
                {
                    "height": 3852,
                    "html_attributions": [
                        "<a href=\"https://maps.google.com/maps/contrib/106287392095029034607\">Asa T</a>"
                    ],
                    "photo_reference": "Aap_uEBkHLO1j5mEFAcOetg-szP73nCN0jPdzREQAYqZDb_TQn-OudR00n0aFriec4XIosdDab0m2K7l4fjSLEF7MiyAGP7vTuhdY8XSNnQaayB2X9vR-yXsl9A3GLx4cxmMUdUDsnADJPSkhA0gnjLA5OswvCaZ72AZ_i741bSZIKo1ydQP",
                    "width": 3852
                }
            ],
            "place_id": "ChIJlZ-3QU-OGGAR91FaPLItgnQ",
            "plus_code": {
                "compound_code": "QR23+7P 日本、東京都足立区",
                "global_code": "8Q7XQR23+7P"
            },
            "price_level": 2,
            "rating": 3.6,
            "reference": "ChIJlZ-3QU-OGGAR91FaPLItgnQ",
            "scope": "GOOGLE",
            "types": [
                "cafe",
                "restaurant",
                "food",
                "point_of_interest",
                "establishment"
            ],
            "user_ratings_total": 85,
            "vicinity": "足立区千住３丁目９２"
        },
        {
            "business_status": "OPERATIONAL",
            "geometry": {
                "location": {
                    "lat": 35.75070499999999,
                    "lng": 139.8044427
                },
                "viewport": {
                    "northeast": {
                        "lat": 35.7519428802915,
                        "lng": 139.8056007302915
                    },
                    "southwest": {
                        "lat": 35.7492449197085,
                        "lng": 139.8029027697085
                    }
                }
            },
            "icon": "https://maps.gstatic.com/mapfiles/place_api/icons/v1/png_71/cafe-71.png",
            "icon_background_color": "#FF9E67",
            "icon_mask_base_uri": "https://maps.gstatic.com/mapfiles/place_api/icons/v2/cafe_pinlet",
            "name": "フォション",
            "opening_hours": {
                "open_now": false
            },
            "photos": [
                {
                    "height": 1080,
                    "html_attributions": [
                        "<a href=\"https://maps.google.com/maps/contrib/109270484728326293469\">松山拓也</a>"
                    ],
                    "photo_reference": "Aap_uECuTzl3X9_75OLr1QRWbyHiiJpOhnjDja_Tyoiud9n_OFECu6BzNQ785MMTBHzT8c4MQZyfoBMWNHxkfjl8C3ek_jRt8N3lSVd2U5QLLtrKIiZV1EDS5E7sthz5sFSeebb02Nl1FyIGM1mfm0BlSzA_qUxTholhxIiWqQZmrP3rMuE6",
                    "width": 1920
                }
            ],
            "place_id": "ChIJV-lCIdmPGGARTe_sA0uWOkU",
            "plus_code": {
                "compound_code": "QR23+7Q 日本、東京都足立区",
                "global_code": "8Q7XQR23+7Q"
            },
            "rating": 4,
            "reference": "ChIJV-lCIdmPGGARTe_sA0uWOkU",
            "scope": "GOOGLE",
            "types": [
                "cafe",
                "food",
                "point_of_interest",
                "establishment"
            ],
            "user_ratings_total": 1,
            "vicinity": "足立区千住３丁目９２ 北千住マルイ1F"
        }
    ],
    "status": "OK"
}