{
    "html_attributions": [],
    "results": [
        {
            "business_status": "OPERATIONAL",
            "geometry": {
                "location": {
                    "lat": 35.7501421,
                    "lng": 139.7987256
                },
                "viewport": {
                    "northeast": {
                        "lat": 35.7514645802915,
                        "lng": 139.8001352802915
                    },
                    "southwest": {
                        "lat": 35.7487666197085,
                        "lng": 139.7974373197085
                    }
                }
            },
            "icon": "https://maps.gstatic.com/mapfiles/place_api/icons/v1/png_71/park-71.png",
            "icon_background_color": "#4DB546",
            "icon_mask_base_uri": "https://maps.gstatic.com/mapfiles/place_api/icons/v2/tree_pinlet",
            "name": "イトー児童遊園",
            "opening_hours": {
                "open_now": true
            },
            "photos": [
                {
                    "height": 3864,
                    "html_attributions": [
                        "<a href=\"https://maps.google.com/maps/contrib/114902723416276877995\">田中裕一郎</a>"
                    ],
                    "photo_reference": "Aap_uEAPLxVVDPkMqDvVRFDFB3HWBYZ3_BnAbxo8f6yxXp2CdbEh9y8HAFZSaLovO7lbb7QGaoiN-UmuGehS5cCG9o5Ja1IwqUQxnkizADQR5tXjjuMYhRmsjKO_J55z5Q6UpJFVrtHybtsTeSVy0lxhh2MQ9ypVumLUG-Fv2yOSfCEv_IB8",
                    "width": 5152
                }
            ],
            "place_id": "ChIJBTQGskaOGGARdXhMzJFcJ5s",
            "plus_code": {
                "compound_code": "QQ2X+3F 日本、東京都足立区",
                "global_code": "8Q7XQQ2X+3F"
            },
            "rating": 3.3,
            "reference": "ChIJBTQGskaOGGARdXhMzJFcJ5s",
            "scope": "GOOGLE",
            "types": [
                "park",
                "point_of_interest",
                "establishment"
            ],
            "user_ratings_total": 15,
            "vicinity": "足立区千住中居町２１−１"
        }
    ],
    "status": "OK"
}