{
    "html_attributions": [],
    "results": [
        {
            "business_status": "OPERATIONAL",
            "geometry": {
                "location": {
                    "lat": 35.74840369999999,
                    "lng": 139.801807
                },
                "viewport": {
                    "northeast": {
                        "lat": 35.74973953029151,
                        "lng": 139.8031514802915
                    },
                    "southwest": {
                        "lat": 35.74704156970851,
                        "lng": 139.8004535197085
                    }
                }
            },
            "icon": "https://maps.gstatic.com/mapfiles/place_api/icons/v1/png_71/generic_business-71.png",
            "icon_background_color": "#7B9EB0",
            "icon_mask_base_uri": "https://maps.gstatic.com/mapfiles/place_api/icons/v2/generic_pinlet",
            "name": "㈱ボングゥー",
            "place_id": "ChIJCQQmEUWOGGARVGru-fSzGJ8",
            "plus_code": {
                "compound_code": "PRX2+9P 日本、東京都足立区",
                "global_code": "8Q7XPRX2+9P"
            },
            "reference": "ChIJCQQmEUWOGGARVGru-fSzGJ8",
            "scope": "GOOGLE",
            "types": [
                "art_gallery",
                "point_of_interest",
                "establishment"
            ],
            "vicinity": "足立区千住１丁目１９−８ 仁生堂Ｂ ２階"
        }
    ],
    "status": "OK"
}