{
    "html_attributions": [],
    "results": [
        {
            "business_status": "OPERATIONAL",
            "geometry": {
                "location": {
                    "lat": 35.7453908,
                    "lng": 139.80173
                },
                "viewport": {
                    "northeast": {
                        "lat": 35.7467396302915,
                        "lng": 139.8030915802915
                    },
                    "southwest": {
                        "lat": 35.7440416697085,
                        "lng": 139.8003936197085
                    }
                }
            },
            "icon": "https://maps.gstatic.com/mapfiles/place_api/icons/v1/png_71/park-71.png",
            "icon_background_color": "#4DB546",
            "icon_mask_base_uri": "https://maps.gstatic.com/mapfiles/place_api/icons/v2/tree_pinlet",
            "name": "ミリオン憩いのプチテラス",
            "opening_hours": {
                "open_now": true
            },
            "photos": [
                {
                    "height": 1080,
                    "html_attributions": [
                        "<a href=\"https://maps.google.com/maps/contrib/109763373582741479107\">k0kit0junpy</a>"
                    ],
                    "photo_reference": "Aap_uEAdT2OxsN31sSQFuNKbOBG68NpSaTD7i7XKQtkpeLeJFtPs_dlAsocFqwEXEPF0JVgiLCg1pK2xcqxsLtQ7n_eaz5tNq-gTxDD378uGeFryof6Z8ur9C4Nv22qP-nbqjboNz9vmrcGzTqIemP65jqDzIbBgSn0J4Eg1Hy22OiQlYj6m",
                    "width": 1920
                }
            ],
            "place_id": "ChIJZ37ZxFqOGGARimOZWu4Wq5o",
            "plus_code": {
                "compound_code": "PRW2+5M 日本、東京都足立区",
                "global_code": "8Q7XPRW2+5M"
            },
            "rating": 3,
            "reference": "ChIJZ37ZxFqOGGARimOZWu4Wq5o",
            "scope": "GOOGLE",
            "types": [
                "park",
                "point_of_interest",
                "establishment"
            ],
            "user_ratings_total": 2,
            "vicinity": "足立区千住仲町２３−１０"
        },
        {
            "business_status": "OPERATIONAL",
            "geometry": {
                "location": {
                    "lat": 35.7448329,
                    "lng": 139.8001955
                },
                "viewport": {
                    "northeast": {
                        "lat": 35.7461539302915,
                        "lng": 139.8015304302915
                    },
                    "southwest": {
                        "lat": 35.74345596970851,
                        "lng": 139.7988324697085
                    }
                }
            },
            "icon": "https://maps.gstatic.com/mapfiles/place_api/icons/v1/png_71/park-71.png",
            "icon_background_color": "#4DB546",
            "icon_mask_base_uri": "https://maps.gstatic.com/mapfiles/place_api/icons/v2/tree_pinlet",
            "name": "掃部宿憩いのプチテラス",
            "opening_hours": {
                "open_now": true
            },
            "photos": [
                {
                    "height": 1280,
                    "html_attributions": [
                        "<a href=\"https://maps.google.com/maps/contrib/100011723655087017741\">スローライフテレビSLOW LIFE TV</a>"
                    ],
                    "photo_reference": "Aap_uEDJOaOKiBCgF4ExMZkdbu9_YHbJ4bU2hYSh5QGC-S2PGFuRxsW20SqK_DPwAoCANI3nSLa3jpscl-mXLddxBqHX8jnr8ndh-fy-Cm9v2p4-tbrQij7yj7eCgkPcSNn4PcQAIkDBT4LoQxrmRX4m2zgqzV0XdxUhJTJNopj-cqrXltY",
                    "width": 1920
                }
            ],
            "place_id": "ChIJFYuqO1uOGGARW1YkuD5FI1E",
            "plus_code": {
                "compound_code": "PRV2+W3 日本、東京都足立区",
                "global_code": "8Q7XPRV2+W3"
            },
            "rating": 3,
            "reference": "ChIJFYuqO1uOGGARW1YkuD5FI1E",
            "scope": "GOOGLE",
            "types": [
                "park",
                "tourist_attraction",
                "point_of_interest",
                "establishment"
            ],
            "user_ratings_total": 8,
            "vicinity": "足立区千住仲町７−８"
        },
        {
            "business_status": "OPERATIONAL",
            "geometry": {
                "location": {
                    "lat": 35.7457052,
                    "lng": 139.8025797
                },
                "viewport": {
                    "northeast": {
                        "lat": 35.7470544302915,
                        "lng": 139.8039325302915
                    },
                    "southwest": {
                        "lat": 35.7443564697085,
                        "lng": 139.8012345697085
                    }
                }
            },
            "icon": "https://maps.gstatic.com/mapfiles/place_api/icons/v1/png_71/park-71.png",
            "icon_background_color": "#4DB546",
            "icon_mask_base_uri": "https://maps.gstatic.com/mapfiles/place_api/icons/v2/tree_pinlet",
            "name": "仲町東プチテラス",
            "opening_hours": {
                "open_now": true
            },
            "photos": [
                {
                    "height": 2160,
                    "html_attributions": [
                        "<a href=\"https://maps.google.com/maps/contrib/105885474246994181323\">なゆ</a>"
                    ],
                    "photo_reference": "Aap_uEAmRUCE9FlKJhBCoICJjovkrFjJ8BC0Hcop9kQ4Xzr80aO9ZWsFBOF1jEVb-ZfmYZdPER2osLUrFgiaTU5reRu_I7aHyuJ6rz2CzL2i_Jf_aDwDW5w7J52ZhfUxlt9gV5t_-M4GCoH0UzsWRBchnspUzL2K0ynx-BhdZ8pUhw2Vyw7x",
                    "width": 3840
                }
            ],
            "place_id": "ChIJv6D8jNCPGGARkyDeI5GBEC0",
            "plus_code": {
                "compound_code": "PRW3+72 日本、東京都足立区",
                "global_code": "8Q7XPRW3+72"
            },
            "rating": 3,
            "reference": "ChIJv6D8jNCPGGARkyDeI5GBEC0",
            "scope": "GOOGLE",
            "types": [
                "park",
                "point_of_interest",
                "establishment"
            ],
            "user_ratings_total": 1,
            "vicinity": "足立区千住仲町３７−５"
        }
    ],
    "status": "OK"
}