{
    "html_attributions": [],
    "results": [
        {
            "business_status": "OPERATIONAL",
            "geometry": {
                "location": {
                    "lat": 35.6278252,
                    "lng": 139.7357756
                },
                "viewport": {
                    "northeast": {
                        "lat": 35.6291616802915,
                        "lng": 139.7397384
                    },
                    "southwest": {
                        "lat": 35.6264637197085,
                        "lng": 139.7310572
                    }
                }
            },
            "icon": "https://maps.gstatic.com/mapfiles/place_api/icons/v1/png_71/generic_business-71.png",
            "icon_background_color": "#7B9EB0",
            "icon_mask_base_uri": "https://maps.gstatic.com/mapfiles/place_api/icons/v2/generic_pinlet",
            "name": "品川プリンスホテルボウリングセンター",
            "opening_hours": {
                "open_now": false
            },
            "photos": [
                {
                    "height": 3024,
                    "html_attributions": [
                        "<a href=\"https://maps.google.com/maps/contrib/116863363789714500753\">Kaz M</a>"
                    ],
                    "photo_reference": "Aap_uEByO4Lnm6z2flGfhp4i7qNIW-1FWFgdZfiwO489lLrXHk81ggPZRGLKIA2Vqb5ryGCM8kjQOPauoy-SyNX3qvVgKvQgcvL4mplJGYphs1kI8XiAHH2ru7lvpRd4sIUwH7PFwn6nTqsaGIa8bCaS0DktP6aBfF0qxp4QixDUT_5xFpYP",
                    "width": 4032
                }
            ],
            "place_id": "ChIJ7Twm3lmKGGARMPKq-zmLZX4",
            "plus_code": {
                "compound_code": "JPHP+48 日本、東京都港区",
                "global_code": "8Q7XJPHP+48"
            },
            "rating": 3.5,
            "reference": "ChIJ7Twm3lmKGGARMPKq-zmLZX4",
            "scope": "GOOGLE",
            "types": [
                "bowling_alley",
                "point_of_interest",
                "establishment"
            ],
            "user_ratings_total": 290,
            "vicinity": "港区高輪４丁目１０−３０"
        }
    ],
    "status": "OK"
}