{
    "html_attributions": [],
    "results": [
        {
            "business_status": "OPERATIONAL",
            "geometry": {
                "location": {
                    "lat": 35.6291202,
                    "lng": 139.7409365
                },
                "viewport": {
                    "northeast": {
                        "lat": 35.63055418029149,
                        "lng": 139.7424129802915
                    },
                    "southwest": {
                        "lat": 35.62785621970849,
                        "lng": 139.7397150197085
                    }
                }
            },
            "icon": "https://maps.gstatic.com/mapfiles/place_api/icons/v1/png_71/restaurant-71.png",
            "icon_background_color": "#FF9E67",
            "icon_mask_base_uri": "https://maps.gstatic.com/mapfiles/place_api/icons/v2/restaurant_pinlet",
            "name": "THE CITY BAKERY アトレ品川",
            "opening_hours": {
                "open_now": true
            },
            "photos": [
                {
                    "height": 3096,
                    "html_attributions": [
                        "<a href=\"https://maps.google.com/maps/contrib/100497233703723823853\">Takahiro Morikawa</a>"
                    ],
                    "photo_reference": "Aap_uEBKkw9Jlm-Cgq8PciQpGUB2-YIOaXvXMcaHzjocuI5YxCYS4qgePFoR4Rg1B5tvd9weqnCG13KCzYYSqMsaMeNAOCL6LHCqn1BSiL9ay8W041_94UME8uznbV0lTrSfmNt3LZHyjWOkt9Himw96-5GTH-sbXNLGbYmVpJzWmFVHtPuw",
                    "width": 5504
                }
            ],
            "place_id": "ChIJEX_b6lqKGGARSt5P5hJup_U",
            "plus_code": {
                "compound_code": "JPHR+J9 日本、東京都港区",
                "global_code": "8Q7XJPHR+J9"
            },
            "price_level": 2,
            "rating": 4,
            "reference": "ChIJEX_b6lqKGGARSt5P5hJup_U",
            "scope": "GOOGLE",
            "types": [
                "bakery",
                "cafe",
                "restaurant",
                "food",
                "point_of_interest",
                "store",
                "establishment"
            ],
            "user_ratings_total": 676,
            "vicinity": "港区港南２丁目１８−１ アトレ品川 2F"
        },
        {
            "business_status": "OPERATIONAL",
            "geometry": {
                "location": {
                    "lat": 35.62899650000001,
                    "lng": 139.7406033
                },
                "viewport": {
                    "northeast": {
                        "lat": 35.63035113029149,
                        "lng": 139.7422213802915
                    },
                    "southwest": {
                        "lat": 35.6276531697085,
                        "lng": 139.7395234197085
                    }
                }
            },
            "icon": "https://maps.gstatic.com/mapfiles/place_api/icons/v1/png_71/cafe-71.png",
            "icon_background_color": "#FF9E67",
            "icon_mask_base_uri": "https://maps.gstatic.com/mapfiles/place_api/icons/v2/cafe_pinlet",
            "name": "ブルーボトルコーヒー 品川カフェ",
            "opening_hours": {
                "open_now": true
            },
            "photos": [
                {
                    "height": 800,
                    "html_attributions": [
                        "<a href=\"https://maps.google.com/maps/contrib/107987491664120676092\">ブルーボトルコーヒー 品川カフェ</a>"
                    ],
                    "photo_reference": "Aap_uECrAPE8G9cDdB-6YhZA7nHa5rIhFIPbN1wyFQdB-eVKXn-K4xI4u9R_WYW7gPLk0yYmsCgbIsTX49L7vZXTyYSUaDjcflN4p8kQRIWosIaQmCr3-CJ8TOEOm2x-mEN_FzhBbKLws3zXgTZ-RXS_G0sQJ1qFShz_ic_52aIGPSZTnnQz",
                    "width": 1200
                }
            ],
            "place_id": "ChIJN4ZUl1qKGGARwMvhBrmPtwQ",
            "plus_code": {
                "compound_code": "JPHR+H6 日本、東京都港区",
                "global_code": "8Q7XJPHR+H6"
            },
            "price_level": 2,
            "rating": 4.1,
            "reference": "ChIJN4ZUl1qKGGARwMvhBrmPtwQ",
            "scope": "GOOGLE",
            "types": [
                "meal_takeaway",
                "cafe",
                "restaurant",
                "food",
                "point_of_interest",
                "store",
                "establishment"
            ],
            "user_ratings_total": 975,
            "vicinity": "港区港南２丁目１８−１"
        },
        {
            "business_status": "OPERATIONAL",
            "geometry": {
                "location": {
                    "lat": 35.629037,
                    "lng": 139.7409612
                },
                "viewport": {
                    "northeast": {
                        "lat": 35.6303734302915,
                        "lng": 139.7423771802915
                    },
                    "southwest": {
                        "lat": 35.62767546970851,
                        "lng": 139.7396792197085
                    }
                }
            },
            "icon": "https://maps.gstatic.com/mapfiles/place_api/icons/v1/png_71/restaurant-71.png",
            "icon_background_color": "#FF9E67",
            "icon_mask_base_uri": "https://maps.gstatic.com/mapfiles/place_api/icons/v2/restaurant_pinlet",
            "name": "サラベス 品川店",
            "opening_hours": {
                "open_now": false
            },
            "photos": [
                {
                    "height": 3096,
                    "html_attributions": [
                        "<a href=\"https://maps.google.com/maps/contrib/115612071585377300323\">関雅典</a>"
                    ],
                    "photo_reference": "Aap_uECKIRYO7Mi9R54jpGEHumbTkTs0HsT2aKsBtVCfIQC4V384qP5BUtYDx1dV6cJhdsB2TNQgcvnaRYH-JxTeqt3GMNTNndXbGAsV4bUKDXeJ04mkgXz0w9XFk8_CewHzqYjmit2b4LfLAxjZ1UN4Iq1je3NbWLstc_KOXM-xo9qpwEtr",
                    "width": 5504
                }
            ],
            "place_id": "ChIJEX_b6lqKGGARFinXGxSwWg0",
            "plus_code": {
                "compound_code": "JPHR+J9 日本、東京都港区",
                "global_code": "8Q7XJPHR+J9"
            },
            "price_level": 3,
            "rating": 3.8,
            "reference": "ChIJEX_b6lqKGGARFinXGxSwWg0",
            "scope": "GOOGLE",
            "types": [
                "cafe",
                "restaurant",
                "food",
                "point_of_interest",
                "establishment"
            ],
            "user_ratings_total": 714,
            "vicinity": "港区港南２丁目１８−１ アトレ品川 4F"
        },
        {
            "business_status": "OPERATIONAL",
            "geometry": {
                "location": {
                    "lat": 35.6287734,
                    "lng": 139.7408677
                },
                "viewport": {
                    "northeast": {
                        "lat": 35.6299959802915,
                        "lng": 139.7421934302915
                    },
                    "southwest": {
                        "lat": 35.6272980197085,
                        "lng": 139.7394954697085
                    }
                }
            },
            "icon": "https://maps.gstatic.com/mapfiles/place_api/icons/v1/png_71/shopping-71.png",
            "icon_background_color": "#4B96F3",
            "icon_mask_base_uri": "https://maps.gstatic.com/mapfiles/place_api/icons/v2/shoppingcart_pinlet",
            "name": "DEAN & DELUCA アトレ品川店",
            "opening_hours": {
                "open_now": true
            },
            "photos": [
                {
                    "height": 3464,
                    "html_attributions": [
                        "<a href=\"https://maps.google.com/maps/contrib/109456446141853465872\">H6F3</a>"
                    ],
                    "photo_reference": "Aap_uEATMWCZNTs3QDqiamGYuIBILcBo0RHMrGIo2da0kaKumBrspiHDnNjPdPpFGKoJ6uR8Vr-c_PBGK3J0Qm7ysRlW_1EpQHEdYM6ODgjhphknswNApTD-PbRR-uKdzADvukhExHvIdTS5NTCB92q3WosR-6Ko1HYiACqa9bgH8UTEtzuN",
                    "width": 4618
                }
            ],
            "place_id": "ChIJz5fYlFqKGGARuwR6wLTuyAU",
            "plus_code": {
                "compound_code": "JPHR+G8 日本、東京都港区",
                "global_code": "8Q7XJPHR+G8"
            },
            "rating": 3.9,
            "reference": "ChIJz5fYlFqKGGARuwR6wLTuyAU",
            "scope": "GOOGLE",
            "types": [
                "grocery_or_supermarket",
                "cafe",
                "food",
                "point_of_interest",
                "store",
                "establishment"
            ],
            "user_ratings_total": 534,
            "vicinity": "港区港南２丁目１８−１ アトレ品川 2F"
        }
    ],
    "status": "OK"
}