{
    "html_attributions": [],
    "results": [
        {
            "business_status": "OPERATIONAL",
            "geometry": {
                "location": {
                    "lat": 35.6329215,
                    "lng": 139.7354937
                },
                "viewport": {
                    "northeast": {
                        "lat": 35.63434173029151,
                        "lng": 139.7372910302915
                    },
                    "southwest": {
                        "lat": 35.63164376970851,
                        "lng": 139.7345930697085
                    }
                }
            },
            "icon": "https://maps.gstatic.com/mapfiles/place_api/icons/v1/png_71/park-71.png",
            "icon_background_color": "#4DB546",
            "icon_mask_base_uri": "https://maps.gstatic.com/mapfiles/place_api/icons/v2/tree_pinlet",
            "name": "高輪公園",
            "opening_hours": {
                "open_now": true
            },
            "photos": [
                {
                    "height": 4000,
                    "html_attributions": [
                        "<a href=\"https://maps.google.com/maps/contrib/102899003880351755686\">Keaton Masuda</a>"
                    ],
                    "photo_reference": "Aap_uED5JMMf0LAFRV_alqn_nmv08alMXPbBNzzeyL6AkgXt-aKKI3ocbKt2uUwGO5VXyjMQlVs3rd67U-_3LivrniUwnunTVtCEa03pwltshQ0vGHblv1qZ1zsf9pZ8MGUWfWcCr8LbWm4ZlFl6SlX8jVol5EK3RPt2FCZfU-1MLGLR6HQM",
                    "width": 3000
                }
            ],
            "place_id": "ChIJG5biIlSKGGAR8WaSxLR3gBM",
            "plus_code": {
                "compound_code": "JPMP+55 日本、東京都港区",
                "global_code": "8Q7XJPMP+55"
            },
            "rating": 3.9,
            "reference": "ChIJG5biIlSKGGAR8WaSxLR3gBM",
            "scope": "GOOGLE",
            "types": [
                "park",
                "tourist_attraction",
                "point_of_interest",
                "establishment"
            ],
            "user_ratings_total": 183,
            "vicinity": "港区高輪３丁目１８−１８"
        },
        {
            "business_status": "OPERATIONAL",
            "geometry": {
                "location": {
                    "lat": 35.631126,
                    "lng": 139.734526
                },
                "viewport": {
                    "northeast": {
                        "lat": 35.6327261802915,
                        "lng": 139.7356163302915
                    },
                    "southwest": {
                        "lat": 35.6300282197085,
                        "lng": 139.7329183697085
                    }
                }
            },
            "icon": "https://maps.gstatic.com/mapfiles/place_api/icons/v1/png_71/park-71.png",
            "icon_background_color": "#4DB546",
            "icon_mask_base_uri": "https://maps.gstatic.com/mapfiles/place_api/icons/v2/tree_pinlet",
            "name": "日本庭園",
            "photos": [
                {
                    "height": 3264,
                    "html_attributions": [
                        "<a href=\"https://maps.google.com/maps/contrib/102144468687156394284\">清水由多加</a>"
                    ],
                    "photo_reference": "Aap_uEAahQ-4Dtcd3OCfgpSnvYTtMcCnVJcRK7Lwy3DJuaSnlYI-JzObN2SOnRbgNxdoMLNzMbIpYW5b-s0lAORuncrHauV5wjtw_wphUZ0tgCj8QAab9VLtZMnlzf8mQ4RP_y5WinRYAYN4Wjsq54sYokFLzXvzOIz2awiYSOejaymkL0aq",
                    "width": 4896
                }
            ],
            "place_id": "ChIJS1L5YVaKGGARLL1VsWZ4pzQ",
            "plus_code": {
                "compound_code": "JPJM+FR 日本、東京都港区",
                "global_code": "8Q7XJPJM+FR"
            },
            "rating": 4.3,
            "reference": "ChIJS1L5YVaKGGARLL1VsWZ4pzQ",
            "scope": "GOOGLE",
            "types": [
                "park",
                "point_of_interest",
                "establishment"
            ],
            "user_ratings_total": 36,
            "vicinity": "港区高輪３丁目１３"
        }
    ],
    "status": "OK"
}