{
    "html_attributions": [],
    "results": [
        {
            "business_status": "OPERATIONAL",
            "geometry": {
                "location": {
                    "lat": 35.6338872,
                    "lng": 139.7425522
                },
                "viewport": {
                    "northeast": {
                        "lat": 35.63755200000001,
                        "lng": 139.74534525
                    },
                    "southwest": {
                        "lat": 35.63086079999999,
                        "lng": 139.74108385
                    }
                }
            },
            "icon": "https://maps.gstatic.com/mapfiles/place_api/icons/v1/png_71/park-71.png",
            "icon_background_color": "#4DB546",
            "icon_mask_base_uri": "https://maps.gstatic.com/mapfiles/place_api/icons/v2/tree_pinlet",
            "name": "港区立芝浦中央公園",
            "opening_hours": {
                "open_now": true
            },
            "photos": [
                {
                    "height": 2976,
                    "html_attributions": [
                        "<a href=\"https://maps.google.com/maps/contrib/105152657134285994645\">SHUSUKE</a>"
                    ],
                    "photo_reference": "Aap_uEAz86vrZJSpk9swhfmmyMKnvwt3w-JLnKAS70lVi0Zk8hjovj4gBzqXt3YKFlCeXsz8Xf3e4HShKzXxPS3rZfHMdL7nDAO_f3x-vEv_8GUAI_saL9U9RkvWvOOnYhYQS6vkOWo2zLBXED-CgVQtKzgIjJcJObqA8NvOEf1HzAS3_7Jx",
                    "width": 3968
                }
            ],
            "place_id": "ChIJgYTYlk6KGGAR24EkOo5CfeU",
            "plus_code": {
                "compound_code": "JPMV+H2 日本、東京都港区",
                "global_code": "8Q7XJPMV+H2"
            },
            "rating": 4,
            "reference": "ChIJgYTYlk6KGGAR24EkOo5CfeU",
            "scope": "GOOGLE",
            "types": [
                "park",
                "tourist_attraction",
                "point_of_interest",
                "establishment"
            ],
            "user_ratings_total": 482,
            "vicinity": "港区港南１丁目２−２８"
        }
    ],
    "status": "OK"
}