{
    "html_attributions": [],
    "results": [
        {
            "business_status": "OPERATIONAL",
            "geometry": {
                "location": {
                    "lat": 35.62828390000001,
                    "lng": 139.7352393
                },
                "viewport": {
                    "northeast": {
                        "lat": 35.62963288029151,
                        "lng": 139.7365882802915
                    },
                    "southwest": {
                        "lat": 35.62693491970851,
                        "lng": 139.7338903197085
                    }
                }
            },
            "icon": "https://maps.gstatic.com/mapfiles/place_api/icons/v1/png_71/generic_business-71.png",
            "icon_background_color": "#13B5C7",
            "icon_mask_base_uri": "https://maps.gstatic.com/mapfiles/place_api/icons/v2/generic_pinlet",
            "name": "マクセル アクアパーク品川",
            "opening_hours": {
                "open_now": false
            },
            "photos": [
                {
                    "height": 3024,
                    "html_attributions": [
                        "<a href=\"https://maps.google.com/maps/contrib/105514974150624272965\">自由人</a>"
                    ],
                    "photo_reference": "Aap_uECiJXlMhFiTzReG_CGPM9h2tJ2-S1VCi09RdcUCEjrjnw8rE8dpqg6nRAQsRGN1fr0VvX2chfqqOSdvU8DFL625CwXmEv25dtki2KjA1K4dqaTKLYR6ktmCh401MH8P5y0tinqSBgsECZVs5iH8K1jDtesbUuFgin8aDE76RgOqx7ie",
                    "width": 4032
                }
            ],
            "place_id": "ChIJC1aZZFeKGGARGLX8IHTOn-c",
            "plus_code": {
                "compound_code": "JPHP+83 日本、東京都港区",
                "global_code": "8Q7XJPHP+83"
            },
            "rating": 4.3,
            "reference": "ChIJC1aZZFeKGGARGLX8IHTOn-c",
            "scope": "GOOGLE",
            "types": [
                "aquarium",
                "tourist_attraction",
                "point_of_interest",
                "establishment"
            ],
            "user_ratings_total": 11271,
            "vicinity": "港区高輪４丁目１０−３０ 品川プリンスホテル内"
        }
    ],
    "status": "OK"
}