{
    "html_attributions": [],
    "results": [
        {
            "business_status": "OPERATIONAL",
            "geometry": {
                "location": {
                    "lat": 35.6287748,
                    "lng": 139.7392741
                },
                "viewport": {
                    "northeast": {
                        "lat": 35.6301366302915,
                        "lng": 139.73998425
                    },
                    "southwest": {
                        "lat": 35.6274386697085,
                        "lng": 139.73716005
                    }
                }
            },
            "icon": "https://maps.gstatic.com/mapfiles/place_api/icons/v1/png_71/restaurant-71.png",
            "icon_background_color": "#FF9E67",
            "icon_mask_base_uri": "https://maps.gstatic.com/mapfiles/place_api/icons/v2/restaurant_pinlet",
            "name": "バルマルシェ・コダマ エキュート品川店",
            "opening_hours": {
                "open_now": true
            },
            "photos": [
                {
                    "height": 2160,
                    "html_attributions": [
                        "<a href=\"https://maps.google.com/maps/contrib/116741106262015352669\">TAKASHI MORIKAWA</a>"
                    ],
                    "photo_reference": "Aap_uEBxUvHeVqG3RsayEByHo3x1HF91fYUXOB3LoaPGa9K6w2v__u4I-E_HmrKpWw7f-RbngBC2AK2lS6YEHCwQjf_RsLjcwqC1LB5GO9XMmoF5bkqwBb8j5PSKg2dc6TxAE8if8EodAxKysVKpijzGJeTueV82G_xes69gBPesBn_UqI6D",
                    "width": 3840
                }
            ],
            "place_id": "ChIJXSNPe1qKGGARehDMvuTNYYs",
            "plus_code": {
                "compound_code": "JPHQ+GP 日本、東京都港区",
                "global_code": "8Q7XJPHQ+GP"
            },
            "price_level": 2,
            "rating": 3.6,
            "reference": "ChIJXSNPe1qKGGARehDMvuTNYYs",
            "scope": "GOOGLE",
            "types": [
                "cafe",
                "restaurant",
                "food",
                "point_of_interest",
                "establishment"
            ],
            "user_ratings_total": 332,
            "vicinity": "港区高輪３丁目２６−２７ 1F エキュート品川"
        },
        {
            "business_status": "OPERATIONAL",
            "geometry": {
                "location": {
                    "lat": 35.6279542,
                    "lng": 139.7386736
                },
                "viewport": {
                    "northeast": {
                        "lat": 35.6297487802915,
                        "lng": 139.7396188302915
                    },
                    "southwest": {
                        "lat": 35.6270508197085,
                        "lng": 139.7369208697085
                    }
                }
            },
            "icon": "https://maps.gstatic.com/mapfiles/place_api/icons/v1/png_71/cafe-71.png",
            "icon_background_color": "#FF9E67",
            "icon_mask_base_uri": "https://maps.gstatic.com/mapfiles/place_api/icons/v2/cafe_pinlet",
            "name": "CAFE&BAR TAMEALS品川",
            "opening_hours": {
                "open_now": true
            },
            "photos": [
                {
                    "height": 933,
                    "html_attributions": [
                        "<a href=\"https://maps.google.com/maps/contrib/100589879890993910915\">CAFE&amp;BAR TAMEALS品川</a>"
                    ],
                    "photo_reference": "Aap_uEA-TzqhM9Vg82znqxxM0fyFwgXsMnO86bMEhhzFcz1xUbObdDZw4CCzMBcK-SG0MPCp7n6bJwrbN-U8DNt7OD7Se4s1h6FFOMmwm7wQekMPfJbKvxR2s3hwLYsjIyGt0Nde0bIPZpc82VvgY1N9ROf9-5krAInzxVlBjFLecMQHvyIE",
                    "width": 1658
                }
            ],
            "place_id": "ChIJBe0NY1qKGGARLSxPs_3CUuc",
            "plus_code": {
                "compound_code": "JPHQ+5F 日本、東京都港区",
                "global_code": "8Q7XJPHQ+5F"
            },
            "price_level": 2,
            "rating": 3.5,
            "reference": "ChIJBe0NY1qKGGARLSxPs_3CUuc",
            "scope": "GOOGLE",
            "types": [
                "cafe",
                "bar",
                "food",
                "point_of_interest",
                "establishment"
            ],
            "user_ratings_total": 290,
            "vicinity": "港区高輪３丁目２６−２７ エキュート品川サウス"
        },
        {
            "business_status": "OPERATIONAL",
            "geometry": {
                "location": {
                    "lat": 35.62843299999999,
                    "lng": 139.7394594
                },
                "viewport": {
                    "northeast": {
                        "lat": 35.6299870302915,
                        "lng": 139.7403264
                    },
                    "southwest": {
                        "lat": 35.6272890697085,
                        "lng": 139.737046
                    }
                }
            },
            "icon": "https://maps.gstatic.com/mapfiles/place_api/icons/v1/png_71/cafe-71.png",
            "icon_background_color": "#FF9E67",
            "icon_mask_base_uri": "https://maps.gstatic.com/mapfiles/place_api/icons/v2/cafe_pinlet",
            "name": "サザコーヒー エキュート品川店",
            "opening_hours": {
                "open_now": true
            },
            "photos": [
                {
                    "height": 3024,
                    "html_attributions": [
                        "<a href=\"https://maps.google.com/maps/contrib/117809579053519382402\">サザコーヒー エキュート品川店</a>"
                    ],
                    "photo_reference": "Aap_uEANPLlTj4bfcmJyMDm3t953VR23UecFTDQuMSO6GcRPj4iRACLwCULfa8t92JQj60AnLr1piSOHaJZqUv1082t8yFTLl-sfdyGIwzyznlJ9yTaC6FkrkOdjFZSmJVK_-TttHPoM9RkQFEv6EHGduSq1n2aDIMDXrI2mJy6eOjNGgrXZ",
                    "width": 4032
                }
            ],
            "place_id": "ChIJBe0NY1qKGGARQEQTru4GjTA",
            "plus_code": {
                "compound_code": "JPHQ+9Q 日本、東京都港区",
                "global_code": "8Q7XJPHQ+9Q"
            },
            "price_level": 2,
            "rating": 4.1,
            "reference": "ChIJBe0NY1qKGGARQEQTru4GjTA",
            "scope": "GOOGLE",
            "types": [
                "cafe",
                "food",
                "point_of_interest",
                "store",
                "establishment"
            ],
            "user_ratings_total": 311,
            "vicinity": "港区高輪３丁目２６−２７ JR東日本品川駅構内 エキュート品川１F"
        },
        {
            "business_status": "OPERATIONAL",
            "geometry": {
                "location": {
                    "lat": 35.62851029999999,
                    "lng": 139.7391893
                },
                "viewport": {
                    "northeast": {
                        "lat": 35.6300270802915,
                        "lng": 139.7398923
                    },
                    "southwest": {
                        "lat": 35.6273291197085,
                        "lng": 139.7371907
                    }
                }
            },
            "icon": "https://maps.gstatic.com/mapfiles/place_api/icons/v1/png_71/restaurant-71.png",
            "icon_background_color": "#FF9E67",
            "icon_mask_base_uri": "https://maps.gstatic.com/mapfiles/place_api/icons/v2/restaurant_pinlet",
            "name": "パティスリーQBG 品川店",
            "opening_hours": {
                "open_now": true
            },
            "photos": [
                {
                    "height": 1642,
                    "html_attributions": [
                        "<a href=\"https://maps.google.com/maps/contrib/115502385982519502487\">Aori</a>"
                    ],
                    "photo_reference": "Aap_uEAs3gf90x-vkrgJovu4iDbC9eLWd2257B7NcmjKbLFsEazCu-prfHjIbQffdnid5Eg5V4JS5B8YBpbj1K6fPKjLWku7ZbXOT1OYgLvOoNndKAcrATXCGOUmD5eSAGOTDuhKhp2gfiUbOOEn-CcaIvw6OexgzN4SXVnon_-f8PK6VmRB",
                    "width": 1231
                }
            ],
            "place_id": "ChIJBe0NY1qKGGART2lc3-SxmW8",
            "plus_code": {
                "compound_code": "JPHQ+CM 日本、東京都港区",
                "global_code": "8Q7XJPHQ+CM"
            },
            "rating": 4.2,
            "reference": "ChIJBe0NY1qKGGART2lc3-SxmW8",
            "scope": "GOOGLE",
            "types": [
                "bakery",
                "cafe",
                "food",
                "point_of_interest",
                "store",
                "establishment"
            ],
            "user_ratings_total": 26,
            "vicinity": "JR東日本品川駅構内 エキュート品川1F, ３丁目-２６−２７ 高輪, 港区"
        },
        {
            "business_status": "OPERATIONAL",
            "geometry": {
                "location": {
                    "lat": 35.62911289999999,
                    "lng": 139.7388464
                },
                "viewport": {
                    "northeast": {
                        "lat": 35.63032663029149,
                        "lng": 139.7397052302915
                    },
                    "southwest": {
                        "lat": 35.62762866970849,
                        "lng": 139.7370072697085
                    }
                }
            },
            "icon": "https://maps.gstatic.com/mapfiles/place_api/icons/v1/png_71/cafe-71.png",
            "icon_background_color": "#FF9E67",
            "icon_mask_base_uri": "https://maps.gstatic.com/mapfiles/place_api/icons/v2/cafe_pinlet",
            "name": "ベックスコーヒーショップ 品川店",
            "opening_hours": {
                "open_now": true
            },
            "photos": [
                {
                    "height": 3024,
                    "html_attributions": [
                        "<a href=\"https://maps.google.com/maps/contrib/105514974150624272965\">自由人</a>"
                    ],
                    "photo_reference": "Aap_uEC8INvdEZmW1h5ymAY5p1X-7wdJiE3fnTAVkD9AUqSU_-QSnn9h3eKSMo8nFsKoMl4VVI7NC_byHM53Lx4sIrNh6k-r8PFQvn1cTiMRa6ZwCs8wBczSLv0alODi5Uk5rcRLAEoCbDhPHJflSZtxnt-edmXyR-4Bu67TOAPjjeHhR7Ef",
                    "width": 4032
                }
            ],
            "place_id": "ChIJF14TblqKGGARUmwRPo-CPnI",
            "plus_code": {
                "compound_code": "JPHQ+JG 日本、東京都港区",
                "global_code": "8Q7XJPHQ+JG"
            },
            "price_level": 1,
            "rating": 3.7,
            "reference": "ChIJF14TblqKGGARUmwRPo-CPnI",
            "scope": "GOOGLE",
            "types": [
                "cafe",
                "food",
                "point_of_interest",
                "store",
                "establishment"
            ],
            "user_ratings_total": 440,
            "vicinity": "港区高輪３丁目２６−２７ 店舗"
        },
        {
            "business_status": "OPERATIONAL",
            "geometry": {
                "location": {
                    "lat": 35.62841399999999,
                    "lng": 139.7393553
                },
                "viewport": {
                    "northeast": {
                        "lat": 35.62997898029149,
                        "lng": 139.7400999
                    },
                    "southwest": {
                        "lat": 35.6272810197085,
                        "lng": 139.7371215
                    }
                }
            },
            "icon": "https://maps.gstatic.com/mapfiles/place_api/icons/v1/png_71/cafe-71.png",
            "icon_background_color": "#FF9E67",
            "icon_mask_base_uri": "https://maps.gstatic.com/mapfiles/place_api/icons/v2/cafe_pinlet",
            "name": "加賀棒茶 丸八製茶場 エキュート品川店",
            "place_id": "ChIJT6QuXDOLGGAR7dcVU7pOwdY",
            "plus_code": {
                "compound_code": "JPHQ+9P 日本、東京都港区",
                "global_code": "8Q7XJPHQ+9P"
            },
            "rating": 5,
            "reference": "ChIJT6QuXDOLGGAR7dcVU7pOwdY",
            "scope": "GOOGLE",
            "types": [
                "cafe",
                "food",
                "point_of_interest",
                "establishment"
            ],
            "user_ratings_total": 1,
            "vicinity": "港区高輪３丁目２６−２７"
        },
        {
            "business_status": "OPERATIONAL",
            "geometry": {
                "location": {
                    "lat": 35.6281611,
                    "lng": 139.7385966
                },
                "viewport": {
                    "northeast": {
                        "lat": 35.6298525302915,
                        "lng": 139.7395803302915
                    },
                    "southwest": {
                        "lat": 35.6271545697085,
                        "lng": 139.7368823697085
                    }
                }
            },
            "icon": "https://maps.gstatic.com/mapfiles/place_api/icons/v1/png_71/cafe-71.png",
            "icon_background_color": "#FF9E67",
            "icon_mask_base_uri": "https://maps.gstatic.com/mapfiles/place_api/icons/v2/cafe_pinlet",
            "name": "サニーコート",
            "opening_hours": {
                "open_now": false
            },
            "photos": [
                {
                    "height": 1800,
                    "html_attributions": [
                        "<a href=\"https://maps.google.com/maps/contrib/111633014011102805573\">益子貴寛</a>"
                    ],
                    "photo_reference": "Aap_uEBi6Zz97JIcUn7o9l1iHbh9NTpHBTiRyPkkDSKDCo4e04hOTEr1m_e2DHCDEj6XXglRL9yxQvhtBxWQh3sPZWqEqXhDU3G2Lg5DkCT7_F8icKugzPr4sAV6_dF7Lm4baqFQjRz44jGvOVq1bjYZcr0OZ7eOdOrFaSuI9m7XM_m5k0Kt",
                    "width": 1440
                }
            ],
            "place_id": "ChIJaa6pbVKLGGARlfCmEBgpvGo",
            "plus_code": {
                "compound_code": "JPHQ+7C 日本、東京都港区",
                "global_code": "8Q7XJPHQ+7C"
            },
            "rating": 4,
            "reference": "ChIJaa6pbVKLGGARlfCmEBgpvGo",
            "scope": "GOOGLE",
            "types": [
                "cafe",
                "food",
                "point_of_interest",
                "establishment"
            ],
            "user_ratings_total": 1,
            "vicinity": "港区港南２丁目１−１４８"
        }
    ],
    "status": "OK"
}