{
    "html_attributions": [],
    "results": [
        {
            "business_status": "OPERATIONAL",
            "geometry": {
                "location": {
                    "lat": 35.63297549999999,
                    "lng": 139.7431373
                },
                "viewport": {
                    "northeast": {
                        "lat": 35.63417133029149,
                        "lng": 139.7440127302915
                    },
                    "southwest": {
                        "lat": 35.63147336970849,
                        "lng": 139.7413147697085
                    }
                }
            },
            "icon": "https://maps.gstatic.com/mapfiles/place_api/icons/v1/png_71/movies-71.png",
            "icon_background_color": "#13B5C7",
            "icon_mask_base_uri": "https://maps.gstatic.com/mapfiles/place_api/icons/v2/movie_pinlet",
            "name": "品川オープンシアター",
            "place_id": "ChIJ17MJBC-LGGARu6iebyrvjts",
            "plus_code": {
                "compound_code": "JPMV+57 日本、東京都港区",
                "global_code": "8Q7XJPMV+57"
            },
            "reference": "ChIJ17MJBC-LGGARu6iebyrvjts",
            "scope": "GOOGLE",
            "types": [
                "movie_theater",
                "point_of_interest",
                "establishment"
            ],
            "vicinity": "港区港南１丁目２−７０ 品川シーズンテラス"
        }
    ],
    "status": "OK"
}