{
    "html_attributions": [],
    "results": [
        {
            "business_status": "OPERATIONAL",
            "geometry": {
                "location": {
                    "lat": 35.6288756,
                    "lng": 139.7358103
                },
                "viewport": {
                    "northeast": {
                        "lat": 35.6303587802915,
                        "lng": 139.7371418802915
                    },
                    "southwest": {
                        "lat": 35.6276608197085,
                        "lng": 139.7344439197085
                    }
                }
            },
            "icon": "https://maps.gstatic.com/mapfiles/place_api/icons/v1/png_71/restaurant-71.png",
            "icon_background_color": "#FF9E67",
            "icon_mask_base_uri": "https://maps.gstatic.com/mapfiles/place_api/icons/v2/restaurant_pinlet",
            "name": "オーバカナル高輪店",
            "opening_hours": {
                "open_now": false
            },
            "photos": [
                {
                    "height": 768,
                    "html_attributions": [
                        "<a href=\"https://maps.google.com/maps/contrib/113011452197816186979\">オーバカナル高輪店</a>"
                    ],
                    "photo_reference": "Aap_uED-IwmArSMXSWooJJFO4PuDsh0fGZJRvVcJ0205EXKtN_DD0WeYmBc7USNeRAjKopjbYLjs8qv2CSVlv74Pmo4VwazwG_fJzBPj7T_Vf9N76l7Iz6C7t-anpJD3idbe97IW7Zdzm4WdpE0lRkBCJWakeyvb6QjWx7CcRIfaHEeQEK20",
                    "width": 1024
                }
            ],
            "place_id": "ChIJR9M0a1eKGGARQujdeE-_5WM",
            "plus_code": {
                "compound_code": "JPHP+H8 日本、東京都港区",
                "global_code": "8Q7XJPHP+H8"
            },
            "price_level": 2,
            "rating": 3.8,
            "reference": "ChIJR9M0a1eKGGARQujdeE-_5WM",
            "scope": "GOOGLE",
            "types": [
                "bakery",
                "cafe",
                "restaurant",
                "food",
                "point_of_interest",
                "store",
                "establishment"
            ],
            "user_ratings_total": 571,
            "vicinity": "港区高輪４丁目１０−１８"
        },
        {
            "business_status": "OPERATIONAL",
            "geometry": {
                "location": {
                    "lat": 35.6286814,
                    "lng": 139.7372097
                },
                "viewport": {
                    "northeast": {
                        "lat": 35.6300485302915,
                        "lng": 139.7386795302915
                    },
                    "southwest": {
                        "lat": 35.6273505697085,
                        "lng": 139.7359815697085
                    }
                }
            },
            "icon": "https://maps.gstatic.com/mapfiles/place_api/icons/v1/png_71/restaurant-71.png",
            "icon_background_color": "#FF9E67",
            "icon_mask_base_uri": "https://maps.gstatic.com/mapfiles/place_api/icons/v2/restaurant_pinlet",
            "name": "マクドナルド 高輪ウイング店",
            "opening_hours": {
                "open_now": true
            },
            "photos": [
                {
                    "height": 1000,
                    "html_attributions": [
                        "<a href=\"https://maps.google.com/maps/contrib/112228717848982338439\">t s</a>"
                    ],
                    "photo_reference": "Aap_uEC_dIvkT-mTLvW1bt9UENBpv-4LL0kRX9g2r79coQ63C_MoI-1wlBc880M30w5N-rn5qzin0KmO0ZT7STrOL1NedDjJfXKTRlYIC8zrczTuTpnWgwTc-MweeON9Z1gm8OR0Civuzh6JrIJIwhBNsnZOGnNaosczFN1nwvm8j3vz1rXD",
                    "width": 1500
                }
            ],
            "place_id": "ChIJlxmURVeKGGARwL39eaZuXzk",
            "plus_code": {
                "compound_code": "JPHP+FV 日本、東京都港区",
                "global_code": "8Q7XJPHP+FV"
            },
            "price_level": 1,
            "rating": 3.3,
            "reference": "ChIJlxmURVeKGGARwL39eaZuXzk",
            "scope": "GOOGLE",
            "types": [
                "cafe",
                "restaurant",
                "food",
                "point_of_interest",
                "store",
                "establishment"
            ],
            "user_ratings_total": 496,
            "vicinity": "港区高輪４丁目１０−１８"
        },
        {
            "business_status": "OPERATIONAL",
            "geometry": {
                "location": {
                    "lat": 35.6285124,
                    "lng": 139.7370195
                },
                "viewport": {
                    "northeast": {
                        "lat": 35.6298872802915,
                        "lng": 139.7385778802915
                    },
                    "southwest": {
                        "lat": 35.6271893197085,
                        "lng": 139.7358799197085
                    }
                }
            },
            "icon": "https://maps.gstatic.com/mapfiles/place_api/icons/v1/png_71/cafe-71.png",
            "icon_background_color": "#FF9E67",
            "icon_mask_base_uri": "https://maps.gstatic.com/mapfiles/place_api/icons/v2/cafe_pinlet",
            "name": "WIRED CAFE Dining Lounge Wing高輪店",
            "opening_hours": {
                "open_now": false
            },
            "photos": [
                {
                    "height": 850,
                    "html_attributions": [
                        "<a href=\"https://maps.google.com/maps/contrib/103829791074735117852\">WIRED CAFE Dining Lounge Wing高輪店</a>"
                    ],
                    "photo_reference": "Aap_uED5MO1EULSQJHZ9Pp0H_Fa7dSgE8EeFxtzL0GoDxvvDnGhyUz3K47_RaD1WqCaYl-lUVoG1ho4FTeOySPxLEQOwMcllkm_KaQJC91Lm1nEgMS3U7aZcRZT5HlOKCdiEENML97GiAxTXzyC-DpXyQvxPI0lc25ALTQ1Rg04Glhc2EAez",
                    "width": 1700
                }
            ],
            "place_id": "ChIJQ-Td_1mKGGARvVU4dHw476g",
            "plus_code": {
                "compound_code": "JPHP+CR 日本、東京都港区",
                "global_code": "8Q7XJPHP+CR"
            },
            "price_level": 2,
            "rating": 3.7,
            "reference": "ChIJQ-Td_1mKGGARvVU4dHw476g",
            "scope": "GOOGLE",
            "types": [
                "cafe",
                "bar",
                "restaurant",
                "food",
                "point_of_interest",
                "establishment"
            ],
            "user_ratings_total": 256,
            "vicinity": "港区高輪４丁目１０−１８ WESTⅡ2F ウィング高輪"
        },
        {
            "business_status": "OPERATIONAL",
            "geometry": {
                "location": {
                    "lat": 35.6288531,
                    "lng": 139.7371561
                },
                "viewport": {
                    "northeast": {
                        "lat": 35.6302472802915,
                        "lng": 139.7385426802915
                    },
                    "southwest": {
                        "lat": 35.6275493197085,
                        "lng": 139.7358447197085
                    }
                }
            },
            "icon": "https://maps.gstatic.com/mapfiles/place_api/icons/v1/png_71/restaurant-71.png",
            "icon_background_color": "#FF9E67",
            "icon_mask_base_uri": "https://maps.gstatic.com/mapfiles/place_api/icons/v2/restaurant_pinlet",
            "name": "マンゴツリーカフェ＋バー 高輪店",
            "opening_hours": {
                "open_now": false
            },
            "photos": [
                {
                    "height": 844,
                    "html_attributions": [
                        "<a href=\"https://maps.google.com/maps/contrib/106258280836186048441\">マンゴツリーカフェ＋バー 高輪店</a>"
                    ],
                    "photo_reference": "Aap_uED_JAhAUCKaOvVoyXk2sTfM7VvnyMmn6mMdCOxSWMxwxPPR4wbshOhx-BVBcFaf8NkIm-w8mroLig1_heROgDXyGUTbp6syA7rS8Ik_lvpJFIyB0lxqvtzAbYBG7NNDJm3Sd9eAG7bP3dz1Jrpw5H-Vy8UlZGg5pN8XzNG0hkpsQvBk",
                    "width": 1125
                }
            ],
            "place_id": "ChIJf887U1eKGGARNqGGVtqdmsY",
            "plus_code": {
                "compound_code": "JPHP+GV 日本、東京都港区",
                "global_code": "8Q7XJPHP+GV"
            },
            "price_level": 2,
            "rating": 3.6,
            "reference": "ChIJf887U1eKGGARNqGGVtqdmsY",
            "scope": "GOOGLE",
            "types": [
                "cafe",
                "bar",
                "restaurant",
                "food",
                "point_of_interest",
                "establishment"
            ],
            "user_ratings_total": 466,
            "vicinity": "港区高輪４丁目１０−１８ 京急ショッピングプラザウィング高輪WEST1F"
        },
        {
            "business_status": "OPERATIONAL",
            "geometry": {
                "location": {
                    "lat": 35.62870650000001,
                    "lng": 139.7368611
                },
                "viewport": {
                    "northeast": {
                        "lat": 35.62975968029151,
                        "lng": 139.7382146302915
                    },
                    "southwest": {
                        "lat": 35.62706171970851,
                        "lng": 139.7355166697085
                    }
                }
            },
            "icon": "https://maps.gstatic.com/mapfiles/place_api/icons/v1/png_71/cafe-71.png",
            "icon_background_color": "#FF9E67",
            "icon_mask_base_uri": "https://maps.gstatic.com/mapfiles/place_api/icons/v2/cafe_pinlet",
            "name": "DOLCE＆MARCO",
            "place_id": "ChIJE8SfUrWLGGARvLHF-5A9LCE",
            "plus_code": {
                "compound_code": "JPHP+FP 日本、神奈川県横浜市",
                "global_code": "8Q7XJPHP+FP"
            },
            "reference": "ChIJE8SfUrWLGGARvLHF-5A9LCE",
            "scope": "GOOGLE",
            "types": [
                "cafe",
                "food",
                "point_of_interest",
                "establishment"
            ],
            "vicinity": "横浜市 港南区上大岡西1丁目6番1号"
        },
        {
            "business_status": "OPERATIONAL",
            "geometry": {
                "location": {
                    "lat": 35.62821150000001,
                    "lng": 139.7362881
                },
                "viewport": {
                    "northeast": {
                        "lat": 35.6294992302915,
                        "lng": 139.7379613802915
                    },
                    "southwest": {
                        "lat": 35.6268012697085,
                        "lng": 139.7352634197085
                    }
                }
            },
            "icon": "https://maps.gstatic.com/mapfiles/place_api/icons/v1/png_71/cafe-71.png",
            "icon_background_color": "#FF9E67",
            "icon_mask_base_uri": "https://maps.gstatic.com/mapfiles/place_api/icons/v2/cafe_pinlet",
            "name": "CAFÉ＆BAR",
            "opening_hours": {
                "open_now": false
            },
            "photos": [
                {
                    "height": 4032,
                    "html_attributions": [
                        "<a href=\"https://maps.google.com/maps/contrib/106087078019041252923\">Yoshiaki Hiroi</a>"
                    ],
                    "photo_reference": "Aap_uEAk7X-fMadpXCLWMPHi1JOuiSojgoHbA1eKaQSozRzxbsYtVjKYtdkNlT6wbgMObpGS0YtugTMDxKihkDCOzTqt5brGdQGSVyE5TTI34IBZ7foB1w2AXAHk-72RDims35e7cHvuiQNVoB_gIm7Dw3RHzKm9XCRJSToXwhxGscndOUJt",
                    "width": 3024
                }
            ],
            "place_id": "ChIJjaT2WFeKGGARRZ3tDsOhGws",
            "plus_code": {
                "compound_code": "JPHP+7G 日本、東京都港区",
                "global_code": "8Q7XJPHP+7G"
            },
            "rating": 3,
            "reference": "ChIJjaT2WFeKGGARRZ3tDsOhGws",
            "scope": "GOOGLE",
            "types": [
                "cafe",
                "bar",
                "food",
                "point_of_interest",
                "establishment"
            ],
            "user_ratings_total": 1,
            "vicinity": "港区港区高輪４丁目１０−３０"
        }
    ],
    "status": "OK"
}