{
    "html_attributions": [],
    "results": [
        {
            "business_status": "OPERATIONAL",
            "geometry": {
                "location": {
                    "lat": 35.776084,
                    "lng": 139.719181
                },
                "viewport": {
                    "northeast": {
                        "lat": 35.7772960302915,
                        "lng": 139.7207109302915
                    },
                    "southwest": {
                        "lat": 35.7745980697085,
                        "lng": 139.7180129697085
                    }
                }
            },
            "icon": "https://maps.gstatic.com/mapfiles/place_api/icons/v1/png_71/worship_dharma-71.png",
            "icon_background_color": "#7B9EB0",
            "icon_mask_base_uri": "https://maps.gstatic.com/mapfiles/place_api/icons/v2/generic_pinlet",
            "name": "静勝寺（靜勝寺）",
            "photos": [
                {
                    "height": 3000,
                    "html_attributions": [
                        "<a href=\"https://maps.google.com/maps/contrib/100446973374929563529\">髙橋幸子</a>"
                    ],
                    "photo_reference": "Aap_uEC8jzfwneucNwYMEBcxSyhkzR0sGO1sWdfqbRjZ-Z7WLYYYDynyGcOQ41a5ptkqh4LDZ5LjsY26rJAh4EtxXdZMt3KzFsZZkpm0h5FmoXYbT9fGXpq_To084_JouTtA_FVVq4peMxbJ7o9Gdiy38BAaY9XKuh-EbTI3LT8Hf1k3EC2V",
                    "width": 5333
                }
            ],
            "place_id": "ChIJpXrrX-KSGGARvqh-er3I_5M",
            "plus_code": {
                "compound_code": "QPG9+CM 日本、東京都北区",
                "global_code": "8Q7XQPG9+CM"
            },
            "rating": 4,
            "reference": "ChIJpXrrX-KSGGARvqh-er3I_5M",
            "scope": "GOOGLE",
            "types": [
                "tourist_attraction",
                "place_of_worship",
                "point_of_interest",
                "establishment"
            ],
            "user_ratings_total": 86,
            "vicinity": "北区赤羽西１丁目２１−１７"
        },
        {
            "business_status": "OPERATIONAL",
            "geometry": {
                "location": {
                    "lat": 35.7760024,
                    "lng": 139.7192546
                },
                "viewport": {
                    "northeast": {
                        "lat": 35.7774764802915,
                        "lng": 139.7206007302915
                    },
                    "southwest": {
                        "lat": 35.7747785197085,
                        "lng": 139.7179027697085
                    }
                }
            },
            "icon": "https://maps.gstatic.com/mapfiles/place_api/icons/v1/png_71/generic_business-71.png",
            "icon_background_color": "#13B5C7",
            "icon_mask_base_uri": "https://maps.gstatic.com/mapfiles/place_api/icons/v2/generic_pinlet",
            "name": "稲付城跡(静勝寺)",
            "opening_hours": {
                "open_now": true
            },
            "photos": [
                {
                    "height": 3024,
                    "html_attributions": [
                        "<a href=\"https://maps.google.com/maps/contrib/103174082256895531500\">kenta sakuma</a>"
                    ],
                    "photo_reference": "Aap_uEDfpE7vN0jkWGsIGubuDq7WuLVv39EU0iRcD_D4dxUmuWiRf7woQeSmHsSeLSNqQsFvpaQS0padqCX7zF7oQvLacPyz3by6AGxpHGaePJrH3vruW5uA8tPf1brESNuHnCTGisvoODVYXR3lQWAzxE7YMGqZwpadp8MzOqFFK0QXbvbF",
                    "width": 4032
                }
            ],
            "place_id": "ChIJJd_v9eKSGGARGulvtTchbns",
            "plus_code": {
                "compound_code": "QPG9+CP 日本、東京都北区",
                "global_code": "8Q7XQPG9+CP"
            },
            "rating": 3.8,
            "reference": "ChIJJd_v9eKSGGARGulvtTchbns",
            "scope": "GOOGLE",
            "types": [
                "tourist_attraction",
                "point_of_interest",
                "establishment"
            ],
            "user_ratings_total": 36,
            "vicinity": "北区赤羽西１丁目２１−１７"
        }
    ],
    "status": "OK"
}