{
    "html_attributions": [],
    "results": [
        {
            "business_status": "OPERATIONAL",
            "geometry": {
                "location": {
                    "lat": 35.7767877,
                    "lng": 139.7189669
                },
                "viewport": {
                    "northeast": {
                        "lat": 35.7781366802915,
                        "lng": 139.7203158802915
                    },
                    "southwest": {
                        "lat": 35.7754387197085,
                        "lng": 139.7176179197085
                    }
                }
            },
            "icon": "https://maps.gstatic.com/mapfiles/place_api/icons/v1/png_71/cafe-71.png",
            "icon_background_color": "#FF9E67",
            "icon_mask_base_uri": "https://maps.gstatic.com/mapfiles/place_api/icons/v2/cafe_pinlet",
            "name": "anzu to momo",
            "opening_hours": {
                "open_now": false
            },
            "photos": [
                {
                    "height": 1933,
                    "html_attributions": [
                        "<a href=\"https://maps.google.com/maps/contrib/104663560172048081634\">anzu to momo</a>"
                    ],
                    "photo_reference": "Aap_uEAydwDRljFY2tLZOa0kAWrFunyvJEq0qZXALuGueMkglVNG-8dPFSQh0IMFUnftIB4gMvEXcvk77WRWtTNfNEx-jslzkBvX1GP4r7CHQ85p7Xj-qIH4RjyJdo8nglWB_OhzzQrPjiygDQ468TNtsF6z3M9i-5xA31_rws0W2VEPOVpi",
                    "width": 2592
                }
            ],
            "place_id": "ChIJUUpSY-KSGGARDHcp02N4dIw",
            "plus_code": {
                "compound_code": "QPG9+PH 日本、東京都北区",
                "global_code": "8Q7XQPG9+PH"
            },
            "price_level": 2,
            "rating": 4.4,
            "reference": "ChIJUUpSY-KSGGARDHcp02N4dIw",
            "scope": "GOOGLE",
            "types": [
                "cafe",
                "food",
                "point_of_interest",
                "store",
                "establishment"
            ],
            "user_ratings_total": 95,
            "vicinity": "北区赤羽西１丁目１６−９"
        }
    ],
    "status": "OK"
}