{
    "html_attributions": [],
    "results": [
        {
            "business_status": "OPERATIONAL",
            "geometry": {
                "location": {
                    "lat": 35.7776831,
                    "lng": 139.718104
                },
                "viewport": {
                    "northeast": {
                        "lat": 35.7790461802915,
                        "lng": 139.7194113802915
                    },
                    "southwest": {
                        "lat": 35.77634821970851,
                        "lng": 139.7167134197085
                    }
                }
            },
            "icon": "https://maps.gstatic.com/mapfiles/place_api/icons/v1/png_71/generic_business-71.png",
            "icon_background_color": "#7B9EB0",
            "icon_mask_base_uri": "https://maps.gstatic.com/mapfiles/place_api/icons/v2/generic_pinlet",
            "name": "ぎゃらりー遊・アトリエ遊",
            "opening_hours": {
                "open_now": false
            },
            "photos": [
                {
                    "height": 3456,
                    "html_attributions": [
                        "<a href=\"https://maps.google.com/maps/contrib/103458921561107238628\">ぎゃらりー遊・アトリエ遊</a>"
                    ],
                    "photo_reference": "Aap_uEB5E-AHGuEPREdUK_CYS6ktxNKZDi3Se_6yF9GsWO23qsn59aNuP1ginmTAycSNNHgC_04O-7Tla6eYuBfCfsYoqK5f3FCUZwNreJs0p-gYHQPNTd92Pk53TTuHTkVwVxqs7keTTWkdvUTtOUGpSlKfVmtieltU6kqpXXi5J0UG8eN9",
                    "width": 5184
                }
            ],
            "place_id": "ChIJ1zp_kx2TGGARs609Hk6AZHo",
            "plus_code": {
                "compound_code": "QPH9+36 日本、東京都北区",
                "global_code": "8Q7XQPH9+36"
            },
            "rating": 4,
            "reference": "ChIJ1zp_kx2TGGARs609Hk6AZHo",
            "scope": "GOOGLE",
            "types": [
                "art_gallery",
                "point_of_interest",
                "establishment"
            ],
            "user_ratings_total": 4,
            "vicinity": "北区赤羽西１丁目３５−８"
        }
    ],
    "status": "OK"
}