{
    "html_attributions": [],
    "results": [
        {
            "business_status": "OPERATIONAL",
            "geometry": {
                "location": {
                    "lat": 35.7738694,
                    "lng": 139.7175789
                },
                "viewport": {
                    "northeast": {
                        "lat": 35.7751689802915,
                        "lng": 139.7188771302915
                    },
                    "southwest": {
                        "lat": 35.7724710197085,
                        "lng": 139.7161791697085
                    }
                }
            },
            "icon": "https://maps.gstatic.com/mapfiles/place_api/icons/v1/png_71/park-71.png",
            "icon_background_color": "#4DB546",
            "icon_mask_base_uri": "https://maps.gstatic.com/mapfiles/place_api/icons/v2/tree_pinlet",
            "name": "北区立鶴ヶ丘児童遊園",
            "opening_hours": {
                "open_now": true
            },
            "photos": [
                {
                    "height": 2304,
                    "html_attributions": [
                        "<a href=\"https://maps.google.com/maps/contrib/105543550920252572850\">Mall Pall</a>"
                    ],
                    "photo_reference": "Aap_uED7W21MzgPucsPRG5EFif4ubVNZhNRv4QCI9UpQ3JOXljc2hukyyu9iRWcFgzXB6oZH65QezoayV57YH-Cty-yI7mgKTrTr-xTZKp3XA-5sHsrRv2aWkzIh-5oK6CSQlAB9im0zldSK8kAxSsGE320Ms3lhQaVFx3tyN8KPVrW2YacJ",
                    "width": 4096
                }
            ],
            "place_id": "ChIJC7PUzuOSGGARavuKfinr9JY",
            "plus_code": {
                "compound_code": "QPF9+G2 日本、東京都北区",
                "global_code": "8Q7XQPF9+G2"
            },
            "rating": 3.2,
            "reference": "ChIJC7PUzuOSGGARavuKfinr9JY",
            "scope": "GOOGLE",
            "types": [
                "park",
                "point_of_interest",
                "establishment"
            ],
            "user_ratings_total": 10,
            "vicinity": "北区赤羽西４丁目６−５"
        },
        {
            "business_status": "OPERATIONAL",
            "geometry": {
                "location": {
                    "lat": 35.77485660000001,
                    "lng": 139.715366
                },
                "viewport": {
                    "northeast": {
                        "lat": 35.77610703029151,
                        "lng": 139.7168103802915
                    },
                    "southwest": {
                        "lat": 35.77340906970851,
                        "lng": 139.7141124197085
                    }
                }
            },
            "icon": "https://maps.gstatic.com/mapfiles/place_api/icons/v1/png_71/park-71.png",
            "icon_background_color": "#4DB546",
            "icon_mask_base_uri": "https://maps.gstatic.com/mapfiles/place_api/icons/v2/tree_pinlet",
            "name": "北区立赤羽三和児童遊園",
            "opening_hours": {
                "open_now": true
            },
            "photos": [
                {
                    "height": 3096,
                    "html_attributions": [
                        "<a href=\"https://maps.google.com/maps/contrib/111356207436619813119\">shi na-</a>"
                    ],
                    "photo_reference": "Aap_uEAzLPEGgqvSTlucakX4S1UmhHXgPMr4cRHZMVM4vKRp5ww2weUVJJNy8fKBt4WCs9zi-Glm32EklzMWo79c7pbiTfIb0T4PVkI4ax9-F126brDAAQaNbQ7MZjAYn0mvTSzbYw5iPt6BLZ374wM0Tfmf4Ia6psm1sXjzn8tkCBn02s53",
                    "width": 4128
                }
            ],
            "place_id": "ChIJC4UZ0uGSGGAR2chWHZxsdTI",
            "plus_code": {
                "compound_code": "QPF8+W4 日本、東京都北区",
                "global_code": "8Q7XQPF8+W4"
            },
            "rating": 3.5,
            "reference": "ChIJC4UZ0uGSGGAR2chWHZxsdTI",
            "scope": "GOOGLE",
            "types": [
                "park",
                "point_of_interest",
                "establishment"
            ],
            "user_ratings_total": 17,
            "vicinity": "北区赤羽西４丁目２７−５"
        }
    ],
    "status": "OK"
}