{
    "html_attributions": [],
    "results": [
        {
            "business_status": "OPERATIONAL",
            "geometry": {
                "location": {
                    "lat": 35.7782713,
                    "lng": 139.7211904
                },
                "viewport": {
                    "northeast": {
                        "lat": 35.7796545802915,
                        "lng": 139.7226200302915
                    },
                    "southwest": {
                        "lat": 35.7769566197085,
                        "lng": 139.7199220697085
                    }
                }
            },
            "icon": "https://maps.gstatic.com/mapfiles/place_api/icons/v1/png_71/restaurant-71.png",
            "icon_background_color": "#FF9E67",
            "icon_mask_base_uri": "https://maps.gstatic.com/mapfiles/place_api/icons/v2/restaurant_pinlet",
            "name": "ミスタードーナツ 赤羽ショップ",
            "opening_hours": {
                "open_now": true
            },
            "photos": [
                {
                    "height": 1200,
                    "html_attributions": [
                        "<a href=\"https://maps.google.com/maps/contrib/108543264914249216815\">星野聖子</a>"
                    ],
                    "photo_reference": "Aap_uEA9JMkfaUW4YZuGvXZnRIVa1QS_xDRJJv6vVNffh5cnWkVhsJtuDh-sAr3MGpGnjyw4BvaHWSOaT1ABZKWOecm3a56yPrAzU03Vii8puraWNBPdtuquUTosNvyrkwJ75QDRDUIiHRKz8mU2s7KjrrSP4jpq52BEouZl5RKlRIk-Uu71",
                    "width": 1600
                }
            ],
            "place_id": "ChIJjYRFVx2TGGARbcYhF7ADTNw",
            "plus_code": {
                "compound_code": "QPHC+8F 日本、東京都北区",
                "global_code": "8Q7XQPHC+8F"
            },
            "price_level": 2,
            "rating": 3.5,
            "reference": "ChIJjYRFVx2TGGARbcYhF7ADTNw",
            "scope": "GOOGLE",
            "types": [
                "bakery",
                "meal_takeaway",
                "cafe",
                "restaurant",
                "food",
                "point_of_interest",
                "store",
                "establishment"
            ],
            "user_ratings_total": 239,
            "vicinity": "北区赤羽１丁目１−５"
        },
        {
            "business_status": "OPERATIONAL",
            "geometry": {
                "location": {
                    "lat": 35.7779441,
                    "lng": 139.7213712
                },
                "viewport": {
                    "northeast": {
                        "lat": 35.7792930802915,
                        "lng": 139.7227201802915
                    },
                    "southwest": {
                        "lat": 35.7765951197085,
                        "lng": 139.7200222197085
                    }
                }
            },
            "icon": "https://maps.gstatic.com/mapfiles/place_api/icons/v1/png_71/cafe-71.png",
            "icon_background_color": "#FF9E67",
            "icon_mask_base_uri": "https://maps.gstatic.com/mapfiles/place_api/icons/v2/cafe_pinlet",
            "name": "プロント ビーンズ赤羽店",
            "opening_hours": {
                "open_now": true
            },
            "photos": [
                {
                    "height": 320,
                    "html_attributions": [
                        "<a href=\"https://maps.google.com/maps/contrib/105561528425899920561\">プロント ビーンズ赤羽店</a>"
                    ],
                    "photo_reference": "Aap_uEAVqJNF2ioRzMTJE9aT4vaBtuOepznV0Dpum_ljxK0F8fO_cAARjYVene34pQLZbmnu8ww7A1UGqag1KZRd0oeL1Lqp0pRSKFuZRkXj_KUEg_jbepNcSX8e2PUqimkXx7jLv5YReB-xJ9Qnz3FkeKo-qFTjXNExp8zfPhAdN8kpachz",
                    "width": 568
                }
            ],
            "place_id": "ChIJCbY5qeKSGGARbc2XFKhiVMo",
            "plus_code": {
                "compound_code": "QPHC+5G 日本、東京都北区",
                "global_code": "8Q7XQPHC+5G"
            },
            "price_level": 2,
            "rating": 3.5,
            "reference": "ChIJCbY5qeKSGGARbc2XFKhiVMo",
            "scope": "GOOGLE",
            "types": [
                "cafe",
                "bar",
                "food",
                "point_of_interest",
                "store",
                "establishment"
            ],
            "user_ratings_total": 258,
            "vicinity": "北区赤羽１丁目１−１"
        },
        {
            "business_status": "OPERATIONAL",
            "geometry": {
                "location": {
                    "lat": 35.7782716,
                    "lng": 139.7211879
                },
                "viewport": {
                    "northeast": {
                        "lat": 35.77963483029149,
                        "lng": 139.7226235802915
                    },
                    "southwest": {
                        "lat": 35.77693686970849,
                        "lng": 139.7199256197085
                    }
                }
            },
            "icon": "https://maps.gstatic.com/mapfiles/place_api/icons/v1/png_71/cafe-71.png",
            "icon_background_color": "#FF9E67",
            "icon_mask_base_uri": "https://maps.gstatic.com/mapfiles/place_api/icons/v2/cafe_pinlet",
            "name": "友路有 赤羽本店",
            "opening_hours": {
                "open_now": true
            },
            "photos": [
                {
                    "height": 400,
                    "html_attributions": [
                        "<a href=\"https://maps.google.com/maps/contrib/116124370280549531248\">友路有 赤羽本店</a>"
                    ],
                    "photo_reference": "Aap_uEDyqb0m4GRgRSPocPHkcX10iTswo_iJmm0kB7_vpNfQhUeILiWDYihz3hGuTAhN4JtyGXD6fFeGFllW4f_ivtdzbI6wVB9E5ocx2ATOMAZd1VwFv2_e_6dX5OW0RlqY7CbwYO-9tRhOezdKBPxsfqH8Pik2hksdpg11c9LhmbdVZr6K",
                    "width": 600
                }
            ],
            "place_id": "ChIJSYpPVx2TGGAR7GV4MpzForE",
            "plus_code": {
                "compound_code": "QPHC+8F 日本、東京都北区",
                "global_code": "8Q7XQPHC+8F"
            },
            "price_level": 2,
            "rating": 3.9,
            "reference": "ChIJSYpPVx2TGGAR7GV4MpzForE",
            "scope": "GOOGLE",
            "types": [
                "cafe",
                "food",
                "point_of_interest",
                "store",
                "establishment"
            ],
            "user_ratings_total": 394,
            "vicinity": "北区赤羽１丁目１−５ 大竹ビル ２F"
        },
        {
            "business_status": "OPERATIONAL",
            "geometry": {
                "location": {
                    "lat": 35.7775202,
                    "lng": 139.7204444
                },
                "viewport": {
                    "northeast": {
                        "lat": 35.7789741302915,
                        "lng": 139.7216999802915
                    },
                    "southwest": {
                        "lat": 35.7762761697085,
                        "lng": 139.7190020197085
                    }
                }
            },
            "icon": "https://maps.gstatic.com/mapfiles/place_api/icons/v1/png_71/restaurant-71.png",
            "icon_background_color": "#FF9E67",
            "icon_mask_base_uri": "https://maps.gstatic.com/mapfiles/place_api/icons/v2/restaurant_pinlet",
            "name": "マクドナルド 赤羽アピレ店",
            "opening_hours": {
                "open_now": true
            },
            "photos": [
                {
                    "height": 2448,
                    "html_attributions": [
                        "<a href=\"https://maps.google.com/maps/contrib/112734487017824848071\">K M</a>"
                    ],
                    "photo_reference": "Aap_uEAROB6D3jLPq1Y4_yF37qZ2tNyOm_skPoOjmG1hfNBrzwH2w0hm0RAH5Z5E4l0rJtP0Iji4uqJXUDunC5s1HZymvJb0HLvcmO5jeaDpd8qiGVwHVmA4LRTlnuPpzMwAowZYJxe8q3TabmMkycklKR4dhs_nSiovfe58JwQeO9t_OJFO",
                    "width": 3264
                }
            ],
            "place_id": "ChIJG4NDn-KSGGARJI7sEvZnTbk",
            "plus_code": {
                "compound_code": "QPHC+25 日本、東京都北区",
                "global_code": "8Q7XQPHC+25"
            },
            "price_level": 1,
            "rating": 3.4,
            "reference": "ChIJG4NDn-KSGGARJI7sEvZnTbk",
            "scope": "GOOGLE",
            "types": [
                "cafe",
                "restaurant",
                "food",
                "point_of_interest",
                "store",
                "establishment"
            ],
            "user_ratings_total": 212,
            "vicinity": "北区赤羽西１丁目５−１"
        },
        {
            "business_status": "OPERATIONAL",
            "geometry": {
                "location": {
                    "lat": 35.778153,
                    "lng": 139.721603
                },
                "viewport": {
                    "northeast": {
                        "lat": 35.7794808302915,
                        "lng": 139.7228541302915
                    },
                    "southwest": {
                        "lat": 35.77678286970851,
                        "lng": 139.7201561697085
                    }
                }
            },
            "icon": "https://maps.gstatic.com/mapfiles/place_api/icons/v1/png_71/cafe-71.png",
            "icon_background_color": "#FF9E67",
            "icon_mask_base_uri": "https://maps.gstatic.com/mapfiles/place_api/icons/v2/cafe_pinlet",
            "name": "梅の木新館",
            "opening_hours": {
                "open_now": false
            },
            "photos": [
                {
                    "height": 3024,
                    "html_attributions": [
                        "<a href=\"https://maps.google.com/maps/contrib/106395213571836048392\">ロヒ</a>"
                    ],
                    "photo_reference": "Aap_uEAFWUQSwiCP0KBhELncWD0Z9C2jPtMSiIVKIFSJg-6ZmFRZQGahcTzhkkd6D-KLSPAdrkFyPozpEGN_CbrkPLlVWUUlfc10E3Py55u9-dHjznEyBX22xZpW76qqFf1htvd-7c8SrUyRi4YPVThCLcRDfAsH4TCOw9K9Lm8VFzH6yv5D",
                    "width": 4032
                }
            ],
            "place_id": "ChIJI0RYquKSGGARmumN3UR7qNo",
            "plus_code": {
                "compound_code": "QPHC+7J 日本、東京都北区",
                "global_code": "8Q7XQPHC+7J"
            },
            "price_level": 2,
            "rating": 3.7,
            "reference": "ChIJI0RYquKSGGARmumN3UR7qNo",
            "scope": "GOOGLE",
            "types": [
                "cafe",
                "food",
                "point_of_interest",
                "store",
                "establishment"
            ],
            "user_ratings_total": 88,
            "vicinity": "北区赤羽１丁目２−３"
        },
        {
            "business_status": "OPERATIONAL",
            "geometry": {
                "location": {
                    "lat": 35.7784635,
                    "lng": 139.7200677
                },
                "viewport": {
                    "northeast": {
                        "lat": 35.7796096802915,
                        "lng": 139.7214560802915
                    },
                    "southwest": {
                        "lat": 35.7769117197085,
                        "lng": 139.7187581197085
                    }
                }
            },
            "icon": "https://maps.gstatic.com/mapfiles/place_api/icons/v1/png_71/cafe-71.png",
            "icon_background_color": "#FF9E67",
            "icon_mask_base_uri": "https://maps.gstatic.com/mapfiles/place_api/icons/v2/cafe_pinlet",
            "name": "スターバックス コーヒー ビーンズ赤羽店",
            "opening_hours": {
                "open_now": true
            },
            "photos": [
                {
                    "height": 667,
                    "html_attributions": [
                        "<a href=\"https://maps.google.com/maps/contrib/112667367566571786788\">Hideari Hayashi</a>"
                    ],
                    "photo_reference": "Aap_uECxvpFTdINXiW4DC6qSH8gyiCdz4sxltYtdNQ-YPYQXU6DwVEzoiRCcpnAaNpDrkPDUxX7dZLG1OuE_kYd9hnSNOYABdv9eWdL-yqd4Kmf-bOPEusX8JZjeMXb7kNJGGDTZjQvlvY6LRZsyYs_FRYXc1MLoAd2XT34U96LIIPexPt4U",
                    "width": 1000
                }
            ],
            "place_id": "ChIJK8CQbh2TGGARaLpK7IWtSDE",
            "plus_code": {
                "compound_code": "QPHC+92 日本、東京都北区",
                "global_code": "8Q7XQPHC+92"
            },
            "price_level": 2,
            "rating": 3.6,
            "reference": "ChIJK8CQbh2TGGARaLpK7IWtSDE",
            "scope": "GOOGLE",
            "types": [
                "cafe",
                "food",
                "point_of_interest",
                "store",
                "establishment"
            ],
            "user_ratings_total": 220,
            "vicinity": "北区赤羽１丁目１−１ ビーンズ赤羽 1階"
        },
        {
            "business_status": "OPERATIONAL",
            "geometry": {
                "location": {
                    "lat": 35.7774236,
                    "lng": 139.7208951
                },
                "viewport": {
                    "northeast": {
                        "lat": 35.77858138029151,
                        "lng": 139.7222731802915
                    },
                    "southwest": {
                        "lat": 35.77588341970851,
                        "lng": 139.7195752197085
                    }
                }
            },
            "icon": "https://maps.gstatic.com/mapfiles/place_api/icons/v1/png_71/cafe-71.png",
            "icon_background_color": "#FF9E67",
            "icon_mask_base_uri": "https://maps.gstatic.com/mapfiles/place_api/icons/v2/cafe_pinlet",
            "name": "やなか珈琲店 エキュート赤羽店",
            "opening_hours": {
                "open_now": false
            },
            "photos": [
                {
                    "height": 4032,
                    "html_attributions": [
                        "<a href=\"https://maps.google.com/maps/contrib/117483193602797937369\">橋本雅紀</a>"
                    ],
                    "photo_reference": "Aap_uECIzAyVuDnYbGAwDxJc24ONroSFSWmrKOdZTjKj8wta1NxgnJyjhtDEWtb8knItJghncbNirnFyZAuuoKAqHhLdJXWhrUsdon9UjssDXg340V07K9BiEYeQLyX9NYTyBC8Slc6gZf3VBuLDFbTg-_4ZXMU6KkfxQ3pJYiBRv2wbBnkM",
                    "width": 3024
                }
            ],
            "place_id": "ChIJl7nTseKSGGARyuG5qXdsxtE",
            "plus_code": {
                "compound_code": "QPGC+X9 日本、東京都北区",
                "global_code": "8Q7XQPGC+X9"
            },
            "price_level": 2,
            "rating": 4,
            "reference": "ChIJl7nTseKSGGARyuG5qXdsxtE",
            "scope": "GOOGLE",
            "types": [
                "cafe",
                "food",
                "point_of_interest",
                "store",
                "establishment"
            ],
            "user_ratings_total": 93,
            "vicinity": "北区赤羽１丁目１−１ エキュート 赤羽"
        },
        {
            "business_status": "OPERATIONAL",
            "geometry": {
                "location": {
                    "lat": 35.7780126,
                    "lng": 139.7209005
                },
                "viewport": {
                    "northeast": {
                        "lat": 35.77909183029149,
                        "lng": 139.7226304802915
                    },
                    "southwest": {
                        "lat": 35.77639386970849,
                        "lng": 139.7199325197085
                    }
                }
            },
            "icon": "https://maps.gstatic.com/mapfiles/place_api/icons/v1/png_71/cafe-71.png",
            "icon_background_color": "#FF9E67",
            "icon_mask_base_uri": "https://maps.gstatic.com/mapfiles/place_api/icons/v2/cafe_pinlet",
            "name": "ベックスコーヒーショップ エキュート赤羽店",
            "opening_hours": {
                "open_now": true
            },
            "photos": [
                {
                    "height": 1082,
                    "html_attributions": [
                        "<a href=\"https://maps.google.com/maps/contrib/103504638543262018916\">T TMBC</a>"
                    ],
                    "photo_reference": "Aap_uECal4b58ecE4wqzURSrgg05idu_SMDRZsWb-UWxKfOu9xSbLUrd87tpgBbIMAByqHk549ETB_Qzw0_HRveta2nc3BbzFvswNT1wJQcdoz-rQ3vvcVn_F_7gjKd1OJcO1Qc4bY66ufrUPsrwSyUPkg-KB5DpA-QcAVM7radxEsek6yp8",
                    "width": 1920
                }
            ],
            "place_id": "ChIJA_0AXB2TGGARl382-rJ8FBE",
            "plus_code": {
                "compound_code": "QPHC+69 日本、東京都北区",
                "global_code": "8Q7XQPHC+69"
            },
            "price_level": 2,
            "rating": 3.7,
            "reference": "ChIJA_0AXB2TGGARl382-rJ8FBE",
            "scope": "GOOGLE",
            "types": [
                "cafe",
                "food",
                "point_of_interest",
                "store",
                "establishment"
            ],
            "user_ratings_total": 170,
            "vicinity": "北区赤羽１丁目１−１ ＪＲ赤羽駅エキュート赤羽内"
        },
        {
            "business_status": "OPERATIONAL",
            "geometry": {
                "location": {
                    "lat": 35.77842269999999,
                    "lng": 139.7210678
                },
                "viewport": {
                    "northeast": {
                        "lat": 35.7797716802915,
                        "lng": 139.7224167802915
                    },
                    "southwest": {
                        "lat": 35.7770737197085,
                        "lng": 139.7197188197085
                    }
                }
            },
            "icon": "https://maps.gstatic.com/mapfiles/place_api/icons/v1/png_71/cafe-71.png",
            "icon_background_color": "#FF9E67",
            "icon_mask_base_uri": "https://maps.gstatic.com/mapfiles/place_api/icons/v2/cafe_pinlet",
            "name": "タイム赤羽",
            "opening_hours": {
                "open_now": false
            },
            "place_id": "ChIJM-h6Wh2TGGARnbasrdfhxx0",
            "plus_code": {
                "compound_code": "QPHC+9C 日本、東京都北区",
                "global_code": "8Q7XQPHC+9C"
            },
            "reference": "ChIJM-h6Wh2TGGARnbasrdfhxx0",
            "scope": "GOOGLE",
            "types": [
                "cafe",
                "food",
                "point_of_interest",
                "establishment"
            ],
            "vicinity": "北区赤羽１丁目１−１"
        },
        {
            "business_status": "OPERATIONAL",
            "geometry": {
                "location": {
                    "lat": 35.7774393,
                    "lng": 139.7210498
                },
                "viewport": {
                    "northeast": {
                        "lat": 35.77859573029151,
                        "lng": 139.7223725302915
                    },
                    "southwest": {
                        "lat": 35.77589776970851,
                        "lng": 139.7196745697085
                    }
                }
            },
            "icon": "https://maps.gstatic.com/mapfiles/place_api/icons/v1/png_71/cafe-71.png",
            "icon_background_color": "#FF9E67",
            "icon_mask_base_uri": "https://maps.gstatic.com/mapfiles/place_api/icons/v2/cafe_pinlet",
            "name": "Gongcha",
            "opening_hours": {
                "open_now": false
            },
            "photos": [
                {
                    "height": 2992,
                    "html_attributions": [
                        "<a href=\"https://maps.google.com/maps/contrib/106016198257900798925\">Eriecaledoniee erieri</a>"
                    ],
                    "photo_reference": "Aap_uEClS3g1mXorXoJmTbx6KjT7wLGLxOnZBa-Y2UuQtFL32GlIRDCE0PQPLrsk_ReYM75TsvAjToZk5k4Ravs70YFvE5qea4BTeXsx5EdtIcXyX_AXRBqdUqaMZWC4n004fx9bRR5eFFK7htXizyhl5npICZ9NhKZrjTR8_B7QmBor5D2x",
                    "width": 2992
                }
            ],
            "place_id": "ChIJkYpsFC-TGGAR_c3kN79CHb8",
            "plus_code": {
                "compound_code": "QPGC+XC 日本、東京都北区",
                "global_code": "8Q7XQPGC+XC"
            },
            "price_level": 2,
            "rating": 3.7,
            "reference": "ChIJkYpsFC-TGGAR_c3kN79CHb8",
            "scope": "GOOGLE",
            "types": [
                "cafe",
                "food",
                "point_of_interest",
                "establishment"
            ],
            "user_ratings_total": 127,
            "vicinity": "北区赤羽１丁目１−１ 口内 エキュート赤羽 赤羽駅 北改札 JR東日本"
        }
    ],
    "status": "OK"
}