{
    "html_attributions": [],
    "results": [
        {
            "business_status": "OPERATIONAL",
            "geometry": {
                "location": {
                    "lat": 35.7794482,
                    "lng": 139.7236104
                },
                "viewport": {
                    "northeast": {
                        "lat": 35.7807713802915,
                        "lng": 139.7249921802915
                    },
                    "southwest": {
                        "lat": 35.7780734197085,
                        "lng": 139.7222942197085
                    }
                }
            },
            "icon": "https://maps.gstatic.com/mapfiles/place_api/icons/v1/png_71/cafe-71.png",
            "icon_background_color": "#FF9E67",
            "icon_mask_base_uri": "https://maps.gstatic.com/mapfiles/place_api/icons/v2/cafe_pinlet",
            "name": "ドトールコーヒーショップ 赤羽スズラン通り店",
            "opening_hours": {
                "open_now": true
            },
            "photos": [
                {
                    "height": 3024,
                    "html_attributions": [
                        "<a href=\"https://maps.google.com/maps/contrib/112330799605996201246\">Eiichi Tsuburaoka</a>"
                    ],
                    "photo_reference": "Aap_uEAQ7ddMZaKpepugYQNabxk36EImi60lqUibMIXFVzZmJyBC3tCaGTjo4HejlQTGNuqn8Pwjdkqpd5x6Q1CdqoGFFZpU1S2lZzx5jE2dy1gSU4-NsY9nTfvQojEN6D8Sckjot6WL58FpeH00vK_G13Ws02YGNtPsrOrf3LteK8K1aI90",
                    "width": 4032
                }
            ],
            "place_id": "ChIJq_eKmgKTGGAR4aOZH-sjDdc",
            "plus_code": {
                "compound_code": "QPHF+QC 日本、東京都北区",
                "global_code": "8Q7XQPHF+QC"
            },
            "price_level": 1,
            "rating": 3.4,
            "reference": "ChIJq_eKmgKTGGAR4aOZH-sjDdc",
            "scope": "GOOGLE",
            "types": [
                "cafe",
                "food",
                "point_of_interest",
                "store",
                "establishment"
            ],
            "user_ratings_total": 199,
            "vicinity": "北区赤羽２丁目１４−１"
        },
        {
            "business_status": "OPERATIONAL",
            "geometry": {
                "location": {
                    "lat": 35.7796957,
                    "lng": 139.7232326
                },
                "viewport": {
                    "northeast": {
                        "lat": 35.7810446802915,
                        "lng": 139.7245815802915
                    },
                    "southwest": {
                        "lat": 35.7783467197085,
                        "lng": 139.7218836197085
                    }
                }
            },
            "icon": "https://maps.gstatic.com/mapfiles/place_api/icons/v1/png_71/cafe-71.png",
            "icon_background_color": "#FF9E67",
            "icon_mask_base_uri": "https://maps.gstatic.com/mapfiles/place_api/icons/v2/cafe_pinlet",
            "name": "オカザキ",
            "photos": [
                {
                    "height": 4032,
                    "html_attributions": [
                        "<a href=\"https://maps.google.com/maps/contrib/113356064545947039513\">ハモマグ</a>"
                    ],
                    "photo_reference": "Aap_uEAMwQmOwp-MOcC2KTKeDyn8sujUiO0l2X3RwjeJsF5t7yIUtiUSFxp2nG4_zFivx_ln-Xycxhz1ljgQw9CCAoCDPUq3aroLM39BCnb5dztLUQtqaA9u-xtQyiyC6zuzxY6t8Y5CSLnsrylfiJqsJzePjb2fzYiiJhFbrITdQ-Juigxe",
                    "width": 3024
                }
            ],
            "place_id": "ChIJHUCOlgKTGGARICIQnd3F-2w",
            "plus_code": {
                "compound_code": "QPHF+V7 日本、東京都北区",
                "global_code": "8Q7XQPHF+V7"
            },
            "reference": "ChIJHUCOlgKTGGARICIQnd3F-2w",
            "scope": "GOOGLE",
            "types": [
                "cafe",
                "food",
                "point_of_interest",
                "establishment"
            ],
            "vicinity": "北区赤羽２丁目１５−５"
        },
        {
            "business_status": "OPERATIONAL",
            "geometry": {
                "location": {
                    "lat": 35.7794363,
                    "lng": 139.722199
                },
                "viewport": {
                    "northeast": {
                        "lat": 35.78070028029151,
                        "lng": 139.7235620302915
                    },
                    "southwest": {
                        "lat": 35.77800231970851,
                        "lng": 139.7208640697085
                    }
                }
            },
            "icon": "https://maps.gstatic.com/mapfiles/place_api/icons/v1/png_71/cafe-71.png",
            "icon_background_color": "#FF9E67",
            "icon_mask_base_uri": "https://maps.gstatic.com/mapfiles/place_api/icons/v2/cafe_pinlet",
            "name": "喫茶店 友路有 赤羽二号店 （トゥモロー）",
            "opening_hours": {
                "open_now": true
            },
            "photos": [
                {
                    "height": 400,
                    "html_attributions": [
                        "<a href=\"https://maps.google.com/maps/contrib/111602105128405858277\">喫茶店 友路有 赤羽二号店 （トゥモロー）</a>"
                    ],
                    "photo_reference": "Aap_uED8ceLR8TMLIwGHkZYz80tyYbvOOk9jzr_WnbUrqRZQVGaz55fpNgWoyD7Ucxt_5aomUo8P1518VgIAdbmRjYJIfFFnM8SPg0seKUEmYrPMUn69DHmRnsG3qNXt1BxRXH-1H_LSdaMWiXvCK_BUMlrWZ9kdl59ZFb-cVH9U1UZbZoaL",
                    "width": 600
                }
            ],
            "place_id": "ChIJGfhktQKTGGAR2b9k5zUMEqo",
            "plus_code": {
                "compound_code": "QPHC+QV 日本、東京都北区",
                "global_code": "8Q7XQPHC+QV"
            },
            "price_level": 2,
            "rating": 4,
            "reference": "ChIJGfhktQKTGGAR2b9k5zUMEqo",
            "scope": "GOOGLE",
            "types": [
                "cafe",
                "food",
                "point_of_interest",
                "establishment"
            ],
            "user_ratings_total": 266,
            "vicinity": "北区赤羽１丁目１０−２ ２F"
        },
        {
            "business_status": "OPERATIONAL",
            "geometry": {
                "location": {
                    "lat": 35.7792813,
                    "lng": 139.7236839
                },
                "viewport": {
                    "northeast": {
                        "lat": 35.7806302802915,
                        "lng": 139.7250328802915
                    },
                    "southwest": {
                        "lat": 35.7779323197085,
                        "lng": 139.7223349197085
                    }
                }
            },
            "icon": "https://maps.gstatic.com/mapfiles/place_api/icons/v1/png_71/cafe-71.png",
            "icon_background_color": "#FF9E67",
            "icon_mask_base_uri": "https://maps.gstatic.com/mapfiles/place_api/icons/v2/cafe_pinlet",
            "name": "サンマルクカフェ 東京赤羽店",
            "opening_hours": {
                "open_now": false
            },
            "photos": [
                {
                    "height": 3024,
                    "html_attributions": [
                        "<a href=\"https://maps.google.com/maps/contrib/112330799605996201246\">Eiichi Tsuburaoka</a>"
                    ],
                    "photo_reference": "Aap_uEC0uLvqd84FKslMNqemEEDBNRCZKFMDOQd4ecTUhw6XRgn-DjElDED9NhPAtJH4eUrJrCzl3KmW0hRdNW6Zxpy1h4mG_xWQW6d9rqSs_G0KaBAWKk8KzjD3XwqwRNSLHPnmLmwgL2oLEXetCS9Yh1HHi4QQrP_IzShxKvdsMNjVacsX",
                    "width": 4032
                }
            ],
            "place_id": "ChIJ_XjFnAKTGGAR46MOxjfeQ1c",
            "plus_code": {
                "compound_code": "QPHF+PF 日本、東京都北区",
                "global_code": "8Q7XQPHF+PF"
            },
            "price_level": 2,
            "rating": 3.1,
            "reference": "ChIJ_XjFnAKTGGAR46MOxjfeQ1c",
            "scope": "GOOGLE",
            "types": [
                "cafe",
                "food",
                "point_of_interest",
                "establishment"
            ],
            "user_ratings_total": 258,
            "vicinity": "北区赤羽２丁目１−２９−１ 斉藤ビル"
        },
        {
            "business_status": "OPERATIONAL",
            "geometry": {
                "location": {
                    "lat": 35.7800675,
                    "lng": 139.72317
                },
                "viewport": {
                    "northeast": {
                        "lat": 35.7814164802915,
                        "lng": 139.7245189802915
                    },
                    "southwest": {
                        "lat": 35.7787185197085,
                        "lng": 139.7218210197085
                    }
                }
            },
            "icon": "https://maps.gstatic.com/mapfiles/place_api/icons/v1/png_71/cafe-71.png",
            "icon_background_color": "#FF9E67",
            "icon_mask_base_uri": "https://maps.gstatic.com/mapfiles/place_api/icons/v2/cafe_pinlet",
            "name": "コーヒーショップ ピッコロ",
            "opening_hours": {
                "open_now": false
            },
            "photos": [
                {
                    "height": 3024,
                    "html_attributions": [
                        "<a href=\"https://maps.google.com/maps/contrib/117651429026687219581\">W</a>"
                    ],
                    "photo_reference": "Aap_uEA9riCTF_O1BfjeT0SyH92lfHoJZ4pfuAblqhWnY5PKZPEj2dqVc4yRGEZdZKNud1Ei3J_UIzlmSMEtIeEmdevJ4idQyQQzGVvQJBAhM74Ji22ex9tw3HBxEzEIkMtC9-0rCsDGMZYREqnlJyHXxb7lfDxkD0yBUdG5D24nT15eXj8s",
                    "width": 4032
                }
            ],
            "place_id": "ChIJj5Y36wKTGGARnDhTYw3KBw8",
            "plus_code": {
                "compound_code": "QPJF+27 日本、東京都北区",
                "global_code": "8Q7XQPJF+27"
            },
            "price_level": 2,
            "rating": 4.2,
            "reference": "ChIJj5Y36wKTGGARnDhTYw3KBw8",
            "scope": "GOOGLE",
            "types": [
                "cafe",
                "food",
                "point_of_interest",
                "store",
                "establishment"
            ],
            "user_ratings_total": 23,
            "vicinity": "北区赤羽２丁目１８−３"
        },
        {
            "business_status": "OPERATIONAL",
            "geometry": {
                "location": {
                    "lat": 35.779878,
                    "lng": 139.72355
                },
                "viewport": {
                    "northeast": {
                        "lat": 35.7812005302915,
                        "lng": 139.7249455802915
                    },
                    "southwest": {
                        "lat": 35.77850256970851,
                        "lng": 139.7222476197085
                    }
                }
            },
            "icon": "https://maps.gstatic.com/mapfiles/place_api/icons/v1/png_71/generic_business-71.png",
            "icon_background_color": "#13B5C7",
            "icon_mask_base_uri": "https://maps.gstatic.com/mapfiles/place_api/icons/v2/generic_pinlet",
            "name": "グリーンアイズ",
            "photos": [
                {
                    "height": 1365,
                    "html_attributions": [
                        "<a href=\"https://maps.google.com/maps/contrib/107478393807948349971\">グリーンアイズ</a>"
                    ],
                    "photo_reference": "Aap_uEAmZGVxEKGKkYQ0UacD-eAXUU7jnQ6weKv03nLvjADvzwGdId2rt-G89JrsJH6XlxsMK7d15AzBr8SWSMPHgGXFX0YW-6HGuD2COCqkBRzsas8RvE3JY8GD1Ecvd6AYpVoQJ78H9RFbCHoP_9aCz6MNVPfUj6J-XddoRwYNly5XVPn0",
                    "width": 2048
                }
            ],
            "place_id": "ChIJ3zGAkQKTGGARLMYAv-4EV9Q",
            "plus_code": {
                "compound_code": "QPHF+XC 日本、東京都北区",
                "global_code": "8Q7XQPHF+XC"
            },
            "rating": 4,
            "reference": "ChIJ3zGAkQKTGGARLMYAv-4EV9Q",
            "scope": "GOOGLE",
            "types": [
                "night_club",
                "meal_takeaway",
                "cafe",
                "bar",
                "restaurant",
                "food",
                "point_of_interest",
                "establishment"
            ],
            "user_ratings_total": 6,
            "vicinity": "北区赤羽２丁目１５−９ サイードビル B1F"
        },
        {
            "business_status": "OPERATIONAL",
            "geometry": {
                "location": {
                    "lat": 35.7795406,
                    "lng": 139.7235818
                },
                "viewport": {
                    "northeast": {
                        "lat": 35.7809105802915,
                        "lng": 139.7249288302915
                    },
                    "southwest": {
                        "lat": 35.7782126197085,
                        "lng": 139.7222308697085
                    }
                }
            },
            "icon": "https://maps.gstatic.com/mapfiles/place_api/icons/v1/png_71/cafe-71.png",
            "icon_background_color": "#FF9E67",
            "icon_mask_base_uri": "https://maps.gstatic.com/mapfiles/place_api/icons/v2/cafe_pinlet",
            "name": "CAFE&BAR FeRna-フェルナ-",
            "opening_hours": {
                "open_now": false
            },
            "photos": [
                {
                    "height": 4032,
                    "html_attributions": [
                        "<a href=\"https://maps.google.com/maps/contrib/103830271564303026038\">CAFE&amp;BAR FeRna-フェルナ-</a>"
                    ],
                    "photo_reference": "Aap_uEAv35Di3Tk5Pwr_xooxVgUThRw-E0GqHkiWHcZKUpX5gOEEDONTX5LjeL0dEg19cz-wk7vB9hMdJNf8MLE-MUi_DKTO-vbFRKNTctj7ZgU5fwSiyP4t2ZIRKLOy2DKmhdEtU46i5bcSas3ZWqm7uWsyjqx1ru0jjRWFmQ7zOo6GOvFD",
                    "width": 3024
                }
            ],
            "place_id": "ChIJWbRWyTGTGGARZlxvJjfG1_g",
            "plus_code": {
                "compound_code": "QPHF+RC 日本、東京都北区",
                "global_code": "8Q7XQPHF+RC"
            },
            "rating": 4.1,
            "reference": "ChIJWbRWyTGTGGARZlxvJjfG1_g",
            "scope": "GOOGLE",
            "types": [
                "cafe",
                "bar",
                "food",
                "point_of_interest",
                "establishment"
            ],
            "user_ratings_total": 16,
            "vicinity": "北区赤羽２丁目１４−８ TS-5"
        },
        {
            "business_status": "OPERATIONAL",
            "geometry": {
                "location": {
                    "lat": 35.7792425,
                    "lng": 139.7231343
                },
                "viewport": {
                    "northeast": {
                        "lat": 35.78059148029149,
                        "lng": 139.7244832802915
                    },
                    "southwest": {
                        "lat": 35.7778935197085,
                        "lng": 139.7217853197085
                    }
                }
            },
            "icon": "https://maps.gstatic.com/mapfiles/place_api/icons/v1/png_71/cafe-71.png",
            "icon_background_color": "#FF9E67",
            "icon_mask_base_uri": "https://maps.gstatic.com/mapfiles/place_api/icons/v2/cafe_pinlet",
            "name": "純喫茶デア",
            "place_id": "ChIJIVB2deWTGGARb0z5CJfG-qc",
            "plus_code": {
                "compound_code": "QPHF+M7 日本、東京都北区",
                "global_code": "8Q7XQPHF+M7"
            },
            "rating": 3,
            "reference": "ChIJIVB2deWTGGARb0z5CJfG-qc",
            "scope": "GOOGLE",
            "types": [
                "cafe",
                "food",
                "point_of_interest",
                "store",
                "establishment"
            ],
            "user_ratings_total": 1,
            "vicinity": "北区赤羽２丁目１−１８ マリア堂 ２Ｆ"
        }
    ],
    "status": "OK"
}