{
    "html_attributions": [],
    "results": [
        {
            "business_status": "OPERATIONAL",
            "geometry": {
                "location": {
                    "lat": 35.77644069999999,
                    "lng": 139.7232829
                },
                "viewport": {
                    "northeast": {
                        "lat": 35.77778968029148,
                        "lng": 139.7246318802915
                    },
                    "southwest": {
                        "lat": 35.77509171970848,
                        "lng": 139.7219339197085
                    }
                }
            },
            "icon": "https://maps.gstatic.com/mapfiles/place_api/icons/v1/png_71/cafe-71.png",
            "icon_background_color": "#FF9E67",
            "icon_mask_base_uri": "https://maps.gstatic.com/mapfiles/place_api/icons/v2/cafe_pinlet",
            "name": "NINETEA(9 tea) ナインティー赤羽店",
            "opening_hours": {
                "open_now": false
            },
            "photos": [
                {
                    "height": 3024,
                    "html_attributions": [
                        "<a href=\"https://maps.google.com/maps/contrib/104069457951156733876\">NINETEA(9 tea) ナインティー赤羽店</a>"
                    ],
                    "photo_reference": "Aap_uEC3O0LKI5L6E205FEo2LZr3vZ7n_bhefp3zWQLqtIMI_vxOkDDJQEYEColZqqQOY90Bv2eZbTG1LDOPzZiYRogEvxL3bXOcxqsHHnqSemOpJQUxWXfWRddN8ndMRouqjzPOr_h_Sjm7lkIYbXBY-GMqTLYHJR4w8Y1CBTIKBNIc2wfk",
                    "width": 4032
                }
            ],
            "place_id": "ChIJ-83gLVOTGGARP0-0p23EQQo",
            "plus_code": {
                "compound_code": "QPGF+H8 日本、東京都北区",
                "global_code": "8Q7XQPGF+H8"
            },
            "rating": 4.2,
            "reference": "ChIJ-83gLVOTGGARP0-0p23EQQo",
            "scope": "GOOGLE",
            "types": [
                "cafe",
                "food",
                "point_of_interest",
                "establishment"
            ],
            "user_ratings_total": 32,
            "vicinity": "北区赤羽南１丁目２０−５ 1F"
        },
        {
            "business_status": "OPERATIONAL",
            "geometry": {
                "location": {
                    "lat": 35.7764649,
                    "lng": 139.723305
                },
                "viewport": {
                    "northeast": {
                        "lat": 35.7778118802915,
                        "lng": 139.7245410302915
                    },
                    "southwest": {
                        "lat": 35.7751139197085,
                        "lng": 139.7218430697085
                    }
                }
            },
            "icon": "https://maps.gstatic.com/mapfiles/place_api/icons/v1/png_71/cafe-71.png",
            "icon_background_color": "#FF9E67",
            "icon_mask_base_uri": "https://maps.gstatic.com/mapfiles/place_api/icons/v2/cafe_pinlet",
            "name": "タピオカドリンク",
            "place_id": "ChIJq7xxOjKTGGARUAHk9Divqlw",
            "plus_code": {
                "compound_code": "QPGF+H8 日本、東京都北区",
                "global_code": "8Q7XQPGF+H8"
            },
            "reference": "ChIJq7xxOjKTGGARUAHk9Divqlw",
            "scope": "GOOGLE",
            "types": [
                "cafe",
                "food",
                "point_of_interest",
                "establishment"
            ],
            "vicinity": "北区赤羽南１丁目２０−５"
        },
        {
            "business_status": "OPERATIONAL",
            "geometry": {
                "location": {
                    "lat": 35.776912,
                    "lng": 139.722469
                },
                "viewport": {
                    "northeast": {
                        "lat": 35.7783106802915,
                        "lng": 139.7238243802915
                    },
                    "southwest": {
                        "lat": 35.7756127197085,
                        "lng": 139.7211264197085
                    }
                }
            },
            "icon": "https://maps.gstatic.com/mapfiles/place_api/icons/v1/png_71/cafe-71.png",
            "icon_background_color": "#FF9E67",
            "icon_mask_base_uri": "https://maps.gstatic.com/mapfiles/place_api/icons/v2/cafe_pinlet",
            "name": "Ｂａｒ・Ｖｉｃｔｏｒｉａ",
            "opening_hours": {
                "open_now": false
            },
            "place_id": "ChIJMb-7Ov2SGGARjaqIVO-DlSk",
            "plus_code": {
                "compound_code": "QPGC+QX 日本、東京都北区",
                "global_code": "8Q7XQPGC+QX"
            },
            "reference": "ChIJMb-7Ov2SGGARjaqIVO-DlSk",
            "scope": "GOOGLE",
            "types": [
                "cafe",
                "food",
                "point_of_interest",
                "establishment"
            ],
            "vicinity": "北区赤羽南１丁目５−７"
        }
    ],
    "status": "OK"
}