{
    "html_attributions": [],
    "results": [
        {
            "business_status": "OPERATIONAL",
            "geometry": {
                "location": {
                    "lat": 35.7797331,
                    "lng": 139.7195949
                },
                "viewport": {
                    "northeast": {
                        "lat": 35.7810820802915,
                        "lng": 139.7209438802915
                    },
                    "southwest": {
                        "lat": 35.7783841197085,
                        "lng": 139.7182459197085
                    }
                }
            },
            "icon": "https://maps.gstatic.com/mapfiles/place_api/icons/v1/png_71/cafe-71.png",
            "icon_background_color": "#FF9E67",
            "icon_mask_base_uri": "https://maps.gstatic.com/mapfiles/place_api/icons/v2/cafe_pinlet",
            "name": "カフェ・ド・クリエビーンズ赤羽店",
            "opening_hours": {
                "open_now": true
            },
            "photos": [
                {
                    "height": 3792,
                    "html_attributions": [
                        "<a href=\"https://maps.google.com/maps/contrib/117649535107890002528\">Y S</a>"
                    ],
                    "photo_reference": "Aap_uEAIHjnJ3U05jY2qafLSFZTVLmpd6GZ1J6qIGWU-H263d6f-Sf67cQrWRPRJC-Ne03qU4KuL8xBGm0N-1D4cxneMj-i3N9E8VHsuvDYT_1mvgcY0uUzjJgj8e1MlS9pcfkZ_DDUA66Hktit_8NxtzqlUZgH3kJR0uGaDWl991mMCjmA-",
                    "width": 5056
                }
            ],
            "place_id": "ChIJ2dOb_RyTGGAR6hatVhWEjU0",
            "plus_code": {
                "compound_code": "QPH9+VR 日本、東京都北区",
                "global_code": "8Q7XQPH9+VR"
            },
            "price_level": 2,
            "rating": 3.6,
            "reference": "ChIJ2dOb_RyTGGAR6hatVhWEjU0",
            "scope": "GOOGLE",
            "types": [
                "cafe",
                "food",
                "point_of_interest",
                "establishment"
            ],
            "user_ratings_total": 121,
            "vicinity": "北区赤羽１丁目１−１ ビーンズ赤羽ビーンズテラス内"
        },
        {
            "business_status": "OPERATIONAL",
            "geometry": {
                "location": {
                    "lat": 35.7790986,
                    "lng": 139.7193643
                },
                "viewport": {
                    "northeast": {
                        "lat": 35.7804683302915,
                        "lng": 139.7207589802915
                    },
                    "southwest": {
                        "lat": 35.77777036970851,
                        "lng": 139.7180610197085
                    }
                }
            },
            "icon": "https://maps.gstatic.com/mapfiles/place_api/icons/v1/png_71/cafe-71.png",
            "icon_background_color": "#FF9E67",
            "icon_mask_base_uri": "https://maps.gstatic.com/mapfiles/place_api/icons/v2/cafe_pinlet",
            "name": "常盤珈琲焙煎所 赤羽店",
            "opening_hours": {
                "open_now": false
            },
            "photos": [
                {
                    "height": 3472,
                    "html_attributions": [
                        "<a href=\"https://maps.google.com/maps/contrib/112363946041063724059\">Hideki Yamane</a>"
                    ],
                    "photo_reference": "Aap_uEDT8CAVr876r2AXZOnJnQunmv-m7LjFi_9G-GUFAHqxkUUrSS-Cwa34cVg_nIv_70LZPiyhr18JZHtTL27eAhBTgdJxMaUnisxUaZBco0vXYTbJyc-jOQT0qzBY_zDNp-QT7afePNlNbwxdxAiQ2oYX2vKd9NIRKkkkxNwzL7Ion5re",
                    "width": 4640
                }
            ],
            "place_id": "ChIJ-evWK2iTGGARnE5OzXQ8fKI",
            "plus_code": {
                "compound_code": "QPH9+JP 日本、東京都北区",
                "global_code": "8Q7XQPH9+JP"
            },
            "rating": 4.4,
            "reference": "ChIJ-evWK2iTGGARnE5OzXQ8fKI",
            "scope": "GOOGLE",
            "types": [
                "cafe",
                "food",
                "point_of_interest",
                "store",
                "establishment"
            ],
            "user_ratings_total": 14,
            "vicinity": "北区赤羽西１丁目３９−１"
        }
    ],
    "status": "OK"
}